source,target,distance
LG00001,LG00002,4.000
LG00002,LG00003,5.000
LG00003,LG00004,6.000
LG00004,LG00005,7.000
LG00005,LG00006,8.000
LG00006,LG00007,9.000
LG00007,LG00008,10.000
LG00008,LG00009,11.000
LG00009,LG00010,4.000
LG00010,LG00011,5.000
LG00011,LG00012,6.000
LG00012,LG00013,7.000
LG00013,LG00014,8.000
LG00014,LG00015,9.000
LG00015,LG00016,10.000
LG00016,LG00017,11.000
LG00017,LG00018,4.000
LG00018,LG00019,5.000
LG00019,LG00020,6.000
LG00020,LG00021,7.000
LG00021,LG00022,8.000
LG00022,LG00023,9.000
LG00023,LG00024,10.000
LG00024,LG00025,11.000
LG00025,LG00026,4.000
LG00026,LG00027,5.000
LG00027,LG00028,6.000
LG00028,LG00029,7.000
LG00029,LG00030,8.000
LG00030,LG00031,9.000
LG00031,LG00032,10.000
LG00032,LG00033,11.000
LG00033,LG00034,4.000
LG00034,LG00035,5.000
LG00035,LG00036,6.000
LG00036,LG00037,7.000
LG00037,LG00038,8.000
LG00038,LG00039,9.000
LG00039,LG00040,10.000
LG00040,LG00041,11.000
LG00041,LG00042,4.000
LG00042,LG00043,5.000
LG00043,LG00044,6.000
LG00044,LG00045,7.000
LG00045,LG00046,8.000
LG00046,LG00047,9.000
LG00047,LG00048,10.000
LG00048,LG00049,11.000
LG00049,LG00050,4.000
LG00050,LG00051,5.000
LG00051,LG00052,6.000
LG00052,LG00053,7.000
LG00053,LG00054,8.000
LG00054,LG00055,9.000
LG00055,LG00056,10.000
LG00056,LG00057,11.000
LG00057,LG00058,4.000
LG00058,LG00059,5.000
LG00059,LG00060,6.000
LG00060,LG00061,7.000
LG00061,LG00062,8.000
LG00062,LG00063,9.000
LG00063,LG00064,10.000
LG00064,LG00065,11.000
LG00065,LG00066,4.000
LG00066,LG00067,5.000
LG00067,LG00068,6.000
LG00068,LG00069,7.000
LG00069,LG00070,8.000
LG00070,LG00071,9.000
LG00071,LG00072,10.000
LG00072,LG00073,11.000
LG00073,LG00074,4.000
LG00074,LG00075,5.000
LG00075,LG00076,6.000
LG00076,LG00077,7.000
LG00077,LG00078,8.000
LG00078,LG00079,9.000
LG00079,LG00080,10.000
LG00080,LG00081,11.000
LG00081,LG00082,4.000
LG00082,LG00083,5.000
LG00083,LG00084,6.000
LG00084,LG00085,7.000
LG00085,LG00086,8.000
LG00086,LG00087,9.000
LG00087,LG00088,10.000
LG00088,LG00089,11.000
LG00089,LG00090,4.000
LG00090,LG00091,5.000
LG00091,LG00092,6.000
LG00092,LG00093,7.000
LG00093,LG00094,8.000
LG00094,LG00095,9.000
LG00095,LG00096,10.000
LG00096,LG00097,11.000
LG00097,LG00098,4.000
LG00098,LG00099,5.000
LG00099,LG00100,6.000
LG00100,LG00101,7.000
LG00101,LG00102,8.000
LG00102,LG00103,9.000
LG00103,LG00104,10.000
LG00104,LG00105,11.000
LG00105,LG00106,4.000
LG00106,LG00107,5.000
LG00107,LG00108,6.000
LG00108,LG00109,7.000
LG00109,LG00110,8.000
LG00110,LG00111,9.000
LG00111,LG00112,10.000
LG00112,LG00113,11.000
LG00113,LG00114,4.000
LG00114,LG00115,5.000
LG00115,LG00116,6.000
LG00116,LG00117,7.000
LG00117,LG00118,8.000
LG00118,LG00119,9.000
LG00119,LG00120,10.000
LG00120,LG00121,11.000
LG00121,LG00122,4.000
LG00122,LG00123,5.000
LG00123,LG00124,6.000
LG00124,LG00125,7.000
LG00125,LG00126,8.000
LG00126,LG00127,9.000
LG00127,LG00128,10.000
LG00128,LG00129,11.000
LG00129,LG00130,4.000
LG00130,LG00131,5.000
LG00131,LG00132,6.000
LG00132,LG00133,7.000
LG00133,LG00134,8.000
LG00134,LG00135,9.000
LG00135,LG00136,10.000
LG00136,LG00137,11.000
LG00137,LG00138,4.000
LG00138,LG00139,5.000
LG00139,LG00140,6.000
LG00140,LG00141,7.000
LG00141,LG00142,8.000
LG00142,LG00143,9.000
LG00143,LG00144,10.000
LG00144,LG00145,11.000
LG00145,LG00146,4.000
LG00146,LG00147,5.000
LG00147,LG00148,6.000
LG00148,LG00149,7.000
LG00149,LG00150,8.000
LG00150,LG00151,9.000
LG00151,LG00152,10.000
LG00152,LG00153,11.000
LG00153,LG00154,4.000
LG00154,LG00155,5.000
LG00155,LG00156,6.000
LG00156,LG00157,7.000
LG00157,LG00158,8.000
LG00158,LG00159,9.000
LG00159,LG00160,10.000
LG00160,LG00161,11.000
LG00161,LG00162,4.000
LG00162,LG00163,5.000
LG00163,LG00164,6.000
LG00164,LG00165,7.000
LG00165,LG00166,8.000
LG00166,LG00167,9.000
LG00167,LG00168,10.000
LG00168,LG00169,11.000
LG00169,LG00170,4.000
LG00170,LG00171,5.000
LG00171,LG00172,6.000
LG00172,LG00173,7.000
LG00173,LG00174,8.000
LG00174,LG00175,9.000
LG00175,LG00176,10.000
LG00176,LG00177,11.000
LG00177,LG00178,4.000
LG00178,LG00179,5.000
LG00179,LG00180,6.000
LG00180,LG00181,7.000
LG00181,LG00182,8.000
LG00182,LG00183,9.000
LG00183,LG00184,10.000
LG00184,LG00185,11.000
LG00185,LG00186,4.000
LG00186,LG00187,5.000
LG00187,LG00188,6.000
LG00188,LG00189,7.000
LG00189,LG00190,8.000
LG00190,LG00191,9.000
LG00191,LG00192,10.000
LG00192,LG00193,11.000
LG00193,LG00194,4.000
LG00194,LG00195,5.000
LG00195,LG00196,6.000
LG00196,LG00197,7.000
LG00197,LG00198,8.000
LG00198,LG00199,9.000
LG00199,LG00200,10.000
LG00200,LG00201,11.000
LG00201,LG00202,4.000
LG00202,LG00203,5.000
LG00203,LG00204,6.000
LG00204,LG00205,7.000
LG00205,LG00206,8.000
LG00206,LG00207,9.000
LG00207,LG00208,10.000
LG00208,LG00209,11.000
LG00209,LG00210,4.000
LG00210,LG00211,5.000
LG00211,LG00212,6.000
LG00212,LG00213,7.000
LG00213,LG00214,8.000
LG00214,LG00215,9.000
LG00215,LG00216,10.000
LG00216,LG00217,11.000
LG00217,LG00218,4.000
LG00218,LG00219,5.000
LG00219,LG00220,6.000
LG00220,LG00221,7.000
LG00221,LG00222,8.000
LG00222,LG00223,9.000
LG00223,LG00224,10.000
LG00224,LG00225,11.000
LG00225,LG00226,4.000
LG00226,LG00227,5.000
LG00227,LG00228,6.000
LG00228,LG00229,7.000
LG00229,LG00230,8.000
LG00230,LG00231,9.000
LG00231,LG00232,10.000
LG00232,LG00233,11.000
LG00233,LG00234,4.000
LG00234,LG00235,5.000
LG00235,LG00236,6.000
LG00236,LG00237,7.000
LG00237,LG00238,8.000
LG00238,LG00239,9.000
LG00239,LG00240,10.000
LG00240,LG00241,11.000
LG00241,LG00242,4.000
LG00242,LG00243,5.000
LG00243,LG00244,6.000
LG00244,LG00245,7.000
LG00245,LG00246,8.000
LG00246,LG00247,9.000
LG00247,LG00248,10.000
LG00248,LG00249,11.000
LG00249,LG00250,4.000
LG00250,LG00251,5.000
LG00251,LG00252,6.000
LG00252,LG00253,7.000
LG00253,LG00254,8.000
LG00254,LG00255,9.000
LG00255,LG00256,10.000
LG00256,LG00257,11.000
LG00257,LG00258,4.000
LG00258,LG00259,5.000
LG00259,LG00260,6.000
LG00260,LG00261,7.000
LG00261,LG00262,8.000
LG00262,LG00263,9.000
LG00263,LG00264,10.000
LG00264,LG00265,11.000
LG00265,LG00266,4.000
LG00266,LG00267,5.000
LG00267,LG00268,6.000
LG00268,LG00269,7.000
LG00269,LG00270,8.000
LG00270,LG00271,9.000
LG00271,LG00272,10.000
LG00272,LG00273,11.000
LG00273,LG00274,4.000
LG00274,LG00275,5.000
LG00275,LG00276,6.000
LG00276,LG00277,7.000
LG00277,LG00278,8.000
LG00278,LG00279,9.000
LG00279,LG00280,10.000
LG00280,LG00281,11.000
LG00281,LG00282,4.000
LG00282,LG00283,5.000
LG00283,LG00284,6.000
LG00284,LG00285,7.000
LG00285,LG00286,8.000
LG00286,LG00287,9.000
LG00287,LG00288,10.000
LG00288,LG00289,11.000
LG00289,LG00290,4.000
LG00290,LG00291,5.000
LG00291,LG00292,6.000
LG00292,LG00293,7.000
LG00293,LG00294,8.000
LG00294,LG00295,9.000
LG00295,LG00296,10.000
LG00296,LG00297,11.000
LG00297,LG00298,4.000
LG00298,LG00299,5.000
LG00299,LG00300,6.000
LG00300,LG00301,7.000
LG00301,LG00302,8.000
LG00302,LG00303,9.000
LG00303,LG00304,10.000
LG00304,LG00305,11.000
LG00305,LG00306,4.000
LG00306,LG00307,5.000
LG00307,LG00308,6.000
LG00308,LG00309,7.000
LG00309,LG00310,8.000
LG00310,LG00311,9.000
LG00311,LG00312,10.000
LG00312,LG00313,11.000
LG00313,LG00314,4.000
LG00314,LG00315,5.000
LG00315,LG00316,6.000
LG00316,LG00317,7.000
LG00317,LG00318,8.000
LG00318,LG00319,9.000
LG00319,LG00320,10.000
LG00320,LG00321,11.000
LG00321,LG00322,4.000
LG00322,LG00323,5.000
LG00323,LG00324,6.000
LG00324,LG00325,7.000
LG00325,LG00326,8.000
LG00326,LG00327,9.000
LG00327,LG00328,10.000
LG00328,LG00329,11.000
LG00329,LG00330,4.000
LG00330,LG00331,5.000
LG00331,LG00332,6.000
LG00332,LG00333,7.000
LG00333,LG00334,8.000
LG00334,LG00335,9.000
LG00335,LG00336,10.000
LG00336,LG00337,11.000
LG00337,LG00338,4.000
LG00338,LG00339,5.000
LG00339,LG00340,6.000
LG00340,LG00341,7.000
LG00341,LG00342,8.000
LG00342,LG00343,9.000
LG00343,LG00344,10.000
LG00344,LG00345,11.000
LG00345,LG00346,4.000
LG00346,LG00347,5.000
LG00347,LG00348,6.000
LG00348,LG00349,7.000
LG00349,LG00350,8.000
LG00350,LG00351,9.000
LG00351,LG00352,10.000
LG00352,LG00353,11.000
LG00353,LG00354,4.000
LG00354,LG00355,5.000
LG00355,LG00356,6.000
LG00356,LG00357,7.000
LG00357,LG00358,8.000
LG00358,LG00359,9.000
LG00359,LG00360,10.000
LG00360,LG00361,11.000
LG00361,LG00362,4.000
LG00362,LG00363,5.000
LG00363,LG00364,6.000
LG00364,LG00365,7.000
LG00365,LG00366,8.000
LG00366,LG00367,9.000
LG00367,LG00368,10.000
LG00368,LG00369,11.000
LG00369,LG00370,4.000
LG00370,LG00371,5.000
LG00371,LG00372,6.000
LG00372,LG00373,7.000
LG00373,LG00374,8.000
LG00374,LG00375,9.000
LG00375,LG00376,10.000
LG00376,LG00377,11.000
LG00377,LG00378,4.000
LG00378,LG00379,5.000
LG00379,LG00380,6.000
LG00380,LG00381,7.000
LG00381,LG00382,8.000
LG00382,LG00383,9.000
LG00383,LG00384,10.000
LG00384,LG00385,11.000
LG00385,LG00386,4.000
LG00386,LG00387,5.000
LG00387,LG00388,6.000
LG00388,LG00389,7.000
LG00389,LG00390,8.000
LG00390,LG00391,9.000
LG00391,LG00392,10.000
LG00392,LG00393,11.000
LG00393,LG00394,4.000
LG00394,LG00395,5.000
LG00395,LG00396,6.000
LG00396,LG00397,7.000
LG00397,LG00398,8.000
LG00398,LG00399,9.000
LG00399,LG00400,10.000
LG00400,LG00401,11.000
LG00401,LG00402,4.000
LG00402,LG00403,5.000
LG00403,LG00404,6.000
LG00404,LG00405,7.000
LG00405,LG00406,8.000
LG00406,LG00407,9.000
LG00407,LG00408,10.000
LG00408,LG00409,11.000
LG00409,LG00410,4.000
LG00410,LG00411,5.000
LG00411,LG00412,6.000
LG00412,LG00413,7.000
LG00413,LG00414,8.000
LG00414,LG00415,9.000
LG00415,LG00416,10.000
LG00416,LG00417,11.000
LG00417,LG00418,4.000
LG00418,LG00419,5.000
LG00419,LG00420,6.000
LG00420,LG00421,7.000
LG00421,LG00422,8.000
LG00422,LG00423,9.000
LG00423,LG00424,10.000
LG00424,LG00425,11.000
LG00425,LG00426,4.000
LG00426,LG00427,5.000
LG00427,LG00428,6.000
LG00428,LG00429,7.000
LG00429,LG00430,8.000
LG00430,LG00431,9.000
LG00431,LG00432,10.000
LG00432,LG00433,11.000
LG00433,LG00434,4.000
LG00434,LG00435,5.000
LG00435,LG00436,6.000
LG00436,LG00437,7.000
LG00437,LG00438,8.000
LG00438,LG00439,9.000
LG00439,LG00440,10.000
LG00440,LG00441,11.000
LG00441,LG00442,4.000
LG00442,LG00443,5.000
LG00443,LG00444,6.000
LG00444,LG00445,7.000
LG00445,LG00446,8.000
LG00446,LG00447,9.000
LG00447,LG00448,10.000
LG00448,LG00449,11.000
LG00449,LG00450,4.000
LG00450,LG00451,5.000
LG00451,LG00452,6.000
LG00452,LG00453,7.000
LG00453,LG00454,8.000
LG00454,LG00455,9.000
LG00455,LG00456,10.000
LG00456,LG00457,11.000
LG00457,LG00458,4.000
LG00458,LG00459,5.000
LG00459,LG00460,6.000
LG00460,LG00461,7.000
LG00461,LG00462,8.000
LG00462,LG00463,9.000
LG00463,LG00464,10.000
LG00464,LG00465,11.000
LG00465,LG00466,4.000
LG00466,LG00467,5.000
LG00467,LG00468,6.000
LG00468,LG00469,7.000
LG00469,LG00470,8.000
LG00470,LG00471,9.000
LG00471,LG00472,10.000
LG00472,LG00473,11.000
LG00473,LG00474,4.000
LG00474,LG00475,5.000
LG00475,LG00476,6.000
LG00476,LG00477,7.000
LG00477,LG00478,8.000
LG00478,LG00479,9.000
LG00479,LG00480,10.000
LG00480,LG00481,11.000
LG00481,LG00482,4.000
LG00482,LG00483,5.000
LG00483,LG00484,6.000
LG00484,LG00485,7.000
LG00485,LG00486,8.000
LG00486,LG00487,9.000
LG00487,LG00488,10.000
LG00488,LG00489,11.000
LG00489,LG00490,4.000
LG00490,LG00491,5.000
LG00491,LG00492,6.000
LG00492,LG00493,7.000
LG00493,LG00494,8.000
LG00494,LG00495,9.000
LG00495,LG00496,10.000
LG00496,LG00497,11.000
LG00497,LG00498,4.000
LG00498,LG00499,5.000
LG00499,LG00500,6.000
LG00500,LG00501,7.000
LG00501,LG00502,8.000
LG00502,LG00503,9.000
LG00503,LG00504,10.000
LG00504,LG00505,11.000
LG00505,LG00506,4.000
LG00506,LG00507,5.000
LG00507,LG00508,6.000
LG00508,LG00509,7.000
LG00509,LG00510,8.000
LG00510,LG00511,9.000
LG00511,LG00512,10.000
LG00512,LG00513,11.000
LG00513,LG00514,4.000
LG00514,LG00515,5.000
LG00515,LG00516,6.000
LG00516,LG00517,7.000
LG00517,LG00518,8.000
LG00518,LG00519,9.000
LG00519,LG00520,10.000
LG00520,LG00521,11.000
LG00521,LG00522,4.000
LG00522,LG00523,5.000
LG00523,LG00524,6.000
LG00524,LG00525,7.000
LG00525,LG00526,8.000
LG00526,LG00527,9.000
LG00527,LG00528,10.000
LG00528,LG00529,11.000
LG00529,LG00530,4.000
LG00530,LG00531,5.000
LG00531,LG00532,6.000
LG00532,LG00533,7.000
LG00533,LG00534,8.000
LG00534,LG00535,9.000
LG00535,LG00536,10.000
LG00536,LG00537,11.000
LG00537,LG00538,4.000
LG00538,LG00539,5.000
LG00539,LG00540,6.000
LG00540,LG00541,7.000
LG00541,LG00542,8.000
LG00542,LG00543,9.000
LG00543,LG00544,10.000
LG00544,LG00545,11.000
LG00545,LG00546,4.000
LG00546,LG00547,5.000
LG00547,LG00548,6.000
LG00548,LG00549,7.000
LG00549,LG00550,8.000
LG00550,LG00551,9.000
LG00551,LG00552,10.000
LG00552,LG00553,11.000
LG00553,LG00554,4.000
LG00554,LG00555,5.000
LG00555,LG00556,6.000
LG00556,LG00557,7.000
LG00557,LG00558,8.000
LG00558,LG00559,9.000
LG00559,LG00560,10.000
LG00560,LG00561,11.000
LG00561,LG00562,4.000
LG00562,LG00563,5.000
LG00563,LG00564,6.000
LG00564,LG00565,7.000
LG00565,LG00566,8.000
LG00566,LG00567,9.000
LG00567,LG00568,10.000
LG00568,LG00569,11.000
LG00569,LG00570,4.000
LG00570,LG00571,5.000
LG00571,LG00572,6.000
LG00572,LG00573,7.000
LG00573,LG00574,8.000
LG00574,LG00575,9.000
LG00575,LG00576,10.000
LG00576,LG00577,11.000
LG00577,LG00578,4.000
LG00578,LG00579,5.000
LG00579,LG00580,6.000
LG00580,LG00581,7.000
LG00581,LG00582,8.000
LG00582,LG00583,9.000
LG00583,LG00584,10.000
LG00584,LG00585,11.000
LG00585,LG00586,4.000
LG00586,LG00587,5.000
LG00587,LG00588,6.000
LG00588,LG00589,7.000
LG00589,LG00590,8.000
LG00590,LG00591,9.000
LG00591,LG00592,10.000
LG00592,LG00593,11.000
LG00593,LG00594,4.000
LG00594,LG00595,5.000
LG00595,LG00596,6.000
LG00596,LG00597,7.000
LG00597,LG00598,8.000
LG00598,LG00599,9.000
LG00599,LG00600,10.000
LG00600,LG00601,11.000
LG00601,LG00602,4.000
LG00602,LG00603,5.000
LG00603,LG00604,6.000
LG00604,LG00605,7.000
LG00605,LG00606,8.000
LG00606,LG00607,9.000
LG00607,LG00608,10.000
LG00608,LG00609,11.000
LG00609,LG00610,4.000
LG00610,LG00611,5.000
LG00611,LG00612,6.000
LG00612,LG00613,7.000
LG00613,LG00614,8.000
LG00614,LG00615,9.000
LG00615,LG00616,10.000
LG00616,LG00617,11.000
LG00617,LG00618,4.000
LG00618,LG00619,5.000
LG00619,LG00620,6.000
LG00620,LG00621,7.000
LG00621,LG00622,8.000
LG00622,LG00623,9.000
LG00623,LG00624,10.000
LG00624,LG00625,11.000
LG00625,LG00626,4.000
LG00626,LG00627,5.000
LG00627,LG00628,6.000
LG00628,LG00629,7.000
LG00629,LG00630,8.000
LG00630,LG00631,9.000
LG00631,LG00632,10.000
LG00632,LG00633,11.000
LG00633,LG00634,4.000
LG00634,LG00635,5.000
LG00635,LG00636,6.000
LG00636,LG00637,7.000
LG00637,LG00638,8.000
LG00638,LG00639,9.000
LG00639,LG00640,10.000
LG00640,LG00641,11.000
LG00641,LG00642,4.000
LG00642,LG00643,5.000
LG00643,LG00644,6.000
LG00644,LG00645,7.000
LG00645,LG00646,8.000
LG00646,LG00647,9.000
LG00647,LG00648,10.000
LG00648,LG00649,11.000
LG00649,LG00650,4.000
LG00650,LG00651,5.000
LG00651,LG00652,6.000
LG00652,LG00653,7.000
LG00653,LG00654,8.000
LG00654,LG00655,9.000
LG00655,LG00656,10.000
LG00656,LG00657,11.000
LG00657,LG00658,4.000
LG00658,LG00659,5.000
LG00659,LG00660,6.000
LG00660,LG00661,7.000
LG00661,LG00662,8.000
LG00662,LG00663,9.000
LG00663,LG00664,10.000
LG00664,LG00665,11.000
LG00665,LG00666,4.000
LG00666,LG00667,5.000
LG00667,LG00668,6.000
LG00668,LG00669,7.000
LG00669,LG00670,8.000
LG00670,LG00671,9.000
LG00671,LG00672,10.000
LG00672,LG00673,11.000
LG00673,LG00674,4.000
LG00674,LG00675,5.000
LG00675,LG00676,6.000
LG00676,LG00677,7.000
LG00677,LG00678,8.000
LG00678,LG00679,9.000
LG00679,LG00680,10.000
LG00680,LG00681,11.000
LG00681,LG00682,4.000
LG00682,LG00683,5.000
LG00683,LG00684,6.000
LG00684,LG00685,7.000
LG00685,LG00686,8.000
LG00686,LG00687,9.000
LG00687,LG00688,10.000
LG00688,LG00689,11.000
LG00689,LG00690,4.000
LG00690,LG00691,5.000
LG00691,LG00692,6.000
LG00692,LG00693,7.000
LG00693,LG00694,8.000
LG00694,LG00695,9.000
LG00695,LG00696,10.000
LG00696,LG00697,11.000
LG00697,LG00698,4.000
LG00698,LG00699,5.000
LG00699,LG00700,6.000
LG00700,LG00701,7.000
LG00701,LG00702,8.000
LG00702,LG00703,9.000
LG00703,LG00704,10.000
LG00704,LG00705,11.000
LG00705,LG00706,4.000
LG00706,LG00707,5.000
LG00707,LG00708,6.000
LG00708,LG00709,7.000
LG00709,LG00710,8.000
LG00710,LG00711,9.000
LG00711,LG00712,10.000
LG00712,LG00713,11.000
LG00713,LG00714,4.000
LG00714,LG00715,5.000
LG00715,LG00716,6.000
LG00716,LG00717,7.000
LG00717,LG00718,8.000
LG00718,LG00719,9.000
LG00719,LG00720,10.000
LG00720,LG00721,11.000
LG00721,LG00722,4.000
LG00722,LG00723,5.000
LG00723,LG00724,6.000
LG00724,LG00725,7.000
LG00725,LG00726,8.000
LG00726,LG00727,9.000
LG00727,LG00728,10.000
LG00728,LG00729,11.000
LG00729,LG00730,4.000
LG00730,LG00731,5.000
LG00731,LG00732,6.000
LG00732,LG00733,7.000
LG00733,LG00734,8.000
LG00734,LG00735,9.000
LG00735,LG00736,10.000
LG00736,LG00737,11.000
LG00737,LG00738,4.000
LG00738,LG00739,5.000
LG00739,LG00740,6.000
LG00740,LG00741,7.000
LG00741,LG00742,8.000
LG00742,LG00743,9.000
LG00743,LG00744,10.000
LG00744,LG00745,11.000
LG00745,LG00746,4.000
LG00746,LG00747,5.000
LG00747,LG00748,6.000
LG00748,LG00749,7.000
LG00749,LG00750,8.000
LG00750,LG00751,9.000
LG00751,LG00752,10.000
LG00752,LG00753,11.000
LG00753,LG00754,4.000
LG00754,LG00755,5.000
LG00755,LG00756,6.000
LG00756,LG00757,7.000
LG00757,LG00758,8.000
LG00758,LG00759,9.000
LG00759,LG00760,10.000
LG00760,LG00761,11.000
LG00761,LG00762,4.000
LG00762,LG00763,5.000
LG00763,LG00764,6.000
LG00764,LG00765,7.000
LG00765,LG00766,8.000
LG00766,LG00767,9.000
LG00767,LG00768,10.000
LG00768,LG00769,11.000
LG00769,LG00770,4.000
LG00770,LG00771,5.000
LG00771,LG00772,6.000
LG00772,LG00773,7.000
LG00773,LG00774,8.000
LG00774,LG00775,9.000
LG00775,LG00776,10.000
LG00776,LG00777,11.000
LG00777,LG00778,4.000
LG00778,LG00779,5.000
LG00779,LG00780,6.000
LG00780,LG00781,7.000
LG00781,LG00782,8.000
LG00782,LG00783,9.000
LG00783,LG00784,10.000
LG00784,LG00785,11.000
LG00785,LG00786,4.000
LG00786,LG00787,5.000
LG00787,LG00788,6.000
LG00788,LG00789,7.000
LG00789,LG00790,8.000
LG00790,LG00791,9.000
LG00791,LG00792,10.000
LG00792,LG00793,11.000
LG00793,LG00794,4.000
LG00794,LG00795,5.000
LG00795,LG00796,6.000
LG00796,LG00797,7.000
LG00797,LG00798,8.000
LG00798,LG00799,9.000
LG00799,LG00800,10.000
LG00800,LG00801,11.000
LG00801,LG00802,4.000
LG00802,LG00803,5.000
LG00803,LG00804,6.000
LG00804,LG00805,7.000
LG00805,LG00806,8.000
LG00806,LG00807,9.000
LG00807,LG00808,10.000
LG00808,LG00809,11.000
LG00809,LG00810,4.000
LG00810,LG00811,5.000
LG00811,LG00812,6.000
LG00812,LG00813,7.000
LG00813,LG00814,8.000
LG00814,LG00815,9.000
LG00815,LG00816,10.000
LG00816,LG00817,11.000
LG00817,LG00818,4.000
LG00818,LG00819,5.000
LG00819,LG00820,6.000
LG00820,LG00821,7.000
LG00821,LG00822,8.000
LG00822,LG00823,9.000
LG00823,LG00824,10.000
LG00824,LG00825,11.000
LG00825,LG00826,4.000
LG00826,LG00827,5.000
LG00827,LG00828,6.000
LG00828,LG00829,7.000
LG00829,LG00830,8.000
LG00830,LG00831,9.000
LG00831,LG00832,10.000
LG00832,LG00833,11.000
LG00833,LG00834,4.000
LG00834,LG00835,5.000
LG00835,LG00836,6.000
LG00836,LG00837,7.000
LG00837,LG00838,8.000
LG00838,LG00839,9.000
LG00839,LG00840,10.000
LG00840,LG00841,11.000
LG00841,LG00842,4.000
LG00842,LG00843,5.000
LG00843,LG00844,6.000
LG00844,LG00845,7.000
LG00845,LG00846,8.000
LG00846,LG00847,9.000
LG00847,LG00848,10.000
LG00848,LG00849,11.000
LG00849,LG00850,4.000
LG00850,LG00851,5.000
LG00851,LG00852,6.000
LG00852,LG00853,7.000
LG00853,LG00854,8.000
LG00854,LG00855,9.000
LG00855,LG00856,10.000
LG00856,LG00857,11.000
LG00857,LG00858,4.000
LG00858,LG00859,5.000
LG00859,LG00860,6.000
LG00860,LG00861,7.000
LG00861,LG00862,8.000
LG00862,LG00863,9.000
LG00863,LG00864,10.000
LG00864,LG00865,11.000
LG00865,LG00866,4.000
LG00866,LG00867,5.000
LG00867,LG00868,6.000
LG00868,LG00869,7.000
LG00869,LG00870,8.000
LG00870,LG00871,9.000
LG00871,LG00872,10.000
LG00872,LG00873,11.000
LG00873,LG00874,4.000
LG00874,LG00875,5.000
LG00875,LG00876,6.000
LG00876,LG00877,7.000
LG00877,LG00878,8.000
LG00878,LG00879,9.000
LG00879,LG00880,10.000
LG00880,LG00881,11.000
LG00881,LG00882,4.000
LG00882,LG00883,5.000
LG00883,LG00884,6.000
LG00884,LG00885,7.000
LG00885,LG00886,8.000
LG00886,LG00887,9.000
LG00887,LG00888,10.000
LG00888,LG00889,11.000
LG00889,LG00890,4.000
LG00890,LG00891,5.000
LG00891,LG00892,6.000
LG00892,LG00893,7.000
LG00893,LG00894,8.000
LG00894,LG00895,9.000
LG00895,LG00896,10.000
LG00896,LG00897,11.000
LG00897,LG00898,4.000
LG00898,LG00899,5.000
LG00899,LG00900,6.000
LG00900,LG00901,7.000
LG00901,LG00902,8.000
LG00902,LG00903,9.000
LG00903,LG00904,10.000
LG00904,LG00905,11.000
LG00905,LG00906,4.000
LG00906,LG00907,5.000
LG00907,LG00908,6.000
LG00908,LG00909,7.000
LG00909,LG00910,8.000
LG00910,LG00911,9.000
LG00911,LG00912,10.000
LG00912,LG00913,11.000
LG00913,LG00914,4.000
LG00914,LG00915,5.000
LG00915,LG00916,6.000
LG00916,LG00917,7.000
LG00917,LG00918,8.000
LG00918,LG00919,9.000
LG00919,LG00920,10.000
LG00920,LG00921,11.000
LG00921,LG00922,4.000
LG00922,LG00923,5.000
LG00923,LG00924,6.000
LG00924,LG00925,7.000
LG00925,LG00926,8.000
LG00926,LG00927,9.000
LG00927,LG00928,10.000
LG00928,LG00929,11.000
LG00929,LG00930,4.000
LG00930,LG00931,5.000
LG00931,LG00932,6.000
LG00932,LG00933,7.000
LG00933,LG00934,8.000
LG00934,LG00935,9.000
LG00935,LG00936,10.000
LG00936,LG00937,11.000
LG00937,LG00938,4.000
LG00938,LG00939,5.000
LG00939,LG00940,6.000
LG00940,LG00941,7.000
LG00941,LG00942,8.000
LG00942,LG00943,9.000
LG00943,LG00944,10.000
LG00944,LG00945,11.000
LG00945,LG00946,4.000
LG00946,LG00947,5.000
LG00947,LG00948,6.000
LG00948,LG00949,7.000
LG00949,LG00950,8.000
LG00950,LG00951,9.000
LG00951,LG00952,10.000
LG00952,LG00953,11.000
LG00953,LG00954,4.000
LG00954,LG00955,5.000
LG00955,LG00956,6.000
LG00956,LG00957,7.000
LG00957,LG00958,8.000
LG00958,LG00959,9.000
LG00959,LG00960,10.000
LG00960,LG00961,11.000
LG00961,LG00962,4.000
LG00962,LG00963,5.000
LG00963,LG00964,6.000
LG00964,LG00965,7.000
LG00965,LG00966,8.000
LG00966,LG00967,9.000
LG00967,LG00968,10.000
LG00968,LG00969,11.000
LG00969,LG00970,4.000
LG00970,LG00971,5.000
LG00971,LG00972,6.000
LG00972,LG00973,7.000
LG00973,LG00974,8.000
LG00974,LG00975,9.000
LG00975,LG00976,10.000
LG00976,LG00977,11.000
LG00977,LG00978,4.000
LG00978,LG00979,5.000
LG00979,LG00980,6.000
LG00980,LG00981,7.000
LG00981,LG00982,8.000
LG00982,LG00983,9.000
LG00983,LG00984,10.000
LG00984,LG00985,11.000
LG00985,LG00986,4.000
LG00986,LG00987,5.000
LG00987,LG00988,6.000
LG00988,LG00989,7.000
LG00989,LG00990,8.000
LG00990,LG00991,9.000
LG00991,LG00992,10.000
LG00992,LG00993,11.000
LG00993,LG00994,4.000
LG00994,LG00995,5.000
LG00995,LG00996,6.000
LG00996,LG00997,7.000
LG00997,LG00998,8.000
LG00998,LG00999,9.000
LG00999,LG01000,10.000
LG01000,LG01001,11.000
LG01001,LG01002,4.000
LG01002,LG01003,5.000
LG01003,LG01004,6.000
LG01004,LG01005,7.000
LG01005,LG01006,8.000
LG01006,LG01007,9.000
LG01007,LG01008,10.000
LG01008,LG01009,11.000
LG01009,LG01010,4.000
LG01010,LG01011,5.000
LG01011,LG01012,6.000
LG01012,LG01013,7.000
LG01013,LG01014,8.000
LG01014,LG01015,9.000
LG01015,LG01016,10.000
LG01016,LG01017,11.000
LG01017,LG01018,4.000
LG01018,LG01019,5.000
LG01019,LG01020,6.000
LG01020,LG01021,7.000
LG01021,LG01022,8.000
LG01022,LG01023,9.000
LG01023,LG01024,10.000
LG01024,LG01025,11.000
LG01025,LG01026,4.000
LG01026,LG01027,5.000
LG01027,LG01028,6.000
LG01028,LG01029,7.000
LG01029,LG01030,8.000
LG01030,LG01031,9.000
LG01031,LG01032,10.000
LG01032,LG01033,11.000
LG01033,LG01034,4.000
LG01034,LG01035,5.000
LG01035,LG01036,6.000
LG01036,LG01037,7.000
LG01037,LG01038,8.000
LG01038,LG01039,9.000
LG01039,LG01040,10.000
LG01040,LG01041,11.000
LG01041,LG01042,4.000
LG01042,LG01043,5.000
LG01043,LG01044,6.000
LG01044,LG01045,7.000
LG01045,LG01046,8.000
LG01046,LG01047,9.000
LG01047,LG01048,10.000
LG01048,LG01049,11.000
LG01049,LG01050,4.000
LG01050,LG01051,5.000
LG01051,LG01052,6.000
LG01052,LG01053,7.000
LG01053,LG01054,8.000
LG01054,LG01055,9.000
LG01055,LG01056,10.000
LG01056,LG01057,11.000
LG01057,LG01058,4.000
LG01058,LG01059,5.000
LG01059,LG01060,6.000
LG01060,LG01061,7.000
LG01061,LG01062,8.000
LG01062,LG01063,9.000
LG01063,LG01064,10.000
LG01064,LG01065,11.000
LG01065,LG01066,4.000
LG01066,LG01067,5.000
LG01067,LG01068,6.000
LG01068,LG01069,7.000
LG01069,LG01070,8.000
LG01070,LG01071,9.000
LG01071,LG01072,10.000
LG01072,LG01073,11.000
LG01073,LG01074,4.000
LG01074,LG01075,5.000
LG01075,LG01076,6.000
LG01076,LG01077,7.000
LG01077,LG01078,8.000
LG01078,LG01079,9.000
LG01079,LG01080,10.000
LG01080,LG01081,11.000
LG01081,LG01082,4.000
LG01082,LG01083,5.000
LG01083,LG01084,6.000
LG01084,LG01085,7.000
LG01085,LG01086,8.000
LG01086,LG01087,9.000
LG01087,LG01088,10.000
LG01088,LG01089,11.000
LG01089,LG01090,4.000
LG01090,LG01091,5.000
LG01091,LG01092,6.000
LG01092,LG01093,7.000
LG01093,LG01094,8.000
LG01094,LG01095,9.000
LG01095,LG01096,10.000
LG01096,LG01097,11.000
LG01097,LG01098,4.000
LG01098,LG01099,5.000
LG01099,LG01100,6.000
LG01100,LG01101,7.000
LG01101,LG01102,8.000
LG01102,LG01103,9.000
LG01103,LG01104,10.000
LG01104,LG01105,11.000
LG01105,LG01106,4.000
LG01106,LG01107,5.000
LG01107,LG01108,6.000
LG01108,LG01109,7.000
LG01109,LG01110,8.000
LG01110,LG01111,9.000
LG01111,LG01112,10.000
LG01112,LG01113,11.000
LG01113,LG01114,4.000
LG01114,LG01115,5.000
LG01115,LG01116,6.000
LG01116,LG01117,7.000
LG01117,LG01118,8.000
LG01118,LG01119,9.000
LG01119,LG01120,10.000
LG01120,LG01121,11.000
LG01121,LG01122,4.000
LG01122,LG01123,5.000
LG01123,LG01124,6.000
LG01124,LG01125,7.000
LG01125,LG01126,8.000
LG01126,LG01127,9.000
LG01127,LG01128,10.000
LG01128,LG01129,11.000
LG01129,LG01130,4.000
LG01130,LG01131,5.000
LG01131,LG01132,6.000
LG01132,LG01133,7.000
LG01133,LG01134,8.000
LG01134,LG01135,9.000
LG01135,LG01136,10.000
LG01136,LG01137,11.000
LG01137,LG01138,4.000
LG01138,LG01139,5.000
LG01139,LG01140,6.000
LG01140,LG01141,7.000
LG01141,LG01142,8.000
LG01142,LG01143,9.000
LG01143,LG01144,10.000
LG01144,LG01145,11.000
LG01145,LG01146,4.000
LG01146,LG01147,5.000
LG01147,LG01148,6.000
LG01148,LG01149,7.000
LG01149,LG01150,8.000
LG01150,LG01151,9.000
LG01151,LG01152,10.000
LG01152,LG01153,11.000
LG01153,LG01154,4.000
LG01154,LG01155,5.000
LG01155,LG01156,6.000
LG01156,LG01157,7.000
LG01157,LG01158,8.000
LG01158,LG01159,9.000
LG01159,LG01160,10.000
LG01160,LG01161,11.000
LG01161,LG01162,4.000
LG01162,LG01163,5.000
LG01163,LG01164,6.000
LG01164,LG01165,7.000
LG01165,LG01166,8.000
LG01166,LG01167,9.000
LG01167,LG01168,10.000
LG01168,LG01169,11.000
LG01169,LG01170,4.000
LG01170,LG01171,5.000
LG01171,LG01172,6.000
LG01172,LG01173,7.000
LG01173,LG01174,8.000
LG01174,LG01175,9.000
LG01175,LG01176,10.000
LG01176,LG01177,11.000
LG01177,LG01178,4.000
LG01178,LG01179,5.000
LG01179,LG01180,6.000
LG01180,LG01181,7.000
LG01181,LG01182,8.000
LG01182,LG01183,9.000
LG01183,LG01184,10.000
LG01184,LG01185,11.000
LG01185,LG01186,4.000
LG01186,LG01187,5.000
LG01187,LG01188,6.000
LG01188,LG01189,7.000
LG01189,LG01190,8.000
LG01190,LG01191,9.000
LG01191,LG01192,10.000
LG01192,LG01193,11.000
LG01193,LG01194,4.000
LG01194,LG01195,5.000
LG01195,LG01196,6.000
LG01196,LG01197,7.000
LG01197,LG01198,8.000
LG01198,LG01199,9.000
LG01199,LG01200,10.000
LG01200,LG01201,11.000
LG01201,LG01202,4.000
LG01202,LG01203,5.000
LG01203,LG01204,6.000
LG01204,LG01205,7.000
LG01205,LG01206,8.000
LG01206,LG01207,9.000
LG01207,LG01208,10.000
LG01208,LG01209,11.000
LG01209,LG01210,4.000
LG01210,LG01211,5.000
LG01211,LG01212,6.000
LG01212,LG01213,7.000
LG01213,LG01214,8.000
LG01214,LG01215,9.000
LG01215,LG01216,10.000
LG01216,LG01217,11.000
LG01217,LG01218,4.000
LG01218,LG01219,5.000
LG01219,LG01220,6.000
LG01220,LG01221,7.000
LG01221,LG01222,8.000
LG01222,LG01223,9.000
LG01223,LG01224,10.000
LG01224,LG01225,11.000
LG01225,LG01226,4.000
LG01226,LG01227,5.000
LG01227,LG01228,6.000
LG01228,LG01229,7.000
LG01229,LG01230,8.000
LG01230,LG01231,9.000
LG01231,LG01232,10.000
LG01232,LG01233,11.000
LG01233,LG01234,4.000
LG01234,LG01235,5.000
LG01235,LG01236,6.000
LG01236,LG01237,7.000
LG01237,LG01238,8.000
LG01238,LG01239,9.000
LG01239,LG01240,10.000
LG01240,LG01241,11.000
LG01241,LG01242,4.000
LG01242,LG01243,5.000
LG01243,LG01244,6.000
LG01244,LG01245,7.000
LG01245,LG01246,8.000
LG01246,LG01247,9.000
LG01247,LG01248,10.000
LG01248,LG01249,11.000
LG01249,LG01250,4.000
LG01250,LG01251,5.000
LG01251,LG01252,6.000
LG01252,LG01253,7.000
LG01253,LG01254,8.000
LG01254,LG01255,9.000
LG01255,LG01256,10.000
LG01256,LG01257,11.000
LG01257,LG01258,4.000
LG01258,LG01259,5.000
LG01259,LG01260,6.000
LG01260,LG01261,7.000
LG01261,LG01262,8.000
LG01262,LG01263,9.000
LG01263,LG01264,10.000
LG01264,LG01265,11.000
LG01265,LG01266,4.000
LG01266,LG01267,5.000
LG01267,LG01268,6.000
LG01268,LG01269,7.000
LG01269,LG01270,8.000
LG01270,LG01271,9.000
LG01271,LG01272,10.000
LG01272,LG01273,11.000
LG01273,LG01274,4.000
LG01274,LG01275,5.000
LG01275,LG01276,6.000
LG01276,LG01277,7.000
LG01277,LG01278,8.000
LG01278,LG01279,9.000
LG01279,LG01280,10.000
LG01280,LG01281,11.000
LG01281,LG01282,4.000
LG01282,LG01283,5.000
LG01283,LG01284,6.000
LG01284,LG01285,7.000
LG01285,LG01286,8.000
LG01286,LG01287,9.000
LG01287,LG01288,10.000
LG01288,LG01289,11.000
LG01289,LG01290,4.000
LG01290,LG01291,5.000
LG01291,LG01292,6.000
LG01292,LG01293,7.000
LG01293,LG01294,8.000
LG01294,LG01295,9.000
LG01295,LG01296,10.000
LG01296,LG01297,11.000
LG01297,LG01298,4.000
LG01298,LG01299,5.000
LG01299,LG01300,6.000
LG01300,LG01301,7.000
LG01301,LG01302,8.000
LG01302,LG01303,9.000
LG01303,LG01304,10.000
LG01304,LG01305,11.000
LG01305,LG01306,4.000
LG01306,LG01307,5.000
LG01307,LG01308,6.000
LG01308,LG01309,7.000
LG01309,LG01310,8.000
LG01310,LG01311,9.000
LG01311,LG01312,10.000
LG01312,LG01313,11.000
LG01313,LG01314,4.000
LG01314,LG01315,5.000
LG01315,LG01316,6.000
LG01316,LG01317,7.000
LG01317,LG01318,8.000
LG01318,LG01319,9.000
LG01319,LG01320,10.000
LG01320,LG01321,11.000
LG01321,LG01322,4.000
LG01322,LG01323,5.000
LG01323,LG01324,6.000
LG01324,LG01325,7.000
LG01325,LG01326,8.000
LG01326,LG01327,9.000
LG01327,LG01328,10.000
LG01328,LG01329,11.000
LG01329,LG01330,4.000
LG01330,LG01331,5.000
LG01331,LG01332,6.000
LG01332,LG01333,7.000
LG01333,LG01334,8.000
LG01334,LG01335,9.000
LG01335,LG01336,10.000
LG01336,LG01337,11.000
LG01337,LG01338,4.000
LG01338,LG01339,5.000
LG01339,LG01340,6.000
LG01340,LG01341,7.000
LG01341,LG01342,8.000
LG01342,LG01343,9.000
LG01343,LG01344,10.000
LG01344,LG01345,11.000
LG01345,LG01346,4.000
LG01346,LG01347,5.000
LG01347,LG01348,6.000
LG01348,LG01349,7.000
LG01349,LG01350,8.000
LG01350,LG01351,9.000
LG01351,LG01352,10.000
LG01352,LG01353,11.000
LG01353,LG01354,4.000
LG01354,LG01355,5.000
LG01355,LG01356,6.000
LG01356,LG01357,7.000
LG01357,LG01358,8.000
LG01358,LG01359,9.000
LG01359,LG01360,10.000
LG01360,LG01361,11.000
LG01361,LG01362,4.000
LG01362,LG01363,5.000
LG01363,LG01364,6.000
LG01364,LG01365,7.000
LG01365,LG01366,8.000
LG01366,LG01367,9.000
LG01367,LG01368,10.000
LG01368,LG01369,11.000
LG01369,LG01370,4.000
LG01370,LG01371,5.000
LG01371,LG01372,6.000
LG01372,LG01373,7.000
LG01373,LG01374,8.000
LG01374,LG01375,9.000
LG01375,LG01376,10.000
LG01376,LG01377,11.000
LG01377,LG01378,4.000
LG01378,LG01379,5.000
LG01379,LG01380,6.000
LG01380,LG01381,7.000
LG01381,LG01382,8.000
LG01382,LG01383,9.000
LG01383,LG01384,10.000
LG01384,LG01385,11.000
LG01385,LG01386,4.000
LG01386,LG01387,5.000
LG01387,LG01388,6.000
LG01388,LG01389,7.000
LG01389,LG01390,8.000
LG01390,LG01391,9.000
LG01391,LG01392,10.000
LG01392,LG01393,11.000
LG01393,LG01394,4.000
LG01394,LG01395,5.000
LG01395,LG01396,6.000
LG01396,LG01397,7.000
LG01397,LG01398,8.000
LG01398,LG01399,9.000
LG01399,LG01400,10.000
LG01400,LG01401,11.000
LG01401,LG01402,4.000
LG01402,LG01403,5.000
LG01403,LG01404,6.000
LG01404,LG01405,7.000
LG01405,LG01406,8.000
LG01406,LG01407,9.000
LG01407,LG01408,10.000
LG01408,LG01409,11.000
LG01409,LG01410,4.000
LG01410,LG01411,5.000
LG01411,LG01412,6.000
LG01412,LG01413,7.000
LG01413,LG01414,8.000
LG01414,LG01415,9.000
LG01415,LG01416,10.000
LG01416,LG01417,11.000
LG01417,LG01418,4.000
LG01418,LG01419,5.000
LG01419,LG01420,6.000
LG01420,LG01421,7.000
LG01421,LG01422,8.000
LG01422,LG01423,9.000
LG01423,LG01424,10.000
LG01424,LG01425,11.000
LG01425,LG01426,4.000
LG01426,LG01427,5.000
LG01427,LG01428,6.000
LG01428,LG01429,7.000
LG01429,LG01430,8.000
LG01430,LG01431,9.000
LG01431,LG01432,10.000
LG01432,LG01433,11.000
LG01433,LG01434,4.000
LG01434,LG01435,5.000
LG01435,LG01436,6.000
LG01436,LG01437,7.000
LG01437,LG01438,8.000
LG01438,LG01439,9.000
LG01439,LG01440,10.000
LG01440,LG01441,11.000
LG01441,LG01442,4.000
LG01442,LG01443,5.000
LG01443,LG01444,6.000
LG01444,LG01445,7.000
LG01445,LG01446,8.000
LG01446,LG01447,9.000
LG01447,LG01448,10.000
LG01448,LG01449,11.000
LG01449,LG01450,4.000
LG01450,LG01451,5.000
LG01451,LG01452,6.000
LG01452,LG01453,7.000
LG01453,LG01454,8.000
LG01454,LG01455,9.000
LG01455,LG01456,10.000
LG01456,LG01457,11.000
LG01457,LG01458,4.000
LG01458,LG01459,5.000
LG01459,LG01460,6.000
LG01460,LG01461,7.000
LG01461,LG01462,8.000
LG01462,LG01463,9.000
LG01463,LG01464,10.000
LG01464,LG01465,11.000
LG01465,LG01466,4.000
LG01466,LG01467,5.000
LG01467,LG01468,6.000
LG01468,LG01469,7.000
LG01469,LG01470,8.000
LG01470,LG01471,9.000
LG01471,LG01472,10.000
LG01472,LG01473,11.000
LG01473,LG01474,4.000
LG01474,LG01475,5.000
LG01475,LG01476,6.000
LG01476,LG01477,7.000
LG01477,LG01478,8.000
LG01478,LG01479,9.000
LG01479,LG01480,10.000
LG01480,LG01481,11.000
LG01481,LG01482,4.000
LG01482,LG01483,5.000
LG01483,LG01484,6.000
LG01484,LG01485,7.000
LG01485,LG01486,8.000
LG01486,LG01487,9.000
LG01487,LG01488,10.000
LG01488,LG01489,11.000
LG01489,LG01490,4.000
LG01490,LG01491,5.000
LG01491,LG01492,6.000
LG01492,LG01493,7.000
LG01493,LG01494,8.000
LG01494,LG01495,9.000
LG01495,LG01496,10.000
LG01496,LG01497,11.000
LG01497,LG01498,4.000
LG01498,LG01499,5.000
LG01499,LG01500,6.000
LG01500,LG01501,7.000
LG01501,LG01502,8.000
LG01502,LG01503,9.000
LG01503,LG01504,10.000
LG01504,LG01505,11.000
LG01505,LG01506,4.000
LG01506,LG01507,5.000
LG01507,LG01508,6.000
LG01508,LG01509,7.000
LG01509,LG01510,8.000
LG01510,LG01511,9.000
LG01511,LG01512,10.000
LG01512,LG01513,11.000
LG01513,LG01514,4.000
LG01514,LG01515,5.000
LG01515,LG01516,6.000
LG01516,LG01517,7.000
LG01517,LG01518,8.000
LG01518,LG01519,9.000
LG01519,LG01520,10.000
LG01520,LG01521,11.000
LG01521,LG01522,4.000
LG01522,LG01523,5.000
LG01523,LG01524,6.000
LG01524,LG01525,7.000
LG01525,LG01526,8.000
LG01526,LG01527,9.000
LG01527,LG01528,10.000
LG01528,LG01529,11.000
LG01529,LG01530,4.000
LG01530,LG01531,5.000
LG01531,LG01532,6.000
LG01532,LG01533,7.000
LG01533,LG01534,8.000
LG01534,LG01535,9.000
LG01535,LG01536,10.000
LG01536,LG01537,11.000
LG01537,LG01538,4.000
LG01538,LG01539,5.000
LG01539,LG01540,6.000
LG01540,LG01541,7.000
LG01541,LG01542,8.000
LG01542,LG01543,9.000
LG01543,LG01544,10.000
LG01544,LG01545,11.000
LG01545,LG01546,4.000
LG01546,LG01547,5.000
LG01547,LG01548,6.000
LG01548,LG01549,7.000
LG01549,LG01550,8.000
LG01550,LG01551,9.000
LG01551,LG01552,10.000
LG01552,LG01553,11.000
LG01553,LG01554,4.000
LG01554,LG01555,5.000
LG01555,LG01556,6.000
LG01556,LG01557,7.000
LG01557,LG01558,8.000
LG01558,LG01559,9.000
LG01559,LG01560,10.000
LG01560,LG01561,11.000
LG01561,LG01562,4.000
LG01562,LG01563,5.000
LG01563,LG01564,6.000
LG01564,LG01565,7.000
LG01565,LG01566,8.000
LG01566,LG01567,9.000
LG01567,LG01568,10.000
LG01568,LG01569,11.000
LG01569,LG01570,4.000
LG01570,LG01571,5.000
LG01571,LG01572,6.000
LG01572,LG01573,7.000
LG01573,LG01574,8.000
LG01574,LG01575,9.000
LG01575,LG01576,10.000
LG01576,LG01577,11.000
LG01577,LG01578,4.000
LG01578,LG01579,5.000
LG01579,LG01580,6.000
LG01580,LG01581,7.000
LG01581,LG01582,8.000
LG01582,LG01583,9.000
LG01583,LG01584,10.000
LG01584,LG01585,11.000
LG01585,LG01586,4.000
LG01586,LG01587,5.000
LG01587,LG01588,6.000
LG01588,LG01589,7.000
LG01589,LG01590,8.000
LG01590,LG01591,9.000
LG01591,LG01592,10.000
LG01592,LG01593,11.000
LG01593,LG01594,4.000
LG01594,LG01595,5.000
LG01595,LG01596,6.000
LG01596,LG01597,7.000
LG01597,LG01598,8.000
LG01598,LG01599,9.000
LG01599,LG01600,10.000
LG01600,LG01601,11.000
LG01601,LG01602,4.000
LG01602,LG01603,5.000
LG01603,LG01604,6.000
LG01604,LG01605,7.000
LG01605,LG01606,8.000
LG01606,LG01607,9.000
LG01607,LG01608,10.000
LG01608,LG01609,11.000
LG01609,LG01610,4.000
LG01610,LG01611,5.000
LG01611,LG01612,6.000
LG01612,LG01613,7.000
LG01613,LG01614,8.000
LG01614,LG01615,9.000
LG01615,LG01616,10.000
LG01616,LG01617,11.000
LG01617,LG01618,4.000
LG01618,LG01619,5.000
LG01619,LG01620,6.000
LG01620,LG01621,7.000
LG01621,LG01622,8.000
LG01622,LG01623,9.000
LG01623,LG01624,10.000
LG01624,LG01625,11.000
LG01625,LG01626,4.000
LG01626,LG01627,5.000
LG01627,LG01628,6.000
LG01628,LG01629,7.000
LG01629,LG01630,8.000
LG01630,LG01631,9.000
LG01631,LG01632,10.000
LG01632,LG01633,11.000
LG01633,LG01634,4.000
LG01634,LG01635,5.000
LG01635,LG01636,6.000
LG01636,LG01637,7.000
LG01637,LG01638,8.000
LG01638,LG01639,9.000
LG01639,LG01640,10.000
LG01640,LG01641,11.000
LG01641,LG01642,4.000
LG01642,LG01643,5.000
LG01643,LG01644,6.000
LG01644,LG01645,7.000
LG01645,LG01646,8.000
LG01646,LG01647,9.000
LG01647,LG01648,10.000
LG01648,LG01649,11.000
LG01649,LG01650,4.000
LG01650,LG01651,5.000
LG01651,LG01652,6.000
LG01652,LG01653,7.000
LG01653,LG01654,8.000
LG01654,LG01655,9.000
LG01655,LG01656,10.000
LG01656,LG01657,11.000
LG01657,LG01658,4.000
LG01658,LG01659,5.000
LG01659,LG01660,6.000
LG01660,LG01661,7.000
LG01661,LG01662,8.000
LG01662,LG01663,9.000
LG01663,LG01664,10.000
LG01664,LG01665,11.000
LG01665,LG01666,4.000
LG01666,LG01667,5.000
LG01667,LG01668,6.000
LG01668,LG01669,7.000
LG01669,LG01670,8.000
LG01670,LG01671,9.000
LG01671,LG01672,10.000
LG01672,LG01673,11.000
LG01673,LG01674,4.000
LG01674,LG01675,5.000
LG01675,LG01676,6.000
LG01676,LG01677,7.000
LG01677,LG01678,8.000
LG01678,LG01679,9.000
LG01679,LG01680,10.000
LG01680,LG01681,11.000
LG01681,LG01682,4.000
LG01682,LG01683,5.000
LG01683,LG01684,6.000
LG01684,LG01685,7.000
LG01685,LG01686,8.000
LG01686,LG01687,9.000
LG01687,LG01688,10.000
LG01688,LG01689,11.000
LG01689,LG01690,4.000
LG01690,LG01691,5.000
LG01691,LG01692,6.000
LG01692,LG01693,7.000
LG01693,LG01694,8.000
LG01694,LG01695,9.000
LG01695,LG01696,10.000
LG01696,LG01697,11.000
LG01697,LG01698,4.000
LG01698,LG01699,5.000
LG01699,LG01700,6.000
LG01700,LG01701,7.000
LG01701,LG01702,8.000
LG01702,LG01703,9.000
LG01703,LG01704,10.000
LG01704,LG01705,11.000
LG01705,LG01706,4.000
LG01706,LG01707,5.000
LG01707,LG01708,6.000
LG01708,LG01709,7.000
LG01709,LG01710,8.000
LG01710,LG01711,9.000
LG01711,LG01712,10.000
LG01712,LG01713,11.000
LG01713,LG01714,4.000
LG01714,LG01715,5.000
LG01715,LG01716,6.000
LG01716,LG01717,7.000
LG01717,LG01718,8.000
LG01718,LG01719,9.000
LG01719,LG01720,10.000
LG01720,LG01721,11.000
LG01721,LG01722,4.000
LG01722,LG01723,5.000
LG01723,LG01724,6.000
LG01724,LG01725,7.000
LG01725,LG01726,8.000
LG01726,LG01727,9.000
LG01727,LG01728,10.000
LG01728,LG01729,11.000
LG01729,LG01730,4.000
LG01730,LG01731,5.000
LG01731,LG01732,6.000
LG01732,LG01733,7.000
LG01733,LG01734,8.000
LG01734,LG01735,9.000
LG01735,LG01736,10.000
LG01736,LG01737,11.000
LG01737,LG01738,4.000
LG01738,LG01739,5.000
LG01739,LG01740,6.000
LG01740,LG01741,7.000
LG01741,LG01742,8.000
LG01742,LG01743,9.000
LG01743,LG01744,10.000
LG01744,LG01745,11.000
LG01745,LG01746,4.000
LG01746,LG01747,5.000
LG01747,LG01748,6.000
LG01748,LG01749,7.000
LG01749,LG01750,8.000
LG01750,LG01751,9.000
LG01751,LG01752,10.000
LG01752,LG01753,11.000
LG01753,LG01754,4.000
LG01754,LG01755,5.000
LG01755,LG01756,6.000
LG01756,LG01757,7.000
LG01757,LG01758,8.000
LG01758,LG01759,9.000
LG01759,LG01760,10.000
LG01760,LG01761,11.000
LG01761,LG01762,4.000
LG01762,LG01763,5.000
LG01763,LG01764,6.000
LG01764,LG01765,7.000
LG01765,LG01766,8.000
LG01766,LG01767,9.000
LG01767,LG01768,10.000
LG01768,LG01769,11.000
LG01769,LG01770,4.000
LG01770,LG01771,5.000
LG01771,LG01772,6.000
LG01772,LG01773,7.000
LG01773,LG01774,8.000
LG01774,LG01775,9.000
LG01775,LG01776,10.000
LG01776,LG01777,11.000
LG01777,LG01778,4.000
LG01778,LG01779,5.000
LG01779,LG01780,6.000
LG01780,LG01781,7.000
LG01781,LG01782,8.000
LG01782,LG01783,9.000
LG01783,LG01784,10.000
LG01784,LG01785,11.000
LG01785,LG01786,4.000
LG01786,LG01787,5.000
LG01787,LG01788,6.000
LG01788,LG01789,7.000
LG01789,LG01790,8.000
LG01790,LG01791,9.000
LG01791,LG01792,10.000
LG01792,LG01793,11.000
LG01793,LG01794,4.000
LG01794,LG01795,5.000
LG01795,LG01796,6.000
LG01796,LG01797,7.000
LG01797,LG01798,8.000
LG01798,LG01799,9.000
LG01799,LG01800,10.000
LG01800,LG01801,11.000
LG01801,LG01802,4.000
LG01802,LG01803,5.000
LG01803,LG01804,6.000
LG01804,LG01805,7.000
LG01805,LG01806,8.000
LG01806,LG01807,9.000
LG01807,LG01808,10.000
LG01808,LG01809,11.000
LG01809,LG01810,4.000
LG01810,LG01811,5.000
LG01811,LG01812,6.000
LG01812,LG01813,7.000
LG01813,LG01814,8.000
LG01814,LG01815,9.000
LG01815,LG01816,10.000
LG01816,LG01817,11.000
LG01817,LG01818,4.000
LG01818,LG01819,5.000
LG01819,LG01820,6.000
LG01820,LG01821,7.000
LG01821,LG01822,8.000
LG01822,LG01823,9.000
LG01823,LG01824,10.000
LG01824,LG01825,11.000
LG01825,LG01826,4.000
LG01826,LG01827,5.000
LG01827,LG01828,6.000
LG01828,LG01829,7.000
LG01829,LG01830,8.000
LG01830,LG01831,9.000
LG01831,LG01832,10.000
LG01832,LG01833,11.000
LG01833,LG01834,4.000
LG01834,LG01835,5.000
LG01835,LG01836,6.000
LG01836,LG01837,7.000
LG01837,LG01838,8.000
LG01838,LG01839,9.000
LG01839,LG01840,10.000
LG01840,LG01841,11.000
LG01841,LG01842,4.000
LG01842,LG01843,5.000
LG01843,LG01844,6.000
LG01844,LG01845,7.000
LG01845,LG01846,8.000
LG01846,LG01847,9.000
LG01847,LG01848,10.000
LG01848,LG01849,11.000
LG01849,LG01850,4.000
LG01850,LG01851,5.000
LG01851,LG01852,6.000
LG01852,LG01853,7.000
LG01853,LG01854,8.000
LG01854,LG01855,9.000
LG01855,LG01856,10.000
LG01856,LG01857,11.000
LG01857,LG01858,4.000
LG01858,LG01859,5.000
LG01859,LG01860,6.000
LG01860,LG01861,7.000
LG01861,LG01862,8.000
LG01862,LG01863,9.000
LG01863,LG01864,10.000
LG01864,LG01865,11.000
LG01865,LG01866,4.000
LG01866,LG01867,5.000
LG01867,LG01868,6.000
LG01868,LG01869,7.000
LG01869,LG01870,8.000
LG01870,LG01871,9.000
LG01871,LG01872,10.000
LG01872,LG01873,11.000
LG01873,LG01874,4.000
LG01874,LG01875,5.000
LG01875,LG01876,6.000
LG01876,LG01877,7.000
LG01877,LG01878,8.000
LG01878,LG01879,9.000
LG01879,LG01880,10.000
LG01880,LG01881,11.000
LG01881,LG01882,4.000
LG01882,LG01883,5.000
LG01883,LG01884,6.000
LG01884,LG01885,7.000
LG01885,LG01886,8.000
LG01886,LG01887,9.000
LG01887,LG01888,10.000
LG01888,LG01889,11.000
LG01889,LG01890,4.000
LG01890,LG01891,5.000
LG01891,LG01892,6.000
LG01892,LG01893,7.000
LG01893,LG01894,8.000
LG01894,LG01895,9.000
LG01895,LG01896,10.000
LG01896,LG01897,11.000
LG01897,LG01898,4.000
LG01898,LG01899,5.000
LG01899,LG01900,6.000
LG01900,LG01901,7.000
LG01901,LG01902,8.000
LG01902,LG01903,9.000
LG01903,LG01904,10.000
LG01904,LG01905,11.000
LG01905,LG01906,4.000
LG01906,LG01907,5.000
LG01907,LG01908,6.000
LG01908,LG01909,7.000
LG01909,LG01910,8.000
LG01910,LG01911,9.000
LG01911,LG01912,10.000
LG01912,LG01913,11.000
LG01913,LG01914,4.000
LG01914,LG01915,5.000
LG01915,LG01916,6.000
LG01916,LG01917,7.000
LG01917,LG01918,8.000
LG01918,LG01919,9.000
LG01919,LG01920,10.000
LG01920,LG01921,11.000
LG01921,LG01922,4.000
LG01922,LG01923,5.000
LG01923,LG01924,6.000
LG01924,LG01925,7.000
LG01925,LG01926,8.000
LG01926,LG01927,9.000
LG01927,LG01928,10.000
LG01928,LG01929,11.000
LG01929,LG01930,4.000
LG01930,LG01931,5.000
LG01931,LG01932,6.000
LG01932,LG01933,7.000
LG01933,LG01934,8.000
LG01934,LG01935,9.000
LG01935,LG01936,10.000
LG01936,LG01937,11.000
LG01937,LG01938,4.000
LG01938,LG01939,5.000
LG01939,LG01940,6.000
LG01940,LG01941,7.000
LG01941,LG01942,8.000
LG01942,LG01943,9.000
LG01943,LG01944,10.000
LG01944,LG01945,11.000
LG01945,LG01946,4.000
LG01946,LG01947,5.000
LG01947,LG01948,6.000
LG01948,LG01949,7.000
LG01949,LG01950,8.000
LG01950,LG01951,9.000
LG01951,LG01952,10.000
LG01952,LG01953,11.000
LG01953,LG01954,4.000
LG01954,LG01955,5.000
LG01955,LG01956,6.000
LG01956,LG01957,7.000
LG01957,LG01958,8.000
LG01958,LG01959,9.000
LG01959,LG01960,10.000
LG01960,LG01961,11.000
LG01961,LG01962,4.000
LG01962,LG01963,5.000
LG01963,LG01964,6.000
LG01964,LG01965,7.000
LG01965,LG01966,8.000
LG01966,LG01967,9.000
LG01967,LG01968,10.000
LG01968,LG01969,11.000
LG01969,LG01970,4.000
LG01970,LG01971,5.000
LG01971,LG01972,6.000
LG01972,LG01973,7.000
LG01973,LG01974,8.000
LG01974,LG01975,9.000
LG01975,LG01976,10.000
LG01976,LG01977,11.000
LG01977,LG01978,4.000
LG01978,LG01979,5.000
LG01979,LG01980,6.000
LG01980,LG01981,7.000
LG01981,LG01982,8.000
LG01982,LG01983,9.000
LG01983,LG01984,10.000
LG01984,LG01985,11.000
LG01985,LG01986,4.000
LG01986,LG01987,5.000
LG01987,LG01988,6.000
LG01988,LG01989,7.000
LG01989,LG01990,8.000
LG01990,LG01991,9.000
LG01991,LG01992,10.000
LG01992,LG01993,11.000
LG01993,LG01994,4.000
LG01994,LG01995,5.000
LG01995,LG01996,6.000
LG01996,LG01997,7.000
LG01997,LG01998,8.000
LG01998,LG01999,9.000
LG01999,LG02000,10.000
LG02000,LG02001,11.000
LG02001,LG02002,4.000
LG02002,LG02003,5.000
LG02003,LG02004,6.000
LG02004,LG02005,7.000
LG02005,LG02006,8.000
LG02006,LG02007,9.000
LG02007,LG02008,10.000
LG02008,LG02009,11.000
LG02009,LG02010,4.000
LG02010,LG02011,5.000
LG02011,LG02012,6.000
LG02012,LG02013,7.000
LG02013,LG02014,8.000
LG02014,LG02015,9.000
LG02015,LG02016,10.000
LG02016,LG02017,11.000
LG02017,LG02018,4.000
LG02018,LG02019,5.000
LG02019,LG02020,6.000
LG02020,LG02021,7.000
LG02021,LG02022,8.000
LG02022,LG02023,9.000
LG02023,LG02024,10.000
LG02024,LG02025,11.000
LG02025,LG02026,4.000
LG02026,LG02027,5.000
LG02027,LG02028,6.000
LG02028,LG02029,7.000
LG02029,LG02030,8.000
LG02030,LG02031,9.000
LG02031,LG02032,10.000
LG02032,LG02033,11.000
LG02033,LG02034,4.000
LG02034,LG02035,5.000
LG02035,LG02036,6.000
LG02036,LG02037,7.000
LG02037,LG02038,8.000
LG02038,LG02039,9.000
LG02039,LG02040,10.000
LG02040,LG02041,11.000
LG02041,LG02042,4.000
LG02042,LG02043,5.000
LG02043,LG02044,6.000
LG02044,LG02045,7.000
LG02045,LG02046,8.000
LG02046,LG02047,9.000
LG02047,LG02048,10.000
LG02048,LG02049,11.000
LG02049,LG02050,4.000
LG02050,LG02051,5.000
LG02051,LG02052,6.000
LG02052,LG02053,7.000
LG02053,LG02054,8.000
LG02054,LG02055,9.000
LG02055,LG02056,10.000
LG02056,LG02057,11.000
LG02057,LG02058,4.000
LG02058,LG02059,5.000
LG02059,LG02060,6.000
LG02060,LG02061,7.000
LG02061,LG02062,8.000
LG02062,LG02063,9.000
LG02063,LG02064,10.000
LG02064,LG02065,11.000
LG02065,LG02066,4.000
LG02066,LG02067,5.000
LG02067,LG02068,6.000
LG02068,LG02069,7.000
LG02069,LG02070,8.000
LG02070,LG02071,9.000
LG02071,LG02072,10.000
LG02072,LG02073,11.000
LG02073,LG02074,4.000
LG02074,LG02075,5.000
LG02075,LG02076,6.000
LG02076,LG02077,7.000
LG02077,LG02078,8.000
LG02078,LG02079,9.000
LG02079,LG02080,10.000
LG02080,LG02081,11.000
LG02081,LG02082,4.000
LG02082,LG02083,5.000
LG02083,LG02084,6.000
LG02084,LG02085,7.000
LG02085,LG02086,8.000
LG02086,LG02087,9.000
LG02087,LG02088,10.000
LG02088,LG02089,11.000
LG02089,LG02090,4.000
LG02090,LG02091,5.000
LG02091,LG02092,6.000
LG02092,LG02093,7.000
LG02093,LG02094,8.000
LG02094,LG02095,9.000
LG02095,LG02096,10.000
LG02096,LG02097,11.000
LG02097,LG02098,4.000
LG02098,LG02099,5.000
LG02099,LG02100,6.000
LG02100,LG02101,7.000
LG02101,LG02102,8.000
LG02102,LG02103,9.000
LG02103,LG02104,10.000
LG02104,LG02105,11.000
LG02105,LG02106,4.000
LG02106,LG02107,5.000
LG02107,LG02108,6.000
LG02108,LG02109,7.000
LG02109,LG02110,8.000
LG02110,LG02111,9.000
LG02111,LG02112,10.000
LG02112,LG02113,11.000
LG02113,LG02114,4.000
LG02114,LG02115,5.000
LG02115,LG02116,6.000
LG02116,LG02117,7.000
LG02117,LG02118,8.000
LG02118,LG02119,9.000
LG02119,LG02120,10.000
LG02120,LG02121,11.000
LG02121,LG02122,4.000
LG02122,LG02123,5.000
LG02123,LG02124,6.000
LG02124,LG02125,7.000
LG02125,LG02126,8.000
LG02126,LG02127,9.000
LG02127,LG02128,10.000
LG02128,LG02129,11.000
LG02129,LG02130,4.000
LG02130,LG02131,5.000
LG02131,LG02132,6.000
LG02132,LG02133,7.000
LG02133,LG02134,8.000
LG02134,LG02135,9.000
LG02135,LG02136,10.000
LG02136,LG02137,11.000
LG02137,LG02138,4.000
LG02138,LG02139,5.000
LG02139,LG02140,6.000
LG02140,LG02141,7.000
LG02141,LG02142,8.000
LG02142,LG02143,9.000
LG02143,LG02144,10.000
LG02144,LG02145,11.000
LG02145,LG02146,4.000
LG02146,LG02147,5.000
LG02147,LG02148,6.000
LG02148,LG02149,7.000
LG02149,LG02150,8.000
LG02150,LG02151,9.000
LG02151,LG02152,10.000
LG02152,LG02153,11.000
LG02153,LG02154,4.000
LG02154,LG02155,5.000
LG02155,LG02156,6.000
LG02156,LG02157,7.000
LG02157,LG02158,8.000
LG02158,LG02159,9.000
LG02159,LG02160,10.000
LG02160,LG02161,11.000
LG02161,LG02162,4.000
LG02162,LG02163,5.000
LG02163,LG02164,6.000
LG02164,LG02165,7.000
LG02165,LG02166,8.000
LG02166,LG02167,9.000
LG02167,LG02168,10.000
LG02168,LG02169,11.000
LG02169,LG02170,4.000
LG02170,LG02171,5.000
LG02171,LG02172,6.000
LG02172,LG02173,7.000
LG02173,LG02174,8.000
LG02174,LG02175,9.000
LG02175,LG02176,10.000
LG02176,LG02177,11.000
LG02177,LG02178,4.000
LG02178,LG02179,5.000
LG02179,LG02180,6.000
LG02180,LG02181,7.000
LG02181,LG02182,8.000
LG02182,LG02183,9.000
LG02183,LG02184,10.000
LG02184,LG02185,11.000
LG02185,LG02186,4.000
LG02186,LG02187,5.000
LG02187,LG02188,6.000
LG02188,LG02189,7.000
LG02189,LG02190,8.000
LG02190,LG02191,9.000
LG02191,LG02192,10.000
LG02192,LG02193,11.000
LG02193,LG02194,4.000
LG02194,LG02195,5.000
LG02195,LG02196,6.000
LG02196,LG02197,7.000
LG02197,LG02198,8.000
LG02198,LG02199,9.000
LG02199,LG02200,10.000
LG02200,LG02201,11.000
LG02201,LG02202,4.000
LG02202,LG02203,5.000
LG02203,LG02204,6.000
LG02204,LG02205,7.000
LG02205,LG02206,8.000
LG02206,LG02207,9.000
LG02207,LG02208,10.000
LG02208,LG02209,11.000
LG02209,LG02210,4.000
LG02210,LG02211,5.000
LG02211,LG02212,6.000
LG02212,LG02213,7.000
LG02213,LG02214,8.000
LG02214,LG02215,9.000
LG02215,LG02216,10.000
LG02216,LG02217,11.000
LG02217,LG02218,4.000
LG02218,LG02219,5.000
LG02219,LG02220,6.000
LG02220,LG02221,7.000
LG02221,LG02222,8.000
LG02222,LG02223,9.000
LG02223,LG02224,10.000
LG02224,LG02225,11.000
LG02225,LG02226,4.000
LG02226,LG02227,5.000
LG02227,LG02228,6.000
LG02228,LG02229,7.000
LG02229,LG02230,8.000
LG02230,LG02231,9.000
LG02231,LG02232,10.000
LG02232,LG02233,11.000
LG02233,LG02234,4.000
LG02234,LG02235,5.000
LG02235,LG02236,6.000
LG02236,LG02237,7.000
LG02237,LG02238,8.000
LG02238,LG02239,9.000
LG02239,LG02240,10.000
LG02240,LG02241,11.000
LG02241,LG02242,4.000
LG02242,LG02243,5.000
LG02243,LG02244,6.000
LG02244,LG02245,7.000
LG02245,LG02246,8.000
LG02246,LG02247,9.000
LG02247,LG02248,10.000
LG02248,LG02249,11.000
LG02249,LG02250,4.000
LG02250,LG02251,5.000
LG02251,LG02252,6.000
LG02252,LG02253,7.000
LG02253,LG02254,8.000
LG02254,LG02255,9.000
LG02255,LG02256,10.000
LG02256,LG02257,11.000
LG02257,LG02258,4.000
LG02258,LG02259,5.000
LG02259,LG02260,6.000
LG02260,LG02261,7.000
LG02261,LG02262,8.000
LG02262,LG02263,9.000
LG02263,LG02264,10.000
LG02264,LG02265,11.000
LG02265,LG02266,4.000
LG02266,LG02267,5.000
LG02267,LG02268,6.000
LG02268,LG02269,7.000
LG02269,LG02270,8.000
LG02270,LG02271,9.000
LG02271,LG02272,10.000
LG02272,LG02273,11.000
LG02273,LG02274,4.000
LG02274,LG02275,5.000
LG02275,LG02276,6.000
LG02276,LG02277,7.000
LG02277,LG02278,8.000
LG02278,LG02279,9.000
LG02279,LG02280,10.000
LG02280,LG02281,11.000
LG02281,LG02282,4.000
LG02282,LG02283,5.000
LG02283,LG02284,6.000
LG02284,LG02285,7.000
LG02285,LG02286,8.000
LG02286,LG02287,9.000
LG02287,LG02288,10.000
LG02288,LG02289,11.000
LG02289,LG02290,4.000
LG02290,LG02291,5.000
LG02291,LG02292,6.000
LG02292,LG02293,7.000
LG02293,LG02294,8.000
LG02294,LG02295,9.000
LG02295,LG02296,10.000
LG02296,LG02297,11.000
LG02297,LG02298,4.000
LG02298,LG02299,5.000
LG02299,LG02300,6.000
LG02300,LG02301,7.000
LG02301,LG02302,8.000
LG02302,LG02303,9.000
LG02303,LG02304,10.000
LG02304,LG02305,11.000
LG02305,LG02306,4.000
LG02306,LG02307,5.000
LG02307,LG02308,6.000
LG02308,LG02309,7.000
LG02309,LG02310,8.000
LG02310,LG02311,9.000
LG02311,LG02312,10.000
LG02312,LG02313,11.000
LG02313,LG02314,4.000
LG02314,LG02315,5.000
LG02315,LG02316,6.000
LG02316,LG02317,7.000
LG02317,LG02318,8.000
LG02318,LG02319,9.000
LG02319,LG02320,10.000
LG02320,LG02321,11.000
LG02321,LG02322,4.000
LG02322,LG02323,5.000
LG02323,LG02324,6.000
LG02324,LG02325,7.000
LG02325,LG02326,8.000
LG02326,LG02327,9.000
LG02327,LG02328,10.000
LG02328,LG02329,11.000
LG02329,LG02330,4.000
LG02330,LG02331,5.000
LG02331,LG02332,6.000
LG02332,LG02333,7.000
LG02333,LG02334,8.000
LG02334,LG02335,9.000
LG02335,LG02336,10.000
LG02336,LG02337,11.000
LG02337,LG02338,4.000
LG02338,LG02339,5.000
LG02339,LG02340,6.000
LG02340,LG02341,7.000
LG02341,LG02342,8.000
LG02342,LG02343,9.000
LG02343,LG02344,10.000
LG02344,LG02345,11.000
LG02345,LG02346,4.000
LG02346,LG02347,5.000
LG02347,LG02348,6.000
LG02348,LG02349,7.000
LG02349,LG02350,8.000
LG02350,LG02351,9.000
LG02351,LG02352,10.000
LG02352,LG02353,11.000
LG02353,LG02354,4.000
LG02354,LG02355,5.000
LG02355,LG02356,6.000
LG02356,LG02357,7.000
LG02357,LG02358,8.000
LG02358,LG02359,9.000
LG02359,LG02360,10.000
LG02360,LG02361,11.000
LG02361,LG02362,4.000
LG02362,LG02363,5.000
LG02363,LG02364,6.000
LG02364,LG02365,7.000
LG02365,LG02366,8.000
LG02366,LG02367,9.000
LG02367,LG02368,10.000
LG02368,LG02369,11.000
LG02369,LG02370,4.000
LG02370,LG02371,5.000
LG02371,LG02372,6.000
LG02372,LG02373,7.000
LG02373,LG02374,8.000
LG02374,LG02375,9.000
LG02375,LG02376,10.000
LG02376,LG02377,11.000
LG02377,LG02378,4.000
LG02378,LG02379,5.000
LG02379,LG02380,6.000
LG02380,LG02381,7.000
LG02381,LG02382,8.000
LG02382,LG02383,9.000
LG02383,LG02384,10.000
LG02384,LG02385,11.000
LG02385,LG02386,4.000
LG02386,LG02387,5.000
LG02387,LG02388,6.000
LG02388,LG02389,7.000
LG02389,LG02390,8.000
LG02390,LG02391,9.000
LG02391,LG02392,10.000
LG02392,LG02393,11.000
LG02393,LG02394,4.000
LG02394,LG02395,5.000
LG02395,LG02396,6.000
LG02396,LG02397,7.000
LG02397,LG02398,8.000
LG02398,LG02399,9.000
LG02399,LG02400,10.000
LG02400,LG02401,11.000
LG02401,LG02402,4.000
LG02402,LG02403,5.000
LG02403,LG02404,6.000
LG02404,LG02405,7.000
LG02405,LG02406,8.000
LG02406,LG02407,9.000
LG02407,LG02408,10.000
LG02408,LG02409,11.000
LG02409,LG02410,4.000
LG02410,LG02411,5.000
LG02411,LG02412,6.000
LG02412,LG02413,7.000
LG02413,LG02414,8.000
LG02414,LG02415,9.000
LG02415,LG02416,10.000
LG02416,LG02417,11.000
LG02417,LG02418,4.000
LG02418,LG02419,5.000
LG02419,LG02420,6.000
LG02420,LG02421,7.000
LG02421,LG02422,8.000
LG02422,LG02423,9.000
LG02423,LG02424,10.000
LG02424,LG02425,11.000
LG02425,LG02426,4.000
LG02426,LG02427,5.000
LG02427,LG02428,6.000
LG02428,LG02429,7.000
LG02429,LG02430,8.000
LG02430,LG02431,9.000
LG02431,LG02432,10.000
LG02432,LG02433,11.000
LG02433,LG02434,4.000
LG02434,LG02435,5.000
LG02435,LG02436,6.000
LG02436,LG02437,7.000
LG02437,LG02438,8.000
LG02438,LG02439,9.000
LG02439,LG02440,10.000
LG02440,LG02441,11.000
LG02441,LG02442,4.000
LG02442,LG02443,5.000
LG02443,LG02444,6.000
LG02444,LG02445,7.000
LG02445,LG02446,8.000
LG02446,LG02447,9.000
LG02447,LG02448,10.000
LG02448,LG02449,11.000
LG02449,LG02450,4.000
LG02450,LG02451,5.000
LG02451,LG02452,6.000
LG02452,LG02453,7.000
LG02453,LG02454,8.000
LG02454,LG02455,9.000
LG02455,LG02456,10.000
LG02456,LG02457,11.000
LG02457,LG02458,4.000
LG02458,LG02459,5.000
LG02459,LG02460,6.000
LG02460,LG02461,7.000
LG02461,LG02462,8.000
LG02462,LG02463,9.000
LG02463,LG02464,10.000
LG02464,LG02465,11.000
LG02465,LG02466,4.000
LG02466,LG02467,5.000
LG02467,LG02468,6.000
LG02468,LG02469,7.000
LG02469,LG02470,8.000
LG02470,LG02471,9.000
LG02471,LG02472,10.000
LG02472,LG02473,11.000
LG02473,LG02474,4.000
LG02474,LG02475,5.000
LG02475,LG02476,6.000
LG02476,LG02477,7.000
LG02477,LG02478,8.000
LG02478,LG02479,9.000
LG02479,LG02480,10.000
LG02480,LG02481,11.000
LG02481,LG02482,4.000
LG02482,LG02483,5.000
LG02483,LG02484,6.000
LG02484,LG02485,7.000
LG02485,LG02486,8.000
LG02486,LG02487,9.000
LG02487,LG02488,10.000
LG02488,LG02489,11.000
LG02489,LG02490,4.000
LG02490,LG02491,5.000
LG02491,LG02492,6.000
LG02492,LG02493,7.000
LG02493,LG02494,8.000
LG02494,LG02495,9.000
LG02495,LG02496,10.000
LG02496,LG02497,11.000
LG02497,LG02498,4.000
LG02498,LG02499,5.000
LG02499,LG02500,6.000
LG02500,LG02501,7.000
LG02501,LG02502,8.000
LG02502,LG02503,9.000
LG02503,LG02504,10.000
LG02504,LG02505,11.000
LG02505,LG02506,4.000
LG02506,LG02507,5.000
LG02507,LG02508,6.000
LG02508,LG02509,7.000
LG02509,LG02510,8.000
LG02510,LG02511,9.000
LG02511,LG02512,10.000
LG02512,LG02513,11.000
LG02513,LG02514,4.000
LG02514,LG02515,5.000
LG02515,LG02516,6.000
LG02516,LG02517,7.000
LG02517,LG02518,8.000
LG02518,LG02519,9.000
LG02519,LG02520,10.000
LG02520,LG02521,11.000
LG02521,LG02522,4.000
LG02522,LG02523,5.000
LG02523,LG02524,6.000
LG02524,LG02525,7.000
LG02525,LG02526,8.000
LG02526,LG02527,9.000
LG02527,LG02528,10.000
LG02528,LG02529,11.000
LG02529,LG02530,4.000
LG02530,LG02531,5.000
LG02531,LG02532,6.000
LG02532,LG02533,7.000
LG02533,LG02534,8.000
LG02534,LG02535,9.000
LG02535,LG02536,10.000
LG02536,LG02537,11.000
LG02537,LG02538,4.000
LG02538,LG02539,5.000
LG02539,LG02540,6.000
LG02540,LG02541,7.000
LG02541,LG02542,8.000
LG02542,LG02543,9.000
LG02543,LG02544,10.000
LG02544,LG02545,11.000
LG02545,LG02546,4.000
LG02546,LG02547,5.000
LG02547,LG02548,6.000
LG02548,LG02549,7.000
LG02549,LG02550,8.000
LG02550,LG02551,9.000
LG02551,LG02552,10.000
LG02552,LG02553,11.000
LG02553,LG02554,4.000
LG02554,LG02555,5.000
LG02555,LG02556,6.000
LG02556,LG02557,7.000
LG02557,LG02558,8.000
LG02558,LG02559,9.000
LG02559,LG02560,10.000
LG02560,LG02561,11.000
LG02561,LG02562,4.000
LG02562,LG02563,5.000
LG02563,LG02564,6.000
LG02564,LG02565,7.000
LG02565,LG02566,8.000
LG02566,LG02567,9.000
LG02567,LG02568,10.000
LG02568,LG02569,11.000
LG02569,LG02570,4.000
LG02570,LG02571,5.000
LG02571,LG02572,6.000
LG02572,LG02573,7.000
LG02573,LG02574,8.000
LG02574,LG02575,9.000
LG02575,LG02576,10.000
LG02576,LG02577,11.000
LG02577,LG02578,4.000
LG02578,LG02579,5.000
LG02579,LG02580,6.000
LG02580,LG02581,7.000
LG02581,LG02582,8.000
LG02582,LG02583,9.000
LG02583,LG02584,10.000
LG02584,LG02585,11.000
LG02585,LG02586,4.000
LG02586,LG02587,5.000
LG02587,LG02588,6.000
LG02588,LG02589,7.000
LG02589,LG02590,8.000
LG02590,LG02591,9.000
LG02591,LG02592,10.000
LG02592,LG02593,11.000
LG02593,LG02594,4.000
LG02594,LG02595,5.000
LG02595,LG02596,6.000
LG02596,LG02597,7.000
LG02597,LG02598,8.000
LG02598,LG02599,9.000
LG02599,LG02600,10.000
LG02600,LG02601,11.000
LG02601,LG02602,4.000
LG02602,LG02603,5.000
LG02603,LG02604,6.000
LG02604,LG02605,7.000
LG02605,LG02606,8.000
LG02606,LG02607,9.000
LG02607,LG02608,10.000
LG02608,LG02609,11.000
LG02609,LG02610,4.000
LG02610,LG02611,5.000
LG02611,LG02612,6.000
LG02612,LG02613,7.000
LG02613,LG02614,8.000
LG02614,LG02615,9.000
LG02615,LG02616,10.000
LG02616,LG02617,11.000
LG02617,LG02618,4.000
LG02618,LG02619,5.000
LG02619,LG02620,6.000
LG02620,LG02621,7.000
LG02621,LG02622,8.000
LG02622,LG02623,9.000
LG02623,LG02624,10.000
LG02624,LG02625,11.000
LG02625,LG02626,4.000
LG02626,LG02627,5.000
LG02627,LG02628,6.000
LG02628,LG02629,7.000
LG02629,LG02630,8.000
LG02630,LG02631,9.000
LG02631,LG02632,10.000
LG02632,LG02633,11.000
LG02633,LG02634,4.000
LG02634,LG02635,5.000
LG02635,LG02636,6.000
LG02636,LG02637,7.000
LG02637,LG02638,8.000
LG02638,LG02639,9.000
LG02639,LG02640,10.000
LG02640,LG02641,11.000
LG02641,LG02642,4.000
LG02642,LG02643,5.000
LG02643,LG02644,6.000
LG02644,LG02645,7.000
LG02645,LG02646,8.000
LG02646,LG02647,9.000
LG02647,LG02648,10.000
LG02648,LG02649,11.000
LG02649,LG02650,4.000
LG02650,LG02651,5.000
LG02651,LG02652,6.000
LG02652,LG02653,7.000
LG02653,LG02654,8.000
LG02654,LG02655,9.000
LG02655,LG02656,10.000
LG02656,LG02657,11.000
LG02657,LG02658,4.000
LG02658,LG02659,5.000
LG02659,LG02660,6.000
LG02660,LG02661,7.000
LG02661,LG02662,8.000
LG02662,LG02663,9.000
LG02663,LG02664,10.000
LG02664,LG02665,11.000
LG02665,LG02666,4.000
LG02666,LG02667,5.000
LG02667,LG02668,6.000
LG02668,LG02669,7.000
LG02669,LG02670,8.000
LG02670,LG02671,9.000
LG02671,LG02672,10.000
LG02672,LG02673,11.000
LG02673,LG02674,4.000
LG02674,LG02675,5.000
LG02675,LG02676,6.000
LG02676,LG02677,7.000
LG02677,LG02678,8.000
LG02678,LG02679,9.000
LG02679,LG02680,10.000
LG02680,LG02681,11.000
LG02681,LG02682,4.000
LG02682,LG02683,5.000
LG02683,LG02684,6.000
LG02684,LG02685,7.000
LG02685,LG02686,8.000
LG02686,LG02687,9.000
LG02687,LG02688,10.000
LG02688,LG02689,11.000
LG02689,LG02690,4.000
LG02690,LG02691,5.000
LG02691,LG02692,6.000
LG02692,LG02693,7.000
LG02693,LG02694,8.000
LG02694,LG02695,9.000
LG02695,LG02696,10.000
LG02696,LG02697,11.000
LG02697,LG02698,4.000
LG02698,LG02699,5.000
LG02699,LG02700,6.000
LG02700,LG02701,7.000
LG02701,LG02702,8.000
LG02702,LG02703,9.000
LG02703,LG02704,10.000
LG02704,LG02705,11.000
LG02705,LG02706,4.000
LG02706,LG02707,5.000
LG02707,LG02708,6.000
LG02708,LG02709,7.000
LG02709,LG02710,8.000
LG02710,LG02711,9.000
LG02711,LG02712,10.000
LG02712,LG02713,11.000
LG02713,LG02714,4.000
LG02714,LG02715,5.000
LG02715,LG02716,6.000
LG02716,LG02717,7.000
LG02717,LG02718,8.000
LG02718,LG02719,9.000
LG02719,LG02720,10.000
LG02720,LG02721,11.000
LG02721,LG02722,4.000
LG02722,LG02723,5.000
LG02723,LG02724,6.000
LG02724,LG02725,7.000
LG02725,LG02726,8.000
LG02726,LG02727,9.000
LG02727,LG02728,10.000
LG02728,LG02729,11.000
LG02729,LG02730,4.000
LG02730,LG02731,5.000
LG02731,LG02732,6.000
LG02732,LG02733,7.000
LG02733,LG02734,8.000
LG02734,LG02735,9.000
LG02735,LG02736,10.000
LG02736,LG02737,11.000
LG02737,LG02738,4.000
LG02738,LG02739,5.000
LG02739,LG02740,6.000
LG02740,LG02741,7.000
LG02741,LG02742,8.000
LG02742,LG02743,9.000
LG02743,LG02744,10.000
LG02744,LG02745,11.000
LG02745,LG02746,4.000
LG02746,LG02747,5.000
LG02747,LG02748,6.000
LG02748,LG02749,7.000
LG02749,LG02750,8.000
LG02750,LG02751,9.000
LG02751,LG02752,10.000
LG02752,LG02753,11.000
LG02753,LG02754,4.000
LG02754,LG02755,5.000
LG02755,LG02756,6.000
LG02756,LG02757,7.000
LG02757,LG02758,8.000
LG02758,LG02759,9.000
LG02759,LG02760,10.000
LG02760,LG02761,11.000
LG02761,LG02762,4.000
LG02762,LG02763,5.000
LG02763,LG02764,6.000
LG02764,LG02765,7.000
LG02765,LG02766,8.000
LG02766,LG02767,9.000
LG02767,LG02768,10.000
LG02768,LG02769,11.000
LG02769,LG02770,4.000
LG02770,LG02771,5.000
LG02771,LG02772,6.000
LG02772,LG02773,7.000
LG02773,LG02774,8.000
LG02774,LG02775,9.000
LG02775,LG02776,10.000
LG02776,LG02777,11.000
LG02777,LG02778,4.000
LG02778,LG02779,5.000
LG02779,LG02780,6.000
LG02780,LG02781,7.000
LG02781,LG02782,8.000
LG02782,LG02783,9.000
LG02783,LG02784,10.000
LG02784,LG02785,11.000
LG02785,LG02786,4.000
LG02786,LG02787,5.000
LG02787,LG02788,6.000
LG02788,LG02789,7.000
LG02789,LG02790,8.000
LG02790,LG02791,9.000
LG02791,LG02792,10.000
LG02792,LG02793,11.000
LG02793,LG02794,4.000
LG02794,LG02795,5.000
LG02795,LG02796,6.000
LG02796,LG02797,7.000
LG02797,LG02798,8.000
LG02798,LG02799,9.000
LG02799,LG02800,10.000
LG02800,LG02801,11.000
LG02801,LG02802,4.000
LG02802,LG02803,5.000
LG02803,LG02804,6.000
LG02804,LG02805,7.000
LG02805,LG02806,8.000
LG02806,LG02807,9.000
LG02807,LG02808,10.000
LG02808,LG02809,11.000
LG02809,LG02810,4.000
LG02810,LG02811,5.000
LG02811,LG02812,6.000
LG02812,LG02813,7.000
LG02813,LG02814,8.000
LG02814,LG02815,9.000
LG02815,LG02816,10.000
LG02816,LG02817,11.000
LG02817,LG02818,4.000
LG02818,LG02819,5.000
LG02819,LG02820,6.000
LG02820,LG02821,7.000
LG02821,LG02822,8.000
LG02822,LG02823,9.000
LG02823,LG02824,10.000
LG02824,LG02825,11.000
LG02825,LG02826,4.000
LG02826,LG02827,5.000
LG02827,LG02828,6.000
LG02828,LG02829,7.000
LG02829,LG02830,8.000
LG02830,LG02831,9.000
LG02831,LG02832,10.000
LG02832,LG02833,11.000
LG02833,LG02834,4.000
LG02834,LG02835,5.000
LG02835,LG02836,6.000
LG02836,LG02837,7.000
LG02837,LG02838,8.000
LG02838,LG02839,9.000
LG02839,LG02840,10.000
LG02840,LG02841,11.000
LG02841,LG02842,4.000
LG02842,LG02843,5.000
LG02843,LG02844,6.000
LG02844,LG02845,7.000
LG02845,LG02846,8.000
LG02846,LG02847,9.000
LG02847,LG02848,10.000
LG02848,LG02849,11.000
LG02849,LG02850,4.000
LG02850,LG02851,5.000
LG02851,LG02852,6.000
LG02852,LG02853,7.000
LG02853,LG02854,8.000
LG02854,LG02855,9.000
LG02855,LG02856,10.000
LG02856,LG02857,11.000
LG02857,LG02858,4.000
LG02858,LG02859,5.000
LG02859,LG02860,6.000
LG02860,LG02861,7.000
LG02861,LG02862,8.000
LG02862,LG02863,9.000
LG02863,LG02864,10.000
LG02864,LG02865,11.000
LG02865,LG02866,4.000
LG02866,LG02867,5.000
LG02867,LG02868,6.000
LG02868,LG02869,7.000
LG02869,LG02870,8.000
LG02870,LG02871,9.000
LG02871,LG02872,10.000
LG02872,LG02873,11.000
LG02873,LG02874,4.000
LG02874,LG02875,5.000
LG02875,LG02876,6.000
LG02876,LG02877,7.000
LG02877,LG02878,8.000
LG02878,LG02879,9.000
LG02879,LG02880,10.000
LG02880,LG02881,11.000
LG02881,LG02882,4.000
LG02882,LG02883,5.000
LG02883,LG02884,6.000
LG02884,LG02885,7.000
LG02885,LG02886,8.000
LG02886,LG02887,9.000
LG02887,LG02888,10.000
LG02888,LG02889,11.000
LG02889,LG02890,4.000
LG02890,LG02891,5.000
LG02891,LG02892,6.000
LG02892,LG02893,7.000
LG02893,LG02894,8.000
LG02894,LG02895,9.000
LG02895,LG02896,10.000
LG02896,LG02897,11.000
LG02897,LG02898,4.000
LG02898,LG02899,5.000
LG02899,LG02900,6.000
LG02900,LG02901,7.000
LG02901,LG02902,8.000
LG02902,LG02903,9.000
LG02903,LG02904,10.000
LG02904,LG02905,11.000
LG02905,LG02906,4.000
LG02906,LG02907,5.000
LG02907,LG02908,6.000
LG02908,LG02909,7.000
LG02909,LG02910,8.000
LG02910,LG02911,9.000
LG02911,LG02912,10.000
LG02912,LG02913,11.000
LG02913,LG02914,4.000
LG02914,LG02915,5.000
LG02915,LG02916,6.000
LG02916,LG02917,7.000
LG02917,LG02918,8.000
LG02918,LG02919,9.000
LG02919,LG02920,10.000
LG02920,LG02921,11.000
LG02921,LG02922,4.000
LG02922,LG02923,5.000
LG02923,LG02924,6.000
LG02924,LG02925,7.000
LG02925,LG02926,8.000
LG02926,LG02927,9.000
LG02927,LG02928,10.000
LG02928,LG02929,11.000
LG02929,LG02930,4.000
LG02930,LG02931,5.000
LG02931,LG02932,6.000
LG02932,LG02933,7.000
LG02933,LG02934,8.000
LG02934,LG02935,9.000
LG02935,LG02936,10.000
LG02936,LG02937,11.000
LG02937,LG02938,4.000
LG02938,LG02939,5.000
LG02939,LG02940,6.000
LG02940,LG02941,7.000
LG02941,LG02942,8.000
LG02942,LG02943,9.000
LG02943,LG02944,10.000
LG02944,LG02945,11.000
LG02945,LG02946,4.000
LG02946,LG02947,5.000
LG02947,LG02948,6.000
LG02948,LG02949,7.000
LG02949,LG02950,8.000
LG02950,LG02951,9.000
LG02951,LG02952,10.000
LG02952,LG02953,11.000
LG02953,LG02954,4.000
LG02954,LG02955,5.000
LG02955,LG02956,6.000
LG02956,LG02957,7.000
LG02957,LG02958,8.000
LG02958,LG02959,9.000
LG02959,LG02960,10.000
LG02960,LG02961,11.000
LG02961,LG02962,4.000
LG02962,LG02963,5.000
LG02963,LG02964,6.000
LG02964,LG02965,7.000
LG02965,LG02966,8.000
LG02966,LG02967,9.000
LG02967,LG02968,10.000
LG02968,LG02969,11.000
LG02969,LG02970,4.000
LG02970,LG02971,5.000
LG02971,LG02972,6.000
LG02972,LG02973,7.000
LG02973,LG02974,8.000
LG02974,LG02975,9.000
LG02975,LG02976,10.000
LG02976,LG02977,11.000
LG02977,LG02978,4.000
LG02978,LG02979,5.000
LG02979,LG02980,6.000
LG02980,LG02981,7.000
LG02981,LG02982,8.000
LG02982,LG02983,9.000
LG02983,LG02984,10.000
LG02984,LG02985,11.000
LG02985,LG02986,4.000
LG02986,LG02987,5.000
LG02987,LG02988,6.000
LG02988,LG02989,7.000
LG02989,LG02990,8.000
LG02990,LG02991,9.000
LG02991,LG02992,10.000
LG02992,LG02993,11.000
LG02993,LG02994,4.000
LG02994,LG02995,5.000
LG02995,LG02996,6.000
LG02996,LG02997,7.000
LG02997,LG02998,8.000
LG02998,LG02999,9.000
LG02999,LG03000,10.000
LG03000,LG03001,11.000
LG03001,LG03002,4.000
LG03002,LG03003,5.000
LG03003,LG03004,6.000
LG03004,LG03005,7.000
LG03005,LG03006,8.000
LG03006,LG03007,9.000
LG03007,LG03008,10.000
LG03008,LG03009,11.000
LG03009,LG03010,4.000
LG03010,LG03011,5.000
LG03011,LG03012,6.000
LG03012,LG03013,7.000
LG03013,LG03014,8.000
LG03014,LG03015,9.000
LG03015,LG03016,10.000
LG03016,LG03017,11.000
LG03017,LG03018,4.000
LG03018,LG03019,5.000
LG03019,LG03020,6.000
LG03020,LG03021,7.000
LG03021,LG03022,8.000
LG03022,LG03023,9.000
LG03023,LG03024,10.000
LG03024,LG03025,11.000
LG03025,LG03026,4.000
LG03026,LG03027,5.000
LG03027,LG03028,6.000
LG03028,LG03029,7.000
LG03029,LG03030,8.000
LG03030,LG03031,9.000
LG03031,LG03032,10.000
LG03032,LG03033,11.000
LG03033,LG03034,4.000
LG03034,LG03035,5.000
LG03035,LG03036,6.000
LG03036,LG03037,7.000
LG03037,LG03038,8.000
LG03038,LG03039,9.000
LG03039,LG03040,10.000
LG03040,LG03041,11.000
LG03041,LG03042,4.000
LG03042,LG03043,5.000
LG03043,LG03044,6.000
LG03044,LG03045,7.000
LG03045,LG03046,8.000
LG03046,LG03047,9.000
LG03047,LG03048,10.000
LG03048,LG03049,11.000
LG03049,LG03050,4.000
LG03050,LG03051,5.000
LG03051,LG03052,6.000
LG03052,LG03053,7.000
LG03053,LG03054,8.000
LG03054,LG03055,9.000
LG03055,LG03056,10.000
LG03056,LG03057,11.000
LG03057,LG03058,4.000
LG03058,LG03059,5.000
LG03059,LG03060,6.000
LG03060,LG03061,7.000
LG03061,LG03062,8.000
LG03062,LG03063,9.000
LG03063,LG03064,10.000
LG03064,LG03065,11.000
LG03065,LG03066,4.000
LG03066,LG03067,5.000
LG03067,LG03068,6.000
LG03068,LG03069,7.000
LG03069,LG03070,8.000
LG03070,LG03071,9.000
LG03071,LG03072,10.000
LG03072,LG03073,11.000
LG03073,LG03074,4.000
LG03074,LG03075,5.000
LG03075,LG03076,6.000
LG03076,LG03077,7.000
LG03077,LG03078,8.000
LG03078,LG03079,9.000
LG03079,LG03080,10.000
LG03080,LG03081,11.000
LG03081,LG03082,4.000
LG03082,LG03083,5.000
LG03083,LG03084,6.000
LG03084,LG03085,7.000
LG03085,LG03086,8.000
LG03086,LG03087,9.000
LG03087,LG03088,10.000
LG03088,LG03089,11.000
LG03089,LG03090,4.000
LG03090,LG03091,5.000
LG03091,LG03092,6.000
LG03092,LG03093,7.000
LG03093,LG03094,8.000
LG03094,LG03095,9.000
LG03095,LG03096,10.000
LG03096,LG03097,11.000
LG03097,LG03098,4.000
LG03098,LG03099,5.000
LG03099,LG03100,6.000
LG03100,LG03101,7.000
LG03101,LG03102,8.000
LG03102,LG03103,9.000
LG03103,LG03104,10.000
LG03104,LG03105,11.000
LG03105,LG03106,4.000
LG03106,LG03107,5.000
LG03107,LG03108,6.000
LG03108,LG03109,7.000
LG03109,LG03110,8.000
LG03110,LG03111,9.000
LG03111,LG03112,10.000
LG03112,LG03113,11.000
LG03113,LG03114,4.000
LG03114,LG03115,5.000
LG03115,LG03116,6.000
LG03116,LG03117,7.000
LG03117,LG03118,8.000
LG03118,LG03119,9.000
LG03119,LG03120,10.000
LG03120,LG03121,11.000
LG03121,LG03122,4.000
LG03122,LG03123,5.000
LG03123,LG03124,6.000
LG03124,LG03125,7.000
LG03125,LG03126,8.000
LG03126,LG03127,9.000
LG03127,LG03128,10.000
LG03128,LG03129,11.000
LG03129,LG03130,4.000
LG03130,LG03131,5.000
LG03131,LG03132,6.000
LG03132,LG03133,7.000
LG03133,LG03134,8.000
LG03134,LG03135,9.000
LG03135,LG03136,10.000
LG03136,LG03137,11.000
LG03137,LG03138,4.000
LG03138,LG03139,5.000
LG03139,LG03140,6.000
LG03140,LG03141,7.000
LG03141,LG03142,8.000
LG03142,LG03143,9.000
LG03143,LG03144,10.000
LG03144,LG03145,11.000
LG03145,LG03146,4.000
LG03146,LG03147,5.000
LG03147,LG03148,6.000
LG03148,LG03149,7.000
LG03149,LG03150,8.000
LG03150,LG03151,9.000
LG03151,LG03152,10.000
LG03152,LG03153,11.000
LG03153,LG03154,4.000
LG03154,LG03155,5.000
LG03155,LG03156,6.000
LG03156,LG03157,7.000
LG03157,LG03158,8.000
LG03158,LG03159,9.000
LG03159,LG03160,10.000
LG03160,LG03161,11.000
LG03161,LG03162,4.000
LG03162,LG03163,5.000
LG03163,LG03164,6.000
LG03164,LG03165,7.000
LG03165,LG03166,8.000
LG03166,LG03167,9.000
LG03167,LG03168,10.000
LG03168,LG03169,11.000
LG03169,LG03170,4.000
LG03170,LG03171,5.000
LG03171,LG03172,6.000
LG03172,LG03173,7.000
LG03173,LG03174,8.000
LG03174,LG03175,9.000
LG03175,LG03176,10.000
LG03176,LG03177,11.000
LG03177,LG03178,4.000
LG03178,LG03179,5.000
LG03179,LG03180,6.000
LG03180,LG03181,7.000
LG03181,LG03182,8.000
LG03182,LG03183,9.000
LG03183,LG03184,10.000
LG03184,LG03185,11.000
LG03185,LG03186,4.000
LG03186,LG03187,5.000
LG03187,LG03188,6.000
LG03188,LG03189,7.000
LG03189,LG03190,8.000
LG03190,LG03191,9.000
LG03191,LG03192,10.000
LG03192,LG03193,11.000
LG03193,LG03194,4.000
LG03194,LG03195,5.000
LG03195,LG03196,6.000
LG03196,LG03197,7.000
LG03197,LG03198,8.000
LG03198,LG03199,9.000
LG03199,LG03200,10.000
LG03200,LG03201,11.000
LG03201,LG03202,4.000
LG03202,LG03203,5.000
LG03203,LG03204,6.000
LG03204,LG03205,7.000
LG03205,LG03206,8.000
LG03206,LG03207,9.000
LG03207,LG03208,10.000
LG03208,LG03209,11.000
LG03209,LG03210,4.000
LG03210,LG03211,5.000
LG03211,LG03212,6.000
LG03212,LG03213,7.000
LG03213,LG03214,8.000
LG03214,LG03215,9.000
LG03215,LG03216,10.000
LG03216,LG03217,11.000
LG03217,LG03218,4.000
LG03218,LG03219,5.000
LG03219,LG03220,6.000
LG03220,LG03221,7.000
LG03221,LG03222,8.000
LG03222,LG03223,9.000
LG03223,LG03224,10.000
LG03224,LG03225,11.000
LG03225,LG03226,4.000
LG03226,LG03227,5.000
LG03227,LG03228,6.000
LG03228,LG03229,7.000
LG03229,LG03230,8.000
LG03230,LG03231,9.000
LG03231,LG03232,10.000
LG03232,LG03233,11.000
LG03233,LG03234,4.000
LG03234,LG03235,5.000
LG03235,LG03236,6.000
LG03236,LG03237,7.000
LG03237,LG03238,8.000
LG03238,LG03239,9.000
LG03239,LG03240,10.000
LG03240,LG03241,11.000
LG03241,LG03242,4.000
LG03242,LG03243,5.000
LG03243,LG03244,6.000
LG03244,LG03245,7.000
LG03245,LG03246,8.000
LG03246,LG03247,9.000
LG03247,LG03248,10.000
LG03248,LG03249,11.000
LG03249,LG03250,4.000
LG03250,LG03251,5.000
LG03251,LG03252,6.000
LG03252,LG03253,7.000
LG03253,LG03254,8.000
LG03254,LG03255,9.000
LG03255,LG03256,10.000
LG03256,LG03257,11.000
LG03257,LG03258,4.000
LG03258,LG03259,5.000
LG03259,LG03260,6.000
LG03260,LG03261,7.000
LG03261,LG03262,8.000
LG03262,LG03263,9.000
LG03263,LG03264,10.000
LG03264,LG03265,11.000
LG03265,LG03266,4.000
LG03266,LG03267,5.000
LG03267,LG03268,6.000
LG03268,LG03269,7.000
LG03269,LG03270,8.000
LG03270,LG03271,9.000
LG03271,LG03272,10.000
LG03272,LG03273,11.000
LG03273,LG03274,4.000
LG03274,LG03275,5.000
LG03275,LG03276,6.000
LG03276,LG03277,7.000
LG03277,LG03278,8.000
LG03278,LG03279,9.000
LG03279,LG03280,10.000
LG03280,LG03281,11.000
LG03281,LG03282,4.000
LG03282,LG03283,5.000
LG03283,LG03284,6.000
LG03284,LG03285,7.000
LG03285,LG03286,8.000
LG03286,LG03287,9.000
LG03287,LG03288,10.000
LG03288,LG03289,11.000
LG03289,LG03290,4.000
LG03290,LG03291,5.000
LG03291,LG03292,6.000
LG03292,LG03293,7.000
LG03293,LG03294,8.000
LG03294,LG03295,9.000
LG03295,LG03296,10.000
LG03296,LG03297,11.000
LG03297,LG03298,4.000
LG03298,LG03299,5.000
LG03299,LG03300,6.000
LG03300,LG03301,7.000
LG03301,LG03302,8.000
LG03302,LG03303,9.000
LG03303,LG03304,10.000
LG03304,LG03305,11.000
LG03305,LG03306,4.000
LG03306,LG03307,5.000
LG03307,LG03308,6.000
LG03308,LG03309,7.000
LG03309,LG03310,8.000
LG03310,LG03311,9.000
LG03311,LG03312,10.000
LG03312,LG03313,11.000
LG03313,LG03314,4.000
LG03314,LG03315,5.000
LG03315,LG03316,6.000
LG03316,LG03317,7.000
LG03317,LG03318,8.000
LG03318,LG03319,9.000
LG03319,LG03320,10.000
LG03320,LG03321,11.000
LG03321,LG03322,4.000
LG03322,LG03323,5.000
LG03323,LG03324,6.000
LG03324,LG03325,7.000
LG03325,LG03326,8.000
LG03326,LG03327,9.000
LG03327,LG03328,10.000
LG03328,LG03329,11.000
LG03329,LG03330,4.000
LG03330,LG03331,5.000
LG03331,LG03332,6.000
LG03332,LG03333,7.000
LG03333,LG03334,8.000
LG03334,LG03335,9.000
LG03335,LG03336,10.000
LG03336,LG03337,11.000
LG03337,LG03338,4.000
LG03338,LG03339,5.000
LG03339,LG03340,6.000
LG03340,LG03341,7.000
LG03341,LG03342,8.000
LG03342,LG03343,9.000
LG03343,LG03344,10.000
LG03344,LG03345,11.000
LG03345,LG03346,4.000
LG03346,LG03347,5.000
LG03347,LG03348,6.000
LG03348,LG03349,7.000
LG03349,LG03350,8.000
LG03350,LG03351,9.000
LG03351,LG03352,10.000
LG03352,LG03353,11.000
LG03353,LG03354,4.000
LG03354,LG03355,5.000
LG03355,LG03356,6.000
LG03356,LG03357,7.000
LG03357,LG03358,8.000
LG03358,LG03359,9.000
LG03359,LG03360,10.000
LG03360,LG03361,11.000
LG03361,LG03362,4.000
LG03362,LG03363,5.000
LG03363,LG03364,6.000
LG03364,LG03365,7.000
LG03365,LG03366,8.000
LG03366,LG03367,9.000
LG03367,LG03368,10.000
LG03368,LG03369,11.000
LG03369,LG03370,4.000
LG03370,LG03371,5.000
LG03371,LG03372,6.000
LG03372,LG03373,7.000
LG03373,LG03374,8.000
LG03374,LG03375,9.000
LG03375,LG03376,10.000
LG03376,LG03377,11.000
LG03377,LG03378,4.000
LG03378,LG03379,5.000
LG03379,LG03380,6.000
LG03380,LG03381,7.000
LG03381,LG03382,8.000
LG03382,LG03383,9.000
LG03383,LG03384,10.000
LG03384,LG03385,11.000
LG03385,LG03386,4.000
LG03386,LG03387,5.000
LG03387,LG03388,6.000
LG03388,LG03389,7.000
LG03389,LG03390,8.000
LG03390,LG03391,9.000
LG03391,LG03392,10.000
LG03392,LG03393,11.000
LG03393,LG03394,4.000
LG03394,LG03395,5.000
LG03395,LG03396,6.000
LG03396,LG03397,7.000
LG03397,LG03398,8.000
LG03398,LG03399,9.000
LG03399,LG03400,10.000
LG03400,LG03401,11.000
LG03401,LG03402,4.000
LG03402,LG03403,5.000
LG03403,LG03404,6.000
LG03404,LG03405,7.000
LG03405,LG03406,8.000
LG03406,LG03407,9.000
LG03407,LG03408,10.000
LG03408,LG03409,11.000
LG03409,LG03410,4.000
LG03410,LG03411,5.000
LG03411,LG03412,6.000
LG03412,LG03413,7.000
LG03413,LG03414,8.000
LG03414,LG03415,9.000
LG03415,LG03416,10.000
LG03416,LG03417,11.000
LG03417,LG03418,4.000
LG03418,LG03419,5.000
LG03419,LG03420,6.000
LG03420,LG03421,7.000
LG03421,LG03422,8.000
LG03422,LG03423,9.000
LG03423,LG03424,10.000
LG03424,LG03425,11.000
LG03425,LG03426,4.000
LG03426,LG03427,5.000
LG03427,LG03428,6.000
LG03428,LG03429,7.000
LG03429,LG03430,8.000
LG03430,LG03431,9.000
LG03431,LG03432,10.000
LG03432,LG03433,11.000
LG03433,LG03434,4.000
LG03434,LG03435,5.000
LG03435,LG03436,6.000
LG03436,LG03437,7.000
LG03437,LG03438,8.000
LG03438,LG03439,9.000
LG03439,LG03440,10.000
LG03440,LG03441,11.000
LG03441,LG03442,4.000
LG03442,LG03443,5.000
LG03443,LG03444,6.000
LG03444,LG03445,7.000
LG03445,LG03446,8.000
LG03446,LG03447,9.000
LG03447,LG03448,10.000
LG03448,LG03449,11.000
LG03449,LG03450,4.000
LG03450,LG03451,5.000
LG03451,LG03452,6.000
LG03452,LG03453,7.000
LG03453,LG03454,8.000
LG03454,LG03455,9.000
LG03455,LG03456,10.000
LG03456,LG03457,11.000
LG03457,LG03458,4.000
LG03458,LG03459,5.000
LG03459,LG03460,6.000
LG03460,LG03461,7.000
LG03461,LG03462,8.000
LG03462,LG03463,9.000
LG03463,LG03464,10.000
LG03464,LG03465,11.000
LG03465,LG03466,4.000
LG03466,LG03467,5.000
LG03467,LG03468,6.000
LG03468,LG03469,7.000
LG03469,LG03470,8.000
LG03470,LG03471,9.000
LG03471,LG03472,10.000
LG03472,LG03473,11.000
LG03473,LG03474,4.000
LG03474,LG03475,5.000
LG03475,LG03476,6.000
LG03476,LG03477,7.000
LG03477,LG03478,8.000
LG03478,LG03479,9.000
LG03479,LG03480,10.000
LG03480,LG03481,11.000
LG03481,LG03482,4.000
LG03482,LG03483,5.000
LG03483,LG03484,6.000
LG03484,LG03485,7.000
LG03485,LG03486,8.000
LG03486,LG03487,9.000
LG03487,LG03488,10.000
LG03488,LG03489,11.000
LG03489,LG03490,4.000
LG03490,LG03491,5.000
LG03491,LG03492,6.000
LG03492,LG03493,7.000
LG03493,LG03494,8.000
LG03494,LG03495,9.000
LG03495,LG03496,10.000
LG03496,LG03497,11.000
LG03497,LG03498,4.000
LG03498,LG03499,5.000
LG03499,LG03500,6.000
LG03500,LG03501,7.000
LG03501,LG03502,8.000
LG03502,LG03503,9.000
LG03503,LG03504,10.000
LG03504,LG03505,11.000
LG03505,LG03506,4.000
LG03506,LG03507,5.000
LG03507,LG03508,6.000
LG03508,LG03509,7.000
LG03509,LG03510,8.000
LG03510,LG03511,9.000
LG03511,LG03512,10.000
LG03512,LG03513,11.000
LG03513,LG03514,4.000
LG03514,LG03515,5.000
LG03515,LG03516,6.000
LG03516,LG03517,7.000
LG03517,LG03518,8.000
LG03518,LG03519,9.000
LG03519,LG03520,10.000
LG03520,LG03521,11.000
LG03521,LG03522,4.000
LG03522,LG03523,5.000
LG03523,LG03524,6.000
LG03524,LG03525,7.000
LG03525,LG03526,8.000
LG03526,LG03527,9.000
LG03527,LG03528,10.000
LG03528,LG03529,11.000
LG03529,LG03530,4.000
LG03530,LG03531,5.000
LG03531,LG03532,6.000
LG03532,LG03533,7.000
LG03533,LG03534,8.000
LG03534,LG03535,9.000
LG03535,LG03536,10.000
LG03536,LG03537,11.000
LG03537,LG03538,4.000
LG03538,LG03539,5.000
LG03539,LG03540,6.000
LG03540,LG03541,7.000
LG03541,LG03542,8.000
LG03542,LG03543,9.000
LG03543,LG03544,10.000
LG03544,LG03545,11.000
LG03545,LG03546,4.000
LG03546,LG03547,5.000
LG03547,LG03548,6.000
LG03548,LG03549,7.000
LG03549,LG03550,8.000
LG03550,LG03551,9.000
LG03551,LG03552,10.000
LG03552,LG03553,11.000
LG03553,LG03554,4.000
LG03554,LG03555,5.000
LG03555,LG03556,6.000
LG03556,LG03557,7.000
LG03557,LG03558,8.000
LG03558,LG03559,9.000
LG03559,LG03560,10.000
LG03560,LG03561,11.000
LG03561,LG03562,4.000
LG03562,LG03563,5.000
LG03563,LG03564,6.000
LG03564,LG03565,7.000
LG03565,LG03566,8.000
LG03566,LG03567,9.000
LG03567,LG03568,10.000
LG03568,LG03569,11.000
LG03569,LG03570,4.000
LG03570,LG03571,5.000
LG03571,LG03572,6.000
LG03572,LG03573,7.000
LG03573,LG03574,8.000
LG03574,LG03575,9.000
LG03575,LG03576,10.000
LG03576,LG03577,11.000
LG03577,LG03578,4.000
LG03578,LG03579,5.000
LG03579,LG03580,6.000
LG03580,LG03581,7.000
LG03581,LG03582,8.000
LG03582,LG03583,9.000
LG03583,LG03584,10.000
LG03584,LG03585,11.000
LG03585,LG03586,4.000
LG03586,LG03587,5.000
LG03587,LG03588,6.000
LG03588,LG03589,7.000
LG03589,LG03590,8.000
LG03590,LG03591,9.000
LG03591,LG03592,10.000
LG03592,LG03593,11.000
LG03593,LG03594,4.000
LG03594,LG03595,5.000
LG03595,LG03596,6.000
LG03596,LG03597,7.000
LG03597,LG03598,8.000
LG03598,LG03599,9.000
LG03599,LG03600,10.000
LG03600,LG03601,11.000
LG03601,LG03602,4.000
LG03602,LG03603,5.000
LG03603,LG03604,6.000
LG03604,LG03605,7.000
LG03605,LG03606,8.000
LG03606,LG03607,9.000
LG03607,LG03608,10.000
LG03608,LG03609,11.000
LG03609,LG03610,4.000
LG03610,LG03611,5.000
LG03611,LG03612,6.000
LG03612,LG03613,7.000
LG03613,LG03614,8.000
LG03614,LG03615,9.000
LG03615,LG03616,10.000
LG03616,LG03617,11.000
LG03617,LG03618,4.000
LG03618,LG03619,5.000
LG03619,LG03620,6.000
LG03620,LG03621,7.000
LG03621,LG03622,8.000
LG03622,LG03623,9.000
LG03623,LG03624,10.000
LG03624,LG03625,11.000
LG03625,LG03626,4.000
LG03626,LG03627,5.000
LG03627,LG03628,6.000
LG03628,LG03629,7.000
LG03629,LG03630,8.000
LG03630,LG03631,9.000
LG03631,LG03632,10.000
LG03632,LG03633,11.000
LG03633,LG03634,4.000
LG03634,LG03635,5.000
LG03635,LG03636,6.000
LG03636,LG03637,7.000
LG03637,LG03638,8.000
LG03638,LG03639,9.000
LG03639,LG03640,10.000
LG03640,LG03641,11.000
LG03641,LG03642,4.000
LG03642,LG03643,5.000
LG03643,LG03644,6.000
LG03644,LG03645,7.000
LG03645,LG03646,8.000
LG03646,LG03647,9.000
LG03647,LG03648,10.000
LG03648,LG03649,11.000
LG03649,LG03650,4.000
LG03650,LG03651,5.000
LG03651,LG03652,6.000
LG03652,LG03653,7.000
LG03653,LG03654,8.000
LG03654,LG03655,9.000
LG03655,LG03656,10.000
LG03656,LG03657,11.000
LG03657,LG03658,4.000
LG03658,LG03659,5.000
LG03659,LG03660,6.000
LG03660,LG03661,7.000
LG03661,LG03662,8.000
LG03662,LG03663,9.000
LG03663,LG03664,10.000
LG03664,LG03665,11.000
LG03665,LG03666,4.000
LG03666,LG03667,5.000
LG03667,LG03668,6.000
LG03668,LG03669,7.000
LG03669,LG03670,8.000
LG03670,LG03671,9.000
LG03671,LG03672,10.000
LG03672,LG03673,11.000
LG03673,LG03674,4.000
LG03674,LG03675,5.000
LG03675,LG03676,6.000
LG03676,LG03677,7.000
LG03677,LG03678,8.000
LG03678,LG03679,9.000
LG03679,LG03680,10.000
LG03680,LG03681,11.000
LG03681,LG03682,4.000
LG03682,LG03683,5.000
LG03683,LG03684,6.000
LG03684,LG03685,7.000
LG03685,LG03686,8.000
LG03686,LG03687,9.000
LG03687,LG03688,10.000
LG03688,LG03689,11.000
LG03689,LG03690,4.000
LG03690,LG03691,5.000
LG03691,LG03692,6.000
LG03692,LG03693,7.000
LG03693,LG03694,8.000
LG03694,LG03695,9.000
LG03695,LG03696,10.000
LG03696,LG03697,11.000
LG03697,LG03698,4.000
LG03698,LG03699,5.000
LG03699,LG03700,6.000
LG03700,LG03701,7.000
LG03701,LG03702,8.000
LG03702,LG03703,9.000
LG03703,LG03704,10.000
LG03704,LG03705,11.000
LG03705,LG03706,4.000
LG03706,LG03707,5.000
LG03707,LG03708,6.000
LG03708,LG03709,7.000
LG03709,LG03710,8.000
LG03710,LG03711,9.000
LG03711,LG03712,10.000
LG03712,LG03713,11.000
LG03713,LG03714,4.000
LG03714,LG03715,5.000
LG03715,LG03716,6.000
LG03716,LG03717,7.000
LG03717,LG03718,8.000
LG03718,LG03719,9.000
LG03719,LG03720,10.000
LG03720,LG03721,11.000
LG03721,LG03722,4.000
LG03722,LG03723,5.000
LG03723,LG03724,6.000
LG03724,LG03725,7.000
LG03725,LG03726,8.000
LG03726,LG03727,9.000
LG03727,LG03728,10.000
LG03728,LG03729,11.000
LG03729,LG03730,4.000
LG03730,LG03731,5.000
LG03731,LG03732,6.000
LG03732,LG03733,7.000
LG03733,LG03734,8.000
LG03734,LG03735,9.000
LG03735,LG03736,10.000
LG03736,LG03737,11.000
LG03737,LG03738,4.000
LG03738,LG03739,5.000
LG03739,LG03740,6.000
LG03740,LG03741,7.000
LG03741,LG03742,8.000
LG03742,LG03743,9.000
LG03743,LG03744,10.000
LG03744,LG03745,11.000
LG03745,LG03746,4.000
LG03746,LG03747,5.000
LG03747,LG03748,6.000
LG03748,LG03749,7.000
LG03749,LG03750,8.000
LG03750,LG03751,9.000
LG03751,LG03752,10.000
LG03752,LG03753,11.000
LG03753,LG03754,4.000
LG03754,LG03755,5.000
LG03755,LG03756,6.000
LG03756,LG03757,7.000
LG03757,LG03758,8.000
LG03758,LG03759,9.000
LG03759,LG03760,10.000
LG03760,LG03761,11.000
LG03761,LG03762,4.000
LG03762,LG03763,5.000
LG03763,LG03764,6.000
LG03764,LG03765,7.000
LG03765,LG03766,8.000
LG03766,LG03767,9.000
LG03767,LG03768,10.000
LG03768,LG03769,11.000
LG03769,LG03770,4.000
LG03770,LG03771,5.000
LG03771,LG03772,6.000
LG03772,LG03773,7.000
LG03773,LG03774,8.000
LG03774,LG03775,9.000
LG03775,LG03776,10.000
LG03776,LG03777,11.000
LG03777,LG03778,4.000
LG03778,LG03779,5.000
LG03779,LG03780,6.000
LG03780,LG03781,7.000
LG03781,LG03782,8.000
LG03782,LG03783,9.000
LG03783,LG03784,10.000
LG03784,LG03785,11.000
LG03785,LG03786,4.000
LG03786,LG03787,5.000
LG03787,LG03788,6.000
LG03788,LG03789,7.000
LG03789,LG03790,8.000
LG03790,LG03791,9.000
LG03791,LG03792,10.000
LG03792,LG03793,11.000
LG03793,LG03794,4.000
LG03794,LG03795,5.000
LG03795,LG03796,6.000
LG03796,LG03797,7.000
LG03797,LG03798,8.000
LG03798,LG03799,9.000
LG03799,LG03800,10.000
LG03800,LG03801,11.000
LG03801,LG03802,4.000
LG03802,LG03803,5.000
LG03803,LG03804,6.000
LG03804,LG03805,7.000
LG03805,LG03806,8.000
LG03806,LG03807,9.000
LG03807,LG03808,10.000
LG03808,LG03809,11.000
LG03809,LG03810,4.000
LG03810,LG03811,5.000
LG03811,LG03812,6.000
LG03812,LG03813,7.000
LG03813,LG03814,8.000
LG03814,LG03815,9.000
LG03815,LG03816,10.000
LG03816,LG03817,11.000
LG03817,LG03818,4.000
LG03818,LG03819,5.000
LG03819,LG03820,6.000
LG03820,LG03821,7.000
LG03821,LG03822,8.000
LG03822,LG03823,9.000
LG03823,LG03824,10.000
LG03824,LG03825,11.000
LG03825,LG03826,4.000
LG03826,LG03827,5.000
LG03827,LG03828,6.000
LG03828,LG03829,7.000
LG03829,LG03830,8.000
LG03830,LG03831,9.000
LG03831,LG03832,10.000
LG03832,LG03833,11.000
LG03833,LG03834,4.000
LG03834,LG03835,5.000
LG03835,LG03836,6.000
LG03836,LG03837,7.000
LG03837,LG03838,8.000
LG03838,LG03839,9.000
LG03839,LG03840,10.000
LG03840,LG03841,11.000
LG03841,LG03842,4.000
LG03842,LG03843,5.000
LG03843,LG03844,6.000
LG03844,LG03845,7.000
LG03845,LG03846,8.000
LG03846,LG03847,9.000
LG03847,LG03848,10.000
LG03848,LG03849,11.000
LG03849,LG03850,4.000
LG03850,LG03851,5.000
LG03851,LG03852,6.000
LG03852,LG03853,7.000
LG03853,LG03854,8.000
LG03854,LG03855,9.000
LG03855,LG03856,10.000
LG03856,LG03857,11.000
LG03857,LG03858,4.000
LG03858,LG03859,5.000
LG03859,LG03860,6.000
LG03860,LG03861,7.000
LG03861,LG03862,8.000
LG03862,LG03863,9.000
LG03863,LG03864,10.000
LG03864,LG03865,11.000
LG03865,LG03866,4.000
LG03866,LG03867,5.000
LG03867,LG03868,6.000
LG03868,LG03869,7.000
LG03869,LG03870,8.000
LG03870,LG03871,9.000
LG03871,LG03872,10.000
LG03872,LG03873,11.000
LG03873,LG03874,4.000
LG03874,LG03875,5.000
LG03875,LG03876,6.000
LG03876,LG03877,7.000
LG03877,LG03878,8.000
LG03878,LG03879,9.000
LG03879,LG03880,10.000
LG03880,LG03881,11.000
LG03881,LG03882,4.000
LG03882,LG03883,5.000
LG03883,LG03884,6.000
LG03884,LG03885,7.000
LG03885,LG03886,8.000
LG03886,LG03887,9.000
LG03887,LG03888,10.000
LG03888,LG03889,11.000
LG03889,LG03890,4.000
LG03890,LG03891,5.000
LG03891,LG03892,6.000
LG03892,LG03893,7.000
LG03893,LG03894,8.000
LG03894,LG03895,9.000
LG03895,LG03896,10.000
LG03896,LG03897,11.000
LG03897,LG03898,4.000
LG03898,LG03899,5.000
LG03899,LG03900,6.000
LG03900,LG03901,7.000
LG03901,LG03902,8.000
LG03902,LG03903,9.000
LG03903,LG03904,10.000
LG03904,LG03905,11.000
LG03905,LG03906,4.000
LG03906,LG03907,5.000
LG03907,LG03908,6.000
LG03908,LG03909,7.000
LG03909,LG03910,8.000
LG03910,LG03911,9.000
LG03911,LG03912,10.000
LG03912,LG03913,11.000
LG03913,LG03914,4.000
LG03914,LG03915,5.000
LG03915,LG03916,6.000
LG03916,LG03917,7.000
LG03917,LG03918,8.000
LG03918,LG03919,9.000
LG03919,LG03920,10.000
LG03920,LG03921,11.000
LG03921,LG03922,4.000
LG03922,LG03923,5.000
LG03923,LG03924,6.000
LG03924,LG03925,7.000
LG03925,LG03926,8.000
LG03926,LG03927,9.000
LG03927,LG03928,10.000
LG03928,LG03929,11.000
LG03929,LG03930,4.000
LG03930,LG03931,5.000
LG03931,LG03932,6.000
LG03932,LG03933,7.000
LG03933,LG03934,8.000
LG03934,LG03935,9.000
LG03935,LG03936,10.000
LG03936,LG03937,11.000
LG03937,LG03938,4.000
LG03938,LG03939,5.000
LG03939,LG03940,6.000
LG03940,LG03941,7.000
LG03941,LG03942,8.000
LG03942,LG03943,9.000
LG03943,LG03944,10.000
LG03944,LG03945,11.000
LG03945,LG03946,4.000
LG03946,LG03947,5.000
LG03947,LG03948,6.000
LG03948,LG03949,7.000
LG03949,LG03950,8.000
LG03950,LG03951,9.000
LG03951,LG03952,10.000
LG03952,LG03953,11.000
LG03953,LG03954,4.000
LG03954,LG03955,5.000
LG03955,LG03956,6.000
LG03956,LG03957,7.000
LG03957,LG03958,8.000
LG03958,LG03959,9.000
LG03959,LG03960,10.000
LG03960,LG03961,11.000
LG03961,LG03962,4.000
LG03962,LG03963,5.000
LG03963,LG03964,6.000
LG03964,LG03965,7.000
LG03965,LG03966,8.000
LG03966,LG03967,9.000
LG03967,LG03968,10.000
LG03968,LG03969,11.000
LG03969,LG03970,4.000
LG03970,LG03971,5.000
LG03971,LG03972,6.000
LG03972,LG03973,7.000
LG03973,LG03974,8.000
LG03974,LG03975,9.000
LG03975,LG03976,10.000
LG03976,LG03977,11.000
LG03977,LG03978,4.000
LG03978,LG03979,5.000
LG03979,LG03980,6.000
LG03980,LG03981,7.000
LG03981,LG03982,8.000
LG03982,LG03983,9.000
LG03983,LG03984,10.000
LG03984,LG03985,11.000
LG03985,LG03986,4.000
LG03986,LG03987,5.000
LG03987,LG03988,6.000
LG03988,LG03989,7.000
LG03989,LG03990,8.000
LG03990,LG03991,9.000
LG03991,LG03992,10.000
LG03992,LG03993,11.000
LG03993,LG03994,4.000
LG03994,LG03995,5.000
LG03995,LG03996,6.000
LG03996,LG03997,7.000
LG03997,LG03998,8.000
LG03998,LG03999,9.000
LG03999,LG04000,10.000
LG04000,LG04001,11.000
LG04001,LG04002,4.000
LG04002,LG04003,5.000
LG04003,LG04004,6.000
LG04004,LG04005,7.000
LG04005,LG04006,8.000
LG04006,LG04007,9.000
LG04007,LG04008,10.000
LG04008,LG04009,11.000
LG04009,LG04010,4.000
LG04010,LG04011,5.000
LG04011,LG04012,6.000
LG04012,LG04013,7.000
LG04013,LG04014,8.000
LG04014,LG04015,9.000
LG04015,LG04016,10.000
LG04016,LG04017,11.000
LG04017,LG04018,4.000
LG04018,LG04019,5.000
LG04019,LG04020,6.000
LG04020,LG04021,7.000
LG04021,LG04022,8.000
LG04022,LG04023,9.000
LG04023,LG04024,10.000
LG04024,LG04025,11.000
LG04025,LG04026,4.000
LG04026,LG04027,5.000
LG04027,LG04028,6.000
LG04028,LG04029,7.000
LG04029,LG04030,8.000
LG04030,LG04031,9.000
LG04031,LG04032,10.000
LG04032,LG04033,11.000
LG04033,LG04034,4.000
LG04034,LG04035,5.000
LG04035,LG04036,6.000
LG04036,LG04037,7.000
LG04037,LG04038,8.000
LG04038,LG04039,9.000
LG04039,LG04040,10.000
LG04040,LG04041,11.000
LG04041,LG04042,4.000
LG04042,LG04043,5.000
LG04043,LG04044,6.000
LG04044,LG04045,7.000
LG04045,LG04046,8.000
LG04046,LG04047,9.000
LG04047,LG04048,10.000
LG04048,LG04049,11.000
LG04049,LG04050,4.000
LG04050,LG04051,5.000
LG04051,LG04052,6.000
LG04052,LG04053,7.000
LG04053,LG04054,8.000
LG04054,LG04055,9.000
LG04055,LG04056,10.000
LG04056,LG04057,11.000
LG04057,LG04058,4.000
LG04058,LG04059,5.000
LG04059,LG04060,6.000
LG04060,LG04061,7.000
LG04061,LG04062,8.000
LG04062,LG04063,9.000
LG04063,LG04064,10.000
LG04064,LG04065,11.000
LG04065,LG04066,4.000
LG04066,LG04067,5.000
LG04067,LG04068,6.000
LG04068,LG04069,7.000
LG04069,LG04070,8.000
LG04070,LG04071,9.000
LG04071,LG04072,10.000
LG04072,LG04073,11.000
LG04073,LG04074,4.000
LG04074,LG04075,5.000
LG04075,LG04076,6.000
LG04076,LG04077,7.000
LG04077,LG04078,8.000
LG04078,LG04079,9.000
LG04079,LG04080,10.000
LG04080,LG04081,11.000
LG04081,LG04082,4.000
LG04082,LG04083,5.000
LG04083,LG04084,6.000
LG04084,LG04085,7.000
LG04085,LG04086,8.000
LG04086,LG04087,9.000
LG04087,LG04088,10.000
LG04088,LG04089,11.000
LG04089,LG04090,4.000
LG04090,LG04091,5.000
LG04091,LG04092,6.000
LG04092,LG04093,7.000
LG04093,LG04094,8.000
LG04094,LG04095,9.000
LG04095,LG04096,10.000
LG04096,LG04097,11.000
LG04097,LG04098,4.000
LG04098,LG04099,5.000
LG04099,LG04100,6.000
LG04100,LG04101,7.000
LG04101,LG04102,8.000
LG04102,LG04103,9.000
LG04103,LG04104,10.000
LG04104,LG04105,11.000
LG04105,LG04106,4.000
LG04106,LG04107,5.000
LG04107,LG04108,6.000
LG04108,LG04109,7.000
LG04109,LG04110,8.000
LG04110,LG04111,9.000
LG04111,LG04112,10.000
LG04112,LG04113,11.000
LG04113,LG04114,4.000
LG04114,LG04115,5.000
LG04115,LG04116,6.000
LG04116,LG04117,7.000
LG04117,LG04118,8.000
LG04118,LG04119,9.000
LG04119,LG04120,10.000
LG04120,LG04121,11.000
LG04121,LG04122,4.000
LG04122,LG04123,5.000
LG04123,LG04124,6.000
LG04124,LG04125,7.000
LG04125,LG04126,8.000
LG04126,LG04127,9.000
LG04127,LG04128,10.000
LG04128,LG04129,11.000
LG04129,LG04130,4.000
LG04130,LG04131,5.000
LG04131,LG04132,6.000
LG04132,LG04133,7.000
LG04133,LG04134,8.000
LG04134,LG04135,9.000
LG04135,LG04136,10.000
LG04136,LG04137,11.000
LG04137,LG04138,4.000
LG04138,LG04139,5.000
LG04139,LG04140,6.000
LG04140,LG04141,7.000
LG04141,LG04142,8.000
LG04142,LG04143,9.000
LG04143,LG04144,10.000
LG04144,LG04145,11.000
LG04145,LG04146,4.000
LG04146,LG04147,5.000
LG04147,LG04148,6.000
LG04148,LG04149,7.000
LG04149,LG04150,8.000
LG04150,LG04151,9.000
LG04151,LG04152,10.000
LG04152,LG04153,11.000
LG04153,LG04154,4.000
LG04154,LG04155,5.000
LG04155,LG04156,6.000
LG04156,LG04157,7.000
LG04157,LG04158,8.000
LG04158,LG04159,9.000
LG04159,LG04160,10.000
LG04160,LG04161,11.000
LG04161,LG04162,4.000
LG04162,LG04163,5.000
LG04163,LG04164,6.000
LG04164,LG04165,7.000
LG04165,LG04166,8.000
LG04166,LG04167,9.000
LG04167,LG04168,10.000
LG04168,LG04169,11.000
LG04169,LG04170,4.000
LG04170,LG04171,5.000
LG04171,LG04172,6.000
LG04172,LG04173,7.000
LG04173,LG04174,8.000
LG04174,LG04175,9.000
LG04175,LG04176,10.000
LG04176,LG04177,11.000
LG04177,LG04178,4.000
LG04178,LG04179,5.000
LG04179,LG04180,6.000
LG04180,LG04181,7.000
LG04181,LG04182,8.000
LG04182,LG04183,9.000
LG04183,LG04184,10.000
LG04184,LG04185,11.000
LG04185,LG04186,4.000
LG04186,LG04187,5.000
LG04187,LG04188,6.000
LG04188,LG04189,7.000
LG04189,LG04190,8.000
LG04190,LG04191,9.000
LG04191,LG04192,10.000
LG04192,LG04193,11.000
LG04193,LG04194,4.000
LG04194,LG04195,5.000
LG04195,LG04196,6.000
LG04196,LG04197,7.000
LG04197,LG04198,8.000
LG04198,LG04199,9.000
LG04199,LG04200,10.000
LG04200,LG04201,11.000
LG04201,LG04202,4.000
LG04202,LG04203,5.000
LG04203,LG04204,6.000
LG04204,LG04205,7.000
LG04205,LG04206,8.000
LG04206,LG04207,9.000
LG04207,LG04208,10.000
LG04208,LG04209,11.000
LG04209,LG04210,4.000
LG04210,LG04211,5.000
LG04211,LG04212,6.000
LG04212,LG04213,7.000
LG04213,LG04214,8.000
LG04214,LG04215,9.000
LG04215,LG04216,10.000
LG04216,LG04217,11.000
LG04217,LG04218,4.000
LG04218,LG04219,5.000
LG04219,LG04220,6.000
LG04220,LG04221,7.000
LG04221,LG04222,8.000
LG04222,LG04223,9.000
LG04223,LG04224,10.000
LG04224,LG04225,11.000
LG04225,LG04226,4.000
LG04226,LG04227,5.000
LG04227,LG04228,6.000
LG04228,LG04229,7.000
LG04229,LG04230,8.000
LG04230,LG04231,9.000
LG04231,LG04232,10.000
LG04232,LG04233,11.000
LG04233,LG04234,4.000
LG04234,LG04235,5.000
LG04235,LG04236,6.000
LG04236,LG04237,7.000
LG04237,LG04238,8.000
LG04238,LG04239,9.000
LG04239,LG04240,10.000
LG04240,LG04241,11.000
LG04241,LG04242,4.000
LG04242,LG04243,5.000
LG04243,LG04244,6.000
LG04244,LG04245,7.000
LG04245,LG04246,8.000
LG04246,LG04247,9.000
LG04247,LG04248,10.000
LG04248,LG04249,11.000
LG04249,LG04250,4.000
LG04250,LG04251,5.000
LG04251,LG04252,6.000
LG04252,LG04253,7.000
LG04253,LG04254,8.000
LG04254,LG04255,9.000
LG04255,LG04256,10.000
LG04256,LG04257,11.000
LG04257,LG04258,4.000
LG04258,LG04259,5.000
LG04259,LG04260,6.000
LG04260,LG04261,7.000
LG04261,LG04262,8.000
LG04262,LG04263,9.000
LG04263,LG04264,10.000
LG04264,LG04265,11.000
LG04265,LG04266,4.000
LG04266,LG04267,5.000
LG04267,LG04268,6.000
LG04268,LG04269,7.000
LG04269,LG04270,8.000
LG04270,LG04271,9.000
LG04271,LG04272,10.000
LG04272,LG04273,11.000
LG04273,LG04274,4.000
LG04274,LG04275,5.000
LG04275,LG04276,6.000
LG04276,LG04277,7.000
LG04277,LG04278,8.000
LG04278,LG04279,9.000
LG04279,LG04280,10.000
LG04280,LG04281,11.000
LG04281,LG04282,4.000
LG04282,LG04283,5.000
LG04283,LG04284,6.000
LG04284,LG04285,7.000
LG04285,LG04286,8.000
LG04286,LG04287,9.000
LG04287,LG04288,10.000
LG04288,LG04289,11.000
LG04289,LG04290,4.000
LG04290,LG04291,5.000
LG04291,LG04292,6.000
LG04292,LG04293,7.000
LG04293,LG04294,8.000
LG04294,LG04295,9.000
LG04295,LG04296,10.000
LG04296,LG04297,11.000
LG04297,LG04298,4.000
LG04298,LG04299,5.000
LG04299,LG04300,6.000
LG04300,LG04301,7.000
LG04301,LG04302,8.000
LG04302,LG04303,9.000
LG04303,LG04304,10.000
LG04304,LG04305,11.000
LG04305,LG04306,4.000
LG04306,LG04307,5.000
LG04307,LG04308,6.000
LG04308,LG04309,7.000
LG04309,LG04310,8.000
LG04310,LG04311,9.000
LG04311,LG04312,10.000
LG04312,LG04313,11.000
LG04313,LG04314,4.000
LG04314,LG04315,5.000
LG04315,LG04316,6.000
LG04316,LG04317,7.000
LG04317,LG04318,8.000
LG04318,LG04319,9.000
LG04319,LG04320,10.000
LG04320,LG04321,11.000
LG04321,LG04322,4.000
LG04322,LG04323,5.000
LG04323,LG04324,6.000
LG04324,LG04325,7.000
LG04325,LG04326,8.000
LG04326,LG04327,9.000
LG04327,LG04328,10.000
LG04328,LG04329,11.000
LG04329,LG04330,4.000
LG04330,LG04331,5.000
LG04331,LG04332,6.000
LG04332,LG04333,7.000
LG04333,LG04334,8.000
LG04334,LG04335,9.000
LG04335,LG04336,10.000
LG04336,LG04337,11.000
LG04337,LG04338,4.000
LG04338,LG04339,5.000
LG04339,LG04340,6.000
LG04340,LG04341,7.000
LG04341,LG04342,8.000
LG04342,LG04343,9.000
LG04343,LG04344,10.000
LG04344,LG04345,11.000
LG04345,LG04346,4.000
LG04346,LG04347,5.000
LG04347,LG04348,6.000
LG04348,LG04349,7.000
LG04349,LG04350,8.000
LG04350,LG04351,9.000
LG04351,LG04352,10.000
LG04352,LG04353,11.000
LG04353,LG04354,4.000
LG04354,LG04355,5.000
LG04355,LG04356,6.000
LG04356,LG04357,7.000
LG04357,LG04358,8.000
LG04358,LG04359,9.000
LG04359,LG04360,10.000
LG04360,LG04361,11.000
LG04361,LG04362,4.000
LG04362,LG04363,5.000
LG04363,LG04364,6.000
LG04364,LG04365,7.000
LG04365,LG04366,8.000
LG04366,LG04367,9.000
LG04367,LG04368,10.000
LG04368,LG04369,11.000
LG04369,LG04370,4.000
LG04370,LG04371,5.000
LG04371,LG04372,6.000
LG04372,LG04373,7.000
LG04373,LG04374,8.000
LG04374,LG04375,9.000
LG04375,LG04376,10.000
LG04376,LG04377,11.000
LG04377,LG04378,4.000
LG04378,LG04379,5.000
LG04379,LG04380,6.000
LG04380,LG04381,7.000
LG04381,LG04382,8.000
LG04382,LG04383,9.000
LG04383,LG04384,10.000
LG04384,LG04385,11.000
LG04385,LG04386,4.000
LG04386,LG04387,5.000
LG04387,LG04388,6.000
LG04388,LG04389,7.000
LG04389,LG04390,8.000
LG04390,LG04391,9.000
LG04391,LG04392,10.000
LG04392,LG04393,11.000
LG04393,LG04394,4.000
LG04394,LG04395,5.000
LG04395,LG04396,6.000
LG04396,LG04397,7.000
LG04397,LG04398,8.000
LG04398,LG04399,9.000
LG04399,LG04400,10.000
LG04400,LG04401,11.000
LG04401,LG04402,4.000
LG04402,LG04403,5.000
LG04403,LG04404,6.000
LG04404,LG04405,7.000
LG04405,LG04406,8.000
LG04406,LG04407,9.000
LG04407,LG04408,10.000
LG04408,LG04409,11.000
LG04409,LG04410,4.000
LG04410,LG04411,5.000
LG04411,LG04412,6.000
LG04412,LG04413,7.000
LG04413,LG04414,8.000
LG04414,LG04415,9.000
LG04415,LG04416,10.000
LG04416,LG04417,11.000
LG04417,LG04418,4.000
LG04418,LG04419,5.000
LG04419,LG04420,6.000
LG04420,LG04421,7.000
LG04421,LG04422,8.000
LG04422,LG04423,9.000
LG04423,LG04424,10.000
LG04424,LG04425,11.000
LG04425,LG04426,4.000
LG04426,LG04427,5.000
LG04427,LG04428,6.000
LG04428,LG04429,7.000
LG04429,LG04430,8.000
LG04430,LG04431,9.000
LG04431,LG04432,10.000
LG04432,LG04433,11.000
LG04433,LG04434,4.000
LG04434,LG04435,5.000
LG04435,LG04436,6.000
LG04436,LG04437,7.000
LG04437,LG04438,8.000
LG04438,LG04439,9.000
LG04439,LG04440,10.000
LG04440,LG04441,11.000
LG04441,LG04442,4.000
LG04442,LG04443,5.000
LG04443,LG04444,6.000
LG04444,LG04445,7.000
LG04445,LG04446,8.000
LG04446,LG04447,9.000
LG04447,LG04448,10.000
LG04448,LG04449,11.000
LG04449,LG04450,4.000
LG04450,LG04451,5.000
LG04451,LG04452,6.000
LG04452,LG04453,7.000
LG04453,LG04454,8.000
LG04454,LG04455,9.000
LG04455,LG04456,10.000
LG04456,LG04457,11.000
LG04457,LG04458,4.000
LG04458,LG04459,5.000
LG04459,LG04460,6.000
LG04460,LG04461,7.000
LG04461,LG04462,8.000
LG04462,LG04463,9.000
LG04463,LG04464,10.000
LG04464,LG04465,11.000
LG04465,LG04466,4.000
LG04466,LG04467,5.000
LG04467,LG04468,6.000
LG04468,LG04469,7.000
LG04469,LG04470,8.000
LG04470,LG04471,9.000
LG04471,LG04472,10.000
LG04472,LG04473,11.000
LG04473,LG04474,4.000
LG04474,LG04475,5.000
LG04475,LG04476,6.000
LG04476,LG04477,7.000
LG04477,LG04478,8.000
LG04478,LG04479,9.000
LG04479,LG04480,10.000
LG04480,LG04481,11.000
LG04481,LG04482,4.000
LG04482,LG04483,5.000
LG04483,LG04484,6.000
LG04484,LG04485,7.000
LG04485,LG04486,8.000
LG04486,LG04487,9.000
LG04487,LG04488,10.000
LG04488,LG04489,11.000
LG04489,LG04490,4.000
LG04490,LG04491,5.000
LG04491,LG04492,6.000
LG04492,LG04493,7.000
LG04493,LG04494,8.000
LG04494,LG04495,9.000
LG04495,LG04496,10.000
LG04496,LG04497,11.000
LG04497,LG04498,4.000
LG04498,LG04499,5.000
LG04499,LG04500,6.000
LG04500,LG04501,7.000
LG04501,LG04502,8.000
LG04502,LG04503,9.000
LG04503,LG04504,10.000
LG04504,LG04505,11.000
LG04505,LG04506,4.000
LG04506,LG04507,5.000
LG04507,LG04508,6.000
LG04508,LG04509,7.000
LG04509,LG04510,8.000
LG04510,LG04511,9.000
LG04511,LG04512,10.000
LG04512,LG04513,11.000
LG04513,LG04514,4.000
LG04514,LG04515,5.000
LG04515,LG04516,6.000
LG04516,LG04517,7.000
LG04517,LG04518,8.000
LG04518,LG04519,9.000
LG04519,LG04520,10.000
LG04520,LG04521,11.000
LG04521,LG04522,4.000
LG04522,LG04523,5.000
LG04523,LG04524,6.000
LG04524,LG04525,7.000
LG04525,LG04526,8.000
LG04526,LG04527,9.000
LG04527,LG04528,10.000
LG04528,LG04529,11.000
LG04529,LG04530,4.000
LG04530,LG04531,5.000
LG04531,LG04532,6.000
LG04532,LG04533,7.000
LG04533,LG04534,8.000
LG04534,LG04535,9.000
LG04535,LG04536,10.000
LG04536,LG04537,11.000
LG04537,LG04538,4.000
LG04538,LG04539,5.000
LG04539,LG04540,6.000
LG04540,LG04541,7.000
LG04541,LG04542,8.000
LG04542,LG04543,9.000
LG04543,LG04544,10.000
LG04544,LG04545,11.000
LG04545,LG04546,4.000
LG04546,LG04547,5.000
LG04547,LG04548,6.000
LG04548,LG04549,7.000
LG04549,LG04550,8.000
LG04550,LG04551,9.000
LG04551,LG04552,10.000
LG04552,LG04553,11.000
LG04553,LG04554,4.000
LG04554,LG04555,5.000
LG04555,LG04556,6.000
LG04556,LG04557,7.000
LG04557,LG04558,8.000
LG04558,LG04559,9.000
LG04559,LG04560,10.000
LG04560,LG04561,11.000
LG04561,LG04562,4.000
LG04562,LG04563,5.000
LG04563,LG04564,6.000
LG04564,LG04565,7.000
LG04565,LG04566,8.000
LG04566,LG04567,9.000
LG04567,LG04568,10.000
LG04568,LG04569,11.000
LG04569,LG04570,4.000
LG04570,LG04571,5.000
LG04571,LG04572,6.000
LG04572,LG04573,7.000
LG04573,LG04574,8.000
LG04574,LG04575,9.000
LG04575,LG04576,10.000
LG04576,LG04577,11.000
LG04577,LG04578,4.000
LG04578,LG04579,5.000
LG04579,LG04580,6.000
LG04580,LG04581,7.000
LG04581,LG04582,8.000
LG04582,LG04583,9.000
LG04583,LG04584,10.000
LG04584,LG04585,11.000
LG04585,LG04586,4.000
LG04586,LG04587,5.000
LG04587,LG04588,6.000
LG04588,LG04589,7.000
LG04589,LG04590,8.000
LG04590,LG04591,9.000
LG04591,LG04592,10.000
LG04592,LG04593,11.000
LG04593,LG04594,4.000
LG04594,LG04595,5.000
LG04595,LG04596,6.000
LG04596,LG04597,7.000
LG04597,LG04598,8.000
LG04598,LG04599,9.000
LG04599,LG04600,10.000
LG04600,LG04601,11.000
LG04601,LG04602,4.000
LG04602,LG04603,5.000
LG04603,LG04604,6.000
LG04604,LG04605,7.000
LG04605,LG04606,8.000
LG04606,LG04607,9.000
LG04607,LG04608,10.000
LG04608,LG04609,11.000
LG04609,LG04610,4.000
LG04610,LG04611,5.000
LG04611,LG04612,6.000
LG04612,LG04613,7.000
LG04613,LG04614,8.000
LG04614,LG04615,9.000
LG04615,LG04616,10.000
LG04616,LG04617,11.000
LG04617,LG04618,4.000
LG04618,LG04619,5.000
LG04619,LG04620,6.000
LG04620,LG04621,7.000
LG04621,LG04622,8.000
LG04622,LG04623,9.000
LG04623,LG04624,10.000
LG04624,LG04625,11.000
LG04625,LG04626,4.000
LG04626,LG04627,5.000
LG04627,LG04628,6.000
LG04628,LG04629,7.000
LG04629,LG04630,8.000
LG04630,LG04631,9.000
LG04631,LG04632,10.000
LG04632,LG04633,11.000
LG04633,LG04634,4.000
LG04634,LG04635,5.000
LG04635,LG04636,6.000
LG04636,LG04637,7.000
LG04637,LG04638,8.000
LG04638,LG04639,9.000
LG04639,LG04640,10.000
LG04640,LG04641,11.000
LG04641,LG04642,4.000
LG04642,LG04643,5.000
LG04643,LG04644,6.000
LG04644,LG04645,7.000
LG04645,LG04646,8.000
LG04646,LG04647,9.000
LG04647,LG04648,10.000
LG04648,LG04649,11.000
LG04649,LG04650,4.000
LG04650,LG04651,5.000
LG04651,LG04652,6.000
LG04652,LG04653,7.000
LG04653,LG04654,8.000
LG04654,LG04655,9.000
LG04655,LG04656,10.000
LG04656,LG04657,11.000
LG04657,LG04658,4.000
LG04658,LG04659,5.000
LG04659,LG04660,6.000
LG04660,LG04661,7.000
LG04661,LG04662,8.000
LG04662,LG04663,9.000
LG04663,LG04664,10.000
LG04664,LG04665,11.000
LG04665,LG04666,4.000
LG04666,LG04667,5.000
LG04667,LG04668,6.000
LG04668,LG04669,7.000
LG04669,LG04670,8.000
LG04670,LG04671,9.000
LG04671,LG04672,10.000
LG04672,LG04673,11.000
LG04673,LG04674,4.000
LG04674,LG04675,5.000
LG04675,LG04676,6.000
LG04676,LG04677,7.000
LG04677,LG04678,8.000
LG04678,LG04679,9.000
LG04679,LG04680,10.000
LG04680,LG04681,11.000
LG04681,LG04682,4.000
LG04682,LG04683,5.000
LG04683,LG04684,6.000
LG04684,LG04685,7.000
LG04685,LG04686,8.000
LG04686,LG04687,9.000
LG04687,LG04688,10.000
LG04688,LG04689,11.000
LG04689,LG04690,4.000
LG04690,LG04691,5.000
LG04691,LG04692,6.000
LG04692,LG04693,7.000
LG04693,LG04694,8.000
LG04694,LG04695,9.000
LG04695,LG04696,10.000
LG04696,LG04697,11.000
LG04697,LG04698,4.000
LG04698,LG04699,5.000
LG04699,LG04700,6.000
LG04700,LG04701,7.000
LG04701,LG04702,8.000
LG04702,LG04703,9.000
LG04703,LG04704,10.000
LG04704,LG04705,11.000
LG04705,LG04706,4.000
LG04706,LG04707,5.000
LG04707,LG04708,6.000
LG04708,LG04709,7.000
LG04709,LG04710,8.000
LG04710,LG04711,9.000
LG04711,LG04712,10.000
LG04712,LG04713,11.000
LG04713,LG04714,4.000
LG04714,LG04715,5.000
LG04715,LG04716,6.000
LG04716,LG04717,7.000
LG04717,LG04718,8.000
LG04718,LG04719,9.000
LG04719,LG04720,10.000
LG04720,LG04721,11.000
LG04721,LG04722,4.000
LG04722,LG04723,5.000
LG04723,LG04724,6.000
LG04724,LG04725,7.000
LG04725,LG04726,8.000
LG04726,LG04727,9.000
LG04727,LG04728,10.000
LG04728,LG04729,11.000
LG04729,LG04730,4.000
LG04730,LG04731,5.000
LG04731,LG04732,6.000
LG04732,LG04733,7.000
LG04733,LG04734,8.000
LG04734,LG04735,9.000
LG04735,LG04736,10.000
LG04736,LG04737,11.000
LG04737,LG04738,4.000
LG04738,LG04739,5.000
LG04739,LG04740,6.000
LG04740,LG04741,7.000
LG04741,LG04742,8.000
LG04742,LG04743,9.000
LG04743,LG04744,10.000
LG04744,LG04745,11.000
LG04745,LG04746,4.000
LG04746,LG04747,5.000
LG04747,LG04748,6.000
LG04748,LG04749,7.000
LG04749,LG04750,8.000
LG04750,LG04751,9.000
LG04751,LG04752,10.000
LG04752,LG04753,11.000
LG04753,LG04754,4.000
LG04754,LG04755,5.000
LG04755,LG04756,6.000
LG04756,LG04757,7.000
LG04757,LG04758,8.000
LG04758,LG04759,9.000
LG04759,LG04760,10.000
LG04760,LG04761,11.000
LG04761,LG04762,4.000
LG04762,LG04763,5.000
LG04763,LG04764,6.000
LG04764,LG04765,7.000
LG04765,LG04766,8.000
LG04766,LG04767,9.000
LG04767,LG04768,10.000
LG04768,LG04769,11.000
LG04769,LG04770,4.000
LG04770,LG04771,5.000
LG04771,LG04772,6.000
LG04772,LG04773,7.000
LG04773,LG04774,8.000
LG04774,LG04775,9.000
LG04775,LG04776,10.000
LG04776,LG04777,11.000
LG04777,LG04778,4.000
LG04778,LG04779,5.000
LG04779,LG04780,6.000
LG04780,LG04781,7.000
LG04781,LG04782,8.000
LG04782,LG04783,9.000
LG04783,LG04784,10.000
LG04784,LG04785,11.000
LG04785,LG04786,4.000
LG04786,LG04787,5.000
LG04787,LG04788,6.000
LG04788,LG04789,7.000
LG04789,LG04790,8.000
LG04790,LG04791,9.000
LG04791,LG04792,10.000
LG04792,LG04793,11.000
LG04793,LG04794,4.000
LG04794,LG04795,5.000
LG04795,LG04796,6.000
LG04796,LG04797,7.000
LG04797,LG04798,8.000
LG04798,LG04799,9.000
LG04799,LG04800,10.000
LG04800,LG04801,11.000
LG04801,LG04802,4.000
LG04802,LG04803,5.000
LG04803,LG04804,6.000
LG04804,LG04805,7.000
LG04805,LG04806,8.000
LG04806,LG04807,9.000
LG04807,LG04808,10.000
LG04808,LG04809,11.000
LG04809,LG04810,4.000
LG04810,LG04811,5.000
LG04811,LG04812,6.000
LG04812,LG04813,7.000
LG04813,LG04814,8.000
LG04814,LG04815,9.000
LG04815,LG04816,10.000
LG04816,LG04817,11.000
LG04817,LG04818,4.000
LG04818,LG04819,5.000
LG04819,LG04820,6.000
LG04820,LG04821,7.000
LG04821,LG04822,8.000
LG04822,LG04823,9.000
LG04823,LG04824,10.000
LG04824,LG04825,11.000
LG04825,LG04826,4.000
LG04826,LG04827,5.000
LG04827,LG04828,6.000
LG04828,LG04829,7.000
LG04829,LG04830,8.000
LG04830,LG04831,9.000
LG04831,LG04832,10.000
LG04832,LG04833,11.000
LG04833,LG04834,4.000
LG04834,LG04835,5.000
LG04835,LG04836,6.000
LG04836,LG04837,7.000
LG04837,LG04838,8.000
LG04838,LG04839,9.000
LG04839,LG04840,10.000
LG04840,LG04841,11.000
LG04841,LG04842,4.000
LG04842,LG04843,5.000
LG04843,LG04844,6.000
LG04844,LG04845,7.000
LG04845,LG04846,8.000
LG04846,LG04847,9.000
LG04847,LG04848,10.000
LG04848,LG04849,11.000
LG04849,LG04850,4.000
LG04850,LG04851,5.000
LG04851,LG04852,6.000
LG04852,LG04853,7.000
LG04853,LG04854,8.000
LG04854,LG04855,9.000
LG04855,LG04856,10.000
LG04856,LG04857,11.000
LG04857,LG04858,4.000
LG04858,LG04859,5.000
LG04859,LG04860,6.000
LG04860,LG04861,7.000
LG04861,LG04862,8.000
LG04862,LG04863,9.000
LG04863,LG04864,10.000
LG04864,LG04865,11.000
LG04865,LG04866,4.000
LG04866,LG04867,5.000
LG04867,LG04868,6.000
LG04868,LG04869,7.000
LG04869,LG04870,8.000
LG04870,LG04871,9.000
LG04871,LG04872,10.000
LG04872,LG04873,11.000
LG04873,LG04874,4.000
LG04874,LG04875,5.000
LG04875,LG04876,6.000
LG04876,LG04877,7.000
LG04877,LG04878,8.000
LG04878,LG04879,9.000
LG04879,LG04880,10.000
LG04880,LG04881,11.000
LG04881,LG04882,4.000
LG04882,LG04883,5.000
LG04883,LG04884,6.000
LG04884,LG04885,7.000
LG04885,LG04886,8.000
LG04886,LG04887,9.000
LG04887,LG04888,10.000
LG04888,LG04889,11.000
LG04889,LG04890,4.000
LG04890,LG04891,5.000
LG04891,LG04892,6.000
LG04892,LG04893,7.000
LG04893,LG04894,8.000
LG04894,LG04895,9.000
LG04895,LG04896,10.000
LG04896,LG04897,11.000
LG04897,LG04898,4.000
LG04898,LG04899,5.000
LG04899,LG04900,6.000
LG04900,LG04901,7.000
LG04901,LG04902,8.000
LG04902,LG04903,9.000
LG04903,LG04904,10.000
LG04904,LG04905,11.000
LG04905,LG04906,4.000
LG04906,LG04907,5.000
LG04907,LG04908,6.000
LG04908,LG04909,7.000
LG04909,LG04910,8.000
LG04910,LG04911,9.000
LG04911,LG04912,10.000
LG04912,LG04913,11.000
LG04913,LG04914,4.000
LG04914,LG04915,5.000
LG04915,LG04916,6.000
LG04916,LG04917,7.000
LG04917,LG04918,8.000
LG04918,LG04919,9.000
LG04919,LG04920,10.000
LG04920,LG04921,11.000
LG04921,LG04922,4.000
LG04922,LG04923,5.000
LG04923,LG04924,6.000
LG04924,LG04925,7.000
LG04925,LG04926,8.000
LG04926,LG04927,9.000
LG04927,LG04928,10.000
LG04928,LG04929,11.000
LG04929,LG04930,4.000
LG04930,LG04931,5.000
LG04931,LG04932,6.000
LG04932,LG04933,7.000
LG04933,LG04934,8.000
LG04934,LG04935,9.000
LG04935,LG04936,10.000
LG04936,LG04937,11.000
LG04937,LG04938,4.000
LG04938,LG04939,5.000
LG04939,LG04940,6.000
LG04940,LG04941,7.000
LG04941,LG04942,8.000
LG04942,LG04943,9.000
LG04943,LG04944,10.000
LG04944,LG04945,11.000
LG04945,LG04946,4.000
LG04946,LG04947,5.000
LG04947,LG04948,6.000
LG04948,LG04949,7.000
LG04949,LG04950,8.000
LG04950,LG04951,9.000
LG04951,LG04952,10.000
LG04952,LG04953,11.000
LG04953,LG04954,4.000
LG04954,LG04955,5.000
LG04955,LG04956,6.000
LG04956,LG04957,7.000
LG04957,LG04958,8.000
LG04958,LG04959,9.000
LG04959,LG04960,10.000
LG04960,LG04961,11.000
LG04961,LG04962,4.000
LG04962,LG04963,5.000
LG04963,LG04964,6.000
LG04964,LG04965,7.000
LG04965,LG04966,8.000
LG04966,LG04967,9.000
LG04967,LG04968,10.000
LG04968,LG04969,11.000
LG04969,LG04970,4.000
LG04970,LG04971,5.000
LG04971,LG04972,6.000
LG04972,LG04973,7.000
LG04973,LG04974,8.000
LG04974,LG04975,9.000
LG04975,LG04976,10.000
LG04976,LG04977,11.000
LG04977,LG04978,4.000
LG04978,LG04979,5.000
LG04979,LG04980,6.000
LG04980,LG04981,7.000
LG04981,LG04982,8.000
LG04982,LG04983,9.000
LG04983,LG04984,10.000
LG04984,LG04985,11.000
LG04985,LG04986,4.000
LG04986,LG04987,5.000
LG04987,LG04988,6.000
LG04988,LG04989,7.000
LG04989,LG04990,8.000
LG04990,LG04991,9.000
LG04991,LG04992,10.000
LG04992,LG04993,11.000
LG04993,LG04994,4.000
LG04994,LG04995,5.000
LG04995,LG04996,6.000
LG04996,LG04997,7.000
LG04997,LG04998,8.000
LG04998,LG04999,9.000
LG04999,LG05000,10.000
LG00001,LG05000,11.000
LG00997,LG01064,8.000
LG00413,LG00433,6.000
LG03952,LG03985,7.000
LG00857,LG00880,11.000
LG02198,LG02214,12.000
LG04514,LG04527,8.000
LG00809,LG00894,6.000
LG00258,LG00328,11.000
LG00060,LG04977,11.000
LG00198,LG00216,8.000
LG00293,LG00384,8.000
LG03700,LG03713,12.000
LG03898,LG03903,12.000
LG01829,LG01839,6.000
LG03496,LG03499,6.000
LG04312,LG04328,8.000
LG00086,LG00140,11.000
LG03505,LG03518,12.000
LG02738,LG02795,10.000
LG01802,LG01844,6.000
LG03797,LG03888,8.000
LG00919,LG00958,8.000
LG02125,LG02195,12.000
LG01189,LG01228,7.000
LG04511,LG04568,8.000
LG01851,LG01872,6.000
LG02625,LG02720,12.000
LG01997,LG02004,9.000
LG04094,LG04127,11.000
LG01793,LG01812,11.000
LG02830,LG02880,11.000
LG02542,LG02583,9.000
LG04833,LG04864,6.000
LG02416,LG02454,8.000
LG02834,LG02914,10.000
LG00155,LG00230,12.000
LG00379,LG00452,6.000
LG01893,LG01948,8.000
LG04887,LG04944,10.000
LG04463,LG04521,11.000
LG03908,LG03921,12.000
LG02285,LG02334,6.000
LG00752,LG00800,7.000
LG02073,LG02119,10.000
LG04038,LG04133,12.000
LG00496,LG00590,12.000
LG01951,LG02046,7.000
LG02283,LG02302,10.000
LG00305,LG00402,12.000
LG00512,LG00570,6.000
LG00289,LG00319,9.000
LG04671,LG04703,11.000
LG01235,LG01281,12.000
LG00931,LG01025,8.000
LG02364,LG02402,9.000
LG00673,LG00728,10.000
LG04320,LG04330,12.000
LG02992,LG03049,9.000
LG02963,LG02994,6.000
LG02510,LG02581,9.000
LG03443,LG03511,6.000
LG00612,LG00650,6.000
LG03517,LG03565,10.000
LG04070,LG04103,11.000
LG00537,LG00582,10.000
LG00147,LG00172,11.000
LG03049,LG03120,6.000
LG04616,LG04618,6.000
LG04547,LG04607,8.000
LG03875,LG03931,7.000
LG00275,LG00362,9.000
LG02406,LG02428,7.000
LG01964,LG02037,6.000
LG02423,LG02477,6.000
LG01786,LG01865,7.000
LG01619,LG01622,10.000
LG04506,LG04525,12.000
LG02635,LG02658,6.000
LG02475,LG02531,9.000
LG02154,LG02235,12.000
LG00723,LG00728,6.000
LG03602,LG03621,9.000
LG00648,LG00690,9.000
LG03206,LG03255,11.000
LG04577,LG04672,8.000
LG04853,LG04888,7.000
LG01471,LG01562,11.000
LG02686,LG02699,12.000
LG00306,LG00374,7.000
LG01924,LG01978,6.000
LG03682,LG03691,11.000
LG00881,LG00908,6.000
LG04101,LG04177,6.000
LG00812,LG00867,11.000
LG00752,LG00792,12.000
LG02939,LG03016,8.000
LG04399,LG04429,10.000
LG04023,LG04115,8.000
LG03896,LG03950,7.000
LG01046,LG01067,11.000
LG03853,LG03888,6.000
LG02216,LG02292,9.000
LG00622,LG00679,6.000
LG03406,LG03444,11.000
LG02252,LG02311,7.000
LG01674,LG01691,11.000
LG03729,LG03740,11.000
LG03384,LG03392,12.000
LG00957,LG00974,7.000
LG04084,LG04098,9.000
LG01938,LG02034,12.000
LG03420,LG03453,11.000
LG00635,LG00699,9.000
LG01356,LG01384,10.000
LG04563,LG04586,12.000
LG04566,LG04581,10.000
LG00356,LG00380,9.000
LG04477,LG04503,8.000
LG03911,LG03942,6.000
LG03771,LG03834,12.000
LG02333,LG02416,12.000
LG01622,LG01710,7.000
LG00313,LG00407,6.000
LG02259,LG02322,11.000
LG02854,LG02860,9.000
LG02020,LG02101,12.000
LG00976,LG01008,9.000
LG04620,LG04676,9.000
LG01221,LG01235,11.000
LG03288,LG03343,12.000
LG00069,LG00147,10.000
LG04458,LG04551,6.000
LG04711,LG04758,8.000
LG01247,LG01298,8.000
LG03714,LG03737,11.000
LG03733,LG03827,12.000
LG03892,LG03915,12.000
LG02427,LG02486,10.000
LG04810,LG04816,12.000
LG04119,LG04191,6.000
LG03808,LG03889,7.000
LG00757,LG00770,10.000
LG03849,LG03912,8.000
LG00027,LG00078,6.000
LG02853,LG02948,8.000
LG01182,LG01204,9.000
LG03170,LG03264,9.000
LG04115,LG04190,7.000
LG02371,LG02465,12.000
LG04175,LG04188,6.000
LG03294,LG03315,7.000
LG02427,LG02504,9.000
LG01277,LG01340,10.000
LG01390,LG01477,11.000
LG01278,LG01298,12.000
LG02496,LG02556,12.000
LG01256,LG01290,12.000
LG03938,LG03985,6.000
LG02269,LG02324,10.000
LG04034,LG04039,9.000
LG04324,LG04364,8.000
LG01015,LG01032,7.000
LG01649,LG01746,8.000
LG03067,LG03085,8.000
LG00804,LG00839,9.000
LG02881,LG02961,7.000
LG01481,LG01495,11.000
LG01612,LG01699,7.000
LG02020,LG02097,10.000
LG03399,LG03458,12.000
LG01145,LG01232,11.000
LG01277,LG01370,11.000
LG03246,LG03293,6.000
LG03647,LG03728,11.000
LG03360,LG03387,7.000
LG00375,LG00452,9.000
LG03706,LG03732,11.000
LG04317,LG04343,10.000
LG02998,LG03088,11.000
LG00419,LG00438,10.000
LG01684,LG01754,11.000
LG00898,LG00906,12.000
LG02367,LG02374,8.000
LG04105,LG04134,9.000
LG04033,LG04113,11.000
LG01859,LG01883,11.000
LG02891,LG02939,11.000
LG03145,LG03223,12.000
LG00624,LG00713,11.000
LG01348,LG01445,9.000
LG04352,LG04422,11.000
LG00561,LG00576,11.000
LG00542,LG00611,8.000
LG04107,LG04179,12.000
LG04109,LG04177,9.000
LG03290,LG03303,6.000
LG03077,LG03103,12.000
LG01606,LG01647,7.000
LG00029,LG04989,8.000
LG02220,LG02241,9.000
LG02788,LG02797,10.000
LG04636,LG04671,11.000
LG01743,LG01778,12.000
LG03013,LG03061,7.000
LG04221,LG04297,9.000
LG03825,LG03838,10.000
LG02262,LG02342,12.000
LG02319,LG02334,6.000
LG03035,LG03123,8.000
LG00828,LG00891,12.000
LG00963,LG01003,11.000
LG00248,LG00305,9.000
LG01626,LG01720,10.000
LG04173,LG04265,10.000
LG03019,LG03032,9.000
LG01208,LG01302,11.000
LG03511,LG03584,10.000
LG04990,LG04998,8.000
LG04355,LG04363,11.000
LG01464,LG01525,8.000
LG02041,LG02078,6.000
LG04113,LG04123,7.000
LG03587,LG03649,8.000
LG03029,LG03069,9.000
LG00228,LG00301,11.000
LG03291,LG03317,9.000
LG03314,LG03358,8.000
LG04748,LG04785,6.000
LG04742,LG04777,6.000
LG04490,LG04562,12.000
LG04449,LG04537,11.000
LG02690,LG02787,7.000
LG03363,LG03418,7.000
LG02513,LG02560,7.000
LG03502,LG03568,9.000
LG03187,LG03279,10.000
LG01448,LG01528,12.000
LG02441,LG02445,12.000
LG03987,LG04039,11.000
LG03163,LG03175,8.000
LG04200,LG04246,6.000
LG04607,LG04662,10.000
LG04376,LG04447,11.000
LG03573,LG03616,8.000
LG02791,LG02800,10.000
LG01108,LG01137,6.000
LG01281,LG01318,9.000
LG03095,LG03164,7.000
LG03635,LG03680,12.000
LG04070,LG04074,12.000
LG02764,LG02835,11.000
LG00415,LG00449,7.000
LG01356,LG01430,9.000
LG02168,LG02232,9.000
LG02976,LG03018,12.000
LG04722,LG04811,6.000
LG02248,LG02288,10.000
LG03126,LG03188,9.000
LG00516,LG00596,8.000
LG00266,LG00346,9.000
LG01279,LG01348,8.000
LG01178,LG01269,6.000
LG04211,LG04236,7.000
LG02103,LG02148,6.000
LG01929,LG01960,7.000
LG04731,LG04738,8.000
LG01213,LG01274,11.000
LG01362,LG01434,11.000
LG04411,LG04417,11.000
LG00722,LG00801,8.000
LG03607,LG03695,8.000
LG04669,LG04753,10.000
LG04076,LG04138,6.000
LG03376,LG03390,6.000
LG00936,LG00958,6.000
LG03571,LG03627,7.000
LG03041,LG03072,12.000
LG01386,LG01419,12.000
LG02322,LG02376,8.000
LG01076,LG01123,12.000
LG04347,LG04406,12.000
LG03715,LG03732,8.000
LG03103,LG03173,10.000
LG03661,LG03667,12.000
LG04184,LG04230,12.000
LG00532,LG00610,11.000
LG02162,LG02209,9.000
LG03375,LG03410,12.000
LG03983,LG04050,9.000
LG01998,LG02068,12.000
LG02362,LG02404,8.000
LG00871,LG00940,9.000
LG00429,LG00454,10.000
LG03893,LG03976,8.000
LG02765,LG02844,10.000
LG01498,LG01579,11.000
LG02683,LG02691,8.000
LG00321,LG00385,11.000
LG02555,LG02604,7.000
LG02802,LG02816,7.000
LG02355,LG02389,6.000
LG00063,LG04973,6.000
LG02837,LG02907,9.000
LG03049,LG03058,7.000
LG03051,LG03073,11.000
LG03685,LG03732,9.000
LG03733,LG03756,7.000
LG01621,LG01635,7.000
LG02501,LG02578,9.000
LG02270,LG02275,10.000
LG00453,LG00473,11.000
LG03414,LG03447,9.000
LG01603,LG01649,6.000
LG04870,LG04967,6.000
LG03247,LG03327,8.000
LG00569,LG00635,10.000
LG00905,LG00936,9.000
LG04299,LG04381,11.000
LG02429,LG02474,9.000
LG01179,LG01274,8.000
LG01332,LG01403,11.000
LG02119,LG02154,8.000
LG00887,LG00969,7.000
LG00792,LG00850,12.000
LG02204,LG02284,7.000
LG02437,LG02441,10.000
LG02743,LG02818,7.000
LG03864,LG03911,6.000
LG00840,LG00860,8.000
LG04640,LG04665,9.000
LG03099,LG03107,8.000
LG03477,LG03497,7.000
LG04295,LG04386,8.000
LG01579,LG01584,7.000
LG00029,LG00125,12.000
LG03968,LG03978,9.000
LG00033,LG00053,9.000
LG00911,LG00971,8.000
LG01249,LG01261,6.000
LG02304,LG02363,6.000
LG03564,LG03618,10.000
LG03601,LG03605,7.000
LG04127,LG04185,9.000
LG00325,LG00364,7.000
LG02375,LG02377,12.000
LG04807,LG04856,9.000
LG03962,LG03997,6.000
LG01210,LG01302,7.000
LG01665,LG01711,6.000
LG03640,LG03667,6.000
LG01701,LG01727,12.000
LG04775,LG04835,10.000
LG03707,LG03787,11.000
LG04533,LG04562,10.000
LG03517,LG03585,12.000
LG02464,LG02501,8.000
LG03876,LG03892,7.000
LG04190,LG04260,6.000
LG00916,LG00919,12.000
LG04145,LG04221,10.000
LG02629,LG02698,10.000
LG04376,LG04405,12.000
LG01305,LG01371,7.000
LG00058,LG00140,7.000
LG04009,LG04055,9.000
LG02001,LG02098,12.000
LG00178,LG00182,8.000
LG02547,LG02619,12.000
LG02441,LG02507,12.000
LG04261,LG04316,7.000
LG02353,LG02379,9.000
LG03406,LG03481,8.000
LG00887,LG00937,11.000
LG02797,LG02864,6.000
LG00934,LG01011,9.000
LG03981,LG04065,12.000
LG04650,LG04729,12.000
LG02126,LG02135,6.000
LG03904,LG03918,10.000
LG01357,LG01400,11.000
LG01375,LG01427,11.000
LG03808,LG03888,9.000
LG04543,LG04551,8.000
LG00259,LG00324,9.000
LG04039,LG04079,10.000
LG04108,LG04134,11.000
LG03068,LG03130,6.000
LG01524,LG01549,8.000
LG00071,LG04987,8.000
LG04110,LG04195,11.000
LG03197,LG03224,11.000
LG04237,LG04263,6.000
LG00297,LG00323,9.000
LG02542,LG02608,11.000
LG03527,LG03540,11.000
LG04921,LG05000,11.000
LG00042,LG00136,9.000
LG02779,LG02866,11.000
LG04919,LG04957,8.000
LG03356,LG03404,12.000
LG01214,LG01303,12.000
LG01768,LG01794,8.000
LG01309,LG01315,11.000
LG00914,LG00990,6.000
LG01393,LG01442,6.000
LG04856,LG04861,12.000
LG02608,LG02667,7.000
LG03503,LG03506,10.000
LG02432,LG02441,8.000
LG01756,LG01818,12.000
LG04622,LG04671,8.000
LG02485,LG02540,9.000
LG04713,LG04759,12.000
LG00132,LG00172,6.000
LG02159,LG02193,9.000
LG03181,LG03196,6.000
LG03772,LG03777,8.000
LG04544,LG04635,11.000
LG02749,LG02779,6.000
LG01810,LG01887,12.000
LG02342,LG02387,9.000
LG04733,LG04749,6.000
LG04640,LG04733,9.000
LG02989,LG03036,8.000
LG02105,LG02118,12.000
LG03482,LG03556,8.000
LG04006,LG04080,8.000
LG01142,LG01208,11.000
LG00702,LG00784,7.000
LG00530,LG00625,7.000
LG02529,LG02617,11.000
LG00421,LG00457,12.000
LG00803,LG00831,8.000
LG00294,LG00353,8.000
LG02770,LG02858,7.000
LG04020,LG04030,10.000
LG04272,LG04293,6.000
LG02352,LG02435,7.000
LG00023,LG00084,8.000
LG04968,LG04991,7.000
LG00741,LG00808,6.000
LG00002,LG04954,6.000
LG00553,LG00582,8.000
LG01776,LG01828,12.000
LG01121,LG01185,12.000
LG03017,LG03031,6.000
LG02397,LG02474,10.000
LG03541,LG03600,6.000
LG02866,LG02909,11.000
LG03365,LG03458,7.000
LG01156,LG01192,11.000
LG00365,LG00447,12.000
LG00014,LG00047,10.000
LG01173,LG01261,10.000
LG04436,LG04465,8.000
LG01205,LG01214,12.000
LG02329,LG02354,12.000
LG02865,LG02900,11.000
LG04877,LG04922,8.000
LG02504,LG02583,9.000
LG04067,LG04156,12.000
LG01952,LG02023,7.000
LG02923,LG02989,11.000
LG02221,LG02316,7.000
LG04177,LG04208,8.000
LG00531,LG00577,7.000
LG01778,LG01804,9.000
LG00118,LG00165,10.000
LG00977,LG01000,8.000
LG00440,LG00499,11.000
LG03192,LG03211,10.000
LG01404,LG01495,10.000
LG00609,LG00623,12.000
LG04304,LG04346,10.000
LG04025,LG04110,8.000
LG02111,LG02152,6.000
LG04808,LG04888,12.000
LG02950,LG02985,9.000
LG04743,LG04781,11.000
LG00795,LG00815,9.000
LG04797,LG04840,8.000
LG01928,LG02015,12.000
LG02279,LG02328,11.000
LG02437,LG02499,8.000
LG04339,LG04415,12.000
LG01122,LG01143,12.000
LG00922,LG00949,11.000
LG01639,LG01716,11.000
LG01261,LG01281,9.000
LG02692,LG02762,10.000
LG01161,LG01217,10.000
LG03490,LG03534,7.000
LG02976,LG03014,10.000
LG03819,LG03898,7.000
LG02659,LG02665,7.000
LG01687,LG01737,9.000
LG02819,LG02886,8.000
LG01996,LG02061,7.000
LG03767,LG03819,8.000
LG04806,LG04815,10.000
LG00229,LG00235,10.000
LG01849,LG01892,10.000
LG01270,LG01311,9.000
LG02795,LG02858,7.000
LG04088,LG04142,9.000
LG03720,LG03785,9.000
LG00257,LG00272,6.000
LG02076,LG02087,10.000
LG04748,LG04762,9.000
LG00494,LG00549,6.000
LG00324,LG00360,12.000
LG03850,LG03912,8.000
LG01556,LG01561,9.000
LG00413,LG00443,8.000
LG00498,LG00540,10.000
LG01473,LG01539,8.000
LG03921,LG04016,8.000
LG04850,LG04930,11.000
LG01572,LG01634,11.000
LG04002,LG04044,10.000
LG00210,LG00230,10.000
LG01289,LG01343,10.000
LG00775,LG00872,12.000
LG04287,LG04349,12.000
LG00037,LG00118,10.000
LG02982,LG02995,9.000
LG04933,LG04999,7.000
LG01204,LG01274,12.000
LG01729,LG01750,8.000
LG03036,LG03127,6.000
LG04563,LG04582,11.000
LG01884,LG01916,12.000
LG03014,LG03020,7.000
LG01890,LG01912,11.000
LG02552,LG02572,10.000
LG01075,LG01168,11.000
LG04244,LG04316,10.000
LG03443,LG03533,8.000
LG02359,LG02408,10.000
LG00960,LG00990,7.000
LG04680,LG04693,6.000
LG01291,LG01342,6.000
LG01908,LG01933,11.000
LG01069,LG01092,10.000
LG03652,LG03689,10.000
LG02832,LG02897,11.000
LG00581,LG00663,9.000
LG04125,LG04207,8.000
LG04627,LG04724,9.000
LG00207,LG00228,6.000
LG03002,LG03089,12.000
LG00037,LG04953,8.000
LG01498,LG01508,8.000
LG03310,LG03315,12.000
LG04523,LG04539,8.000
LG00788,LG00814,8.000
LG02623,LG02648,8.000
LG01373,LG01444,6.000
LG04586,LG04628,9.000
LG02609,LG02701,9.000
LG04422,LG04503,9.000
LG00825,LG00828,6.000
LG00380,LG00448,12.000
LG03357,LG03452,12.000
LG02582,LG02630,8.000
LG03450,LG03502,9.000
LG04474,LG04491,7.000
LG00134,LG00187,9.000
LG00157,LG00170,7.000
LG00041,LG00073,12.000
LG01333,LG01415,6.000
LG03756,LG03810,8.000
LG03109,LG03179,8.000
LG01059,LG01073,9.000
LG03904,LG03982,10.000
LG00265,LG00348,7.000
LG00106,LG00176,12.000
LG02024,LG02065,12.000
LG02689,LG02736,12.000
LG00251,LG00282,6.000
LG04593,LG04671,7.000
LG02618,LG02671,11.000
LG00967,LG00999,6.000
LG03110,LG03118,10.000
LG03467,LG03504,9.000
LG04741,LG04818,8.000
LG01100,LG01192,7.000
LG04584,LG04586,11.000
LG02870,LG02967,12.000
LG00999,LG01089,8.000
LG03094,LG03139,7.000
LG02194,LG02206,7.000
LG02928,LG02992,7.000
LG01367,LG01423,9.000
LG02824,LG02878,8.000
LG04430,LG04447,6.000
LG04452,LG04504,9.000
LG01995,LG02058,7.000
LG03613,LG03685,11.000
LG00812,LG00828,7.000
LG01925,LG01998,11.000
LG01412,LG01458,11.000
LG01067,LG01126,12.000
LG01158,LG01180,6.000
LG03307,LG03330,12.000
LG00597,LG00652,11.000
LG02361,LG02370,12.000
LG03705,LG03799,8.000
LG03457,LG03503,6.000
LG04655,LG04748,10.000
LG02375,LG02384,10.000
LG02907,LG02965,9.000
LG04218,LG04243,8.000
LG00089,LG00158,6.000
LG00365,LG00460,11.000
LG04040,LG04049,8.000
LG00469,LG00488,9.000
LG02891,LG02976,9.000
LG02094,LG02174,12.000
LG02973,LG03016,11.000
LG02684,LG02767,12.000
LG03949,LG03969,9.000
LG03578,LG03599,12.000
LG00702,LG00772,11.000
LG02794,LG02881,9.000
LG04492,LG04515,8.000
LG03892,LG03917,9.000
LG03515,LG03544,8.000
LG01404,LG01426,11.000
LG00569,LG00621,8.000
LG00686,LG00695,11.000
LG00905,LG00966,8.000
LG00661,LG00695,6.000
LG01782,LG01822,7.000
LG03345,LG03416,9.000
LG04565,LG04616,7.000
LG03310,LG03345,10.000
LG00781,LG00795,8.000
LG00006,LG04969,10.000
LG03111,LG03171,11.000
LG04760,LG04780,11.000
LG01221,LG01284,8.000
LG00578,LG00619,11.000
LG03355,LG03407,6.000
LG01167,LG01175,6.000
LG03202,LG03229,9.000
LG00233,LG00298,10.000
LG00264,LG00266,9.000
LG02876,LG02905,11.000
LG01400,LG01480,8.000
LG01980,LG02051,7.000
LG03955,LG04041,6.000
LG03733,LG03825,6.000
LG02386,LG02409,7.000
LG00798,LG00833,9.000
LG03330,LG03411,11.000
LG03082,LG03173,8.000
LG03860,LG03914,6.000
LG00971,LG01003,7.000
LG02225,LG02238,12.000
LG03489,LG03537,7.000
LG04793,LG04877,9.000
LG00550,LG00566,9.000
LG00160,LG00243,11.000
LG03492,LG03516,6.000
LG01705,LG01767,11.000
LG02838,LG02904,6.000
LG01079,LG01124,8.000
LG00920,LG00942,7.000
LG02564,LG02602,12.000
LG01058,LG01085,9.000
LG04657,LG04697,12.000
LG03583,LG03640,12.000
LG01044,LG01120,10.000
LG03633,LG03659,7.000
LG01061,LG01092,6.000
LG00371,LG00459,12.000
LG00118,LG00168,8.000
LG03750,LG03843,7.000
LG01257,LG01264,10.000
LG02074,LG02087,10.000
LG00237,LG00296,6.000
LG03127,LG03140,7.000
LG01232,LG01287,11.000
LG02452,LG02534,11.000
LG03555,LG03645,7.000
LG01155,LG01238,10.000
LG04730,LG04743,11.000
LG01368,LG01396,8.000
LG01957,LG01966,7.000
LG01838,LG01866,10.000
LG00375,LG00447,7.000
LG03019,LG03036,12.000
LG02868,LG02873,9.000
LG02205,LG02270,6.000
LG00279,LG00360,10.000
LG03563,LG03604,6.000
LG03061,LG03074,10.000
LG02110,LG02153,7.000
LG03503,LG03591,7.000
LG03705,LG03733,11.000
LG01979,LG01988,6.000
LG01599,LG01657,8.000
LG03968,LG04019,8.000
LG03013,LG03060,11.000
LG02275,LG02334,11.000
LG03261,LG03300,9.000
LG03691,LG03732,10.000
LG04027,LG04054,10.000
LG01577,LG01619,8.000
LG03233,LG03253,12.000
LG03447,LG03497,12.000
LG00464,LG00535,6.000
LG00697,LG00762,8.000
LG00793,LG00795,10.000
LG04211,LG04258,6.000
LG00042,LG00087,11.000
LG04775,LG04813,7.000
LG02690,LG02780,6.000
LG04003,LG04081,8.000
LG03748,LG03807,8.000
LG00099,LG00128,12.000
LG04662,LG04731,11.000
LG00984,LG01040,11.000
LG04573,LG04669,11.000
LG00571,LG00586,8.000
LG03788,LG03796,11.000
LG04916,LG04976,7.000
LG00033,LG00084,6.000
LG04061,LG04087,11.000
LG01613,LG01661,8.000
LG00345,LG00398,10.000
LG03998,LG04041,6.000
LG00135,LG00151,12.000
LG04204,LG04248,9.000
LG01124,LG01196,10.000
LG04650,LG04731,10.000
LG01895,LG01929,7.000
LG01576,LG01638,7.000
LG02117,LG02183,9.000
LG01598,LG01656,12.000
LG00896,LG00964,6.000
LG00143,LG00192,8.000
LG00214,LG00282,7.000
LG01464,LG01543,11.000
LG00403,LG00489,8.000
LG03126,LG03212,6.000
LG03001,LG03049,9.000
LG02469,LG02483,12.000
LG03446,LG03533,8.000
LG00084,LG00091,7.000
LG04708,LG04775,6.000
LG04828,LG04895,9.000
LG03430,LG03491,9.000
LG03001,LG03015,7.000
LG00277,LG00310,10.000
LG00051,LG04998,8.000
LG01260,LG01353,7.000
LG02581,LG02642,12.000
LG04678,LG04713,9.000
LG03078,LG03157,12.000
LG04242,LG04331,8.000
LG04692,LG04773,10.000
LG00817,LG00901,11.000
LG03898,LG03991,7.000
LG03222,LG03296,8.000
LG03125,LG03145,11.000
LG00660,LG00701,9.000
LG03610,LG03686,8.000
LG00710,LG00725,12.000
LG01083,LG01162,6.000
LG00414,LG00439,6.000
LG04811,LG04828,8.000
LG03970,LG04039,9.000
LG00080,LG00150,11.000
LG01892,LG01900,7.000
LG04508,LG04576,11.000
LG03308,LG03366,9.000
LG01166,LG01239,11.000
LG03414,LG03439,7.000
LG00465,LG00521,6.000
LG02047,LG02141,10.000
LG04662,LG04664,12.000
LG04853,LG04870,8.000
LG02733,LG02779,7.000
LG00920,LG00966,6.000
LG00806,LG00823,9.000
LG02678,LG02690,6.000
LG03404,LG03438,11.000
LG00869,LG00964,12.000
LG00002,LG00035,10.000
LG02125,LG02151,10.000
LG03888,LG03908,6.000
LG04472,LG04512,8.000
LG02582,LG02584,6.000
LG04832,LG04854,7.000
LG00270,LG00319,9.000
LG02506,LG02532,10.000
LG04256,LG04305,11.000
LG01561,LG01607,8.000
LG03527,LG03583,6.000
LG03357,LG03372,7.000
LG04677,LG04751,6.000
LG00857,LG00917,6.000
LG02659,LG02678,7.000
LG04273,LG04328,10.000
LG02783,LG02832,10.000
LG00768,LG00781,6.000
LG00042,LG00079,8.000
LG04691,LG04748,9.000
LG03843,LG03858,11.000
LG01967,LG01995,11.000
LG04527,LG04613,6.000
LG03131,LG03162,7.000
LG04385,LG04461,9.000
LG01901,LG01921,6.000
LG04104,LG04108,7.000
LG00370,LG00386,11.000
LG02417,LG02456,9.000
LG00815,LG00845,9.000
LG01166,LG01241,10.000
LG02909,LG02948,7.000
LG01614,LG01707,11.000
LG01771,LG01833,12.000
LG04669,LG04692,6.000
LG01943,LG01992,7.000
LG04408,LG04413,6.000
LG03008,LG03084,10.000
LG04744,LG04756,7.000
LG04331,LG04352,6.000
LG00130,LG00153,12.000
LG02266,LG02306,6.000
LG01547,LG01606,8.000
LG03299,LG03337,11.000
LG00643,LG00675,8.000
LG03928,LG03985,7.000
LG01403,LG01476,12.000
LG02855,LG02861,10.000
LG02134,LG02160,7.000
LG01082,LG01126,10.000
LG04532,LG04577,7.000
LG01162,LG01173,10.000
LG02978,LG02990,10.000
LG00877,LG00965,6.000
LG04918,LG04973,6.000
LG04333,LG04414,10.000
LG03859,LG03924,10.000
LG02768,LG02802,10.000
LG04096,LG04153,12.000
LG03408,LG03505,7.000
LG02563,LG02605,6.000
LG00522,LG00583,10.000
LG01928,LG01940,7.000
LG03473,LG03485,8.000
LG02117,LG02122,10.000
LG00083,LG00166,10.000
LG03645,LG03655,7.000
LG00179,LG00219,12.000
LG02185,LG02234,6.000
LG01664,LG01717,6.000
LG03716,LG03741,8.000
LG00120,LG00156,7.000
LG04920,LG04975,10.000
LG00669,LG00700,12.000
LG03335,LG03376,11.000
LG02827,LG02915,11.000
LG02657,LG02695,7.000
LG03310,LG03340,11.000
LG04566,LG04646,12.000
LG03348,LG03413,12.000
LG01155,LG01170,11.000
LG04028,LG04097,11.000
LG00458,LG00480,7.000
LG00657,LG00740,11.000
LG03281,LG03303,12.000
LG03066,LG03094,9.000
LG01668,LG01717,6.000
LG03365,LG03428,8.000
LG04326,LG04347,9.000
LG03823,LG03892,12.000
LG01381,LG01428,9.000
LG00488,LG00511,8.000
LG01368,LG01455,11.000
LG00832,LG00847,9.000
LG01596,LG01649,6.000
LG01229,LG01300,6.000
LG00353,LG00438,12.000
LG00480,LG00517,11.000
LG00051,LG00112,10.000
LG04030,LG04109,12.000
LG00822,LG00865,11.000
LG02823,LG02855,10.000
LG03348,LG03418,9.000
LG01374,LG01442,8.000
LG04442,LG04532,9.000
LG04113,LG04195,12.000
LG03069,LG03136,11.000
LG03062,LG03128,9.000
LG04787,LG04868,9.000
LG00890,LG00914,12.000
LG02939,LG02967,12.000
LG01959,LG02021,12.000
LG02009,LG02021,10.000
LG02752,LG02816,10.000
LG01315,LG01368,9.000
LG02439,LG02534,9.000
LG02356,LG02409,9.000
LG02159,LG02198,12.000
LG04569,LG04664,8.000
LG03017,LG03025,7.000
LG03673,LG03695,12.000
LG00888,LG00984,9.000
LG03144,LG03167,12.000
LG00896,LG00902,12.000
LG04342,LG04386,11.000
LG03985,LG04008,9.000
LG03344,LG03357,12.000
LG02423,LG02476,6.000
LG04306,LG04359,12.000
LG03336,LG03407,11.000
LG04143,LG04172,6.000
LG04674,LG04756,11.000
LG03114,LG03157,6.000
LG04213,LG04287,7.000
LG04566,LG04641,6.000
LG04672,LG04709,10.000
LG01152,LG01155,10.000
LG04399,LG04424,9.000
LG03445,LG03468,9.000
LG03952,LG04013,6.000
LG01488,LG01543,10.000
LG01757,LG01776,10.000
LG04578,LG04664,9.000
LG02474,LG02556,7.000
LG00999,LG01082,10.000
LG02352,LG02363,6.000
LG01614,LG01709,12.000
LG02103,LG02112,10.000
LG00694,LG00759,6.000
LG02484,LG02492,9.000
LG03183,LG03247,12.000
LG01157,LG01218,11.000
LG01425,LG01502,11.000
LG04239,LG04287,6.000
LG00090,LG00136,7.000
LG02744,LG02805,8.000
LG02390,LG02462,11.000
LG00421,LG00479,12.000
LG02611,LG02689,9.000
LG00881,LG00937,8.000
LG01099,LG01184,8.000
LG00977,LG01028,10.000
LG02188,LG02209,9.000
LG04618,LG04625,11.000
LG04750,LG04811,8.000
LG04263,LG04299,6.000
LG03063,LG03159,10.000
LG01671,LG01745,10.000
LG04144,LG04222,10.000
LG02778,LG02810,10.000
LG00671,LG00673,12.000
LG04274,LG04336,9.000
LG02610,LG02658,12.000
LG04204,LG04230,9.000
LG04805,LG04832,9.000
LG01257,LG01344,8.000
LG03568,LG03649,8.000
LG04883,LG04975,7.000
LG01882,LG01952,7.000
LG01568,LG01591,10.000
LG01678,LG01748,9.000
LG04073,LG04165,11.000
LG01835,LG01893,8.000
LG00730,LG00734,7.000
LG03749,LG03775,10.000
LG03604,LG03609,6.000
LG01435,LG01529,12.000
LG02972,LG02978,6.000
LG01803,LG01846,10.000
LG03785,LG03812,11.000
LG02101,LG02144,8.000
LG03005,LG03056,11.000
LG01996,LG02042,12.000
LG02681,LG02725,11.000
LG01471,LG01483,9.000
LG02697,LG02749,6.000
LG04308,LG04366,9.000
LG02106,LG02147,11.000
LG04298,LG04338,11.000
LG04106,LG04149,10.000
LG04157,LG04207,9.000
LG00003,LG04955,10.000
LG04475,LG04488,6.000
LG01631,LG01683,10.000
LG03392,LG03445,9.000
LG04728,LG04818,6.000
LG01207,LG01302,9.000
LG02250,LG02263,9.000
LG04300,LG04327,9.000
LG04350,LG04367,12.000
LG03662,LG03717,10.000
LG04083,LG04172,12.000
LG01584,LG01614,9.000
LG02659,LG02708,7.000
LG04615,LG04639,6.000
LG04761,LG04782,8.000
LG03452,LG03475,10.000
LG03164,LG03173,10.000
LG04914,LG04978,11.000
LG02347,LG02386,11.000
LG04266,LG04291,8.000
LG00924,LG00987,6.000
LG01785,LG01858,10.000
LG02778,LG02857,12.000
LG02402,LG02468,10.000
LG04681,LG04707,10.000
LG00292,LG00334,9.000
LG04074,LG04143,12.000
LG03257,LG03304,9.000
LG02576,LG02583,8.000
LG03495,LG03535,8.000
LG03790,LG03808,9.000
LG03567,LG03628,11.000
LG01088,LG01157,9.000
LG03098,LG03177,10.000
LG02456,LG02467,8.000
LG04461,LG04528,10.000
LG03027,LG03119,8.000
LG03637,LG03682,12.000
LG01974,LG02026,8.000
LG01921,LG01940,7.000
LG01711,LG01791,8.000
LG04510,LG04606,12.000
LG04226,LG04237,6.000
LG04573,LG04628,7.000
LG04680,LG04683,7.000
LG00382,LG00426,8.000
LG01353,LG01382,11.000
LG00038,LG04980,6.000
LG01554,LG01616,7.000
LG01776,LG01835,12.000
LG00468,LG00533,7.000
LG01853,LG01937,7.000
LG01889,LG01927,6.000
LG03897,LG03933,6.000
LG01759,LG01813,10.000
LG01861,LG01924,8.000
LG00162,LG00242,7.000
LG02967,LG02983,9.000
LG00240,LG00294,8.000
LG00958,LG01049,11.000
LG01214,LG01241,9.000
LG00643,LG00719,12.000
LG02616,LG02710,12.000
LG01393,LG01482,7.000
LG00789,LG00840,11.000
LG03296,LG03342,12.000
LG02010,LG02020,7.000
LG01839,LG01923,12.000
LG02003,LG02047,9.000
LG04214,LG04311,6.000
LG04528,LG04610,8.000
LG04296,LG04330,10.000
LG04878,LG04883,10.000
LG03002,LG03013,12.000
LG02901,LG02924,12.000
LG02703,LG02720,8.000
LG02277,LG02339,9.000
LG02756,LG02798,12.000
LG03686,LG03746,9.000
LG04423,LG04469,6.000
LG01862,LG01891,10.000
LG01786,LG01882,9.000
LG00758,LG00839,12.000
LG02030,LG02033,11.000
LG04934,LG04986,10.000
LG02940,LG03019,6.000
LG04085,LG04141,11.000
LG04060,LG04086,9.000
LG04263,LG04268,11.000
LG04828,LG04924,12.000
LG04014,LG04058,7.000
LG04659,LG04672,8.000
LG04262,LG04342,12.000
LG00497,LG00564,8.000
LG02552,LG02648,12.000
LG03292,LG03332,9.000
LG03121,LG03129,9.000
LG00344,LG00402,9.000
LG04381,LG04401,6.000
LG01936,LG01945,7.000
LG02762,LG02846,7.000
LG02321,LG02403,10.000
LG01587,LG01634,10.000
LG03432,LG03457,9.000
LG03717,LG03722,9.000
LG03725,LG03788,11.000
LG02342,LG02356,11.000
LG00919,LG00946,11.000
LG03293,LG03324,11.000
LG00127,LG00206,8.000
LG00019,LG00087,9.000
LG04510,LG04539,11.000
LG01628,LG01648,10.000
LG03225,LG03243,11.000
LG00471,LG00551,9.000
LG02653,LG02696,9.000
LG01516,LG01559,8.000
LG00680,LG00727,6.000
LG01473,LG01510,11.000
LG01826,LG01845,11.000
LG04076,LG04166,6.000
LG02221,LG02245,9.000
LG04544,LG04568,8.000
LG04504,LG04575,8.000
LG03663,LG03697,6.000
LG02579,LG02648,10.000
LG00647,LG00707,9.000
LG01565,LG01602,7.000
LG01602,LG01610,6.000
LG03029,LG03112,9.000
LG02486,LG02493,6.000
LG01552,LG01583,10.000
LG04612,LG04704,11.000
LG04608,LG04617,7.000
LG02407,LG02461,11.000
LG00475,LG00496,11.000
LG00046,LG00058,9.000
LG02285,LG02382,7.000
LG01111,LG01128,11.000
LG02056,LG02112,12.000
LG01274,LG01354,11.000
LG00648,LG00709,8.000
LG03688,LG03718,12.000
LG04609,LG04679,6.000
LG02848,LG02862,6.000
LG02889,LG02951,9.000
LG00686,LG00735,8.000
LG01968,LG02054,8.000
LG01294,LG01368,8.000
LG01150,LG01216,12.000
LG03215,LG03237,9.000
LG02125,LG02208,12.000
LG03645,LG03699,6.000
LG02510,LG02593,12.000
LG02305,LG02328,8.000
LG03522,LG03613,7.000
LG02068,LG02096,12.000
LG01175,LG01253,11.000
LG04026,LG04071,12.000
LG00150,LG00189,10.000
LG04202,LG04279,10.000
LG03656,LG03663,11.000
LG03071,LG03100,11.000
LG02881,LG02937,7.000
LG00066,LG00144,11.000
LG00059,LG04991,9.000
LG03820,LG03908,7.000
LG00713,LG00742,8.000
LG02637,LG02698,7.000
LG00303,LG00322,12.000
LG04096,LG04106,9.000
LG01842,LG01869,7.000
LG00471,LG00547,11.000
LG02238,LG02262,10.000
LG03109,LG03144,12.000
LG00732,LG00799,7.000
LG01967,LG02006,9.000
LG01090,LG01186,6.000
LG01315,LG01382,12.000
LG03611,LG03625,8.000
LG02132,LG02184,7.000
LG00648,LG00706,9.000
LG01183,LG01280,11.000
LG01065,LG01110,9.000
LG03969,LG03978,7.000
LG04072,LG04116,11.000
LG04101,LG04118,12.000
LG02637,LG02682,8.000
LG00337,LG00368,12.000
LG04893,LG04922,9.000
LG04628,LG04656,11.000
LG03346,LG03358,11.000
LG03044,LG03061,7.000
LG01708,LG01749,7.000
LG03503,LG03590,9.000
LG04837,LG04919,6.000
LG04652,LG04709,8.000
LG00238,LG00246,10.000
LG03574,LG03604,12.000
LG02213,LG02215,7.000
LG00414,LG00500,8.000
LG02516,LG02529,12.000
LG03895,LG03904,7.000
LG00837,LG00899,10.000
LG02582,LG02629,8.000
LG01774,LG01776,7.000
LG00528,LG00569,6.000
LG04886,LG04974,6.000
LG01655,LG01657,8.000
LG01092,LG01109,6.000
LG01612,LG01704,10.000
LG00097,LG00104,9.000
LG02738,LG02768,7.000
LG04829,LG04866,10.000
LG03895,LG03987,6.000
LG02998,LG03071,11.000
LG01302,LG01326,11.000
LG03062,LG03088,10.000
LG00660,LG00712,11.000
LG00028,LG04995,9.000
LG03883,LG03978,7.000
LG00530,LG00543,6.000
LG02221,LG02233,10.000
LG00911,LG00956,8.000
LG00528,LG00552,10.000
LG02799,LG02893,11.000
LG01393,LG01425,12.000
LG02843,LG02923,10.000
LG02035,LG02085,10.000
LG03649,LG03676,6.000
LG02626,LG02709,7.000
LG01452,LG01531,8.000
LG01271,LG01310,12.000
LG03916,LG04010,11.000
LG04722,LG04746,12.000
LG03027,LG03091,7.000
LG04131,LG04181,7.000
LG03255,LG03314,6.000
LG03289,LG03324,10.000
LG01959,LG01973,7.000
LG01927,LG01985,9.000
LG02585,LG02651,7.000
LG00388,LG00403,12.000
LG04457,LG04462,7.000
LG03249,LG03324,8.000
LG01179,LG01244,7.000
LG00003,LG00009,12.000
LG00636,LG00720,8.000
LG04609,LG04620,9.000
LG03650,LG03667,10.000
LG04297,LG04382,12.000
LG03329,LG03377,7.000
LG00395,LG00485,11.000
LG03298,LG03313,11.000
LG01790,LG01815,11.000
LG03225,LG03309,12.000
LG03960,LG04010,8.000
LG04572,LG04611,8.000
LG04913,LG05000,9.000
LG01206,LG01286,10.000
LG02854,LG02869,7.000
LG03622,LG03666,8.000
LG00580,LG00609,6.000
LG00046,LG04985,12.000
LG02540,LG02604,10.000
LG02170,LG02242,9.000
LG03722,LG03771,6.000
LG03402,LG03492,6.000
LG04102,LG04190,9.000
LG01201,LG01268,10.000
LG04948,LG04973,9.000
LG02992,LG03007,7.000
LG02766,LG02843,10.000
LG02185,LG02272,6.000
LG04748,LG04801,11.000
LG02685,LG02728,9.000
LG00277,LG00361,11.000
LG04841,LG04931,12.000
LG02920,LG02946,10.000
LG03742,LG03821,8.000
LG00417,LG00473,10.000
LG01653,LG01749,7.000
LG03140,LG03215,10.000
LG03291,LG03306,12.000
LG03224,LG03290,6.000
LG00635,LG00710,11.000
LG03838,LG03870,9.000
LG01072,LG01162,12.000
LG04706,LG04739,11.000
LG04087,LG04098,12.000
LG02819,LG02889,6.000
LG00250,LG00274,12.000
LG00087,LG00091,7.000
LG02301,LG02326,11.000
LG04284,LG04356,6.000
LG04396,LG04408,12.000
LG04905,LG04933,9.000
LG02481,LG02486,9.000
LG03185,LG03198,8.000
LG04023,LG04060,9.000
LG04474,LG04537,12.000
LG04339,LG04342,7.000
LG03076,LG03088,12.000
LG02245,LG02302,8.000
LG03546,LG03623,12.000
LG00116,LG00162,10.000
LG04891,LG04984,6.000
LG00457,LG00514,12.000
LG04183,LG04215,10.000
LG02999,LG03084,7.000
LG00316,LG00396,10.000
LG01124,LG01133,12.000
LG01169,LG01247,9.000
LG04185,LG04215,10.000
LG04674,LG04768,10.000
LG01044,LG01128,10.000
LG00484,LG00499,9.000
LG00057,LG00114,11.000
LG00506,LG00525,7.000
LG04689,LG04768,10.000
LG02648,LG02672,12.000
LG02227,LG02273,7.000
LG04254,LG04337,6.000
LG03501,LG03579,7.000
LG03978,LG04040,10.000
LG04410,LG04412,9.000
LG04730,LG04739,11.000
LG03223,LG03230,10.000
LG00064,LG00110,7.000
LG01377,LG01465,7.000
LG03291,LG03377,12.000
LG02656,LG02731,11.000
LG01998,LG02006,6.000
LG01475,LG01530,8.000
LG01887,LG01907,8.000
LG03430,LG03493,6.000
LG02156,LG02244,12.000
LG00426,LG00522,10.000
LG01409,LG01434,11.000
LG01651,LG01663,12.000
LG02591,LG02669,11.000
LG00415,LG00510,10.000
LG04001,LG04076,6.000
LG03548,LG03568,11.000
LG00320,LG00377,7.000
LG04692,LG04705,12.000
LG04276,LG04352,12.000
LG03455,LG03465,6.000
LG00055,LG00116,8.000
LG04160,LG04201,7.000
LG00580,LG00583,6.000
LG03765,LG03794,8.000
LG01184,LG01267,12.000
LG03708,LG03786,12.000
LG03755,LG03796,10.000
LG02690,LG02747,9.000
LG02034,LG02062,11.000
LG02250,LG02325,12.000
LG02049,LG02145,11.000
LG01954,LG01984,8.000
LG00731,LG00743,10.000
LG01719,LG01799,12.000
LG02111,LG02121,10.000
LG02769,LG02834,10.000
LG03184,LG03275,12.000
LG01493,LG01538,11.000
LG02236,LG02240,11.000
LG04713,LG04728,11.000
LG00002,LG00063,8.000
LG00993,LG01089,11.000
LG00281,LG00308,8.000
LG03350,LG03353,11.000
LG00396,LG00476,12.000
LG04431,LG04469,12.000
LG00013,LG04927,8.000
LG03729,LG03807,7.000
LG02343,LG02379,6.000
LG02945,LG03034,6.000
LG00210,LG00306,12.000
LG03095,LG03101,10.000
LG04583,LG04662,8.000
LG00615,LG00642,11.000
LG04483,LG04506,9.000
LG02442,LG02509,10.000
LG02227,LG02321,9.000
LG02070,LG02107,11.000
LG01247,LG01299,10.000
LG02751,LG02845,8.000
LG04032,LG04051,12.000
LG00701,LG00731,10.000
LG00512,LG00595,10.000
LG03033,LG03104,6.000
LG00637,LG00706,12.000
LG02691,LG02764,10.000
LG00605,LG00659,6.000
LG03535,LG03583,10.000
LG04312,LG04350,12.000
LG03354,LG03364,6.000
LG01615,LG01657,10.000
LG03714,LG03757,11.000
LG02006,LG02058,11.000
LG03524,LG03618,9.000
LG02879,LG02967,6.000
LG00838,LG00896,10.000
LG04753,LG04832,12.000
LG00054,LG04964,12.000
LG03187,LG03257,10.000
LG01337,LG01395,10.000
LG02724,LG02746,10.000
LG00046,LG00105,10.000
LG03634,LG03724,12.000
LG03237,LG03318,10.000
LG01479,LG01556,6.000
LG02173,LG02208,7.000
LG04279,LG04326,7.000
LG04316,LG04404,10.000
LG01207,LG01258,8.000
LG04683,LG04724,7.000
LG02048,LG02080,12.000
LG01820,LG01885,7.000
LG02011,LG02059,7.000
LG02222,LG02227,9.000
LG03532,LG03618,11.000
LG00857,LG00893,6.000
LG04527,LG04568,9.000
LG04809,LG04818,9.000
LG02626,LG02683,10.000
LG04828,LG04875,8.000
LG01427,LG01517,10.000
LG01099,LG01102,9.000
LG04162,LG04205,11.000
LG02504,LG02552,11.000
LG01605,LG01644,8.000
LG03552,LG03591,8.000
LG00966,LG00972,11.000
LG02604,LG02650,6.000
LG00087,LG00096,8.000
LG04512,LG04530,11.000
LG03013,LG03070,8.000
LG02995,LG03030,11.000
LG02968,LG03053,12.000
LG03423,LG03479,9.000
LG03594,LG03637,11.000
LG02857,LG02890,7.000
LG02921,LG02926,8.000
LG01664,LG01674,11.000
LG03676,LG03748,12.000
LG02435,LG02479,6.000
LG02069,LG02125,11.000
LG02747,LG02757,8.000
LG01865,LG01957,8.000
LG01237,LG01309,7.000
LG00278,LG00297,7.000
LG01847,LG01862,6.000
LG03663,LG03666,10.000
LG01775,LG01800,10.000
LG03161,LG03163,8.000
LG04915,LG04981,8.000
LG04917,LG04922,8.000
LG02227,LG02295,11.000
LG00338,LG00386,8.000
LG03845,LG03847,10.000
LG00650,LG00690,9.000
LG02609,LG02688,10.000
LG00750,LG00760,7.000
LG00439,LG00503,8.000
LG01693,LG01753,8.000
LG00339,LG00399,11.000
LG03086,LG03167,10.000
LG03150,LG03188,10.000
LG02778,LG02834,8.000
LG02280,LG02372,11.000
LG00594,LG00662,6.000
LG01832,LG01895,8.000
LG02029,LG02111,8.000
LG01635,LG01662,6.000
LG00851,LG00892,11.000
LG01995,LG02006,9.000
LG03017,LG03038,6.000
LG04302,LG04338,7.000
LG02272,LG02305,7.000
LG01287,LG01341,11.000
LG01796,LG01853,7.000
LG00545,LG00599,9.000
LG00404,LG00422,8.000
LG02192,LG02239,10.000
LG02597,LG02692,10.000
LG04090,LG04145,6.000
LG03317,LG03409,10.000
LG01180,LG01261,12.000
LG02109,LG02137,12.000
LG02011,LG02015,6.000
LG01620,LG01658,11.000
LG00788,LG00792,7.000
LG03497,LG03585,11.000
LG00007,LG00059,9.000
LG04911,LG04976,9.000
LG02376,LG02388,7.000
LG02605,LG02656,11.000
LG03938,LG03968,12.000
LG02705,LG02722,8.000
LG03531,LG03582,11.000
LG00047,LG04996,11.000
LG04720,LG04751,9.000
LG04135,LG04200,10.000
LG00359,LG00371,10.000
LG03767,LG03771,10.000
LG04953,LG04974,10.000
LG01978,LG01995,8.000
LG01151,LG01173,9.000
LG04291,LG04328,8.000
LG01871,LG01903,9.000
LG02792,LG02808,10.000
LG04157,LG04242,9.000
LG03328,LG03367,6.000
LG02489,LG02568,7.000
LG01227,LG01252,9.000
LG03449,LG03508,6.000
LG01170,LG01194,12.000
LG03057,LG03107,10.000
LG02787,LG02815,12.000
LG03102,LG03133,12.000
LG01729,LG01747,11.000
LG01166,LG01187,10.000
LG00616,LG00647,9.000
LG01203,LG01230,7.000
LG01760,LG01840,11.000
LG00130,LG00161,6.000
LG03071,LG03098,11.000
LG01382,LG01391,9.000
LG01635,LG01704,9.000
LG01497,LG01513,11.000
LG00163,LG00170,6.000
LG00887,LG00910,9.000
LG01323,LG01330,12.000
LG02798,LG02843,8.000
LG03142,LG03186,11.000
LG00415,LG00483,9.000
LG01527,LG01565,11.000
LG03898,LG03950,9.000
LG02775,LG02867,12.000
LG02195,LG02240,8.000
LG01124,LG01218,6.000
LG01550,LG01602,9.000
LG03122,LG03173,7.000
LG04041,LG04050,11.000
LG03343,LG03402,9.000
LG03020,LG03072,9.000
LG03849,LG03859,11.000
LG03387,LG03463,11.000
LG04356,LG04362,6.000
LG00886,LG00926,9.000
LG00379,LG00451,12.000
LG01510,LG01543,6.000
LG04189,LG04202,6.000
LG02379,LG02454,6.000
LG02431,LG02467,8.000
LG04442,LG04452,7.000
LG01137,LG01163,7.000
LG02862,LG02904,9.000
LG02728,LG02750,10.000
LG03302,LG03381,10.000
LG02108,LG02122,11.000
LG04317,LG04330,12.000
LG03947,LG03986,10.000
LG03026,LG03113,10.000
LG02554,LG02609,9.000
LG00949,LG00996,11.000
LG03181,LG03213,9.000
LG04744,LG04802,9.000
LG00919,LG00997,10.000
LG00258,LG00304,9.000
LG04483,LG04559,10.000
LG03268,LG03274,11.000
LG03784,LG03786,10.000
LG04201,LG04278,10.000
LG01268,LG01276,8.000
LG02448,LG02467,6.000
LG04109,LG04149,7.000
LG01288,LG01298,12.000
LG01638,LG01664,8.000
LG02356,LG02451,6.000
LG01271,LG01314,6.000
LG01738,LG01799,12.000
LG00917,LG00982,11.000
LG03558,LG03613,11.000
LG02794,LG02796,9.000
LG04041,LG04052,10.000
LG01939,LG01941,6.000
LG04936,LG04946,11.000
LG03965,LG04026,7.000
LG02542,LG02612,12.000
LG04900,LG04994,10.000
LG02812,LG02865,6.000
LG02739,LG02814,9.000
LG01904,LG01951,7.000
LG04808,LG04898,9.000
LG00337,LG00394,11.000
LG03623,LG03641,10.000
LG00562,LG00616,8.000
LG00833,LG00854,9.000
LG02413,LG02458,11.000
LG00444,LG00511,9.000
LG01526,LG01531,10.000
LG03106,LG03118,10.000
LG02591,LG02633,6.000
LG04180,LG04255,11.000
LG00138,LG00186,7.000
LG03753,LG03810,6.000
LG04717,LG04729,10.000
LG03288,LG03292,9.000
LG04650,LG04668,12.000
LG00230,LG00254,11.000
LG03281,LG03366,9.000
LG00171,LG00187,6.000
LG01728,LG01791,9.000
LG00240,LG00246,7.000
LG02729,LG02740,7.000
LG03741,LG03769,11.000
LG00245,LG00286,7.000
LG03777,LG03790,9.000
LG02194,LG02200,12.000
LG04223,LG04279,9.000
LG02959,LG03017,12.000
LG04115,LG04127,6.000
LG03413,LG03455,6.000
LG02634,LG02693,10.000
LG01962,LG02042,11.000
LG00762,LG00794,11.000
LG00785,LG00792,10.000
LG03609,LG03687,7.000
LG00068,LG04978,10.000
LG03696,LG03761,10.000
LG03820,LG03856,7.000
LG01491,LG01585,10.000
LG00896,LG00909,10.000
LG04416,LG04488,11.000
LG03461,LG03485,8.000
LG00862,LG00939,8.000
LG04128,LG04185,7.000
LG00616,LG00708,9.000
LG00015,LG00089,6.000
LG03930,LG04001,9.000
LG03663,LG03739,6.000
LG02524,LG02559,7.000
LG01669,LG01751,12.000
LG03453,LG03528,8.000
LG03925,LG04022,7.000
LG00202,LG00255,11.000
LG03834,LG03888,11.000
LG01116,LG01199,7.000
LG00787,LG00859,10.000
LG02348,LG02443,10.000
LG00802,LG00895,8.000
LG02532,LG02535,12.000
LG02358,LG02365,12.000
LG03420,LG03457,12.000
LG02439,LG02497,12.000
LG01289,LG01352,6.000
LG00402,LG00410,6.000
LG02093,LG02107,7.000
LG04914,LG04993,9.000
LG00728,LG00742,6.000
LG04493,LG04584,9.000
LG00381,LG00469,7.000
LG00690,LG00775,12.000
LG03344,LG03355,10.000
LG02267,LG02309,10.000
LG03948,LG04034,11.000
LG04254,LG04285,8.000
LG04019,LG04104,6.000
LG00392,LG00451,10.000
LG00410,LG00434,12.000
LG01338,LG01434,12.000
LG04477,LG04552,9.000
LG02090,LG02117,12.000
LG03686,LG03769,8.000
LG00601,LG00694,12.000
LG02654,LG02711,6.000
LG03350,LG03380,11.000
LG03674,LG03714,10.000
LG03014,LG03102,11.000
LG01896,LG01915,9.000
LG01168,LG01258,9.000
LG01823,LG01845,10.000
LG00425,LG00522,7.000
LG01150,LG01167,7.000
LG03437,LG03505,11.000
LG04377,LG04440,6.000
LG01046,LG01058,8.000
LG03592,LG03680,7.000
LG01338,LG01386,9.000
LG01349,LG01425,6.000
LG00846,LG00849,9.000
LG02337,LG02396,6.000
LG01353,LG01449,6.000
LG00518,LG00594,10.000
LG01078,LG01174,11.000
LG03174,LG03179,8.000
LG00241,LG00286,12.000
LG02006,LG02020,9.000
LG03424,LG03492,10.000
LG00481,LG00491,12.000
LG02604,LG02670,9.000
LG00206,LG00269,9.000
LG00508,LG00566,10.000
LG03761,LG03802,9.000
LG01895,LG01924,11.000
LG01145,LG01231,8.000
LG00740,LG00837,10.000
LG03453,LG03518,6.000
LG01978,LG02003,7.000
LG04542,LG04597,9.000
LG02736,LG02801,12.000
LG00948,LG00973,9.000
LG02591,LG02657,12.000
LG01137,LG01224,9.000
LG00806,LG00862,8.000
LG03979,LG04023,6.000
LG03345,LG03408,10.000
LG02064,LG02154,8.000
LG04223,LG04226,10.000
LG04820,LG04861,10.000
LG02086,LG02150,8.000
LG04282,LG04336,10.000
LG04936,LG04978,12.000
LG04761,LG04816,8.000
LG04750,LG04825,6.000
LG04364,LG04380,7.000
LG01043,LG01069,12.000
LG00121,LG00179,8.000
LG03656,LG03704,11.000
LG04503,LG04565,6.000
LG03719,LG03796,7.000
LG03890,LG03937,12.000
LG00589,LG00637,7.000
LG03177,LG03210,11.000
LG01006,LG01100,6.000
LG03247,LG03332,10.000
LG04600,LG04646,8.000
LG00322,LG00367,7.000
LG00668,LG00753,9.000
LG03735,LG03795,6.000
LG02709,LG02765,12.000
LG01795,LG01869,8.000
LG01030,LG01082,8.000
LG01962,LG02012,6.000
LG03989,LG04031,9.000
LG01766,LG01793,11.000
LG01561,LG01620,7.000
LG03685,LG03748,8.000
LG00074,LG00110,8.000
LG00784,LG00813,8.000
LG00641,LG00665,12.000
LG03165,LG03214,9.000
LG00154,LG00234,12.000
LG03498,LG03500,10.000
LG04164,LG04219,8.000
LG00870,LG00892,12.000
LG04737,LG04834,8.000
LG01259,LG01288,7.000
LG04906,LG04979,8.000
LG02916,LG03012,11.000
LG03732,LG03764,12.000
LG01101,LG01158,7.000
LG03846,LG03901,12.000
LG01831,LG01859,12.000
LG00659,LG00685,10.000
LG03823,LG03911,8.000
LG00825,LG00896,8.000
LG04515,LG04546,8.000
LG01011,LG01061,10.000
LG00167,LG00217,10.000
LG03259,LG03336,7.000
LG04504,LG04530,11.000
LG04091,LG04152,7.000
LG00316,LG00371,11.000
LG02791,LG02794,8.000
LG01890,LG01965,10.000
LG03846,LG03909,11.000
LG03205,LG03292,7.000
LG01077,LG01137,9.000
LG00516,LG00518,8.000
LG00515,LG00542,8.000
LG03374,LG03459,9.000
LG02115,LG02157,7.000
LG03297,LG03322,9.000
LG01129,LG01182,7.000
LG04352,LG04418,12.000
LG04799,LG04874,7.000
LG02788,LG02848,7.000
LG03153,LG03177,8.000
LG03800,LG03874,12.000
LG00607,LG00611,6.000
LG00336,LG00403,9.000
LG01834,LG01873,8.000
LG01906,LG01924,9.000
LG02613,LG02640,9.000
LG03459,LG03551,11.000
LG03034,LG03090,8.000
LG00755,LG00851,12.000
LG03222,LG03226,11.000
LG02274,LG02303,9.000
LG04608,LG04687,7.000
LG03670,LG03677,9.000
LG04325,LG04404,7.000
LG02117,LG02128,10.000
LG00621,LG00676,10.000
LG04751,LG04841,12.000
LG04771,LG04795,6.000
LG00687,LG00748,8.000
LG03939,LG04015,12.000
LG00100,LG00145,12.000
LG01350,LG01421,6.000
LG04345,LG04405,8.000
LG04012,LG04021,10.000
LG03463,LG03526,7.000
LG00691,LG00699,8.000
LG04409,LG04455,6.000
LG02878,LG02953,10.000
LG00278,LG00331,7.000
LG00762,LG00815,12.000
LG00574,LG00618,7.000
LG03691,LG03779,12.000
LG00354,LG00390,6.000
LG01880,LG01891,11.000
LG04796,LG04845,11.000
LG02325,LG02411,6.000
LG00686,LG00715,11.000
LG03413,LG03421,9.000
LG00261,LG00347,7.000
LG03845,LG03863,11.000
LG01108,LG01127,7.000
LG03593,LG03613,10.000
LG01302,LG01377,8.000
LG01884,LG01893,10.000
LG01804,LG01872,8.000
LG01107,LG01114,8.000
LG01362,LG01379,7.000
LG00248,LG00332,7.000
LG02879,LG02892,9.000
LG03400,LG03422,6.000
LG02370,LG02380,9.000
LG02267,LG02308,8.000
LG02507,LG02524,6.000
LG02843,LG02888,11.000
LG00135,LG00225,11.000
LG04705,LG04740,8.000
LG01352,LG01396,10.000
LG03209,LG03236,12.000
LG01629,LG01637,6.000
LG04276,LG04314,9.000
LG02288,LG02318,8.000
LG00115,LG00131,6.000
LG01244,LG01296,8.000
LG01055,LG01059,6.000
LG00615,LG00653,11.000
LG00351,LG00403,7.000
LG04412,LG04422,9.000
LG04337,LG04370,9.000
LG01284,LG01378,10.000
LG01281,LG01315,9.000
LG03176,LG03188,11.000
LG02740,LG02834,7.000
LG00846,LG00855,8.000
LG02722,LG02781,10.000
LG04578,LG04586,7.000
LG01597,LG01685,7.000
LG03120,LG03189,11.000
LG00031,LG04987,7.000
LG03979,LG04030,11.000
LG01937,LG02001,12.000
LG03810,LG03899,11.000
LG02998,LG03048,9.000
LG01656,LG01752,7.000
LG01592,LG01647,8.000
LG00559,LG00600,6.000
LG02660,LG02719,12.000
LG02304,LG02401,10.000
LG00250,LG00331,8.000
LG01168,LG01177,10.000
LG01901,LG01915,7.000
LG03289,LG03316,6.000
LG01467,LG01485,8.000
LG03974,LG04009,8.000
LG00058,LG00120,7.000
LG03762,LG03834,8.000
LG00969,LG01001,9.000
LG00605,LG00656,7.000
LG00536,LG00570,8.000
LG03004,LG03100,9.000
LG01764,LG01830,9.000
LG02624,LG02671,8.000
LG02890,LG02964,12.000
LG02596,LG02618,8.000
LG02883,LG02979,10.000
LG04761,LG04779,6.000
LG01787,LG01846,11.000
LG03287,LG03369,10.000
LG04773,LG04846,11.000
LG03748,LG03760,10.000
LG01486,LG01549,12.000
LG03661,LG03695,11.000
LG00666,LG00733,7.000
LG02978,LG03026,8.000
LG00777,LG00793,7.000
LG03967,LG04062,9.000
LG04443,LG04502,10.000
LG04468,LG04549,10.000
LG04545,LG04564,6.000
LG04719,LG04763,7.000
LG01817,LG01852,7.000
LG00868,LG00897,12.000
LG04386,LG04462,6.000
LG00924,LG00985,7.000
LG02857,LG02937,10.000
LG01503,LG01581,9.000
LG01935,LG02013,6.000
LG04050,LG04053,6.000
LG00169,LG00180,12.000
LG02675,LG02769,10.000
LG04840,LG04854,9.000
LG00097,LG00145,8.000
LG03269,LG03295,6.000
LG03706,LG03735,10.000
LG01555,LG01581,7.000
LG03368,LG03402,7.000
LG00953,LG00994,6.000
LG01472,LG01565,7.000
LG02353,LG02411,12.000
LG01814,LG01819,10.000
LG04702,LG04798,9.000
LG02397,LG02455,11.000
LG00267,LG00275,12.000
LG01054,LG01139,12.000
LG02432,LG02467,12.000
LG02150,LG02198,8.000
LG01838,LG01911,11.000
LG00429,LG00484,10.000
LG03115,LG03146,6.000
LG04524,LG04547,6.000
LG03885,LG03938,9.000
LG00703,LG00749,8.000
LG04095,LG04184,10.000
LG02234,LG02310,7.000
LG03679,LG03715,9.000
LG04272,LG04274,9.000
LG04121,LG04206,6.000
LG03624,LG03668,11.000
LG01227,LG01248,11.000
LG00020,LG04980,6.000
LG01410,LG01444,9.000
LG00503,LG00537,10.000
LG03563,LG03657,6.000
LG00916,LG00989,8.000
LG02278,LG02356,7.000
LG03609,LG03616,7.000
LG02231,LG02234,11.000
LG04789,LG04813,9.000
LG02144,LG02199,12.000
LG03428,LG03510,7.000
LG01379,LG01473,10.000
LG02749,LG02842,8.000
LG01941,LG02026,8.000
LG00352,LG00408,9.000
LG00132,LG00224,6.000
LG03758,LG03801,9.000
LG04245,LG04315,6.000
LG04417,LG04422,12.000
LG04175,LG04213,9.000
LG02868,LG02872,8.000
LG04666,LG04749,6.000
LG01094,LG01155,10.000
LG02703,LG02727,11.000
LG03031,LG03114,9.000
LG00284,LG00350,6.000
LG00880,LG00900,12.000
LG03181,LG03186,9.000
LG01274,LG01337,11.000
LG03195,LG03272,7.000
LG01661,LG01740,11.000
LG02558,LG02578,12.000
LG01378,LG01381,7.000
LG03459,LG03522,6.000
LG04096,LG04168,9.000
LG04891,LG04936,10.000
LG01390,LG01462,8.000
LG01985,LG02025,10.000
LG01491,LG01556,12.000
LG01515,LG01566,11.000
LG00612,LG00635,8.000
LG00167,LG00254,12.000
LG01905,LG01928,11.000
LG01211,LG01227,6.000
LG01886,LG01908,6.000
LG04309,LG04364,12.000
LG01478,LG01493,12.000
LG04026,LG04049,11.000
LG01325,LG01367,6.000
LG04133,LG04177,6.000
LG04201,LG04268,7.000
LG03670,LG03735,7.000
LG03818,LG03871,11.000
LG00924,LG01002,10.000
LG04627,LG04651,11.000
LG04668,LG04682,12.000
LG03931,LG04023,11.000
LG02104,LG02191,8.000
LG01245,LG01261,11.000
LG01685,LG01782,9.000
LG03076,LG03084,9.000
LG00286,LG00375,7.000
LG04517,LG04526,12.000
LG04692,LG04776,10.000
LG00023,LG00027,7.000
LG01102,LG01130,6.000
LG04789,LG04854,10.000
LG04902,LG04972,6.000
LG03154,LG03183,7.000
LG00347,LG00404,12.000
LG01586,LG01605,11.000
LG02643,LG02691,10.000
LG04042,LG04061,12.000
LG02248,LG02251,9.000
LG02007,LG02050,6.000
LG04590,LG04646,7.000
LG03221,LG03298,10.000
LG01896,LG01906,6.000
LG02216,LG02229,8.000
LG04033,LG04097,11.000
LG00262,LG00293,7.000
LG01138,LG01222,11.000
LG02250,LG02292,6.000
LG04097,LG04167,11.000
LG01510,LG01517,11.000
LG03478,LG03489,11.000
LG00644,LG00694,6.000
LG00085,LG00117,8.000
LG00086,LG00153,8.000
LG04788,LG04885,12.000
LG01599,LG01620,12.000
LG03376,LG03416,6.000
LG04024,LG04038,8.000
LG02864,LG02912,8.000
LG03674,LG03693,6.000
LG00534,LG00542,9.000
LG04647,LG04717,12.000
LG00139,LG00153,12.000
LG00245,LG00258,11.000
LG02567,LG02604,9.000
LG03542,LG03545,10.000
LG00089,LG00113,12.000
LG03208,LG03294,7.000
LG00492,LG00580,9.000
LG02736,LG02796,10.000
LG04129,LG04194,10.000
LG02668,LG02741,11.000
LG04643,LG04710,12.000
LG03951,LG04042,12.000
LG02054,LG02093,10.000
LG01588,LG01593,8.000
LG01378,LG01447,9.000
LG04027,LG04092,7.000
LG00317,LG00408,7.000
LG00641,LG00713,8.000
LG02120,LG02138,10.000
LG04884,LG04923,7.000
LG03686,LG03695,7.000
LG04750,LG04756,8.000
LG00903,LG00923,7.000
LG02629,LG02686,9.000
LG02085,LG02140,8.000
LG04038,LG04124,11.000
LG02828,LG02875,11.000
LG01669,LG01674,12.000
LG00663,LG00724,7.000
LG03191,LG03264,6.000
LG02129,LG02173,10.000
LG00937,LG00979,6.000
LG02386,LG02458,6.000
LG04454,LG04508,9.000
LG04745,LG04802,12.000
LG00593,LG00632,12.000
LG03700,LG03763,12.000
LG00748,LG00773,6.000
LG01582,LG01587,10.000
LG03806,LG03859,8.000
LG00065,LG00134,9.000
LG01647,LG01689,11.000
LG04892,LG04983,6.000
LG04480,LG04507,7.000
LG04401,LG04429,12.000
LG01191,LG01202,9.000
LG01426,LG01491,10.000
LG03032,LG03044,12.000
LG02745,LG02772,11.000
LG02780,LG02833,11.000
LG02296,LG02317,10.000
LG03580,LG03597,8.000
LG02670,LG02718,8.000
LG02624,LG02692,9.000
LG00709,LG00747,11.000
LG02148,LG02219,10.000
LG01261,LG01288,8.000
LG04485,LG04547,8.000
LG00007,LG00051,11.000
LG01765,LG01797,8.000
LG00685,LG00720,7.000
LG04705,LG04713,10.000
LG00663,LG00702,7.000
LG01530,LG01586,8.000
LG00673,LG00699,8.000
LG02736,LG02818,7.000
LG01185,LG01282,12.000
LG03050,LG03119,7.000
LG03436,LG03483,9.000
LG03677,LG03771,7.000
LG04069,LG04110,6.000
LG03816,LG03875,12.000
LG02832,LG02851,12.000
LG00533,LG00596,7.000
LG04246,LG04327,7.000
LG03413,LG03484,12.000
LG00822,LG00868,9.000
LG00202,LG00225,11.000
LG03684,LG03738,8.000
LG04643,LG04679,11.000
LG00510,LG00521,7.000
LG03399,LG03418,12.000
LG02068,LG02114,10.000
LG02940,LG03021,9.000
LG01319,LG01362,12.000
LG00025,LG00073,8.000
LG04733,LG04811,12.000
LG03685,LG03762,10.000
LG03096,LG03190,10.000
LG02695,LG02781,10.000
LG00268,LG00321,6.000
LG03268,LG03347,7.000
LG02198,LG02253,6.000
LG02433,LG02452,7.000
LG01463,LG01471,9.000
LG01018,LG01083,11.000
LG03848,LG03900,12.000
LG01739,LG01772,7.000
LG04530,LG04609,6.000
LG00357,LG00366,7.000
LG01317,LG01396,12.000
LG01541,LG01631,12.000
LG02753,LG02833,6.000
LG03716,LG03742,10.000
LG04743,LG04797,6.000
LG02007,LG02089,10.000
LG02559,LG02616,12.000
LG00466,LG00521,12.000
LG00376,LG00382,6.000
LG01798,LG01814,7.000
LG03176,LG03198,9.000
LG01718,LG01750,11.000
LG03561,LG03611,8.000
LG01774,LG01790,7.000
LG04012,LG04078,10.000
LG00285,LG00327,9.000
LG02790,LG02855,7.000
LG04845,LG04905,12.000
LG01733,LG01736,6.000
LG01887,LG01949,8.000
LG02248,LG02250,9.000
LG04357,LG04359,7.000
LG03340,LG03409,12.000
LG01734,LG01742,8.000
LG03168,LG03249,11.000
LG03995,LG04036,9.000
LG00947,LG00974,6.000
LG01775,LG01871,7.000
LG04438,LG04519,10.000
LG00311,LG00381,8.000
LG02663,LG02708,10.000
LG04130,LG04141,11.000
LG03966,LG03987,7.000
LG04075,LG04106,8.000
LG04181,LG04235,7.000
LG02522,LG02544,12.000
LG03523,LG03548,7.000
LG02866,LG02915,7.000
LG01928,LG01969,12.000
LG04749,LG04755,6.000
LG01046,LG01133,8.000
LG03557,LG03563,9.000
LG04905,LG04957,8.000
LG00488,LG00533,9.000
LG00654,LG00730,9.000
LG04641,LG04736,9.000
LG03546,LG03625,11.000
LG00027,LG04989,7.000
LG01833,LG01897,9.000
LG04553,LG04580,10.000
LG00240,LG00264,6.000
LG00444,LG00484,10.000
LG00554,LG00587,6.000
LG03413,LG03427,9.000
LG02342,LG02390,8.000
LG03090,LG03144,11.000
LG01282,LG01323,12.000
LG01868,LG01878,8.000
LG04813,LG04820,7.000
LG00330,LG00402,6.000
LG00136,LG00194,10.000
LG01949,LG02037,10.000
LG00820,LG00880,6.000
LG03426,LG03446,9.000
LG00658,LG00669,10.000
LG01114,LG01136,8.000
LG04929,LG04986,10.000
LG02570,LG02621,8.000
LG00021,LG04944,7.000
LG01906,LG01937,11.000
LG04737,LG04753,10.000
LG02352,LG02384,9.000
LG04123,LG04200,11.000
LG00887,LG00941,8.000
LG03053,LG03079,7.000
LG01958,LG02023,9.000
LG03396,LG03467,9.000
LG01786,LG01800,8.000
LG03995,LG04013,6.000
LG00615,LG00672,9.000
LG03149,LG03161,8.000
LG02605,LG02688,6.000
LG00097,LG00149,11.000
LG03848,LG03861,9.000
LG03962,LG03981,12.000
LG03842,LG03845,12.000
LG02332,LG02389,8.000
LG03726,LG03735,6.000
LG02830,LG02887,6.000
LG03068,LG03142,12.000
LG01408,LG01459,9.000
LG04466,LG04497,6.000
LG00758,LG00771,8.000
LG01381,LG01398,9.000
LG00525,LG00558,12.000
LG01396,LG01409,9.000
LG03592,LG03604,10.000
LG00406,LG00412,12.000
LG00695,LG00767,6.000
LG00909,LG00928,6.000
LG04599,LG04681,9.000
LG02401,LG02406,8.000
LG04221,LG04285,8.000
LG04096,LG04143,12.000
LG04859,LG04932,8.000
LG02798,LG02839,11.000
LG02278,LG02352,9.000
LG01834,LG01887,10.000
LG02217,LG02254,9.000
LG03515,LG03569,6.000
LG02114,LG02184,11.000
LG02807,LG02894,10.000
LG00005,LG00023,9.000
LG01683,LG01765,7.000
LG00688,LG00731,7.000
LG02198,LG02260,12.000
LG02923,LG02970,8.000
LG04608,LG04652,12.000
LG02788,LG02851,11.000
LG00027,LG00093,6.000
LG03770,LG03782,10.000
LG03116,LG03135,7.000
LG02918,LG02987,7.000
LG04386,LG04401,6.000
LG00942,LG01002,11.000
LG01605,LG01657,11.000
LG01509,LG01524,11.000
LG01043,LG01136,10.000
LG02870,LG02953,8.000
LG04441,LG04488,6.000
LG02247,LG02306,11.000
LG02148,LG02186,12.000
LG01811,LG01872,10.000
LG04544,LG04608,12.000
LG03569,LG03588,8.000
LG03032,LG03070,7.000
LG00680,LG00729,9.000
LG01270,LG01282,8.000
LG03616,LG03636,6.000
LG02341,LG02423,12.000
LG02833,LG02925,7.000
LG00965,LG01015,11.000
LG04201,LG04284,10.000
LG01958,LG01962,11.000
LG00972,LG01035,9.000
LG04779,LG04854,6.000
LG00575,LG00638,11.000
LG04495,LG04500,8.000
LG02604,LG02635,11.000
LG04614,LG04640,12.000
LG00054,LG00064,7.000
LG02291,LG02361,9.000
LG00717,LG00781,12.000
LG04315,LG04338,12.000
LG03786,LG03817,12.000
LG03186,LG03256,6.000
LG04594,LG04606,11.000
LG04453,LG04548,11.000
LG02227,LG02289,11.000
LG04536,LG04585,11.000
LG01950,LG02005,7.000
LG00319,LG00413,10.000
LG01094,LG01190,10.000
LG03216,LG03247,9.000
LG04794,LG04819,11.000
LG03988,LG04077,8.000
LG00874,LG00876,11.000
LG00577,LG00641,7.000
LG02702,LG02745,12.000
LG02554,LG02606,12.000
LG04156,LG04162,12.000
LG02618,LG02689,8.000
LG03424,LG03484,8.000
LG00908,LG00957,6.000
LG01359,LG01405,10.000
LG01829,LG01906,12.000
LG01983,LG02018,10.000
LG03653,LG03727,11.000
LG01634,LG01716,6.000
LG03462,LG03509,9.000
LG00706,LG00710,12.000
LG02034,LG02063,6.000
LG01989,LG02006,10.000
LG00204,LG00249,8.000
LG03842,LG03937,12.000
LG02975,LG03059,12.000
LG03953,LG03955,10.000
LG00480,LG00489,12.000
LG01700,LG01788,12.000
LG03588,LG03647,12.000
LG03294,LG03318,12.000
LG01892,LG01977,12.000
LG00477,LG00538,6.000
LG00774,LG00793,10.000
LG04618,LG04704,6.000
LG02500,LG02580,12.000
LG00194,LG00224,9.000
LG01761,LG01765,7.000
LG03878,LG03883,9.000
LG03955,LG03969,11.000
LG04414,LG04505,11.000
LG02686,LG02775,6.000
LG03095,LG03102,12.000
LG01697,LG01769,11.000
LG01669,LG01732,12.000
LG03608,LG03682,10.000
LG02836,LG02877,9.000
LG03725,LG03787,12.000
LG04752,LG04761,6.000
LG04518,LG04571,11.000
LG04253,LG04338,7.000
LG00649,LG00654,8.000
LG00319,LG00414,7.000
LG03248,LG03313,10.000
LG03722,LG03725,7.000
LG01027,LG01109,12.000
LG02456,LG02515,7.000
LG02359,LG02372,7.000
LG04374,LG04382,12.000
LG02214,LG02289,7.000
LG00134,LG00211,10.000
LG03377,LG03407,8.000
LG00089,LG00161,6.000
LG03205,LG03242,12.000
LG04732,LG04799,9.000
LG02997,LG03035,12.000
LG03716,LG03760,10.000
LG02215,LG02286,9.000
LG00046,LG00085,12.000
LG02093,LG02150,11.000
LG02592,LG02605,12.000
LG02966,LG03002,11.000
LG03449,LG03465,7.000
LG04658,LG04719,9.000
LG00648,LG00705,10.000
LG00019,LG04935,11.000
LG03139,LG03222,6.000
LG00035,LG00072,9.000
LG02644,LG02734,11.000
LG04030,LG04051,6.000
LG02631,LG02715,8.000
LG03041,LG03081,9.000
LG02340,LG02408,8.000
LG01432,LG01508,8.000
LG04923,LG04974,7.000
LG02838,LG02924,11.000
LG02642,LG02708,6.000
LG04602,LG04653,8.000
LG00010,LG00088,12.000
LG02684,LG02700,10.000
LG02023,LG02069,9.000
LG00659,LG00730,7.000
LG00662,LG00669,11.000
LG03891,LG03972,7.000
LG02760,LG02793,9.000
LG03648,LG03698,8.000
LG02641,LG02706,10.000
LG03630,LG03670,10.000
LG02803,LG02896,11.000
LG03400,LG03480,6.000
LG01776,LG01790,12.000
LG02417,LG02461,8.000
LG04290,LG04387,12.000
LG00049,LG04990,8.000
LG01577,LG01579,6.000
LG03410,LG03416,11.000
LG03045,LG03108,11.000
LG04019,LG04073,7.000
LG01296,LG01349,12.000
LG01861,LG01886,6.000
LG04561,LG04625,10.000
LG04205,LG04242,8.000
LG00616,LG00712,9.000
LG04339,LG04362,8.000
LG03315,LG03357,9.000
LG00019,LG00086,6.000
LG03390,LG03393,7.000
LG03588,LG03660,10.000
LG03409,LG03417,11.000
LG03347,LG03429,12.000
LG04097,LG04160,9.000
LG01120,LG01135,8.000
LG04885,LG04959,10.000
LG04417,LG04457,7.000
LG01942,LG01994,7.000
LG00903,LG00978,7.000
LG01217,LG01277,6.000
LG03473,LG03475,6.000
LG03767,LG03839,11.000
LG03768,LG03833,7.000
LG04806,LG04889,8.000
LG00928,LG01007,6.000
LG03201,LG03217,7.000
LG03371,LG03453,10.000
LG03513,LG03539,8.000
LG00064,LG04986,9.000
LG04712,LG04732,9.000
LG00842,LG00911,11.000
LG02531,LG02617,7.000
LG01963,LG02032,9.000
LG02492,LG02545,9.000
LG01460,LG01473,7.000
LG02133,LG02194,12.000
LG00791,LG00812,9.000
LG00342,LG00346,10.000
LG02985,LG03029,10.000
LG03114,LG03143,9.000
LG04443,LG04512,6.000
LG00068,LG04982,7.000
LG01487,LG01523,6.000
LG02946,LG03043,9.000
LG02259,LG02342,7.000
LG01449,LG01540,12.000
LG01790,LG01828,7.000
LG01966,LG01984,9.000
LG03415,LG03479,10.000
LG00520,LG00574,7.000
LG00890,LG00941,12.000
LG00138,LG00190,6.000
LG03007,LG03083,7.000
LG04318,LG04354,11.000
LG03960,LG03974,12.000
LG01171,LG01239,8.000
LG03495,LG03532,12.000
LG02529,LG02542,12.000
LG03794,LG03827,8.000
LG02066,LG02109,7.000
LG00490,LG00550,11.000
LG02906,LG02922,7.000
LG00800,LG00815,7.000
LG02367,LG02425,7.000
LG03111,LG03177,12.000
LG00968,LG00988,6.000
LG01910,LG01966,10.000
LG03669,LG03694,9.000
LG00406,LG00501,12.000
LG00085,LG00164,11.000
LG03005,LG03016,12.000
LG01191,LG01259,12.000
LG01566,LG01639,9.000
LG04352,LG04404,11.000
LG00726,LG00747,8.000
LG00440,LG00458,11.000
LG03913,LG03946,6.000
LG02940,LG02967,9.000
LG00769,LG00792,8.000
LG03284,LG03340,12.000
LG03910,LG03990,9.000
LG00834,LG00927,6.000
LG01030,LG01059,9.000
LG03965,LG04011,12.000
LG02658,LG02750,11.000
LG02138,LG02162,12.000
LG04208,LG04248,9.000
LG01858,LG01879,11.000
LG03628,LG03643,11.000
LG03358,LG03426,6.000
LG00729,LG00804,6.000
LG04022,LG04111,8.000
LG01615,LG01654,10.000
LG00353,LG00364,7.000
LG04089,LG04093,10.000
LG01830,LG01899,11.000
LG03132,LG03159,12.000
LG03859,LG03894,6.000
LG01992,LG02087,10.000
LG02245,LG02279,9.000
LG04746,LG04762,8.000
LG04760,LG04803,7.000
LG02876,LG02953,9.000
LG00514,LG00531,7.000
LG02079,LG02145,10.000
LG01542,LG01578,7.000
LG03700,LG03708,6.000
LG02347,LG02366,6.000
LG03463,LG03533,12.000
LG03583,LG03679,7.000
LG01088,LG01100,9.000
LG04872,LG04917,7.000
LG03488,LG03556,10.000
LG00214,LG00227,9.000
LG04207,LG04224,6.000
LG02911,LG02992,12.000
LG01714,LG01748,6.000
LG03967,LG04025,6.000
LG00343,LG00365,6.000
LG02681,LG02750,12.000
LG04675,LG04731,9.000
LG04422,LG04458,10.000
LG00717,LG00814,12.000
LG01054,LG01075,10.000
LG00388,LG00391,8.000
LG03465,LG03475,7.000
LG01213,LG01291,10.000
LG04026,LG04099,11.000
LG01188,LG01228,8.000
LG01192,LG01247,8.000
LG00702,LG00713,6.000
LG00585,LG00626,10.000
LG00926,LG00951,10.000
LG00531,LG00599,12.000
LG02565,LG02602,10.000
LG00499,LG00528,10.000
LG01988,LG02070,10.000
LG01005,LG01012,6.000
LG02387,LG02439,6.000
LG03640,LG03659,6.000
LG02534,LG02555,7.000
LG02728,LG02784,12.000
LG03783,LG03877,10.000
LG01061,LG01109,6.000
LG03877,LG03968,6.000
LG04007,LG04009,8.000
LG02936,LG03013,10.000
LG04330,LG04424,8.000
LG04174,LG04265,8.000
LG02145,LG02189,9.000
LG03618,LG03689,10.000
LG00837,LG00896,7.000
LG00862,LG00904,7.000
LG03321,LG03385,9.000
LG00754,LG00837,6.000
LG04077,LG04158,9.000
LG00485,LG00550,8.000
LG03635,LG03648,8.000
LG01824,LG01834,7.000
LG04119,LG04199,7.000
LG00869,LG00892,9.000
LG04695,LG04733,12.000
LG01646,LG01659,9.000
LG04775,LG04838,11.000
LG01779,LG01865,8.000
LG03354,LG03413,10.000
LG02346,LG02360,7.000
LG00175,LG00212,8.000
LG01513,LG01554,11.000
LG01443,LG01505,9.000
LG01545,LG01601,8.000
LG04753,LG04812,9.000
LG03088,LG03167,8.000
LG02625,LG02643,9.000
LG03080,LG03167,12.000
LG01870,LG01959,10.000
LG00009,LG04933,12.000
LG04718,LG04772,7.000
LG00794,LG00878,7.000
LG02555,LG02564,9.000
LG02286,LG02336,10.000
LG02104,LG02130,11.000
LG02190,LG02275,12.000
LG02107,LG02139,11.000
LG01686,LG01782,11.000
LG04080,LG04128,11.000
LG00002,LG00056,6.000
LG03533,LG03603,8.000
LG02261,LG02314,12.000
LG01262,LG01264,7.000
LG00985,LG01027,7.000
LG03068,LG03133,10.000
LG03707,LG03731,12.000
LG03393,LG03424,6.000
LG02451,LG02488,7.000
LG04248,LG04336,11.000
LG02157,LG02182,12.000
LG03182,LG03262,7.000
LG03371,LG03409,6.000
LG03280,LG03340,12.000
LG01333,LG01387,12.000
LG02018,LG02072,9.000
LG03073,LG03129,11.000
LG04690,LG04743,7.000
LG02680,LG02723,12.000
LG04667,LG04727,9.000
LG01847,LG01912,6.000
LG02485,LG02496,12.000
LG04384,LG04441,7.000
LG01332,LG01364,12.000
LG03986,LG04016,10.000
LG03308,LG03319,6.000
LG00458,LG00540,11.000
LG01656,LG01744,12.000
LG00081,LG00170,11.000
LG04329,LG04358,7.000
LG02309,LG02404,11.000
LG01553,LG01559,10.000
LG01596,LG01602,12.000
LG04848,LG04854,12.000
LG01470,LG01561,11.000
LG00031,LG04961,7.000
LG02037,LG02066,10.000
LG01854,LG01940,10.000
LG03399,LG03433,10.000
LG03879,LG03885,6.000
LG00254,LG00278,8.000
LG01011,LG01060,7.000
LG03541,LG03588,9.000
LG01307,LG01336,6.000
LG02669,LG02692,12.000
LG00816,LG00884,11.000
LG03054,LG03127,9.000
LG02935,LG03025,11.000
LG02488,LG02556,7.000
LG03916,LG03943,12.000
LG02888,LG02938,8.000
LG04696,LG04758,11.000
LG00179,LG00212,11.000
LG00803,LG00867,9.000
LG01120,LG01195,8.000
LG04545,LG04613,8.000
LG00782,LG00824,9.000
LG02385,LG02403,10.000
LG04739,LG04834,10.000
LG03071,LG03154,12.000
LG04830,LG04858,8.000
LG04169,LG04259,9.000
LG03283,LG03299,11.000
LG03800,LG03884,10.000
LG00934,LG00956,10.000
LG01028,LG01096,10.000
LG03011,LG03097,10.000
LG00300,LG00328,9.000
LG04334,LG04415,10.000
LG02790,LG02844,12.000
LG01530,LG01627,9.000
LG03450,LG03465,9.000
LG01959,LG02005,9.000
LG02152,LG02241,7.000
LG04048,LG04145,10.000
LG03473,LG03522,11.000
LG00789,LG00876,7.000
LG02616,LG02641,11.000
LG03672,LG03721,7.000
LG02607,LG02624,8.000
LG02572,LG02669,10.000
LG00476,LG00550,12.000
LG04427,LG04446,12.000
LG00507,LG00514,9.000
LG04189,LG04248,9.000
LG01048,LG01108,11.000
LG01922,LG01950,11.000
LG00755,LG00840,10.000
LG04219,LG04312,9.000
LG00662,LG00724,11.000
LG02819,LG02841,6.000
LG03068,LG03081,12.000
LG02492,LG02542,8.000
LG02124,LG02180,6.000
LG00548,LG00575,11.000
LG02080,LG02154,8.000
LG00682,LG00759,6.000
LG02654,LG02678,10.000
LG00920,LG00940,12.000
LG04801,LG04882,10.000
LG03246,LG03327,6.000
LG04516,LG04537,8.000
LG02578,LG02592,10.000
LG00106,LG00198,6.000
LG04235,LG04258,7.000
LG04835,LG04916,9.000
LG03440,LG03490,8.000
LG04876,LG04927,11.000
LG01791,LG01866,9.000
LG02338,LG02420,8.000
LG00574,LG00606,10.000
LG02644,LG02650,7.000
LG03373,LG03413,11.000
LG02157,LG02200,7.000
LG01848,LG01927,12.000
LG01007,LG01088,8.000
LG03776,LG03823,6.000
LG01463,LG01519,10.000
LG02064,LG02150,8.000
LG02100,LG02196,8.000
LG04094,LG04097,12.000
LG04029,LG04044,11.000
LG02821,LG02855,11.000
LG02635,LG02664,8.000
LG02517,LG02568,10.000
LG00437,LG00447,12.000
LG00860,LG00949,7.000
LG00772,LG00811,6.000
LG02889,LG02982,10.000
LG03376,LG03420,8.000
LG02938,LG02992,11.000
LG00160,LG00227,11.000
LG01998,LG02077,8.000
LG03910,LG03934,9.000
LG02549,LG02612,10.000
LG03517,LG03523,6.000
LG01304,LG01320,9.000
LG03118,LG03212,6.000
LG00168,LG00171,11.000
LG03253,LG03287,6.000
LG02470,LG02567,7.000
LG01538,LG01612,12.000
LG02865,LG02928,12.000
LG02207,LG02279,6.000
LG00661,LG00707,10.000
LG00075,LG00166,7.000
LG00419,LG00502,12.000
LG03774,LG03870,11.000
LG00868,LG00890,10.000
LG02306,LG02368,9.000
LG01275,LG01331,6.000
LG01990,LG02087,7.000
LG03711,LG03720,12.000
LG04340,LG04397,9.000
LG02958,LG03027,10.000
LG03345,LG03392,10.000
LG03497,LG03502,7.000
LG04674,LG04717,11.000
LG02807,LG02889,12.000
LG03399,LG03453,7.000
LG02471,LG02552,6.000
LG02698,LG02794,8.000
LG01138,LG01208,10.000
LG02478,LG02525,7.000
LG01532,LG01611,7.000
LG00783,LG00812,11.000
LG00187,LG00214,12.000
LG01006,LG01091,12.000
LG03879,LG03974,8.000
LG01121,LG01177,11.000
LG03450,LG03472,7.000
LG01269,LG01298,11.000
LG04325,LG04347,8.000
LG04732,LG04768,8.000
LG01288,LG01325,6.000
LG03651,LG03723,9.000
LG03265,LG03281,6.000
LG01321,LG01340,7.000
LG04876,LG04902,11.000
LG01652,LG01723,9.000
LG00532,LG00555,10.000
LG04904,LG04996,12.000
LG01897,LG01957,10.000
LG01225,LG01310,12.000
LG00626,LG00701,11.000
LG01363,LG01426,10.000
LG03557,LG03651,11.000
LG01224,LG01229,9.000
LG02045,LG02078,8.000
LG00371,LG00381,10.000
LG03793,LG03828,11.000
LG03027,LG03095,7.000
LG04717,LG04771,10.000
LG00344,LG00433,8.000
LG02784,LG02851,7.000
LG03617,LG03703,11.000
LG00743,LG00752,9.000
LG01348,LG01424,7.000
LG03127,LG03191,6.000
LG02668,LG02672,8.000
LG00019,LG04961,11.000
LG02133,LG02214,12.000
LG03281,LG03371,11.000
LG00446,LG00485,10.000
LG03049,LG03138,7.000
LG03715,LG03782,7.000
LG04135,LG04230,9.000
LG04550,LG04647,8.000
LG01159,LG01213,7.000
LG03174,LG03216,9.000
LG00824,LG00842,10.000
LG04816,LG04845,9.000
LG02308,LG02345,6.000
LG02601,LG02652,6.000
LG03141,LG03194,8.000
LG01903,LG01989,10.000
LG01025,LG01048,7.000
LG04351,LG04419,6.000
LG04153,LG04202,12.000
LG01388,LG01397,7.000
LG03969,LG04025,6.000
LG00034,LG00120,8.000
LG02890,LG02948,12.000
LG01383,LG01394,10.000
LG00523,LG00574,8.000
LG01915,LG01926,10.000
LG03207,LG03293,8.000
LG03009,LG03034,10.000
LG03582,LG03675,7.000
LG01643,LG01714,11.000
LG02184,LG02232,8.000
LG04235,LG04257,9.000
LG02026,LG02077,6.000
LG02476,LG02524,7.000
LG02669,LG02721,6.000
LG03910,LG03968,9.000
LG02613,LG02661,11.000
LG02437,LG02469,7.000
LG00833,LG00885,10.000
LG04017,LG04020,11.000
LG00277,LG00291,8.000
LG02055,LG02117,6.000
LG00825,LG00905,10.000
LG04456,LG04515,7.000
LG02062,LG02156,11.000
LG01633,LG01719,11.000
LG04920,LG04987,10.000
LG00889,LG00957,9.000
LG01176,LG01257,12.000
LG04196,LG04232,8.000
LG03731,LG03752,9.000
LG02468,LG02552,8.000
LG03903,LG03986,10.000
LG01556,LG01621,6.000
LG02377,LG02385,12.000
LG02461,LG02558,11.000
LG03363,LG03442,7.000
LG02152,LG02172,11.000
LG04696,LG04776,12.000
LG01104,LG01158,12.000
LG00330,LG00355,9.000
LG00598,LG00663,11.000
LG03871,LG03897,8.000
LG01204,LG01259,12.000
LG02630,LG02675,8.000
LG00114,LG00169,12.000
LG04078,LG04175,10.000
LG03300,LG03394,11.000
LG00816,LG00844,7.000
LG00238,LG00322,6.000
LG04010,LG04051,11.000
LG03427,LG03448,9.000
LG04132,LG04144,12.000
LG03524,LG03584,7.000
LG04393,LG04441,12.000
LG02778,LG02799,8.000
LG01988,LG02064,10.000
LG01124,LG01132,9.000
LG02852,LG02873,7.000
LG04813,LG04847,10.000
LG02422,LG02434,10.000
LG03433,LG03488,11.000
LG00730,LG00789,7.000
LG01613,LG01690,11.000
LG00313,LG00339,11.000
LG03224,LG03252,11.000
LG02733,LG02790,12.000
LG02519,LG02563,7.000
LG04287,LG04310,8.000
LG04935,LG04993,6.000
LG01490,LG01500,12.000
LG04365,LG04405,9.000
LG02595,LG02613,9.000
LG00035,LG00097,9.000
LG00408,LG00439,12.000
LG03838,LG03891,12.000
LG04406,LG04438,7.000
LG04650,LG04682,12.000
LG04423,LG04508,12.000
LG03772,LG03844,11.000
LG04285,LG04342,7.000
LG01848,LG01937,12.000
LG04498,LG04534,11.000
LG01421,LG01501,10.000
LG03815,LG03853,7.000
LG02283,LG02368,11.000
LG02993,LG03047,11.000
LG03005,LG03035,12.000
LG00607,LG00612,7.000
LG03090,LG03151,11.000
LG03256,LG03267,7.000
LG00071,LG00100,9.000
LG01188,LG01271,7.000
LG01235,LG01278,6.000
LG03044,LG03119,11.000
LG04486,LG04525,6.000
LG00488,LG00567,9.000
LG03714,LG03772,11.000
LG02643,LG02670,10.000
LG00083,LG00126,6.000
LG01926,LG01954,7.000
LG03286,LG03331,10.000
LG04783,LG04818,7.000
LG00273,LG00282,12.000
LG03313,LG03357,11.000
LG04664,LG04685,10.000
LG04717,LG04794,8.000
LG02166,LG02172,9.000
LG00067,LG00088,12.000
LG02328,LG02361,7.000
LG00073,LG00101,6.000
LG03997,LG04022,6.000
LG03478,LG03542,11.000
LG02390,LG02403,12.000
LG01332,LG01375,10.000
LG03909,LG03915,6.000
LG02994,LG03047,12.000
LG02174,LG02246,11.000
LG00046,LG00092,8.000
LG04374,LG04442,8.000
LG02771,LG02810,7.000
LG02438,LG02500,8.000
LG03156,LG03176,10.000
LG02824,LG02858,8.000
LG03973,LG03975,7.000
LG03418,LG03461,9.000
LG03018,LG03054,12.000
LG00267,LG00302,10.000
LG00551,LG00597,8.000
LG02093,LG02143,12.000
LG03993,LG04051,11.000
LG00943,LG01023,8.000
LG02488,LG02504,6.000
LG04369,LG04441,12.000
LG02720,LG02754,12.000
LG02323,LG02371,11.000
LG01748,LG01770,8.000
LG02087,LG02132,6.000
LG00422,LG00490,10.000
LG00982,LG01019,11.000
LG02402,LG02447,8.000
LG01035,LG01075,10.000
LG01851,LG01940,7.000
LG01163,LG01166,7.000
LG02678,LG02744,8.000
LG02375,LG02388,10.000
LG01751,LG01848,9.000
LG04062,LG04155,6.000
LG02916,LG03003,12.000
LG01179,LG01205,6.000
LG00925,LG01001,11.000
LG02138,LG02224,6.000
LG04658,LG04755,12.000
LG01966,LG02032,11.000
LG00279,LG00294,8.000
LG03999,LG04072,11.000
LG02356,LG02430,7.000
LG02436,LG02462,8.000
LG02449,LG02512,6.000
LG01649,LG01697,10.000
LG00447,LG00465,7.000
LG02817,LG02906,11.000
LG01872,LG01908,11.000
LG03155,LG03193,9.000
LG04759,LG04834,9.000
LG04485,LG04498,11.000
LG00403,LG00490,6.000
LG00026,LG00041,10.000
LG03495,LG03504,11.000
LG02797,LG02891,10.000
LG01851,LG01932,12.000
LG04846,LG04864,6.000
LG04279,LG04335,7.000
LG00295,LG00355,7.000
LG00031,LG00038,9.000
LG00971,LG01036,9.000
LG00077,LG04997,10.000
LG02707,LG02763,9.000
LG01195,LG01271,6.000
LG02319,LG02366,11.000
LG02407,LG02452,6.000
LG01424,LG01452,11.000
LG02955,LG02963,10.000
LG02567,LG02661,8.000
LG03775,LG03817,12.000
LG02361,LG02443,11.000
LG03054,LG03095,12.000
LG04290,LG04302,6.000
LG02995,LG03040,7.000
LG02386,LG02469,7.000
LG02591,LG02630,7.000
LG04844,LG04917,6.000
LG03955,LG04034,8.000
LG00735,LG00806,9.000
LG04573,LG04641,11.000
LG02041,LG02114,8.000
LG00102,LG00173,8.000
LG04079,LG04088,9.000
LG04882,LG04969,9.000
LG03909,LG03933,7.000
LG00472,LG00482,11.000
LG00177,LG00260,11.000
LG04036,LG04119,12.000
LG03084,LG03133,11.000
LG03645,LG03673,9.000
LG01275,LG01305,8.000
LG04342,LG04397,7.000
LG02640,LG02735,8.000
LG02376,LG02395,6.000
LG04678,LG04692,9.000
LG03309,LG03388,7.000
LG01386,LG01433,9.000
LG02870,LG02960,8.000
LG04170,LG04209,10.000
LG00416,LG00423,11.000
LG02946,LG03014,9.000
LG03956,LG04024,7.000
LG02201,LG02276,7.000
LG00613,LG00646,9.000
LG04155,LG04198,7.000
LG02626,LG02693,8.000
LG04004,LG04048,6.000
LG04149,LG04154,10.000
LG04577,LG04602,11.000
LG03678,LG03699,8.000
LG01086,LG01172,6.000
LG03593,LG03598,11.000
LG00188,LG00234,9.000
LG02460,LG02495,9.000
LG02736,LG02819,7.000
LG00164,LG00197,7.000
LG00514,LG00573,6.000
LG00930,LG01006,9.000
LG00502,LG00575,10.000
LG02710,LG02733,11.000
LG04787,LG04867,6.000
LG03524,LG03573,7.000
LG01782,LG01791,7.000
LG03966,LG04051,8.000
LG03904,LG03989,9.000
LG00582,LG00663,6.000
LG00024,LG04972,10.000
LG04941,LG04986,11.000
LG01232,LG01299,9.000
LG03285,LG03356,12.000
LG04824,LG04919,9.000
LG04541,LG04590,11.000
LG01573,LG01619,7.000
LG00365,LG00395,6.000
LG02956,LG03012,12.000
LG02793,LG02796,7.000
LG03817,LG03829,9.000
LG03060,LG03082,9.000
LG04668,LG04721,8.000
LG02279,LG02332,9.000
LG04090,LG04113,10.000
LG01049,LG01064,8.000
LG04498,LG04531,6.000
LG03631,LG03650,9.000
LG02448,LG02542,8.000
LG03354,LG03417,12.000
LG04179,LG04221,12.000
LG02208,LG02234,8.000
LG02399,LG02467,9.000
LG04444,LG04453,8.000
LG02934,LG03010,8.000
LG04312,LG04337,12.000
LG03812,LG03905,11.000
LG02018,LG02055,12.000
LG01264,LG01346,7.000
LG02537,LG02633,9.000
LG01012,LG01054,6.000
LG04214,LG04289,11.000
LG00664,LG00707,7.000
LG01141,LG01181,7.000
LG04093,LG04163,9.000
LG00213,LG00308,8.000
LG02930,LG02945,6.000
LG03514,LG03537,11.000
LG02766,LG02797,7.000
LG04493,LG04513,9.000
LG03986,LG04074,8.000
LG00133,LG00176,12.000
LG03266,LG03356,6.000
LG01190,LG01195,8.000
LG03396,LG03483,6.000
LG01594,LG01639,7.000
LG00140,LG00146,12.000
LG01328,LG01364,10.000
LG01992,LG01997,6.000
LG02588,LG02611,8.000
LG00941,LG00997,8.000
LG01882,LG01915,11.000
LG01275,LG01330,9.000
LG03926,LG04004,12.000
LG03138,LG03199,10.000
LG01921,LG01963,11.000
LG04530,LG04590,7.000
LG00981,LG00987,8.000
LG03781,LG03797,7.000
LG02308,LG02331,10.000
LG00809,LG00878,8.000
LG03143,LG03193,9.000
LG03729,LG03809,8.000
LG01694,LG01789,9.000
LG04219,LG04277,9.000
LG00163,LG00230,6.000
LG04471,LG04482,10.000
LG02791,LG02839,12.000
LG02174,LG02252,6.000
LG02473,LG02491,7.000
LG01855,LG01943,7.000
LG04159,LG04232,9.000
LG02540,LG02630,11.000
LG03874,LG03912,7.000
LG02258,LG02266,10.000
LG03986,LG04019,12.000
LG00847,LG00900,9.000
LG01158,LG01246,11.000
LG03000,LG03026,6.000
LG03604,LG03660,7.000
LG00074,LG04979,11.000
LG01570,LG01630,8.000
LG00051,LG00099,12.000
LG04720,LG04801,9.000
LG01030,LG01108,12.000
LG00182,LG00201,6.000
LG02320,LG02333,10.000
LG00594,LG00661,10.000
LG00234,LG00275,9.000
LG00561,LG00618,10.000
LG03082,LG03086,12.000
LG02652,LG02710,6.000
LG03145,LG03155,11.000
LG03325,LG03383,12.000
LG00335,LG00375,9.000
LG00277,LG00314,11.000
LG03493,LG03564,8.000
LG04131,LG04154,12.000
LG02735,LG02812,8.000
LG00383,LG00441,6.000
LG03512,LG03546,7.000
LG00187,LG00243,10.000
LG03510,LG03590,10.000
LG03760,LG03793,12.000
LG00961,LG01009,10.000
LG00313,LG00323,12.000
LG03494,LG03542,7.000
LG04318,LG04391,10.000
LG04488,LG04547,11.000
LG01458,LG01508,8.000
LG00794,LG00833,7.000
LG00258,LG00274,7.000
LG04885,LG04896,12.000
LG01427,LG01507,12.000
LG01124,LG01151,7.000
LG04591,LG04633,7.000
LG02796,LG02863,11.000
LG00550,LG00607,6.000
LG04023,LG04041,12.000
LG02884,LG02968,9.000
LG01599,LG01661,8.000
LG04869,LG04928,12.000
LG01388,LG01409,10.000
LG02643,LG02709,8.000
LG00077,LG00174,11.000
LG02627,LG02692,7.000
LG01042,LG01122,7.000
LG01733,LG01791,9.000
LG00703,LG00797,6.000
LG02107,LG02148,10.000
LG04338,LG04349,7.000
LG04523,LG04618,11.000
LG00675,LG00753,7.000
LG00126,LG00151,9.000
LG03021,LG03090,11.000
LG00678,LG00707,9.000
LG04044,LG04062,6.000
LG01718,LG01811,8.000
LG01842,LG01852,10.000
LG02751,LG02761,11.000
LG04554,LG04635,6.000
LG02819,LG02877,10.000
LG04643,LG04687,7.000
LG00023,LG00079,10.000
LG00046,LG00123,9.000
LG03984,LG04039,12.000
LG02926,LG02973,10.000
LG02245,LG02295,6.000
LG00538,LG00605,7.000
LG04448,LG04452,11.000
LG02099,LG02165,11.000
LG03207,LG03225,10.000
LG03345,LG03425,12.000
LG02061,LG02087,12.000
LG01930,LG01933,9.000
LG00313,LG00352,10.000
LG04846,LG04852,10.000
LG00917,LG00940,6.000
LG03899,LG03914,12.000
LG02575,LG02669,6.000
LG04744,LG04808,10.000
LG04698,LG04780,11.000
LG04472,LG04509,10.000
LG00704,LG00716,11.000
LG00029,LG04958,10.000
LG00049,LG00102,7.000
LG04497,LG04513,10.000
LG04216,LG04268,11.000
LG01473,LG01546,9.000
LG00525,LG00527,10.000
LG01232,LG01322,7.000
LG01726,LG01764,9.000
LG03782,LG03827,8.000
LG02901,LG02947,11.000
LG00725,LG00753,7.000
LG01856,LG01882,9.000
LG02766,LG02776,12.000
LG03905,LG03963,11.000
LG04537,LG04633,10.000
LG03420,LG03504,8.000
LG04132,LG04193,8.000
LG01651,LG01665,6.000
LG01039,LG01080,11.000
LG04819,LG04826,8.000
LG00753,LG00809,7.000
LG02344,LG02422,10.000
LG02771,LG02789,7.000
LG03804,LG03847,12.000
LG03532,LG03595,9.000
LG04033,LG04115,11.000
LG02586,LG02600,7.000
LG00047,LG00109,8.000
LG01654,LG01660,11.000
LG00466,LG00522,6.000
LG02589,LG02610,9.000
LG04172,LG04268,9.000
LG04315,LG04348,12.000
LG04350,LG04417,7.000
LG01069,LG01107,8.000
LG03186,LG03214,11.000
LG02303,LG02332,10.000
LG00552,LG00648,6.000
LG03947,LG03949,12.000
LG03463,LG03532,6.000
LG04046,LG04136,10.000
LG01042,LG01064,9.000
LG03439,LG03478,10.000
LG03729,LG03755,7.000
LG01965,LG02040,7.000
LG04635,LG04702,7.000
LG02946,LG02950,12.000
LG01686,LG01695,11.000
LG01258,LG01261,9.000
LG00809,LG00829,9.000
LG03389,LG03397,9.000
LG04229,LG04303,11.000
LG04477,LG04495,6.000
LG03167,LG03207,7.000
LG02482,LG02484,7.000
LG02409,LG02438,10.000
LG01489,LG01516,12.000
LG04316,LG04358,9.000
LG04667,LG04718,7.000
LG03568,LG03607,11.000
LG00702,LG00780,8.000
LG00242,LG00301,10.000
LG00714,LG00808,6.000
LG04318,LG04348,10.000
LG03648,LG03740,7.000
LG03440,LG03495,11.000
LG02197,LG02201,10.000
LG04292,LG04319,7.000
LG01292,LG01365,12.000
LG00381,LG00385,12.000
LG02348,LG02399,12.000
LG01825,LG01868,7.000
LG01678,LG01703,9.000
LG00090,LG00096,8.000
LG01017,LG01042,7.000
LG04006,LG04067,12.000
LG04761,LG04847,10.000
LG01886,LG01936,9.000
LG02721,LG02773,9.000
LG04750,LG04802,6.000
LG01544,LG01591,11.000
LG01592,LG01610,11.000
LG03023,LG03099,11.000
LG00836,LG00838,11.000
LG00877,LG00946,6.000
LG01747,LG01812,10.000
LG04713,LG04722,9.000
LG02060,LG02128,9.000
LG03523,LG03618,7.000
LG02627,LG02630,8.000
LG01536,LG01632,10.000
LG02946,LG02952,12.000
LG04360,LG04449,10.000
LG02120,LG02195,6.000
LG03456,LG03521,10.000
LG04671,LG04726,8.000
LG04815,LG04908,6.000
LG03742,LG03808,12.000
LG03669,LG03691,9.000
LG02128,LG02202,9.000
LG03901,LG03985,10.000
LG03363,LG03426,10.000
LG03872,LG03956,9.000
LG02314,LG02331,12.000
LG02461,LG02465,6.000
LG01413,LG01448,8.000
LG00514,LG00540,7.000
LG01442,LG01485,8.000
LG01481,LG01564,10.000
LG03637,LG03698,8.000
LG01007,LG01023,9.000
LG04465,LG04497,12.000
LG01576,LG01642,7.000
LG04681,LG04744,8.000
LG00143,LG00156,12.000
LG01929,LG01939,12.000
LG02016,LG02027,9.000
LG00066,LG00118,12.000
LG03191,LG03206,10.000
LG00329,LG00391,8.000
LG03894,LG03935,10.000
LG03340,LG03419,9.000
LG03415,LG03432,10.000
LG03382,LG03426,10.000
LG03304,LG03372,12.000
LG01461,LG01543,11.000
LG02999,LG03007,10.000
LG02900,LG02903,6.000
LG01627,LG01707,11.000
LG02699,LG02720,8.000
LG02600,LG02651,6.000
LG04179,LG04231,10.000
LG01293,LG01318,10.000
LG02612,LG02686,8.000
LG01036,LG01101,6.000
LG02073,LG02150,11.000
LG01630,LG01674,12.000
LG04894,LG04955,6.000
LG02818,LG02895,6.000
LG00181,LG00257,11.000
LG00650,LG00689,8.000
LG00131,LG00176,6.000
LG02528,LG02551,7.000
LG01819,LG01854,11.000
LG04890,LG04928,6.000
LG01775,LG01856,10.000
LG01279,LG01295,8.000
LG02688,LG02763,7.000
LG00659,LG00670,9.000
LG04871,LG04907,7.000
LG01721,LG01736,11.000
LG01429,LG01467,11.000
LG01315,LG01391,9.000
LG04344,LG04358,10.000
LG04353,LG04417,11.000
LG00465,LG00507,7.000
LG01413,LG01491,7.000
LG00892,LG00936,11.000
LG04104,LG04164,10.000
LG00818,LG00885,8.000
LG04846,LG04858,12.000
LG03765,LG03857,12.000
LG02436,LG02527,10.000
LG00821,LG00904,10.000
LG00335,LG00366,9.000
LG01008,LG01072,11.000
LG01435,LG01504,7.000
LG04885,LG04930,11.000
LG03875,LG03901,7.000
LG03930,LG03980,6.000
LG02640,LG02656,11.000
LG04000,LG04058,11.000
LG03878,LG03914,10.000
LG04585,LG04663,7.000
LG01944,LG01970,9.000
LG01976,LG02019,9.000
LG00589,LG00650,10.000
LG04289,LG04324,7.000
LG01185,LG01220,10.000
LG00275,LG00305,12.000
LG02675,LG02763,6.000
LG04188,LG04214,12.000
LG01215,LG01262,12.000
LG03951,LG04038,9.000
LG02046,LG02089,8.000
LG02228,LG02325,11.000
LG00176,LG00258,11.000
LG00769,LG00790,7.000
LG00304,LG00316,8.000
LG04113,LG04156,9.000
LG04375,LG04410,7.000
LG02191,LG02234,12.000
LG01414,LG01446,7.000
LG02948,LG03039,12.000
LG00319,LG00373,11.000
LG03598,LG03627,6.000
LG01196,LG01200,7.000
LG02742,LG02744,10.000
LG01174,LG01231,10.000
LG03338,LG03415,9.000
LG00434,LG00511,8.000
LG03525,LG03587,11.000
LG00102,LG00152,11.000
LG04652,LG04707,9.000
LG02057,LG02118,11.000
LG04112,LG04160,7.000
LG00277,LG00349,11.000
LG04851,LG04902,8.000
LG03360,LG03426,10.000
LG03379,LG03443,11.000
LG00035,LG00047,9.000
LG04757,LG04786,9.000
LG04553,LG04635,10.000
LG02181,LG02251,12.000
LG04422,LG04433,10.000
LG01366,LG01400,7.000
LG03745,LG03813,7.000
LG03887,LG03945,11.000
LG01656,LG01677,9.000
LG01856,LG01884,11.000
LG02945,LG02985,12.000
LG03664,LG03721,6.000
LG03329,LG03378,7.000
LG01133,LG01175,10.000
LG00238,LG00284,12.000
LG03829,LG03920,8.000
LG04356,LG04382,8.000
LG00589,LG00683,10.000
LG02706,LG02784,7.000
LG03006,LG03089,11.000
LG03616,LG03709,6.000
LG04835,LG04875,10.000
LG02841,LG02885,10.000
LG01527,LG01542,11.000
LG01178,LG01255,9.000
LG04493,LG04511,12.000
LG02404,LG02420,11.000
LG01736,LG01756,10.000
LG04190,LG04219,6.000
LG04309,LG04374,8.000
LG04005,LG04057,10.000
LG03124,LG03220,7.000
LG04815,LG04889,8.000
LG02161,LG02168,7.000
LG01856,LG01902,12.000
LG03462,LG03479,6.000
LG04799,LG04836,10.000
LG00741,LG00799,9.000
LG04440,LG04460,9.000
LG03359,LG03414,6.000
LG02563,LG02607,7.000
LG04969,LG04993,8.000
LG03097,LG03105,7.000
LG02918,LG02985,12.000
LG04886,LG04896,7.000
LG04426,LG04521,6.000
LG01732,LG01818,6.000
LG00400,LG00482,9.000
LG01584,LG01597,8.000
LG01363,LG01455,9.000
LG04158,LG04205,6.000
LG04086,LG04107,6.000
LG02756,LG02780,9.000
LG01079,LG01121,7.000
LG01786,LG01860,9.000
LG04741,LG04821,11.000
LG04482,LG04537,7.000
LG02707,LG02728,9.000
LG00660,LG00714,7.000
LG02369,LG02405,7.000
LG00065,LG00082,10.000
LG04722,LG04806,10.000
LG03069,LG03143,6.000
LG02162,LG02183,10.000
LG00192,LG00223,6.000
LG00697,LG00710,9.000
LG00215,LG00302,11.000
LG00833,LG00847,8.000
LG01609,LG01632,10.000
LG02125,LG02134,7.000
LG03674,LG03762,12.000
LG00746,LG00810,8.000
LG00181,LG00266,9.000
LG01334,LG01356,10.000
LG04643,LG04709,7.000
LG00509,LG00581,7.000
LG00435,LG00442,9.000
LG03811,LG03844,11.000
LG01189,LG01192,8.000
LG01969,LG02030,9.000
LG00021,LG04961,7.000
LG00462,LG00542,10.000
LG00005,LG00071,12.000
LG04759,LG04843,6.000
LG03261,LG03331,12.000
LG01625,LG01630,8.000
LG00387,LG00458,6.000
LG00843,LG00913,12.000
LG00919,LG00968,11.000
LG00867,LG00921,8.000
LG04440,LG04504,10.000
LG02704,LG02770,7.000
LG01203,LG01253,11.000
LG02868,LG02921,6.000
LG03722,LG03787,12.000
LG00125,LG00190,12.000
LG02447,LG02512,7.000
LG00941,LG01017,12.000
LG03826,LG03837,10.000
LG01712,LG01737,11.000
LG00829,LG00904,8.000
LG00984,LG01065,8.000
LG04637,LG04654,10.000
LG03590,LG03668,11.000
LG04404,LG04481,7.000
LG04904,LG04933,7.000
LG00236,LG00257,9.000
LG03953,LG04011,11.000
LG00508,LG00544,10.000
LG02822,LG02871,9.000
LG03693,LG03711,12.000
LG03364,LG03379,12.000
LG04872,LG04901,6.000
LG04593,LG04677,12.000
LG03230,LG03252,10.000
LG02014,LG02043,6.000
LG02085,LG02089,6.000
LG02450,LG02511,8.000
LG02499,LG02540,6.000
LG01320,LG01322,11.000
LG03234,LG03265,10.000
LG02809,LG02811,8.000
LG03937,LG03943,10.000
LG03576,LG03638,12.000
LG02861,LG02914,10.000
LG01539,LG01614,9.000
LG00462,LG00464,11.000
LG04538,LG04563,9.000
LG03566,LG03618,9.000
LG03234,LG03307,8.000
LG01963,LG01989,10.000
LG00154,LG00188,10.000
LG02890,LG02957,6.000
LG01304,LG01307,12.000
LG04348,LG04379,11.000
LG04827,LG04919,11.000
LG03331,LG03408,10.000
LG01900,LG01944,8.000
LG00109,LG00140,7.000
LG04903,LG04988,11.000
LG02585,LG02682,6.000
LG01010,LG01023,6.000
LG00657,LG00664,7.000
LG02305,LG02381,10.000
LG02401,LG02453,8.000
LG00231,LG00298,8.000
LG01899,LG01912,6.000
LG04476,LG04501,11.000
LG00636,LG00675,8.000
LG03045,LG03109,6.000
LG00803,LG00887,11.000
LG03053,LG03140,12.000
LG02378,LG02382,8.000
LG04637,LG04662,6.000
LG01920,LG02016,6.000
LG00006,LG04959,10.000
LG02248,LG02305,10.000
LG04543,LG04569,10.000
LG04116,LG04119,7.000
LG00816,LG00849,9.000
LG01234,LG01281,10.000
LG02683,LG02695,8.000
LG03980,LG04053,7.000
LG01859,LG01913,8.000
LG02679,LG02703,8.000
LG00582,LG00674,7.000
LG03654,LG03713,9.000
LG02779,LG02784,10.000
LG03261,LG03343,10.000
LG00808,LG00864,7.000
LG02071,LG02106,7.000
LG04154,LG04246,7.000
LG01103,LG01110,7.000
LG03942,LG03989,11.000
LG04822,LG04908,10.000
LG04401,LG04445,10.000
LG04338,LG04392,8.000
LG03615,LG03650,12.000
LG04152,LG04213,7.000
LG02413,LG02484,9.000
LG04777,LG04838,7.000
LG01417,LG01491,6.000
LG01810,LG01817,12.000
LG03310,LG03368,7.000
LG02502,LG02504,6.000
LG04719,LG04802,8.000
LG03738,LG03781,10.000
LG00970,LG00993,11.000
LG03525,LG03527,12.000
LG01703,LG01740,9.000
LG01840,LG01874,10.000
LG02262,LG02343,10.000
LG03843,LG03928,10.000
LG04160,LG04195,11.000
LG04306,LG04322,6.000
LG04163,LG04191,8.000
LG04531,LG04558,10.000
LG04835,LG04844,11.000
LG02229,LG02253,8.000
LG01163,LG01169,6.000
LG03699,LG03720,11.000
LG02378,LG02420,8.000
LG01509,LG01550,7.000
LG01644,LG01738,6.000
LG02449,LG02521,12.000
LG03197,LG03246,7.000
LG00257,LG00284,8.000
LG03153,LG03206,6.000
LG03174,LG03214,11.000
LG00750,LG00779,10.000
LG03209,LG03226,9.000
LG02736,LG02738,10.000
LG04820,LG04831,7.000
LG04089,LG04159,7.000
LG00859,LG00953,10.000
LG04754,LG04787,10.000
LG00962,LG01053,11.000
LG03688,LG03715,11.000
LG02318,LG02327,11.000
LG04864,LG04928,8.000
LG02807,LG02835,12.000
LG03859,LG03869,12.000
LG02118,LG02130,9.000
LG00074,LG00090,10.000
LG00487,LG00576,9.000
LG02303,LG02336,9.000
LG02450,LG02476,7.000
LG01047,LG01064,7.000
LG02239,LG02260,9.000
LG03592,LG03594,11.000
LG03576,LG03616,9.000
LG04085,LG04180,6.000
LG02352,LG02399,7.000
LG04628,LG04692,10.000
LG01388,LG01414,11.000
LG01448,LG01530,7.000
LG04966,LG04994,9.000
LG01374,LG01447,6.000
LG02361,LG02394,8.000
LG00049,LG04952,7.000
LG02105,LG02196,8.000
LG02408,LG02437,12.000
LG02368,LG02404,12.000
LG03992,LG04055,10.000
LG00534,LG00609,11.000
LG01100,LG01144,11.000
LG02118,LG02163,8.000
LG00433,LG00468,10.000
LG03316,LG03396,8.000
LG04445,LG04528,8.000
LG03165,LG03193,7.000
LG04038,LG04069,9.000
LG03164,LG03255,12.000
LG02865,LG02873,8.000
LG04759,LG04846,12.000
LG03336,LG03362,11.000
LG00961,LG01025,6.000
LG01516,LG01548,9.000
LG02999,LG03006,6.000
LG03129,LG03144,12.000
LG04046,LG04050,8.000
LG04901,LG04945,9.000
LG00025,LG00047,6.000
LG01040,LG01119,11.000
LG00128,LG00186,9.000
LG02841,LG02921,11.000
LG02254,LG02291,8.000
LG01784,LG01810,9.000
LG03949,LG04046,11.000
LG02084,LG02126,12.000
LG02857,LG02917,9.000
LG04079,LG04105,12.000
LG00029,LG00114,7.000
LG04125,LG04182,11.000
LG00005,LG00014,7.000
LG01371,LG01413,11.000
LG01140,LG01158,9.000
LG01004,LG01100,7.000
LG03580,LG03618,12.000
LG03792,LG03881,8.000
LG03325,LG03328,6.000
LG02156,LG02240,6.000
LG04360,LG04373,11.000
LG00031,LG00080,8.000
LG04616,LG04675,8.000
LG01593,LG01649,6.000
LG00905,LG00974,7.000
LG04027,LG04084,11.000
LG00766,LG00858,12.000
LG00968,LG01062,12.000
LG00617,LG00688,6.000
LG02669,LG02709,12.000
LG02649,LG02681,12.000
LG00323,LG00352,11.000
LG02737,LG02810,7.000
LG01916,LG01973,9.000
LG01143,LG01222,6.000
LG04563,LG04598,7.000
LG02226,LG02316,11.000
LG00009,LG00072,11.000
LG01644,LG01675,6.000
LG04957,LG04994,6.000
LG04800,LG04813,11.000
LG02707,LG02736,10.000
LG01548,LG01618,11.000
LG01202,LG01276,10.000
LG04573,LG04607,12.000
LG01704,LG01746,6.000
LG00310,LG00352,12.000
LG00869,LG00922,8.000
LG02069,LG02124,9.000
LG03661,LG03691,11.000
LG02955,LG02974,8.000
LG04251,LG04292,12.000
LG01567,LG01605,7.000
LG03519,LG03549,6.000
LG04137,LG04231,9.000
LG03928,LG03978,10.000
LG03022,LG03027,7.000
LG02013,LG02024,8.000
LG01106,LG01152,6.000
LG04594,LG04626,11.000
LG00049,LG00115,7.000
LG03569,LG03608,8.000
LG00199,LG00222,9.000
LG04935,LG04988,8.000
LG01698,LG01703,12.000
LG01990,LG02022,9.000
LG02711,LG02781,12.000
LG04611,LG04668,11.000
LG02007,LG02085,8.000
LG02621,LG02643,11.000
LG02255,LG02324,7.000
LG00636,LG00646,9.000
LG02571,LG02601,11.000
LG00898,LG00953,11.000
LG01966,LG02048,12.000
LG03709,LG03787,6.000
LG04604,LG04644,11.000
LG03462,LG03558,6.000
LG01171,LG01193,9.000
LG01283,LG01326,7.000
LG03236,LG03309,12.000
LG04265,LG04343,10.000
LG02373,LG02405,9.000
LG00427,LG00480,6.000
LG03022,LG03077,12.000
LG04322,LG04375,9.000
LG00656,LG00735,11.000
LG04772,LG04816,11.000
LG04906,LG04986,6.000
LG00054,LG00083,12.000
LG03885,LG03959,12.000
LG01095,LG01174,7.000
LG01115,LG01164,6.000
LG01370,LG01451,10.000
LG03299,LG03348,12.000
LG02331,LG02367,11.000
LG00723,LG00730,12.000
LG01932,LG01940,12.000
LG00353,LG00374,8.000
LG00062,LG00134,10.000
LG04874,LG04932,10.000
LG00261,LG00353,7.000
LG01933,LG02005,11.000
LG00780,LG00849,8.000
LG01881,LG01887,7.000
LG01606,LG01614,7.000
LG02290,LG02331,7.000
LG01477,LG01488,8.000
LG03710,LG03779,10.000
LG01757,LG01827,9.000
LG01305,LG01384,6.000
LG01345,LG01361,9.000
LG01561,LG01623,6.000
LG00215,LG00286,12.000
LG00025,LG04950,11.000
LG02646,LG02661,11.000
LG04545,LG04625,6.000
LG01399,LG01482,9.000
LG00052,LG00148,9.000
LG00042,LG00098,10.000
LG01682,LG01724,9.000
LG03797,LG03812,10.000
LG01714,LG01730,6.000
LG03937,LG03964,10.000
LG03714,LG03810,10.000
LG03253,LG03323,9.000
LG03005,LG03047,9.000
LG04620,LG04625,8.000
LG02456,LG02530,12.000
LG02800,LG02888,7.000
LG02790,LG02843,11.000
LG00262,LG00350,12.000
LG01682,LG01739,6.000
LG02707,LG02764,12.000
LG03788,LG03795,9.000
LG03065,LG03160,8.000
LG04767,LG04841,10.000
LG00675,LG00707,9.000
LG04232,LG04276,7.000
LG04107,LG04149,6.000
LG00578,LG00667,11.000
LG03340,LG03386,12.000
LG02743,LG02752,11.000
LG03672,LG03703,11.000
LG00352,LG00438,8.000
LG01518,LG01558,12.000
LG02260,LG02277,7.000
LG00136,LG00141,6.000
LG04530,LG04538,6.000
LG02850,LG02908,7.000
LG00161,LG00202,7.000
LG01671,LG01743,10.000
LG04801,LG04870,7.000
LG01782,LG01802,12.000
LG02904,LG02985,6.000
LG01352,LG01439,9.000
LG02823,LG02838,6.000
LG03041,LG03070,8.000
LG04827,LG04915,7.000
LG02425,LG02428,9.000
LG03369,LG03371,9.000
LG01042,LG01130,12.000
LG01949,LG01978,11.000
LG01821,LG01833,7.000
LG00868,LG00943,9.000
LG03879,LG03939,8.000
LG02878,LG02916,12.000
LG01182,LG01213,7.000
LG04595,LG04617,8.000
LG01839,LG01873,7.000
LG00206,LG00283,6.000
LG00962,LG01052,12.000
LG03975,LG04060,6.000
LG01606,LG01645,6.000
LG01972,LG02014,11.000
LG04397,LG04461,10.000
LG01743,LG01757,10.000
LG03568,LG03584,7.000
LG04081,LG04131,12.000
LG04390,LG04480,10.000
LG03950,LG04037,8.000
LG00916,LG01003,8.000
LG00768,LG00779,7.000
LG02609,LG02650,10.000
LG02043,LG02135,10.000
LG00439,LG00486,10.000
LG01471,LG01548,8.000
LG01336,LG01367,12.000
LG03499,LG03519,11.000
LG01198,LG01206,6.000
LG03729,LG03769,7.000
LG04887,LG04971,7.000
LG03760,LG03825,9.000
LG03501,LG03518,6.000
LG02958,LG02991,8.000
LG03617,LG03640,10.000
LG03442,LG03523,11.000
LG01839,LG01871,7.000
LG01219,LG01268,11.000
LG04837,LG04912,7.000
LG01060,LG01129,11.000
LG01725,LG01790,7.000
LG03328,LG03339,11.000
LG01173,LG01189,11.000
LG02745,LG02808,6.000
LG01587,LG01673,6.000
LG00015,LG04931,8.000
LG03167,LG03177,12.000
LG01698,LG01788,6.000
LG02149,LG02184,9.000
LG03393,LG03403,7.000
LG04169,LG04207,10.000
LG01358,LG01416,9.000
LG01977,LG02043,11.000
LG03615,LG03631,12.000
LG01818,LG01889,11.000
LG02517,LG02604,9.000
LG04089,LG04139,10.000
LG02134,LG02218,6.000
LG01654,LG01704,11.000
LG00875,LG00928,12.000
LG04828,LG04910,11.000
LG04125,LG04219,10.000
LG04662,LG04692,8.000
LG02759,LG02810,11.000
LG02406,LG02484,8.000
LG04150,LG04238,12.000
LG01791,LG01797,12.000
LG02997,LG03017,10.000
LG03789,LG03862,12.000
LG02776,LG02806,11.000
LG04752,LG04756,11.000
LG00184,LG00276,11.000
LG04848,LG04882,7.000
LG02419,LG02505,6.000
LG03636,LG03643,7.000
LG00811,LG00859,6.000
LG00016,LG04957,11.000
LG02013,LG02108,7.000
LG03145,LG03209,6.000
LG03440,LG03476,9.000
LG01379,LG01436,10.000
LG00496,LG00582,12.000
LG02883,LG02900,10.000
LG01556,LG01614,7.000
LG02394,LG02465,12.000
LG04279,LG04321,8.000
LG01660,LG01733,6.000
LG04943,LG04980,6.000
LG00315,LG00384,6.000
LG04834,LG04919,8.000
LG00163,LG00239,6.000
LG02674,LG02737,6.000
LG04885,LG04906,10.000
LG02920,LG02939,10.000
LG03320,LG03351,6.000
LG00379,LG00470,8.000
LG02058,LG02114,11.000
LG04750,LG04774,8.000
LG00700,LG00791,9.000
LG01069,LG01136,6.000
LG03469,LG03540,10.000
LG02665,LG02707,12.000
LG04317,LG04328,11.000
LG03615,LG03707,12.000
LG02002,LG02047,10.000
LG02012,LG02107,7.000
LG02174,LG02258,11.000
LG00032,LG00079,8.000
LG03063,LG03153,12.000
LG01011,LG01062,10.000
LG00298,LG00321,7.000
LG04005,LG04061,8.000
LG02426,LG02515,7.000
LG01662,LG01741,10.000
LG02233,LG02264,9.000
LG04315,LG04325,8.000
LG02751,LG02758,10.000
LG00988,LG01078,8.000
LG01234,LG01249,10.000
LG03103,LG03166,7.000
LG02138,LG02217,12.000
LG03170,LG03188,9.000
LG01652,LG01725,12.000
LG00123,LG00201,8.000
LG04331,LG04363,7.000
LG04349,LG04400,10.000
LG02228,LG02302,7.000
LG00433,LG00503,7.000
LG01422,LG01442,11.000
LG03168,LG03204,12.000
LG00300,LG00385,9.000
LG04164,LG04232,12.000
LG01172,LG01252,12.000
LG01329,LG01420,10.000
LG02138,LG02216,10.000
LG03323,LG03378,9.000
LG02303,LG02397,9.000
LG04729,LG04790,11.000
LG00913,LG00958,12.000
LG01767,LG01837,8.000
LG02380,LG02424,9.000
LG01960,LG01962,10.000
LG00011,LG00072,8.000
LG00803,LG00840,8.000
LG04124,LG04165,6.000
LG03223,LG03263,11.000
LG00694,LG00738,7.000
LG04058,LG04094,12.000
LG02287,LG02333,10.000
LG03956,LG03982,10.000
LG04335,LG04355,8.000
LG01561,LG01602,9.000
LG04432,LG04481,7.000
LG03722,LG03780,6.000
LG00711,LG00756,9.000
LG04200,LG04287,12.000
LG00239,LG00250,11.000
LG02152,LG02195,10.000
LG00096,LG00145,10.000
LG00969,LG00999,11.000
LG00183,LG00279,12.000
LG00069,LG04984,12.000
LG03119,LG03169,6.000
LG02697,LG02710,7.000
LG00710,LG00778,10.000
LG04513,LG04530,10.000
LG03653,LG03667,6.000
LG02160,LG02237,10.000
LG04253,LG04292,11.000
LG04979,LG04991,12.000
LG01185,LG01198,9.000
LG01758,LG01834,12.000
LG03716,LG03799,7.000
LG04702,LG04759,8.000
LG00424,LG00462,8.000
LG01181,LG01201,6.000
LG02265,LG02332,10.000
LG03000,LG03081,12.000
LG02130,LG02195,12.000
LG03727,LG03765,10.000
LG00553,LG00590,7.000
LG01208,LG01219,11.000
LG00381,LG00427,7.000
LG01202,LG01231,12.000
LG04727,LG04815,12.000
LG03316,LG03383,10.000
LG02786,LG02799,8.000
LG03570,LG03644,6.000
LG04836,LG04924,9.000
LG03045,LG03067,12.000
LG01363,LG01378,12.000
LG00781,LG00866,10.000
LG04485,LG04534,10.000
LG00401,LG00414,8.000
LG03063,LG03070,12.000
LG00431,LG00439,12.000
LG03862,LG03913,9.000
LG02001,LG02037,10.000
LG00199,LG00260,6.000
LG01204,LG01277,12.000
LG04484,LG04537,8.000
LG00721,LG00814,10.000
LG02225,LG02316,7.000
LG03242,LG03280,10.000
LG00276,LG00282,12.000
LG01462,LG01543,7.000
LG01643,LG01725,8.000
LG02879,LG02925,6.000
LG00846,LG00913,10.000
LG01082,LG01094,6.000
LG02983,LG03061,7.000
LG00408,LG00493,12.000
LG04055,LG04078,6.000
LG01789,LG01866,9.000
LG00122,LG00215,7.000
LG00798,LG00838,6.000
LG01258,LG01355,6.000
LG03543,LG03582,7.000
LG03401,LG03420,12.000
LG03543,LG03593,7.000
LG04804,LG04867,9.000
LG02264,LG02293,8.000
LG04297,LG04322,7.000
LG04053,LG04113,8.000
LG03675,LG03733,9.000
LG01891,LG01924,6.000
LG01613,LG01655,8.000
LG00271,LG00310,10.000
LG04361,LG04417,7.000
LG04594,LG04636,12.000
LG04436,LG04462,12.000
LG04424,LG04432,11.000
LG00331,LG00338,10.000
LG04678,LG04682,8.000
LG03347,LG03365,10.000
LG01095,LG01147,7.000
LG04718,LG04768,8.000
LG02982,LG03032,8.000
LG02599,LG02626,12.000
LG04026,LG04088,7.000
LG02065,LG02133,11.000
LG04820,LG04839,11.000
LG02274,LG02308,9.000
LG00325,LG00358,7.000
LG01253,LG01312,10.000
LG00755,LG00782,12.000
LG00635,LG00649,6.000
LG02014,LG02052,9.000
LG02962,LG03019,9.000
LG00759,LG00767,11.000
LG03159,LG03186,8.000
LG01063,LG01115,8.000
LG01278,LG01362,12.000
LG03557,LG03577,6.000
LG00996,LG01030,6.000
LG00360,LG00431,9.000
LG00305,LG00350,6.000
LG04189,LG04251,6.000
LG02826,LG02850,10.000
LG04262,LG04332,8.000
LG02892,LG02913,9.000
LG04108,LG04195,12.000
LG00357,LG00404,9.000
LG03681,LG03769,7.000
LG04833,LG04873,7.000
LG04341,LG04404,7.000
LG03942,LG03975,10.000
LG01837,LG01884,8.000
LG04152,LG04180,8.000
LG03520,LG03568,12.000
LG01053,LG01143,6.000
LG03140,LG03156,11.000
LG01325,LG01357,10.000
LG03834,LG03920,9.000
LG01602,LG01654,8.000
LG03844,LG03849,8.000
LG02558,LG02571,9.000
LG04180,LG04197,9.000
LG00325,LG00413,11.000
LG04405,LG04444,6.000
LG04480,LG04509,9.000
LG01088,LG01131,9.000
LG02740,LG02760,12.000
LG04722,LG04766,11.000
LG04846,LG04907,7.000
LG04189,LG04254,10.000
LG02384,LG02470,7.000
LG04666,LG04710,6.000
LG00128,LG00189,11.000
LG04296,LG04302,7.000
LG03343,LG03423,9.000
LG03591,LG03636,10.000
LG02094,LG02175,7.000
LG03373,LG03464,9.000
LG03281,LG03299,6.000
LG03724,LG03813,11.000
LG01734,LG01818,6.000
LG01964,LG02009,9.000
LG03479,LG03488,6.000
LG03625,LG03699,11.000
LG00144,LG00240,8.000
LG00849,LG00927,11.000
LG03594,LG03690,6.000
LG04134,LG04186,6.000
LG02231,LG02281,9.000
LG00007,LG00094,12.000
LG00142,LG00170,10.000
LG00471,LG00568,9.000
LG00336,LG00385,8.000
LG04154,LG04223,11.000
LG03926,LG03990,10.000
LG00417,LG00427,10.000
LG01156,LG01211,8.000
LG00417,LG00478,8.000
LG02902,LG02905,7.000
LG04746,LG04765,8.000
LG00548,LG00608,9.000
LG04942,LG04992,8.000
LG03214,LG03243,6.000
LG02329,LG02426,7.000
LG02100,LG02190,12.000
LG01479,LG01526,11.000
LG02377,LG02395,6.000
LG03584,LG03657,7.000
LG01558,LG01650,7.000
LG01238,LG01274,10.000
LG04855,LG04924,11.000
LG02195,LG02222,11.000
LG00477,LG00532,6.000
LG04568,LG04621,11.000
LG01507,LG01537,8.000
LG01259,LG01275,6.000
LG03711,LG03794,10.000
LG01256,LG01315,9.000
LG00639,LG00698,10.000
LG01308,LG01332,8.000
LG01591,LG01641,6.000
LG02490,LG02572,9.000
LG04650,LG04672,7.000
LG03853,LG03856,6.000
LG03904,LG03957,9.000
LG03781,LG03858,6.000
LG02498,LG02517,8.000
LG00386,LG00453,11.000
LG04035,LG04104,6.000
LG04399,LG04413,10.000
LG04484,LG04577,12.000
LG03005,LG03093,9.000
LG02879,LG02887,6.000
LG00111,LG00183,12.000
LG02067,LG02158,7.000
LG04093,LG04156,9.000
LG03383,LG03438,6.000
LG02271,LG02341,11.000
LG01723,LG01729,10.000
LG03709,LG03762,10.000
LG02829,LG02844,9.000
LG02564,LG02625,6.000
LG03055,LG03138,6.000
LG04625,LG04691,10.000
LG01211,LG01255,12.000
LG03940,LG03975,9.000
LG02651,LG02662,7.000
LG01178,LG01248,10.000
LG00324,LG00387,8.000
LG04546,LG04565,10.000
LG01433,LG01519,11.000
LG04354,LG04431,9.000
LG04418,LG04508,9.000
LG02697,LG02718,6.000
LG04459,LG04524,8.000
LG01778,LG01843,8.000
LG04534,LG04544,11.000
LG02182,LG02272,9.000
LG03432,LG03509,7.000
LG02539,LG02623,10.000
LG04868,LG04947,8.000
LG03455,LG03539,10.000
LG03398,LG03443,11.000
LG03011,LG03017,6.000
LG00785,LG00865,7.000
LG02508,LG02553,7.000
LG01351,LG01366,10.000
LG01097,LG01160,6.000
LG00470,LG00515,10.000
LG00753,LG00837,11.000
LG02572,LG02623,10.000
LG04406,LG04414,10.000
LG03230,LG03312,8.000
LG02184,LG02269,12.000
LG04436,LG04470,11.000
LG04788,LG04817,12.000
LG01632,LG01704,7.000
LG01616,LG01690,8.000
LG01463,LG01539,6.000
LG04905,LG04977,11.000
LG04039,LG04041,8.000
LG04049,LG04135,7.000
LG03354,LG03425,9.000
LG03926,LG03992,6.000
LG04310,LG04346,7.000
LG01479,LG01543,6.000
LG01173,LG01198,11.000
LG00451,LG00462,10.000
LG04493,LG04523,6.000
LG00445,LG00464,9.000
LG02993,LG03076,6.000
LG01108,LG01189,12.000
LG02769,LG02782,11.000
LG00639,LG00656,12.000
LG04912,LG04944,12.000
LG02667,LG02695,8.000
LG03461,LG03552,8.000
LG02305,LG02326,6.000
LG04868,LG04898,6.000
LG03534,LG03549,6.000
LG02140,LG02167,9.000
LG01417,LG01490,10.000
LG02922,LG02937,8.000
LG01738,LG01784,9.000
LG00130,LG00201,12.000
LG02873,LG02919,8.000
LG02942,LG03038,12.000
LG02762,LG02831,7.000
LG03962,LG04054,10.000
LG03183,LG03258,7.000
LG01836,LG01925,11.000
LG01833,LG01841,9.000
LG01569,LG01633,7.000
LG00388,LG00446,9.000
LG03781,LG03837,7.000
LG01533,LG01535,7.000
LG03276,LG03336,7.000
LG00200,LG00290,11.000
LG03107,LG03191,10.000
LG01832,LG01892,11.000
LG01865,LG01933,10.000
LG03583,LG03638,8.000
LG00757,LG00794,11.000
LG00912,LG00964,12.000
LG02291,LG02349,9.000
LG02278,LG02369,6.000
LG00502,LG00570,7.000
LG01379,LG01419,9.000
LG02813,LG02870,7.000
LG00026,LG04993,12.000
LG02324,LG02411,8.000
LG02739,LG02750,10.000
LG00610,LG00672,12.000
LG03243,LG03296,7.000
LG01649,LG01711,11.000
LG02231,LG02246,7.000
LG01173,LG01238,12.000
LG02083,LG02161,7.000
LG04346,LG04430,7.000
LG02391,LG02404,12.000
LG02012,LG02070,9.000
LG02212,LG02293,9.000
LG03657,LG03753,7.000
LG04936,LG04953,10.000
LG02489,LG02571,11.000
LG01180,LG01275,7.000
LG01499,LG01587,7.000
LG01859,LG01908,11.000
LG02806,LG02816,9.000
LG02688,LG02777,6.000
LG02790,LG02828,12.000
LG00808,LG00877,12.000
LG01467,LG01524,11.000
LG04219,LG04272,6.000
LG02730,LG02798,12.000
LG03137,LG03186,10.000
LG04464,LG04543,11.000
LG03211,LG03252,10.000
LG04226,LG04302,9.000
LG03923,LG04014,8.000
LG03309,LG03380,11.000
LG00774,LG00847,12.000
LG01924,LG01962,9.000
LG01476,LG01564,8.000
LG03337,LG03414,8.000
LG04782,LG04877,11.000
LG00242,LG00338,10.000
LG00285,LG00351,9.000
LG03102,LG03150,8.000
LG00741,LG00811,10.000
LG01635,LG01713,9.000
LG01633,LG01702,10.000
LG03643,LG03727,11.000
LG04929,LG04941,10.000
LG02498,LG02511,9.000
LG00663,LG00707,6.000
LG00981,LG01073,12.000
LG02763,LG02791,11.000
LG02729,LG02735,12.000
LG03378,LG03463,10.000
LG03591,LG03665,9.000
LG04572,LG04612,12.000
LG01462,LG01519,10.000
LG01480,LG01485,12.000
LG00056,LG00079,7.000
LG03701,LG03756,11.000
LG02348,LG02366,9.000
LG00593,LG00673,10.000
LG03424,LG03430,6.000
LG03113,LG03206,6.000
LG02969,LG03021,6.000
LG03665,LG03733,7.000
LG00026,LG04974,6.000
LG02918,LG02938,8.000
LG04267,LG04345,9.000
LG02598,LG02632,8.000
LG01385,LG01455,11.000
LG02491,LG02582,8.000
LG02081,LG02176,9.000
LG02406,LG02447,9.000
LG00546,LG00604,7.000
LG02113,LG02194,11.000
LG04159,LG04239,10.000
LG03439,LG03507,11.000
LG02490,LG02583,8.000
LG00295,LG00361,9.000
LG02256,LG02317,9.000
LG03476,LG03521,10.000
LG03179,LG03216,11.000
LG04216,LG04245,12.000
LG00170,LG00258,12.000
LG02737,LG02824,7.000
LG00130,LG00160,12.000
LG01943,LG01976,11.000
LG04832,LG04879,10.000
LG01105,LG01183,8.000
LG00124,LG00139,6.000
LG01349,LG01376,11.000
LG03808,LG03887,9.000
LG03101,LG03190,9.000
LG00464,LG00475,12.000
LG01921,LG01932,8.000
LG02428,LG02493,7.000
LG01538,LG01618,11.000
LG01846,LG01903,6.000
LG01145,LG01195,11.000
LG04102,LG04110,9.000
LG04647,LG04676,10.000
LG04088,LG04092,7.000
LG01011,LG01027,12.000
LG03493,LG03512,8.000
LG00359,LG00419,8.000
LG01337,LG01432,11.000
LG04329,LG04340,9.000
LG02809,LG02845,7.000
LG03850,LG03891,11.000
LG01039,LG01072,12.000
LG01398,LG01487,6.000
LG01824,LG01829,6.000
LG04985,LG04993,6.000
LG02895,LG02948,8.000
LG03412,LG03472,9.000
LG00891,LG00988,12.000
LG02107,LG02117,6.000
LG02534,LG02566,9.000
LG03908,LG03981,10.000
LG00554,LG00577,8.000
LG04780,LG04810,12.000
LG01247,LG01306,8.000
LG03488,LG03534,12.000
LG03277,LG03361,9.000
LG01968,LG02030,9.000
LG02988,LG03075,6.000
LG02445,LG02503,11.000
LG04120,LG04201,8.000
LG03379,LG03442,9.000
LG01039,LG01066,12.000
LG02141,LG02236,6.000
LG03381,LG03394,11.000
LG02966,LG02981,8.000
LG03023,LG03076,7.000
LG02249,LG02313,11.000
LG00518,LG00608,6.000
LG04813,LG04867,8.000
LG04179,LG04226,11.000
LG02217,LG02257,6.000
LG04891,LG04978,12.000
LG02895,LG02970,12.000
LG00084,LG00179,7.000
LG01567,LG01647,9.000
LG00120,LG00166,10.000
LG02443,LG02522,10.000
LG01226,LG01291,7.000
LG04890,LG04898,8.000
LG00115,LG00203,10.000
LG01903,LG01941,7.000
LG03117,LG03145,6.000
LG03633,LG03711,7.000
LG01057,LG01090,10.000
LG00713,LG00728,11.000
LG03058,LG03067,10.000
LG04898,LG04927,9.000
LG04398,LG04448,12.000
LG01309,LG01369,7.000
LG03963,LG03971,9.000
LG01161,LG01190,11.000
LG04703,LG04705,11.000
LG04368,LG04430,12.000
LG00040,LG00042,12.000
LG00092,LG00135,9.000
LG03760,LG03822,6.000
LG01889,LG01941,6.000
LG02966,LG03031,12.000
LG01468,LG01490,11.000
LG02509,LG02587,9.000
LG04296,LG04312,10.000
LG03594,LG03623,12.000
LG04594,LG04680,11.000
LG04875,LG04945,9.000
LG01996,LG02076,9.000
LG03859,LG03934,7.000
LG01295,LG01314,8.000
LG00423,LG00455,11.000
LG02026,LG02054,12.000
LG00239,LG00287,10.000
LG04950,LG04973,11.000
LG04475,LG04487,9.000
LG04606,LG04694,8.000
LG00903,LG00917,7.000
LG04861,LG04935,7.000
LG00935,LG00990,12.000
LG04523,LG04613,11.000
LG04893,LG04929,11.000
LG01510,LG01533,9.000
LG04292,LG04369,11.000
LG03519,LG03600,12.000
LG02947,LG02974,10.000
LG04487,LG04517,7.000
LG03544,LG03628,12.000
LG01096,LG01104,8.000
LG00830,LG00902,9.000
LG01158,LG01237,6.000
LG02025,LG02104,9.000
LG02419,LG02498,9.000
LG02284,LG02331,10.000
LG00348,LG00375,10.000
LG03375,LG03401,6.000
LG03234,LG03266,9.000
LG04939,LG04955,12.000
LG01598,LG01627,7.000
LG00120,LG00138,9.000
LG02980,LG03008,11.000
LG03822,LG03895,10.000
LG01793,LG01865,7.000
LG02621,LG02648,7.000
LG03501,LG03507,6.000
LG03299,LG03341,12.000
LG02201,LG02249,12.000
LG02359,LG02452,6.000
LG02052,LG02114,10.000
LG04568,LG04599,8.000
LG00227,LG00307,8.000
LG04791,LG04880,12.000
LG03497,LG03507,12.000
LG02072,LG02160,6.000
LG01421,LG01432,8.000
LG03270,LG03343,9.000
LG02895,LG02933,8.000
LG03421,LG03441,10.000
LG03552,LG03576,7.000
LG01763,LG01774,8.000
LG00875,LG00972,8.000
LG03702,LG03763,6.000
LG00768,LG00861,6.000
LG00338,LG00382,7.000
LG00486,LG00579,7.000
LG01278,LG01323,9.000
LG02174,LG02268,9.000
LG03668,LG03693,12.000
LG00433,LG00516,10.000
LG03429,LG03453,7.000
LG00343,LG00390,9.000
LG04036,LG04064,7.000
LG00882,LG00892,9.000
LG01458,LG01489,9.000
LG01573,LG01656,7.000
LG01566,LG01595,11.000
LG04251,LG04314,6.000
LG01113,LG01185,11.000
LG00940,LG00948,9.000
LG00670,LG00697,11.000
LG04649,LG04717,8.000
LG00431,LG00526,8.000
LG01430,LG01472,11.000
LG02949,LG02952,12.000
LG00908,LG00931,8.000
LG03376,LG03384,11.000
LG02709,LG02778,7.000
LG03028,LG03112,6.000
LG04351,LG04386,11.000
LG03864,LG03909,12.000
LG01323,LG01386,7.000
LG00052,LG00110,7.000
LG03749,LG03830,10.000
LG01051,LG01096,6.000
LG00377,LG00423,11.000
LG03850,LG03945,6.000
LG01104,LG01137,10.000
LG02979,LG02984,12.000
LG02983,LG03060,10.000
LG00973,LG01026,7.000
LG03219,LG03229,12.000
LG01948,LG02006,11.000
LG00039,LG00061,6.000
LG02109,LG02143,10.000
LG00189,LG00211,7.000
LG01222,LG01282,10.000
LG04113,LG04150,10.000
LG03610,LG03705,12.000
LG03263,LG03334,7.000
LG03927,LG03991,7.000
LG02505,LG02533,11.000
LG02099,LG02110,12.000
LG00733,LG00740,10.000
LG01247,LG01332,12.000
LG03764,LG03781,10.000
LG02410,LG02422,7.000
LG01781,LG01850,6.000
LG03288,LG03300,6.000
LG03213,LG03239,7.000
LG00339,LG00416,6.000
LG04447,LG04458,10.000
LG04285,LG04304,9.000
LG02929,LG02943,11.000
LG00150,LG00152,12.000
LG03474,LG03509,9.000
LG03704,LG03785,6.000
LG00295,LG00353,12.000
LG03428,LG03433,9.000
LG02368,LG02439,10.000
LG04825,LG04912,7.000
LG04203,LG04242,11.000
LG01813,LG01904,12.000
LG04082,LG04093,9.000
LG04659,LG04721,7.000
LG04903,LG04990,9.000
LG02028,LG02116,7.000
LG02023,LG02060,6.000
LG01403,LG01433,7.000
LG03937,LG04021,9.000
LG04917,LG04920,10.000
LG00190,LG00256,7.000
LG00498,LG00527,6.000
LG01917,LG01941,9.000
LG02777,LG02825,6.000
LG01725,LG01803,6.000
LG03536,LG03560,6.000
LG01501,LG01591,11.000
LG04029,LG04071,11.000
LG00541,LG00575,10.000
LG02056,LG02098,10.000
LG01378,LG01404,9.000
LG00836,LG00870,9.000
LG02436,LG02502,8.000
LG03740,LG03790,12.000
LG00905,LG01002,8.000
LG04772,LG04845,8.000
LG01736,LG01776,9.000
LG04980,LG04994,6.000
LG00753,LG00847,6.000
LG01382,LG01396,12.000
LG00765,LG00772,7.000
LG03599,LG03647,9.000
LG04324,LG04401,10.000
LG04119,LG04166,6.000
LG02944,LG02972,9.000
LG03058,LG03123,6.000
LG04167,LG04233,7.000
LG02220,LG02308,12.000
LG03950,LG04023,6.000
LG01557,LG01599,10.000
LG03983,LG04006,8.000
LG01554,LG01620,9.000
LG00787,LG00804,8.000
LG02972,LG02985,7.000
LG02399,LG02447,10.000
LG03527,LG03589,8.000
LG03070,LG03120,12.000
LG04876,LG04936,10.000
LG03459,LG03536,10.000
LG00392,LG00469,8.000
LG02065,LG02156,11.000
LG00111,LG00194,10.000
LG00054,LG04983,11.000
LG01588,LG01595,11.000
LG04292,LG04299,9.000
LG04660,LG04701,9.000
LG02228,LG02254,12.000
LG01948,LG01990,12.000
LG02724,LG02771,12.000
LG00793,LG00813,8.000
LG00515,LG00588,6.000
LG03908,LG03998,10.000
LG04884,LG04953,9.000
LG00730,LG00824,6.000
LG01752,LG01806,7.000
LG02052,LG02079,10.000
LG03398,LG03406,9.000
LG02295,LG02353,8.000
LG01015,LG01043,8.000
LG04630,LG04638,6.000
LG00779,LG00876,7.000
LG04309,LG04322,12.000
LG00621,LG00630,8.000
LG02876,LG02957,11.000
LG01508,LG01593,6.000
LG00692,LG00785,7.000
LG00352,LG00385,10.000
LG00268,LG00302,10.000
LG00705,LG00751,12.000
LG03519,LG03597,11.000
LG03765,LG03835,11.000
LG00068,LG00071,9.000
LG04923,LG04964,12.000
LG01511,LG01545,10.000
LG01742,LG01806,11.000
LG00753,LG00786,7.000
LG01884,LG01927,11.000
LG01692,LG01744,7.000
LG00725,LG00754,8.000
LG00210,LG00258,12.000
LG02184,LG02203,6.000
LG03201,LG03206,9.000
LG04291,LG04371,11.000
LG00788,LG00871,12.000
LG02280,LG02369,11.000
LG03494,LG03535,11.000
LG02989,LG03053,7.000
LG03576,LG03659,9.000
LG04292,LG04325,6.000
LG03411,LG03490,12.000
LG03620,LG03696,8.000
LG01518,LG01552,10.000
LG04426,LG04471,11.000
LG03860,LG03895,8.000
LG00382,LG00414,6.000
LG02212,LG02278,12.000
LG03060,LG03086,10.000
LG03080,LG03137,11.000
LG01536,LG01543,6.000
LG02517,LG02611,11.000
LG00796,LG00820,10.000
LG04741,LG04796,10.000
LG01534,LG01597,6.000
LG03321,LG03349,10.000
LG01019,LG01071,11.000
LG03343,LG03382,12.000
LG04773,LG04818,12.000
LG04076,LG04139,9.000
LG00757,LG00761,11.000
LG04666,LG04713,12.000
LG03393,LG03451,12.000
LG02967,LG03002,7.000
LG02899,LG02957,12.000
LG00247,LG00310,12.000
LG02798,LG02831,10.000
LG04817,LG04889,12.000
LG04066,LG04102,9.000
LG01115,LG01202,7.000
LG04815,LG04821,12.000
LG00089,LG00130,9.000
LG03664,LG03738,11.000
LG02282,LG02346,12.000
LG04673,LG04720,12.000
LG04607,LG04680,8.000
LG00946,LG01013,8.000
LG00704,LG00748,8.000
LG04209,LG04279,9.000
LG00825,LG00829,8.000
LG03108,LG03117,8.000
LG00720,LG00779,6.000
LG00035,LG04986,9.000
LG02795,LG02857,11.000
LG03714,LG03774,10.000
LG02182,LG02223,7.000
LG01242,LG01293,11.000
LG03151,LG03241,12.000
LG02022,LG02066,10.000
LG02772,LG02840,6.000
LG03837,LG03918,7.000
LG01754,LG01762,6.000
LG04973,LG04996,12.000
LG02242,LG02323,12.000
LG02618,LG02684,10.000
LG01834,LG01910,12.000
LG04918,LG04980,9.000
LG02553,LG02619,6.000
LG00893,LG00917,11.000
LG00743,LG00792,10.000
LG02369,LG02411,11.000
LG04149,LG04237,11.000
LG01904,LG01923,10.000
LG03693,LG03788,7.000
LG04314,LG04359,9.000
LG04861,LG04926,8.000
LG03505,LG03596,11.000
LG00068,LG00156,11.000
LG04909,LG04947,10.000
LG04165,LG04236,9.000
LG03433,LG03437,12.000
LG03180,LG03189,8.000
LG01583,LG01675,6.000
LG01773,LG01802,9.000
LG03882,LG03904,7.000
LG00575,LG00626,8.000
LG00845,LG00847,12.000
LG00809,LG00844,11.000
LG00259,LG00339,12.000
LG03261,LG03277,7.000
LG04368,LG04437,7.000
LG02041,LG02056,11.000
LG00334,LG00406,7.000
LG03438,LG03466,9.000
LG02111,LG02163,8.000
LG01908,LG01921,12.000
LG01179,LG01188,8.000
LG01625,LG01708,9.000
LG00555,LG00569,12.000
LG03319,LG03372,12.000
LG02575,LG02601,11.000
LG00266,LG00278,8.000
LG00334,LG00342,6.000
LG04475,LG04514,11.000
LG01819,LG01825,11.000
LG02192,LG02232,7.000
LG03811,LG03899,7.000
LG02182,LG02241,10.000
LG01085,LG01181,12.000
LG03530,LG03627,8.000
LG04401,LG04437,12.000
LG02395,LG02438,6.000
LG04778,LG04786,10.000
LG01943,LG01975,6.000
LG00681,LG00721,6.000
LG01977,LG02039,12.000
LG00541,LG00595,11.000
LG02287,LG02375,8.000
LG04590,LG04637,10.000
LG01918,LG01994,12.000
LG03840,LG03892,11.000
LG03057,LG03152,11.000
LG04256,LG04280,8.000
LG03472,LG03553,11.000
LG02306,LG02344,11.000
LG03230,LG03279,8.000
LG03262,LG03320,8.000
LG00059,LG04977,12.000
LG02243,LG02279,9.000
LG00360,LG00456,10.000
LG04388,LG04467,7.000
LG03323,LG03354,9.000
LG00983,LG01065,9.000
LG02042,LG02106,6.000
LG02119,LG02210,6.000
LG00305,LG00381,6.000
LG00011,LG00025,6.000
LG04094,LG04131,9.000
LG04488,LG04585,12.000
LG00354,LG00394,12.000
LG00026,LG00100,10.000
LG00072,LG00151,11.000
LG01021,LG01082,9.000
LG02371,LG02448,9.000
LG00358,LG00421,7.000
LG02987,LG03043,7.000
LG04866,LG04950,8.000
LG04651,LG04682,12.000
LG01424,LG01484,12.000
LG01310,LG01326,10.000
LG03367,LG03436,10.000
LG03134,LG03194,11.000
LG00137,LG00152,9.000
LG02648,LG02674,7.000
LG02652,LG02688,10.000
LG04464,LG04471,7.000
LG04436,LG04463,8.000
LG04687,LG04739,8.000
LG03037,LG03059,10.000
LG01594,LG01634,10.000
LG04370,LG04379,8.000
LG04263,LG04354,7.000
LG03263,LG03290,12.000
LG00921,LG00997,10.000
LG03396,LG03421,9.000
LG02902,LG02930,11.000
LG01175,LG01264,11.000
LG04827,LG04870,8.000
LG03609,LG03649,7.000
LG03444,LG03446,10.000
LG00566,LG00589,12.000
LG04580,LG04639,11.000
LG04228,LG04295,10.000
LG04887,LG04913,8.000
LG04903,LG04995,10.000
LG02675,LG02730,9.000
LG00386,LG00483,9.000
LG00866,LG00926,8.000
LG00690,LG00760,9.000
LG02130,LG02157,11.000
LG02979,LG03046,7.000
LG01608,LG01614,11.000
LG03407,LG03424,11.000
LG00187,LG00253,9.000
LG02847,LG02911,9.000
LG00290,LG00369,6.000
LG02493,LG02527,6.000
LG03045,LG03059,10.000
LG00818,LG00892,12.000
LG04559,LG04593,12.000
LG00731,LG00753,10.000
LG01509,LG01589,9.000
LG02758,LG02831,9.000
LG01291,LG01295,12.000
LG02049,LG02092,10.000
LG01236,LG01283,10.000
LG01733,LG01746,6.000
LG03871,LG03874,10.000
LG02953,LG02965,12.000
LG02500,LG02547,12.000
LG00652,LG00732,12.000
LG02543,LG02600,9.000
LG04083,LG04124,8.000
LG00641,LG00656,10.000
LG00037,LG04983,9.000
LG04631,LG04684,10.000
LG04626,LG04629,6.000
LG04627,LG04693,8.000
LG01416,LG01425,6.000
LG02672,LG02757,8.000
LG03566,LG03659,9.000
LG02399,LG02416,10.000
LG04581,LG04583,6.000
LG04763,LG04810,8.000
LG03019,LG03043,12.000
LG02920,LG02984,11.000
LG00170,LG00235,9.000
LG02666,LG02732,9.000
LG00116,LG00153,9.000
LG01096,LG01193,6.000
LG04088,LG04104,11.000
LG04468,LG04473,12.000
LG00187,LG00247,8.000
LG03000,LG03018,11.000
LG03474,LG03554,12.000
LG04847,LG04892,12.000
LG00218,LG00265,12.000
LG00062,LG00092,6.000
LG01722,LG01779,12.000
LG02234,LG02302,8.000
LG02833,LG02849,6.000
LG02156,LG02187,12.000
LG00840,LG00918,7.000
LG03417,LG03492,11.000
LG02252,LG02305,12.000
LG00741,LG00771,6.000
LG00777,LG00865,12.000
LG02401,LG02485,11.000
LG00002,LG00011,7.000
LG04497,LG04578,12.000
LG01558,LG01619,7.000
LG01546,LG01615,11.000
LG04332,LG04410,7.000
LG01114,LG01183,6.000
LG00354,LG00424,6.000
LG04295,LG04355,12.000
LG03578,LG03587,6.000
LG00159,LG00173,6.000
LG01834,LG01897,11.000
LG04967,LG04975,7.000
LG03195,LG03210,8.000
LG01410,LG01437,9.000
LG02920,LG02971,12.000
LG01589,LG01675,8.000
LG03575,LG03649,8.000
LG02244,LG02332,8.000
LG02575,LG02658,7.000
LG01520,LG01597,12.000
LG03111,LG03207,8.000
LG01212,LG01262,11.000
LG04336,LG04361,6.000
LG00811,LG00858,12.000
LG00493,LG00527,7.000
LG02460,LG02463,10.000
LG01494,LG01530,10.000
LG04055,LG04079,7.000
LG04502,LG04583,10.000
LG03860,LG03933,9.000
LG03325,LG03342,7.000
LG00963,LG01051,10.000
LG04495,LG04571,11.000
LG01011,LG01022,7.000
LG01618,LG01694,6.000
LG01296,LG01302,8.000
LG01494,LG01541,6.000
LG02685,LG02754,9.000
LG03019,LG03056,7.000
LG01613,LG01678,9.000
LG00762,LG00833,11.000
LG02449,LG02454,9.000
LG04756,LG04809,8.000
LG00584,LG00597,10.000
LG04156,LG04178,11.000
LG03586,LG03602,7.000
LG00394,LG00422,11.000
LG03354,LG03374,7.000
LG03102,LG03106,10.000
LG00381,LG00418,10.000
LG04623,LG04720,7.000
LG03623,LG03685,12.000
LG04319,LG04397,12.000
LG00043,LG00071,10.000
LG02313,LG02321,9.000
LG03371,LG03378,10.000
LG01634,LG01660,6.000
LG00835,LG00852,11.000
LG03310,LG03393,10.000
LG01398,LG01435,11.000
LG03504,LG03601,8.000
LG03187,LG03275,6.000
LG00715,LG00737,10.000
LG03090,LG03166,7.000
LG02115,LG02212,7.000
LG01858,LG01949,7.000
LG01631,LG01639,7.000
LG00107,LG00122,8.000
LG01146,LG01149,7.000
LG03428,LG03494,8.000
LG00608,LG00636,6.000
LG04885,LG04918,8.000
LG00579,LG00668,9.000
LG04680,LG04750,9.000
LG02275,LG02287,12.000
LG01150,LG01223,9.000
LG03145,LG03213,7.000
LG03654,LG03696,11.000
LG00885,LG00887,12.000
LG02850,LG02865,6.000
LG03286,LG03343,6.000
LG01439,LG01450,9.000
LG00773,LG00812,10.000
LG00181,LG00231,7.000
LG00721,LG00776,9.000
LG03982,LG04030,7.000
LG02943,LG03016,10.000
LG02634,LG02696,12.000
