source,target,distance
SG00001,SG00002,4.000
SG00002,SG00003,5.000
SG00003,SG00004,6.000
SG00004,SG00005,7.000
SG00005,SG00006,8.000
SG00006,SG00007,9.000
SG00007,SG00008,10.000
SG00008,SG00009,11.000
SG00009,SG00010,4.000
SG00010,SG00011,5.000
SG00011,SG00012,6.000
SG00012,SG00013,7.000
SG00013,SG00014,8.000
SG00014,SG00015,9.000
SG00015,SG00016,10.000
SG00016,SG00017,11.000
SG00017,SG00018,4.000
SG00018,SG00019,5.000
SG00019,SG00020,6.000
SG00020,SG00021,7.000
SG00021,SG00022,8.000
SG00022,SG00023,9.000
SG00023,SG00024,10.000
SG00024,SG00025,11.000
SG00025,SG00026,4.000
SG00026,SG00027,5.000
SG00027,SG00028,6.000
SG00028,SG00029,7.000
SG00029,SG00030,8.000
SG00030,SG00031,9.000
SG00031,SG00032,10.000
SG00032,SG00033,11.000
SG00033,SG00034,4.000
SG00034,SG00035,5.000
SG00035,SG00036,6.000
SG00036,SG00037,7.000
SG00037,SG00038,8.000
SG00038,SG00039,9.000
SG00039,SG00040,10.000
SG00040,SG00041,11.000
SG00041,SG00042,4.000
SG00042,SG00043,5.000
SG00043,SG00044,6.000
SG00044,SG00045,7.000
SG00045,SG00046,8.000
SG00046,SG00047,9.000
SG00047,SG00048,10.000
SG00048,SG00049,11.000
SG00049,SG00050,4.000
SG00050,SG00051,5.000
SG00051,SG00052,6.000
SG00052,SG00053,7.000
SG00053,SG00054,8.000
SG00054,SG00055,9.000
SG00055,SG00056,10.000
SG00056,SG00057,11.000
SG00057,SG00058,4.000
SG00058,SG00059,5.000
SG00059,SG00060,6.000
SG00060,SG00061,7.000
SG00061,SG00062,8.000
SG00062,SG00063,9.000
SG00063,SG00064,10.000
SG00064,SG00065,11.000
SG00065,SG00066,4.000
SG00066,SG00067,5.000
SG00067,SG00068,6.000
SG00068,SG00069,7.000
SG00069,SG00070,8.000
SG00070,SG00071,9.000
SG00071,SG00072,10.000
SG00072,SG00073,11.000
SG00073,SG00074,4.000
SG00074,SG00075,5.000
SG00075,SG00076,6.000
SG00076,SG00077,7.000
SG00077,SG00078,8.000
SG00078,SG00079,9.000
SG00079,SG00080,10.000
SG00080,SG00081,11.000
SG00081,SG00082,4.000
SG00082,SG00083,5.000
SG00083,SG00084,6.000
SG00084,SG00085,7.000
SG00085,SG00086,8.000
SG00086,SG00087,9.000
SG00087,SG00088,10.000
SG00088,SG00089,11.000
SG00089,SG00090,4.000
SG00090,SG00091,5.000
SG00091,SG00092,6.000
SG00092,SG00093,7.000
SG00093,SG00094,8.000
SG00094,SG00095,9.000
SG00095,SG00096,10.000
SG00096,SG00097,11.000
SG00097,SG00098,4.000
SG00098,SG00099,5.000
SG00099,SG00100,6.000
SG00100,SG00101,7.000
SG00101,SG00102,8.000
SG00102,SG00103,9.000
SG00103,SG00104,10.000
SG00104,SG00105,11.000
SG00105,SG00106,4.000
SG00106,SG00107,5.000
SG00107,SG00108,6.000
SG00108,SG00109,7.000
SG00109,SG00110,8.000
SG00110,SG00111,9.000
SG00111,SG00112,10.000
SG00112,SG00113,11.000
SG00113,SG00114,4.000
SG00114,SG00115,5.000
SG00115,SG00116,6.000
SG00116,SG00117,7.000
SG00117,SG00118,8.000
SG00118,SG00119,9.000
SG00119,SG00120,10.000
SG00120,SG00121,11.000
SG00121,SG00122,4.000
SG00122,SG00123,5.000
SG00123,SG00124,6.000
SG00124,SG00125,7.000
SG00125,SG00126,8.000
SG00126,SG00127,9.000
SG00127,SG00128,10.000
SG00128,SG00129,11.000
SG00129,SG00130,4.000
SG00130,SG00131,5.000
SG00131,SG00132,6.000
SG00132,SG00133,7.000
SG00133,SG00134,8.000
SG00134,SG00135,9.000
SG00135,SG00136,10.000
SG00136,SG00137,11.000
SG00137,SG00138,4.000
SG00138,SG00139,5.000
SG00139,SG00140,6.000
SG00140,SG00141,7.000
SG00141,SG00142,8.000
SG00142,SG00143,9.000
SG00143,SG00144,10.000
SG00144,SG00145,11.000
SG00145,SG00146,4.000
SG00146,SG00147,5.000
SG00147,SG00148,6.000
SG00148,SG00149,7.000
SG00149,SG00150,8.000
SG00150,SG00151,9.000
SG00151,SG00152,10.000
SG00152,SG00153,11.000
SG00153,SG00154,4.000
SG00154,SG00155,5.000
SG00155,SG00156,6.000
SG00156,SG00157,7.000
SG00157,SG00158,8.000
SG00158,SG00159,9.000
SG00159,SG00160,10.000
SG00160,SG00161,11.000
SG00161,SG00162,4.000
SG00162,SG00163,5.000
SG00163,SG00164,6.000
SG00164,SG00165,7.000
SG00165,SG00166,8.000
SG00166,SG00167,9.000
SG00167,SG00168,10.000
SG00168,SG00169,11.000
SG00169,SG00170,4.000
SG00170,SG00171,5.000
SG00171,SG00172,6.000
SG00172,SG00173,7.000
SG00173,SG00174,8.000
SG00174,SG00175,9.000
SG00175,SG00176,10.000
SG00176,SG00177,11.000
SG00177,SG00178,4.000
SG00178,SG00179,5.000
SG00179,SG00180,6.000
SG00180,SG00181,7.000
SG00181,SG00182,8.000
SG00182,SG00183,9.000
SG00183,SG00184,10.000
SG00184,SG00185,11.000
SG00185,SG00186,4.000
SG00186,SG00187,5.000
SG00187,SG00188,6.000
SG00188,SG00189,7.000
SG00189,SG00190,8.000
SG00190,SG00191,9.000
SG00191,SG00192,10.000
SG00192,SG00193,11.000
SG00193,SG00194,4.000
SG00194,SG00195,5.000
SG00195,SG00196,6.000
SG00196,SG00197,7.000
SG00197,SG00198,8.000
SG00198,SG00199,9.000
SG00199,SG00200,10.000
SG00200,SG00201,11.000
SG00201,SG00202,4.000
SG00202,SG00203,5.000
SG00203,SG00204,6.000
SG00204,SG00205,7.000
SG00205,SG00206,8.000
SG00206,SG00207,9.000
SG00207,SG00208,10.000
SG00208,SG00209,11.000
SG00209,SG00210,4.000
SG00210,SG00211,5.000
SG00211,SG00212,6.000
SG00212,SG00213,7.000
SG00213,SG00214,8.000
SG00214,SG00215,9.000
SG00215,SG00216,10.000
SG00216,SG00217,11.000
SG00217,SG00218,4.000
SG00218,SG00219,5.000
SG00219,SG00220,6.000
SG00220,SG00221,7.000
SG00221,SG00222,8.000
SG00222,SG00223,9.000
SG00223,SG00224,10.000
SG00224,SG00225,11.000
SG00225,SG00226,4.000
SG00226,SG00227,5.000
SG00227,SG00228,6.000
SG00228,SG00229,7.000
SG00229,SG00230,8.000
SG00230,SG00231,9.000
SG00231,SG00232,10.000
SG00232,SG00233,11.000
SG00233,SG00234,4.000
SG00234,SG00235,5.000
SG00235,SG00236,6.000
SG00236,SG00237,7.000
SG00237,SG00238,8.000
SG00238,SG00239,9.000
SG00239,SG00240,10.000
SG00240,SG00241,11.000
SG00241,SG00242,4.000
SG00242,SG00243,5.000
SG00243,SG00244,6.000
SG00244,SG00245,7.000
SG00245,SG00246,8.000
SG00246,SG00247,9.000
SG00247,SG00248,10.000
SG00248,SG00249,11.000
SG00249,SG00250,4.000
SG00250,SG00251,5.000
SG00251,SG00252,6.000
SG00252,SG00253,7.000
SG00253,SG00254,8.000
SG00254,SG00255,9.000
SG00255,SG00256,10.000
SG00256,SG00257,11.000
SG00257,SG00258,4.000
SG00258,SG00259,5.000
SG00259,SG00260,6.000
SG00260,SG00261,7.000
SG00261,SG00262,8.000
SG00262,SG00263,9.000
SG00263,SG00264,10.000
SG00264,SG00265,11.000
SG00265,SG00266,4.000
SG00266,SG00267,5.000
SG00267,SG00268,6.000
SG00268,SG00269,7.000
SG00269,SG00270,8.000
SG00270,SG00271,9.000
SG00271,SG00272,10.000
SG00272,SG00273,11.000
SG00273,SG00274,4.000
SG00274,SG00275,5.000
SG00275,SG00276,6.000
SG00276,SG00277,7.000
SG00277,SG00278,8.000
SG00278,SG00279,9.000
SG00279,SG00280,10.000
SG00280,SG00281,11.000
SG00281,SG00282,4.000
SG00282,SG00283,5.000
SG00283,SG00284,6.000
SG00284,SG00285,7.000
SG00285,SG00286,8.000
SG00286,SG00287,9.000
SG00287,SG00288,10.000
SG00288,SG00289,11.000
SG00289,SG00290,4.000
SG00290,SG00291,5.000
SG00291,SG00292,6.000
SG00292,SG00293,7.000
SG00293,SG00294,8.000
SG00294,SG00295,9.000
SG00295,SG00296,10.000
SG00296,SG00297,11.000
SG00297,SG00298,4.000
SG00298,SG00299,5.000
SG00299,SG00300,6.000
SG00300,SG00301,7.000
SG00301,SG00302,8.000
SG00302,SG00303,9.000
SG00303,SG00304,10.000
SG00304,SG00305,11.000
SG00305,SG00306,4.000
SG00306,SG00307,5.000
SG00307,SG00308,6.000
SG00308,SG00309,7.000
SG00309,SG00310,8.000
SG00310,SG00311,9.000
SG00311,SG00312,10.000
SG00312,SG00313,11.000
SG00313,SG00314,4.000
SG00314,SG00315,5.000
SG00315,SG00316,6.000
SG00316,SG00317,7.000
SG00317,SG00318,8.000
SG00318,SG00319,9.000
SG00319,SG00320,10.000
SG00320,SG00321,11.000
SG00321,SG00322,4.000
SG00322,SG00323,5.000
SG00323,SG00324,6.000
SG00324,SG00325,7.000
SG00325,SG00326,8.000
SG00326,SG00327,9.000
SG00327,SG00328,10.000
SG00328,SG00329,11.000
SG00329,SG00330,4.000
SG00330,SG00331,5.000
SG00331,SG00332,6.000
SG00332,SG00333,7.000
SG00333,SG00334,8.000
SG00334,SG00335,9.000
SG00335,SG00336,10.000
SG00336,SG00337,11.000
SG00337,SG00338,4.000
SG00338,SG00339,5.000
SG00339,SG00340,6.000
SG00340,SG00341,7.000
SG00341,SG00342,8.000
SG00342,SG00343,9.000
SG00343,SG00344,10.000
SG00344,SG00345,11.000
SG00345,SG00346,4.000
SG00346,SG00347,5.000
SG00347,SG00348,6.000
SG00348,SG00349,7.000
SG00349,SG00350,8.000
SG00350,SG00351,9.000
SG00351,SG00352,10.000
SG00352,SG00353,11.000
SG00353,SG00354,4.000
SG00354,SG00355,5.000
SG00355,SG00356,6.000
SG00356,SG00357,7.000
SG00357,SG00358,8.000
SG00358,SG00359,9.000
SG00359,SG00360,10.000
SG00360,SG00361,11.000
SG00361,SG00362,4.000
SG00362,SG00363,5.000
SG00363,SG00364,6.000
SG00364,SG00365,7.000
SG00365,SG00366,8.000
SG00366,SG00367,9.000
SG00367,SG00368,10.000
SG00368,SG00369,11.000
SG00369,SG00370,4.000
SG00370,SG00371,5.000
SG00371,SG00372,6.000
SG00372,SG00373,7.000
SG00373,SG00374,8.000
SG00374,SG00375,9.000
SG00375,SG00376,10.000
SG00376,SG00377,11.000
SG00377,SG00378,4.000
SG00378,SG00379,5.000
SG00379,SG00380,6.000
SG00380,SG00381,7.000
SG00381,SG00382,8.000
SG00382,SG00383,9.000
SG00383,SG00384,10.000
SG00384,SG00385,11.000
SG00385,SG00386,4.000
SG00386,SG00387,5.000
SG00387,SG00388,6.000
SG00388,SG00389,7.000
SG00389,SG00390,8.000
SG00390,SG00391,9.000
SG00391,SG00392,10.000
SG00392,SG00393,11.000
SG00393,SG00394,4.000
SG00394,SG00395,5.000
SG00395,SG00396,6.000
SG00396,SG00397,7.000
SG00397,SG00398,8.000
SG00398,SG00399,9.000
SG00399,SG00400,10.000
SG00400,SG00401,11.000
SG00401,SG00402,4.000
SG00402,SG00403,5.000
SG00403,SG00404,6.000
SG00404,SG00405,7.000
SG00405,SG00406,8.000
SG00406,SG00407,9.000
SG00407,SG00408,10.000
SG00408,SG00409,11.000
SG00409,SG00410,4.000
SG00410,SG00411,5.000
SG00411,SG00412,6.000
SG00412,SG00413,7.000
SG00413,SG00414,8.000
SG00414,SG00415,9.000
SG00415,SG00416,10.000
SG00416,SG00417,11.000
SG00417,SG00418,4.000
SG00418,SG00419,5.000
SG00419,SG00420,6.000
SG00420,SG00421,7.000
SG00421,SG00422,8.000
SG00422,SG00423,9.000
SG00423,SG00424,10.000
SG00424,SG00425,11.000
SG00425,SG00426,4.000
SG00426,SG00427,5.000
SG00427,SG00428,6.000
SG00428,SG00429,7.000
SG00429,SG00430,8.000
SG00430,SG00431,9.000
SG00431,SG00432,10.000
SG00432,SG00433,11.000
SG00433,SG00434,4.000
SG00434,SG00435,5.000
SG00435,SG00436,6.000
SG00436,SG00437,7.000
SG00437,SG00438,8.000
SG00438,SG00439,9.000
SG00439,SG00440,10.000
SG00440,SG00441,11.000
SG00441,SG00442,4.000
SG00442,SG00443,5.000
SG00443,SG00444,6.000
SG00444,SG00445,7.000
SG00445,SG00446,8.000
SG00446,SG00447,9.000
SG00447,SG00448,10.000
SG00448,SG00449,11.000
SG00449,SG00450,4.000
SG00450,SG00451,5.000
SG00451,SG00452,6.000
SG00452,SG00453,7.000
SG00453,SG00454,8.000
SG00454,SG00455,9.000
SG00455,SG00456,10.000
SG00456,SG00457,11.000
SG00457,SG00458,4.000
SG00458,SG00459,5.000
SG00459,SG00460,6.000
SG00460,SG00461,7.000
SG00461,SG00462,8.000
SG00462,SG00463,9.000
SG00463,SG00464,10.000
SG00464,SG00465,11.000
SG00465,SG00466,4.000
SG00466,SG00467,5.000
SG00467,SG00468,6.000
SG00468,SG00469,7.000
SG00469,SG00470,8.000
SG00470,SG00471,9.000
SG00471,SG00472,10.000
SG00472,SG00473,11.000
SG00473,SG00474,4.000
SG00474,SG00475,5.000
SG00475,SG00476,6.000
SG00476,SG00477,7.000
SG00477,SG00478,8.000
SG00478,SG00479,9.000
SG00479,SG00480,10.000
SG00480,SG00481,11.000
SG00481,SG00482,4.000
SG00482,SG00483,5.000
SG00483,SG00484,6.000
SG00484,SG00485,7.000
SG00485,SG00486,8.000
SG00486,SG00487,9.000
SG00487,SG00488,10.000
SG00488,SG00489,11.000
SG00489,SG00490,4.000
SG00490,SG00491,5.000
SG00491,SG00492,6.000
SG00492,SG00493,7.000
SG00493,SG00494,8.000
SG00494,SG00495,9.000
SG00495,SG00496,10.000
SG00496,SG00497,11.000
SG00497,SG00498,4.000
SG00498,SG00499,5.000
SG00499,SG00500,6.000
SG00500,SG00501,7.000
SG00501,SG00502,8.000
SG00502,SG00503,9.000
SG00503,SG00504,10.000
SG00504,SG00505,11.000
SG00505,SG00506,4.000
SG00506,SG00507,5.000
SG00507,SG00508,6.000
SG00508,SG00509,7.000
SG00509,SG00510,8.000
SG00510,SG00511,9.000
SG00511,SG00512,10.000
SG00512,SG00513,11.000
SG00513,SG00514,4.000
SG00514,SG00515,5.000
SG00515,SG00516,6.000
SG00516,SG00517,7.000
SG00517,SG00518,8.000
SG00518,SG00519,9.000
SG00519,SG00520,10.000
SG00520,SG00521,11.000
SG00521,SG00522,4.000
SG00522,SG00523,5.000
SG00523,SG00524,6.000
SG00524,SG00525,7.000
SG00525,SG00526,8.000
SG00526,SG00527,9.000
SG00527,SG00528,10.000
SG00528,SG00529,11.000
SG00529,SG00530,4.000
SG00530,SG00531,5.000
SG00531,SG00532,6.000
SG00532,SG00533,7.000
SG00533,SG00534,8.000
SG00534,SG00535,9.000
SG00535,SG00536,10.000
SG00536,SG00537,11.000
SG00537,SG00538,4.000
SG00538,SG00539,5.000
SG00539,SG00540,6.000
SG00540,SG00541,7.000
SG00541,SG00542,8.000
SG00542,SG00543,9.000
SG00543,SG00544,10.000
SG00544,SG00545,11.000
SG00545,SG00546,4.000
SG00546,SG00547,5.000
SG00547,SG00548,6.000
SG00548,SG00549,7.000
SG00549,SG00550,8.000
SG00550,SG00551,9.000
SG00551,SG00552,10.000
SG00552,SG00553,11.000
SG00553,SG00554,4.000
SG00554,SG00555,5.000
SG00555,SG00556,6.000
SG00556,SG00557,7.000
SG00557,SG00558,8.000
SG00558,SG00559,9.000
SG00559,SG00560,10.000
SG00560,SG00561,11.000
SG00561,SG00562,4.000
SG00562,SG00563,5.000
SG00563,SG00564,6.000
SG00564,SG00565,7.000
SG00565,SG00566,8.000
SG00566,SG00567,9.000
SG00567,SG00568,10.000
SG00568,SG00569,11.000
SG00569,SG00570,4.000
SG00570,SG00571,5.000
SG00571,SG00572,6.000
SG00572,SG00573,7.000
SG00573,SG00574,8.000
SG00574,SG00575,9.000
SG00575,SG00576,10.000
SG00576,SG00577,11.000
SG00577,SG00578,4.000
SG00578,SG00579,5.000
SG00579,SG00580,6.000
SG00580,SG00581,7.000
SG00581,SG00582,8.000
SG00582,SG00583,9.000
SG00583,SG00584,10.000
SG00584,SG00585,11.000
SG00585,SG00586,4.000
SG00586,SG00587,5.000
SG00587,SG00588,6.000
SG00588,SG00589,7.000
SG00589,SG00590,8.000
SG00590,SG00591,9.000
SG00591,SG00592,10.000
SG00592,SG00593,11.000
SG00593,SG00594,4.000
SG00594,SG00595,5.000
SG00595,SG00596,6.000
SG00596,SG00597,7.000
SG00597,SG00598,8.000
SG00598,SG00599,9.000
SG00599,SG00600,10.000
SG00600,SG00601,11.000
SG00601,SG00602,4.000
SG00602,SG00603,5.000
SG00603,SG00604,6.000
SG00604,SG00605,7.000
SG00605,SG00606,8.000
SG00606,SG00607,9.000
SG00607,SG00608,10.000
SG00608,SG00609,11.000
SG00609,SG00610,4.000
SG00610,SG00611,5.000
SG00611,SG00612,6.000
SG00612,SG00613,7.000
SG00613,SG00614,8.000
SG00614,SG00615,9.000
SG00615,SG00616,10.000
SG00616,SG00617,11.000
SG00617,SG00618,4.000
SG00618,SG00619,5.000
SG00619,SG00620,6.000
SG00620,SG00621,7.000
SG00621,SG00622,8.000
SG00622,SG00623,9.000
SG00623,SG00624,10.000
SG00624,SG00625,11.000
SG00625,SG00626,4.000
SG00626,SG00627,5.000
SG00627,SG00628,6.000
SG00628,SG00629,7.000
SG00629,SG00630,8.000
SG00630,SG00631,9.000
SG00631,SG00632,10.000
SG00632,SG00633,11.000
SG00633,SG00634,4.000
SG00634,SG00635,5.000
SG00635,SG00636,6.000
SG00636,SG00637,7.000
SG00637,SG00638,8.000
SG00638,SG00639,9.000
SG00639,SG00640,10.000
SG00640,SG00641,11.000
SG00641,SG00642,4.000
SG00642,SG00643,5.000
SG00643,SG00644,6.000
SG00644,SG00645,7.000
SG00645,SG00646,8.000
SG00646,SG00647,9.000
SG00647,SG00648,10.000
SG00648,SG00649,11.000
SG00649,SG00650,4.000
SG00650,SG00651,5.000
SG00651,SG00652,6.000
SG00652,SG00653,7.000
SG00653,SG00654,8.000
SG00654,SG00655,9.000
SG00655,SG00656,10.000
SG00656,SG00657,11.000
SG00657,SG00658,4.000
SG00658,SG00659,5.000
SG00659,SG00660,6.000
SG00660,SG00661,7.000
SG00661,SG00662,8.000
SG00662,SG00663,9.000
SG00663,SG00664,10.000
SG00664,SG00665,11.000
SG00665,SG00666,4.000
SG00666,SG00667,5.000
SG00667,SG00668,6.000
SG00668,SG00669,7.000
SG00669,SG00670,8.000
SG00670,SG00671,9.000
SG00671,SG00672,10.000
SG00672,SG00673,11.000
SG00673,SG00674,4.000
SG00674,SG00675,5.000
SG00675,SG00676,6.000
SG00676,SG00677,7.000
SG00677,SG00678,8.000
SG00678,SG00679,9.000
SG00679,SG00680,10.000
SG00680,SG00681,11.000
SG00681,SG00682,4.000
SG00682,SG00683,5.000
SG00683,SG00684,6.000
SG00684,SG00685,7.000
SG00685,SG00686,8.000
SG00686,SG00687,9.000
SG00687,SG00688,10.000
SG00688,SG00689,11.000
SG00689,SG00690,4.000
SG00690,SG00691,5.000
SG00691,SG00692,6.000
SG00692,SG00693,7.000
SG00693,SG00694,8.000
SG00694,SG00695,9.000
SG00695,SG00696,10.000
SG00696,SG00697,11.000
SG00697,SG00698,4.000
SG00698,SG00699,5.000
SG00699,SG00700,6.000
SG00700,SG00701,7.000
SG00701,SG00702,8.000
SG00702,SG00703,9.000
SG00703,SG00704,10.000
SG00704,SG00705,11.000
SG00705,SG00706,4.000
SG00706,SG00707,5.000
SG00707,SG00708,6.000
SG00708,SG00709,7.000
SG00709,SG00710,8.000
SG00710,SG00711,9.000
SG00711,SG00712,10.000
SG00712,SG00713,11.000
SG00713,SG00714,4.000
SG00714,SG00715,5.000
SG00715,SG00716,6.000
SG00716,SG00717,7.000
SG00717,SG00718,8.000
SG00718,SG00719,9.000
SG00719,SG00720,10.000
SG00720,SG00721,11.000
SG00721,SG00722,4.000
SG00722,SG00723,5.000
SG00723,SG00724,6.000
SG00724,SG00725,7.000
SG00725,SG00726,8.000
SG00726,SG00727,9.000
SG00727,SG00728,10.000
SG00728,SG00729,11.000
SG00729,SG00730,4.000
SG00730,SG00731,5.000
SG00731,SG00732,6.000
SG00732,SG00733,7.000
SG00733,SG00734,8.000
SG00734,SG00735,9.000
SG00735,SG00736,10.000
SG00736,SG00737,11.000
SG00737,SG00738,4.000
SG00738,SG00739,5.000
SG00739,SG00740,6.000
SG00740,SG00741,7.000
SG00741,SG00742,8.000
SG00742,SG00743,9.000
SG00743,SG00744,10.000
SG00744,SG00745,11.000
SG00745,SG00746,4.000
SG00746,SG00747,5.000
SG00747,SG00748,6.000
SG00748,SG00749,7.000
SG00749,SG00750,8.000
SG00750,SG00751,9.000
SG00751,SG00752,10.000
SG00752,SG00753,11.000
SG00753,SG00754,4.000
SG00754,SG00755,5.000
SG00755,SG00756,6.000
SG00756,SG00757,7.000
SG00757,SG00758,8.000
SG00758,SG00759,9.000
SG00759,SG00760,10.000
SG00760,SG00761,11.000
SG00761,SG00762,4.000
SG00762,SG00763,5.000
SG00763,SG00764,6.000
SG00764,SG00765,7.000
SG00765,SG00766,8.000
SG00766,SG00767,9.000
SG00767,SG00768,10.000
SG00768,SG00769,11.000
SG00769,SG00770,4.000
SG00770,SG00771,5.000
SG00771,SG00772,6.000
SG00772,SG00773,7.000
SG00773,SG00774,8.000
SG00774,SG00775,9.000
SG00775,SG00776,10.000
SG00776,SG00777,11.000
SG00777,SG00778,4.000
SG00778,SG00779,5.000
SG00779,SG00780,6.000
SG00780,SG00781,7.000
SG00781,SG00782,8.000
SG00782,SG00783,9.000
SG00783,SG00784,10.000
SG00784,SG00785,11.000
SG00785,SG00786,4.000
SG00786,SG00787,5.000
SG00787,SG00788,6.000
SG00788,SG00789,7.000
SG00789,SG00790,8.000
SG00790,SG00791,9.000
SG00791,SG00792,10.000
SG00792,SG00793,11.000
SG00793,SG00794,4.000
SG00794,SG00795,5.000
SG00795,SG00796,6.000
SG00796,SG00797,7.000
SG00797,SG00798,8.000
SG00798,SG00799,9.000
SG00799,SG00800,10.000
SG00800,SG00801,11.000
SG00801,SG00802,4.000
SG00802,SG00803,5.000
SG00803,SG00804,6.000
SG00804,SG00805,7.000
SG00805,SG00806,8.000
SG00806,SG00807,9.000
SG00807,SG00808,10.000
SG00808,SG00809,11.000
SG00809,SG00810,4.000
SG00810,SG00811,5.000
SG00811,SG00812,6.000
SG00812,SG00813,7.000
SG00813,SG00814,8.000
SG00814,SG00815,9.000
SG00815,SG00816,10.000
SG00816,SG00817,11.000
SG00817,SG00818,4.000
SG00818,SG00819,5.000
SG00819,SG00820,6.000
SG00820,SG00821,7.000
SG00821,SG00822,8.000
SG00822,SG00823,9.000
SG00823,SG00824,10.000
SG00824,SG00825,11.000
SG00825,SG00826,4.000
SG00826,SG00827,5.000
SG00827,SG00828,6.000
SG00828,SG00829,7.000
SG00829,SG00830,8.000
SG00830,SG00831,9.000
SG00831,SG00832,10.000
SG00832,SG00833,11.000
SG00833,SG00834,4.000
SG00834,SG00835,5.000
SG00835,SG00836,6.000
SG00836,SG00837,7.000
SG00837,SG00838,8.000
SG00838,SG00839,9.000
SG00839,SG00840,10.000
SG00840,SG00841,11.000
SG00841,SG00842,4.000
SG00842,SG00843,5.000
SG00843,SG00844,6.000
SG00844,SG00845,7.000
SG00845,SG00846,8.000
SG00846,SG00847,9.000
SG00847,SG00848,10.000
SG00848,SG00849,11.000
SG00849,SG00850,4.000
SG00850,SG00851,5.000
SG00851,SG00852,6.000
SG00852,SG00853,7.000
SG00853,SG00854,8.000
SG00854,SG00855,9.000
SG00855,SG00856,10.000
SG00856,SG00857,11.000
SG00857,SG00858,4.000
SG00858,SG00859,5.000
SG00859,SG00860,6.000
SG00860,SG00861,7.000
SG00861,SG00862,8.000
SG00862,SG00863,9.000
SG00863,SG00864,10.000
SG00864,SG00865,11.000
SG00865,SG00866,4.000
SG00866,SG00867,5.000
SG00867,SG00868,6.000
SG00868,SG00869,7.000
SG00869,SG00870,8.000
SG00870,SG00871,9.000
SG00871,SG00872,10.000
SG00872,SG00873,11.000
SG00873,SG00874,4.000
SG00874,SG00875,5.000
SG00875,SG00876,6.000
SG00876,SG00877,7.000
SG00877,SG00878,8.000
SG00878,SG00879,9.000
SG00879,SG00880,10.000
SG00880,SG00881,11.000
SG00881,SG00882,4.000
SG00882,SG00883,5.000
SG00883,SG00884,6.000
SG00884,SG00885,7.000
SG00885,SG00886,8.000
SG00886,SG00887,9.000
SG00887,SG00888,10.000
SG00888,SG00889,11.000
SG00889,SG00890,4.000
SG00890,SG00891,5.000
SG00891,SG00892,6.000
SG00892,SG00893,7.000
SG00893,SG00894,8.000
SG00894,SG00895,9.000
SG00895,SG00896,10.000
SG00896,SG00897,11.000
SG00897,SG00898,4.000
SG00898,SG00899,5.000
SG00899,SG00900,6.000
SG00900,SG00901,7.000
SG00901,SG00902,8.000
SG00902,SG00903,9.000
SG00903,SG00904,10.000
SG00904,SG00905,11.000
SG00905,SG00906,4.000
SG00906,SG00907,5.000
SG00907,SG00908,6.000
SG00908,SG00909,7.000
SG00909,SG00910,8.000
SG00910,SG00911,9.000
SG00911,SG00912,10.000
SG00912,SG00913,11.000
SG00913,SG00914,4.000
SG00914,SG00915,5.000
SG00915,SG00916,6.000
SG00916,SG00917,7.000
SG00917,SG00918,8.000
SG00918,SG00919,9.000
SG00919,SG00920,10.000
SG00920,SG00921,11.000
SG00921,SG00922,4.000
SG00922,SG00923,5.000
SG00923,SG00924,6.000
SG00924,SG00925,7.000
SG00925,SG00926,8.000
SG00926,SG00927,9.000
SG00927,SG00928,10.000
SG00928,SG00929,11.000
SG00929,SG00930,4.000
SG00930,SG00931,5.000
SG00931,SG00932,6.000
SG00932,SG00933,7.000
SG00933,SG00934,8.000
SG00934,SG00935,9.000
SG00935,SG00936,10.000
SG00936,SG00937,11.000
SG00937,SG00938,4.000
SG00938,SG00939,5.000
SG00939,SG00940,6.000
SG00940,SG00941,7.000
SG00941,SG00942,8.000
SG00942,SG00943,9.000
SG00943,SG00944,10.000
SG00944,SG00945,11.000
SG00945,SG00946,4.000
SG00946,SG00947,5.000
SG00947,SG00948,6.000
SG00948,SG00949,7.000
SG00949,SG00950,8.000
SG00950,SG00951,9.000
SG00951,SG00952,10.000
SG00952,SG00953,11.000
SG00953,SG00954,4.000
SG00954,SG00955,5.000
SG00955,SG00956,6.000
SG00956,SG00957,7.000
SG00957,SG00958,8.000
SG00958,SG00959,9.000
SG00959,SG00960,10.000
SG00960,SG00961,11.000
SG00961,SG00962,4.000
SG00962,SG00963,5.000
SG00963,SG00964,6.000
SG00964,SG00965,7.000
SG00965,SG00966,8.000
SG00966,SG00967,9.000
SG00967,SG00968,10.000
SG00968,SG00969,11.000
SG00969,SG00970,4.000
SG00970,SG00971,5.000
SG00971,SG00972,6.000
SG00972,SG00973,7.000
SG00973,SG00974,8.000
SG00974,SG00975,9.000
SG00975,SG00976,10.000
SG00976,SG00977,11.000
SG00977,SG00978,4.000
SG00978,SG00979,5.000
SG00979,SG00980,6.000
SG00980,SG00981,7.000
SG00981,SG00982,8.000
SG00982,SG00983,9.000
SG00983,SG00984,10.000
SG00984,SG00985,11.000
SG00985,SG00986,4.000
SG00986,SG00987,5.000
SG00987,SG00988,6.000
SG00988,SG00989,7.000
SG00989,SG00990,8.000
SG00990,SG00991,9.000
SG00991,SG00992,10.000
SG00992,SG00993,11.000
SG00993,SG00994,4.000
SG00994,SG00995,5.000
SG00995,SG00996,6.000
SG00996,SG00997,7.000
SG00997,SG00998,8.000
SG00998,SG00999,9.000
SG00999,SG01000,10.000
SG01000,SG01001,11.000
SG01001,SG01002,4.000
SG01002,SG01003,5.000
SG01003,SG01004,6.000
SG01004,SG01005,7.000
SG01005,SG01006,8.000
SG01006,SG01007,9.000
SG01007,SG01008,10.000
SG01008,SG01009,11.000
SG01009,SG01010,4.000
SG01010,SG01011,5.000
SG01011,SG01012,6.000
SG01012,SG01013,7.000
SG01013,SG01014,8.000
SG01014,SG01015,9.000
SG01015,SG01016,10.000
SG01016,SG01017,11.000
SG01017,SG01018,4.000
SG01018,SG01019,5.000
SG01019,SG01020,6.000
SG01020,SG01021,7.000
SG01021,SG01022,8.000
SG01022,SG01023,9.000
SG01023,SG01024,10.000
SG01024,SG01025,11.000
SG01025,SG01026,4.000
SG01026,SG01027,5.000
SG01027,SG01028,6.000
SG01028,SG01029,7.000
SG01029,SG01030,8.000
SG01030,SG01031,9.000
SG01031,SG01032,10.000
SG01032,SG01033,11.000
SG01033,SG01034,4.000
SG01034,SG01035,5.000
SG01035,SG01036,6.000
SG01036,SG01037,7.000
SG01037,SG01038,8.000
SG01038,SG01039,9.000
SG01039,SG01040,10.000
SG01040,SG01041,11.000
SG01041,SG01042,4.000
SG01042,SG01043,5.000
SG01043,SG01044,6.000
SG01044,SG01045,7.000
SG01045,SG01046,8.000
SG01046,SG01047,9.000
SG01047,SG01048,10.000
SG01048,SG01049,11.000
SG01049,SG01050,4.000
SG01050,SG01051,5.000
SG01051,SG01052,6.000
SG01052,SG01053,7.000
SG01053,SG01054,8.000
SG01054,SG01055,9.000
SG01055,SG01056,10.000
SG01056,SG01057,11.000
SG01057,SG01058,4.000
SG01058,SG01059,5.000
SG01059,SG01060,6.000
SG01060,SG01061,7.000
SG01061,SG01062,8.000
SG01062,SG01063,9.000
SG01063,SG01064,10.000
SG01064,SG01065,11.000
SG01065,SG01066,4.000
SG01066,SG01067,5.000
SG01067,SG01068,6.000
SG01068,SG01069,7.000
SG01069,SG01070,8.000
SG01070,SG01071,9.000
SG01071,SG01072,10.000
SG01072,SG01073,11.000
SG01073,SG01074,4.000
SG01074,SG01075,5.000
SG01075,SG01076,6.000
SG01076,SG01077,7.000
SG01077,SG01078,8.000
SG01078,SG01079,9.000
SG01079,SG01080,10.000
SG01080,SG01081,11.000
SG01081,SG01082,4.000
SG01082,SG01083,5.000
SG01083,SG01084,6.000
SG01084,SG01085,7.000
SG01085,SG01086,8.000
SG01086,SG01087,9.000
SG01087,SG01088,10.000
SG01088,SG01089,11.000
SG01089,SG01090,4.000
SG01090,SG01091,5.000
SG01091,SG01092,6.000
SG01092,SG01093,7.000
SG01093,SG01094,8.000
SG01094,SG01095,9.000
SG01095,SG01096,10.000
SG01096,SG01097,11.000
SG01097,SG01098,4.000
SG01098,SG01099,5.000
SG01099,SG01100,6.000
SG01100,SG01101,7.000
SG01101,SG01102,8.000
SG01102,SG01103,9.000
SG01103,SG01104,10.000
SG01104,SG01105,11.000
SG01105,SG01106,4.000
SG01106,SG01107,5.000
SG01107,SG01108,6.000
SG01108,SG01109,7.000
SG01109,SG01110,8.000
SG01110,SG01111,9.000
SG01111,SG01112,10.000
SG01112,SG01113,11.000
SG01113,SG01114,4.000
SG01114,SG01115,5.000
SG01115,SG01116,6.000
SG01116,SG01117,7.000
SG01117,SG01118,8.000
SG01118,SG01119,9.000
SG01119,SG01120,10.000
SG01120,SG01121,11.000
SG01121,SG01122,4.000
SG01122,SG01123,5.000
SG01123,SG01124,6.000
SG01124,SG01125,7.000
SG01125,SG01126,8.000
SG01126,SG01127,9.000
SG01127,SG01128,10.000
SG01128,SG01129,11.000
SG01129,SG01130,4.000
SG01130,SG01131,5.000
SG01131,SG01132,6.000
SG01132,SG01133,7.000
SG01133,SG01134,8.000
SG01134,SG01135,9.000
SG01135,SG01136,10.000
SG01136,SG01137,11.000
SG01137,SG01138,4.000
SG01138,SG01139,5.000
SG01139,SG01140,6.000
SG01140,SG01141,7.000
SG01141,SG01142,8.000
SG01142,SG01143,9.000
SG01143,SG01144,10.000
SG01144,SG01145,11.000
SG01145,SG01146,4.000
SG01146,SG01147,5.000
SG01147,SG01148,6.000
SG01148,SG01149,7.000
SG01149,SG01150,8.000
SG01150,SG01151,9.000
SG01151,SG01152,10.000
SG01152,SG01153,11.000
SG01153,SG01154,4.000
SG01154,SG01155,5.000
SG01155,SG01156,6.000
SG01156,SG01157,7.000
SG01157,SG01158,8.000
SG01158,SG01159,9.000
SG01159,SG01160,10.000
SG01160,SG01161,11.000
SG01161,SG01162,4.000
SG01162,SG01163,5.000
SG01163,SG01164,6.000
SG01164,SG01165,7.000
SG01165,SG01166,8.000
SG01166,SG01167,9.000
SG01167,SG01168,10.000
SG01168,SG01169,11.000
SG01169,SG01170,4.000
SG01170,SG01171,5.000
SG01171,SG01172,6.000
SG01172,SG01173,7.000
SG01173,SG01174,8.000
SG01174,SG01175,9.000
SG01175,SG01176,10.000
SG01176,SG01177,11.000
SG01177,SG01178,4.000
SG01178,SG01179,5.000
SG01179,SG01180,6.000
SG01180,SG01181,7.000
SG01181,SG01182,8.000
SG01182,SG01183,9.000
SG01183,SG01184,10.000
SG01184,SG01185,11.000
SG01185,SG01186,4.000
SG01186,SG01187,5.000
SG01187,SG01188,6.000
SG01188,SG01189,7.000
SG01189,SG01190,8.000
SG01190,SG01191,9.000
SG01191,SG01192,10.000
SG01192,SG01193,11.000
SG01193,SG01194,4.000
SG01194,SG01195,5.000
SG01195,SG01196,6.000
SG01196,SG01197,7.000
SG01197,SG01198,8.000
SG01198,SG01199,9.000
SG01199,SG01200,10.000
SG01200,SG01201,11.000
SG01201,SG01202,4.000
SG01202,SG01203,5.000
SG01203,SG01204,6.000
SG01204,SG01205,7.000
SG01205,SG01206,8.000
SG01206,SG01207,9.000
SG01207,SG01208,10.000
SG01208,SG01209,11.000
SG01209,SG01210,4.000
SG01210,SG01211,5.000
SG01211,SG01212,6.000
SG01212,SG01213,7.000
SG01213,SG01214,8.000
SG01214,SG01215,9.000
SG01215,SG01216,10.000
SG01216,SG01217,11.000
SG01217,SG01218,4.000
SG01218,SG01219,5.000
SG01219,SG01220,6.000
SG01220,SG01221,7.000
SG01221,SG01222,8.000
SG01222,SG01223,9.000
SG01223,SG01224,10.000
SG01224,SG01225,11.000
SG01225,SG01226,4.000
SG01226,SG01227,5.000
SG01227,SG01228,6.000
SG01228,SG01229,7.000
SG01229,SG01230,8.000
SG01230,SG01231,9.000
SG01231,SG01232,10.000
SG01232,SG01233,11.000
SG01233,SG01234,4.000
SG01234,SG01235,5.000
SG01235,SG01236,6.000
SG01236,SG01237,7.000
SG01237,SG01238,8.000
SG01238,SG01239,9.000
SG01239,SG01240,10.000
SG01240,SG01241,11.000
SG01241,SG01242,4.000
SG01242,SG01243,5.000
SG01243,SG01244,6.000
SG01244,SG01245,7.000
SG01245,SG01246,8.000
SG01246,SG01247,9.000
SG01247,SG01248,10.000
SG01248,SG01249,11.000
SG01249,SG01250,4.000
SG01250,SG01251,5.000
SG01251,SG01252,6.000
SG01252,SG01253,7.000
SG01253,SG01254,8.000
SG01254,SG01255,9.000
SG01255,SG01256,10.000
SG01256,SG01257,11.000
SG01257,SG01258,4.000
SG01258,SG01259,5.000
SG01259,SG01260,6.000
SG01260,SG01261,7.000
SG01261,SG01262,8.000
SG01262,SG01263,9.000
SG01263,SG01264,10.000
SG01264,SG01265,11.000
SG01265,SG01266,4.000
SG01266,SG01267,5.000
SG01267,SG01268,6.000
SG01268,SG01269,7.000
SG01269,SG01270,8.000
SG01270,SG01271,9.000
SG01271,SG01272,10.000
SG01272,SG01273,11.000
SG01273,SG01274,4.000
SG01274,SG01275,5.000
SG01275,SG01276,6.000
SG01276,SG01277,7.000
SG01277,SG01278,8.000
SG01278,SG01279,9.000
SG01279,SG01280,10.000
SG01280,SG01281,11.000
SG01281,SG01282,4.000
SG01282,SG01283,5.000
SG01283,SG01284,6.000
SG01284,SG01285,7.000
SG01285,SG01286,8.000
SG01286,SG01287,9.000
SG01287,SG01288,10.000
SG01288,SG01289,11.000
SG01289,SG01290,4.000
SG01290,SG01291,5.000
SG01291,SG01292,6.000
SG01292,SG01293,7.000
SG01293,SG01294,8.000
SG01294,SG01295,9.000
SG01295,SG01296,10.000
SG01296,SG01297,11.000
SG01297,SG01298,4.000
SG01298,SG01299,5.000
SG01299,SG01300,6.000
SG01300,SG01301,7.000
SG01301,SG01302,8.000
SG01302,SG01303,9.000
SG01303,SG01304,10.000
SG01304,SG01305,11.000
SG01305,SG01306,4.000
SG01306,SG01307,5.000
SG01307,SG01308,6.000
SG01308,SG01309,7.000
SG01309,SG01310,8.000
SG01310,SG01311,9.000
SG01311,SG01312,10.000
SG01312,SG01313,11.000
SG01313,SG01314,4.000
SG01314,SG01315,5.000
SG01315,SG01316,6.000
SG01316,SG01317,7.000
SG01317,SG01318,8.000
SG01318,SG01319,9.000
SG01319,SG01320,10.000
SG01320,SG01321,11.000
SG01321,SG01322,4.000
SG01322,SG01323,5.000
SG01323,SG01324,6.000
SG01324,SG01325,7.000
SG01325,SG01326,8.000
SG01326,SG01327,9.000
SG01327,SG01328,10.000
SG01328,SG01329,11.000
SG01329,SG01330,4.000
SG01330,SG01331,5.000
SG01331,SG01332,6.000
SG01332,SG01333,7.000
SG01333,SG01334,8.000
SG01334,SG01335,9.000
SG01335,SG01336,10.000
SG01336,SG01337,11.000
SG01337,SG01338,4.000
SG01338,SG01339,5.000
SG01339,SG01340,6.000
SG01340,SG01341,7.000
SG01341,SG01342,8.000
SG01342,SG01343,9.000
SG01343,SG01344,10.000
SG01344,SG01345,11.000
SG01345,SG01346,4.000
SG01346,SG01347,5.000
SG01347,SG01348,6.000
SG01348,SG01349,7.000
SG01349,SG01350,8.000
SG01350,SG01351,9.000
SG01351,SG01352,10.000
SG01352,SG01353,11.000
SG01353,SG01354,4.000
SG01354,SG01355,5.000
SG01355,SG01356,6.000
SG01356,SG01357,7.000
SG01357,SG01358,8.000
SG01358,SG01359,9.000
SG01359,SG01360,10.000
SG01360,SG01361,11.000
SG01361,SG01362,4.000
SG01362,SG01363,5.000
SG01363,SG01364,6.000
SG01364,SG01365,7.000
SG01365,SG01366,8.000
SG01366,SG01367,9.000
SG01367,SG01368,10.000
SG01368,SG01369,11.000
SG01369,SG01370,4.000
SG01370,SG01371,5.000
SG01371,SG01372,6.000
SG01372,SG01373,7.000
SG01373,SG01374,8.000
SG01374,SG01375,9.000
SG01375,SG01376,10.000
SG01376,SG01377,11.000
SG01377,SG01378,4.000
SG01378,SG01379,5.000
SG01379,SG01380,6.000
SG01380,SG01381,7.000
SG01381,SG01382,8.000
SG01382,SG01383,9.000
SG01383,SG01384,10.000
SG01384,SG01385,11.000
SG01385,SG01386,4.000
SG01386,SG01387,5.000
SG01387,SG01388,6.000
SG01388,SG01389,7.000
SG01389,SG01390,8.000
SG01390,SG01391,9.000
SG01391,SG01392,10.000
SG01392,SG01393,11.000
SG01393,SG01394,4.000
SG01394,SG01395,5.000
SG01395,SG01396,6.000
SG01396,SG01397,7.000
SG01397,SG01398,8.000
SG01398,SG01399,9.000
SG01399,SG01400,10.000
SG01400,SG01401,11.000
SG01401,SG01402,4.000
SG01402,SG01403,5.000
SG01403,SG01404,6.000
SG01404,SG01405,7.000
SG01405,SG01406,8.000
SG01406,SG01407,9.000
SG01407,SG01408,10.000
SG01408,SG01409,11.000
SG01409,SG01410,4.000
SG01410,SG01411,5.000
SG01411,SG01412,6.000
SG01412,SG01413,7.000
SG01413,SG01414,8.000
SG01414,SG01415,9.000
SG01415,SG01416,10.000
SG01416,SG01417,11.000
SG01417,SG01418,4.000
SG01418,SG01419,5.000
SG01419,SG01420,6.000
SG01420,SG01421,7.000
SG01421,SG01422,8.000
SG01422,SG01423,9.000
SG01423,SG01424,10.000
SG01424,SG01425,11.000
SG01425,SG01426,4.000
SG01426,SG01427,5.000
SG01427,SG01428,6.000
SG01428,SG01429,7.000
SG01429,SG01430,8.000
SG01430,SG01431,9.000
SG01431,SG01432,10.000
SG01432,SG01433,11.000
SG01433,SG01434,4.000
SG01434,SG01435,5.000
SG01435,SG01436,6.000
SG01436,SG01437,7.000
SG01437,SG01438,8.000
SG01438,SG01439,9.000
SG01439,SG01440,10.000
SG01440,SG01441,11.000
SG01441,SG01442,4.000
SG01442,SG01443,5.000
SG01443,SG01444,6.000
SG01444,SG01445,7.000
SG01445,SG01446,8.000
SG01446,SG01447,9.000
SG01447,SG01448,10.000
SG01448,SG01449,11.000
SG01449,SG01450,4.000
SG01450,SG01451,5.000
SG01451,SG01452,6.000
SG01452,SG01453,7.000
SG01453,SG01454,8.000
SG01454,SG01455,9.000
SG01455,SG01456,10.000
SG01456,SG01457,11.000
SG01457,SG01458,4.000
SG01458,SG01459,5.000
SG01459,SG01460,6.000
SG01460,SG01461,7.000
SG01461,SG01462,8.000
SG01462,SG01463,9.000
SG01463,SG01464,10.000
SG01464,SG01465,11.000
SG01465,SG01466,4.000
SG01466,SG01467,5.000
SG01467,SG01468,6.000
SG01468,SG01469,7.000
SG01469,SG01470,8.000
SG01470,SG01471,9.000
SG01471,SG01472,10.000
SG01472,SG01473,11.000
SG01473,SG01474,4.000
SG01474,SG01475,5.000
SG01475,SG01476,6.000
SG01476,SG01477,7.000
SG01477,SG01478,8.000
SG01478,SG01479,9.000
SG01479,SG01480,10.000
SG01480,SG01481,11.000
SG01481,SG01482,4.000
SG01482,SG01483,5.000
SG01483,SG01484,6.000
SG01484,SG01485,7.000
SG01485,SG01486,8.000
SG01486,SG01487,9.000
SG01487,SG01488,10.000
SG01488,SG01489,11.000
SG01489,SG01490,4.000
SG01490,SG01491,5.000
SG01491,SG01492,6.000
SG01492,SG01493,7.000
SG01493,SG01494,8.000
SG01494,SG01495,9.000
SG01495,SG01496,10.000
SG01496,SG01497,11.000
SG01497,SG01498,4.000
SG01498,SG01499,5.000
SG01499,SG01500,6.000
SG01500,SG01501,7.000
SG01501,SG01502,8.000
SG01502,SG01503,9.000
SG01503,SG01504,10.000
SG01504,SG01505,11.000
SG01505,SG01506,4.000
SG01506,SG01507,5.000
SG01507,SG01508,6.000
SG01508,SG01509,7.000
SG01509,SG01510,8.000
SG01510,SG01511,9.000
SG01511,SG01512,10.000
SG01512,SG01513,11.000
SG01513,SG01514,4.000
SG01514,SG01515,5.000
SG01515,SG01516,6.000
SG01516,SG01517,7.000
SG01517,SG01518,8.000
SG01518,SG01519,9.000
SG01519,SG01520,10.000
SG01520,SG01521,11.000
SG01521,SG01522,4.000
SG01522,SG01523,5.000
SG01523,SG01524,6.000
SG01524,SG01525,7.000
SG01525,SG01526,8.000
SG01526,SG01527,9.000
SG01527,SG01528,10.000
SG01528,SG01529,11.000
SG01529,SG01530,4.000
SG01530,SG01531,5.000
SG01531,SG01532,6.000
SG01532,SG01533,7.000
SG01533,SG01534,8.000
SG01534,SG01535,9.000
SG01535,SG01536,10.000
SG01536,SG01537,11.000
SG01537,SG01538,4.000
SG01538,SG01539,5.000
SG01539,SG01540,6.000
SG01540,SG01541,7.000
SG01541,SG01542,8.000
SG01542,SG01543,9.000
SG01543,SG01544,10.000
SG01544,SG01545,11.000
SG01545,SG01546,4.000
SG01546,SG01547,5.000
SG01547,SG01548,6.000
SG01548,SG01549,7.000
SG01549,SG01550,8.000
SG01550,SG01551,9.000
SG01551,SG01552,10.000
SG01552,SG01553,11.000
SG01553,SG01554,4.000
SG01554,SG01555,5.000
SG01555,SG01556,6.000
SG01556,SG01557,7.000
SG01557,SG01558,8.000
SG01558,SG01559,9.000
SG01559,SG01560,10.000
SG01560,SG01561,11.000
SG01561,SG01562,4.000
SG01562,SG01563,5.000
SG01563,SG01564,6.000
SG01564,SG01565,7.000
SG01565,SG01566,8.000
SG01566,SG01567,9.000
SG01567,SG01568,10.000
SG01568,SG01569,11.000
SG01569,SG01570,4.000
SG01570,SG01571,5.000
SG01571,SG01572,6.000
SG01572,SG01573,7.000
SG01573,SG01574,8.000
SG01574,SG01575,9.000
SG01575,SG01576,10.000
SG01576,SG01577,11.000
SG01577,SG01578,4.000
SG01578,SG01579,5.000
SG01579,SG01580,6.000
SG01580,SG01581,7.000
SG01581,SG01582,8.000
SG01582,SG01583,9.000
SG01583,SG01584,10.000
SG01584,SG01585,11.000
SG01585,SG01586,4.000
SG01586,SG01587,5.000
SG01587,SG01588,6.000
SG01588,SG01589,7.000
SG01589,SG01590,8.000
SG01590,SG01591,9.000
SG01591,SG01592,10.000
SG01592,SG01593,11.000
SG01593,SG01594,4.000
SG01594,SG01595,5.000
SG01595,SG01596,6.000
SG01596,SG01597,7.000
SG01597,SG01598,8.000
SG01598,SG01599,9.000
SG01599,SG01600,10.000
SG01600,SG01601,11.000
SG01601,SG01602,4.000
SG01602,SG01603,5.000
SG01603,SG01604,6.000
SG01604,SG01605,7.000
SG01605,SG01606,8.000
SG01606,SG01607,9.000
SG01607,SG01608,10.000
SG01608,SG01609,11.000
SG01609,SG01610,4.000
SG01610,SG01611,5.000
SG01611,SG01612,6.000
SG01612,SG01613,7.000
SG01613,SG01614,8.000
SG01614,SG01615,9.000
SG01615,SG01616,10.000
SG01616,SG01617,11.000
SG01617,SG01618,4.000
SG01618,SG01619,5.000
SG01619,SG01620,6.000
SG01620,SG01621,7.000
SG01621,SG01622,8.000
SG01622,SG01623,9.000
SG01623,SG01624,10.000
SG01624,SG01625,11.000
SG01625,SG01626,4.000
SG01626,SG01627,5.000
SG01627,SG01628,6.000
SG01628,SG01629,7.000
SG01629,SG01630,8.000
SG01630,SG01631,9.000
SG01631,SG01632,10.000
SG01632,SG01633,11.000
SG01633,SG01634,4.000
SG01634,SG01635,5.000
SG01635,SG01636,6.000
SG01636,SG01637,7.000
SG01637,SG01638,8.000
SG01638,SG01639,9.000
SG01639,SG01640,10.000
SG01640,SG01641,11.000
SG01641,SG01642,4.000
SG01642,SG01643,5.000
SG01643,SG01644,6.000
SG01644,SG01645,7.000
SG01645,SG01646,8.000
SG01646,SG01647,9.000
SG01647,SG01648,10.000
SG01648,SG01649,11.000
SG01649,SG01650,4.000
SG01650,SG01651,5.000
SG01651,SG01652,6.000
SG01652,SG01653,7.000
SG01653,SG01654,8.000
SG01654,SG01655,9.000
SG01655,SG01656,10.000
SG01656,SG01657,11.000
SG01657,SG01658,4.000
SG01658,SG01659,5.000
SG01659,SG01660,6.000
SG01660,SG01661,7.000
SG01661,SG01662,8.000
SG01662,SG01663,9.000
SG01663,SG01664,10.000
SG01664,SG01665,11.000
SG01665,SG01666,4.000
SG01666,SG01667,5.000
SG01667,SG01668,6.000
SG01668,SG01669,7.000
SG01669,SG01670,8.000
SG01670,SG01671,9.000
SG01671,SG01672,10.000
SG01672,SG01673,11.000
SG01673,SG01674,4.000
SG01674,SG01675,5.000
SG01675,SG01676,6.000
SG01676,SG01677,7.000
SG01677,SG01678,8.000
SG01678,SG01679,9.000
SG01679,SG01680,10.000
SG01680,SG01681,11.000
SG01681,SG01682,4.000
SG01682,SG01683,5.000
SG01683,SG01684,6.000
SG01684,SG01685,7.000
SG01685,SG01686,8.000
SG01686,SG01687,9.000
SG01687,SG01688,10.000
SG01688,SG01689,11.000
SG01689,SG01690,4.000
SG01690,SG01691,5.000
SG01691,SG01692,6.000
SG01692,SG01693,7.000
SG01693,SG01694,8.000
SG01694,SG01695,9.000
SG01695,SG01696,10.000
SG01696,SG01697,11.000
SG01697,SG01698,4.000
SG01698,SG01699,5.000
SG01699,SG01700,6.000
SG01700,SG01701,7.000
SG01701,SG01702,8.000
SG01702,SG01703,9.000
SG01703,SG01704,10.000
SG01704,SG01705,11.000
SG01705,SG01706,4.000
SG01706,SG01707,5.000
SG01707,SG01708,6.000
SG01708,SG01709,7.000
SG01709,SG01710,8.000
SG01710,SG01711,9.000
SG01711,SG01712,10.000
SG01712,SG01713,11.000
SG01713,SG01714,4.000
SG01714,SG01715,5.000
SG01715,SG01716,6.000
SG01716,SG01717,7.000
SG01717,SG01718,8.000
SG01718,SG01719,9.000
SG01719,SG01720,10.000
SG01720,SG01721,11.000
SG01721,SG01722,4.000
SG01722,SG01723,5.000
SG01723,SG01724,6.000
SG01724,SG01725,7.000
SG01725,SG01726,8.000
SG01726,SG01727,9.000
SG01727,SG01728,10.000
SG01728,SG01729,11.000
SG01729,SG01730,4.000
SG01730,SG01731,5.000
SG01731,SG01732,6.000
SG01732,SG01733,7.000
SG01733,SG01734,8.000
SG01734,SG01735,9.000
SG01735,SG01736,10.000
SG01736,SG01737,11.000
SG01737,SG01738,4.000
SG01738,SG01739,5.000
SG01739,SG01740,6.000
SG01740,SG01741,7.000
SG01741,SG01742,8.000
SG01742,SG01743,9.000
SG01743,SG01744,10.000
SG01744,SG01745,11.000
SG01745,SG01746,4.000
SG01746,SG01747,5.000
SG01747,SG01748,6.000
SG01748,SG01749,7.000
SG01749,SG01750,8.000
SG01750,SG01751,9.000
SG01751,SG01752,10.000
SG01752,SG01753,11.000
SG01753,SG01754,4.000
SG01754,SG01755,5.000
SG01755,SG01756,6.000
SG01756,SG01757,7.000
SG01757,SG01758,8.000
SG01758,SG01759,9.000
SG01759,SG01760,10.000
SG01760,SG01761,11.000
SG01761,SG01762,4.000
SG01762,SG01763,5.000
SG01763,SG01764,6.000
SG01764,SG01765,7.000
SG01765,SG01766,8.000
SG01766,SG01767,9.000
SG01767,SG01768,10.000
SG01768,SG01769,11.000
SG01769,SG01770,4.000
SG01770,SG01771,5.000
SG01771,SG01772,6.000
SG01772,SG01773,7.000
SG01773,SG01774,8.000
SG01774,SG01775,9.000
SG01775,SG01776,10.000
SG01776,SG01777,11.000
SG01777,SG01778,4.000
SG01778,SG01779,5.000
SG01779,SG01780,6.000
SG01780,SG01781,7.000
SG01781,SG01782,8.000
SG01782,SG01783,9.000
SG01783,SG01784,10.000
SG01784,SG01785,11.000
SG01785,SG01786,4.000
SG01786,SG01787,5.000
SG01787,SG01788,6.000
SG01788,SG01789,7.000
SG01789,SG01790,8.000
SG01790,SG01791,9.000
SG01791,SG01792,10.000
SG01792,SG01793,11.000
SG01793,SG01794,4.000
SG01794,SG01795,5.000
SG01795,SG01796,6.000
SG01796,SG01797,7.000
SG01797,SG01798,8.000
SG01798,SG01799,9.000
SG01799,SG01800,10.000
SG01800,SG01801,11.000
SG01801,SG01802,4.000
SG01802,SG01803,5.000
SG01803,SG01804,6.000
SG01804,SG01805,7.000
SG01805,SG01806,8.000
SG01806,SG01807,9.000
SG01807,SG01808,10.000
SG01808,SG01809,11.000
SG01809,SG01810,4.000
SG01810,SG01811,5.000
SG01811,SG01812,6.000
SG01812,SG01813,7.000
SG01813,SG01814,8.000
SG01814,SG01815,9.000
SG01815,SG01816,10.000
SG01816,SG01817,11.000
SG01817,SG01818,4.000
SG01818,SG01819,5.000
SG01819,SG01820,6.000
SG01820,SG01821,7.000
SG01821,SG01822,8.000
SG01822,SG01823,9.000
SG01823,SG01824,10.000
SG01824,SG01825,11.000
SG01825,SG01826,4.000
SG01826,SG01827,5.000
SG01827,SG01828,6.000
SG01828,SG01829,7.000
SG01829,SG01830,8.000
SG01830,SG01831,9.000
SG01831,SG01832,10.000
SG01832,SG01833,11.000
SG01833,SG01834,4.000
SG01834,SG01835,5.000
SG01835,SG01836,6.000
SG01836,SG01837,7.000
SG01837,SG01838,8.000
SG01838,SG01839,9.000
SG01839,SG01840,10.000
SG01840,SG01841,11.000
SG01841,SG01842,4.000
SG01842,SG01843,5.000
SG01843,SG01844,6.000
SG01844,SG01845,7.000
SG01845,SG01846,8.000
SG01846,SG01847,9.000
SG01847,SG01848,10.000
SG01848,SG01849,11.000
SG01849,SG01850,4.000
SG01850,SG01851,5.000
SG01851,SG01852,6.000
SG01852,SG01853,7.000
SG01853,SG01854,8.000
SG01854,SG01855,9.000
SG01855,SG01856,10.000
SG01856,SG01857,11.000
SG01857,SG01858,4.000
SG01858,SG01859,5.000
SG01859,SG01860,6.000
SG01860,SG01861,7.000
SG01861,SG01862,8.000
SG01862,SG01863,9.000
SG01863,SG01864,10.000
SG01864,SG01865,11.000
SG01865,SG01866,4.000
SG01866,SG01867,5.000
SG01867,SG01868,6.000
SG01868,SG01869,7.000
SG01869,SG01870,8.000
SG01870,SG01871,9.000
SG01871,SG01872,10.000
SG01872,SG01873,11.000
SG01873,SG01874,4.000
SG01874,SG01875,5.000
SG01875,SG01876,6.000
SG01876,SG01877,7.000
SG01877,SG01878,8.000
SG01878,SG01879,9.000
SG01879,SG01880,10.000
SG01880,SG01881,11.000
SG01881,SG01882,4.000
SG01882,SG01883,5.000
SG01883,SG01884,6.000
SG01884,SG01885,7.000
SG01885,SG01886,8.000
SG01886,SG01887,9.000
SG01887,SG01888,10.000
SG01888,SG01889,11.000
SG01889,SG01890,4.000
SG01890,SG01891,5.000
SG01891,SG01892,6.000
SG01892,SG01893,7.000
SG01893,SG01894,8.000
SG01894,SG01895,9.000
SG01895,SG01896,10.000
SG01896,SG01897,11.000
SG01897,SG01898,4.000
SG01898,SG01899,5.000
SG01899,SG01900,6.000
SG01900,SG01901,7.000
SG01901,SG01902,8.000
SG01902,SG01903,9.000
SG01903,SG01904,10.000
SG01904,SG01905,11.000
SG01905,SG01906,4.000
SG01906,SG01907,5.000
SG01907,SG01908,6.000
SG01908,SG01909,7.000
SG01909,SG01910,8.000
SG01910,SG01911,9.000
SG01911,SG01912,10.000
SG01912,SG01913,11.000
SG01913,SG01914,4.000
SG01914,SG01915,5.000
SG01915,SG01916,6.000
SG01916,SG01917,7.000
SG01917,SG01918,8.000
SG01918,SG01919,9.000
SG01919,SG01920,10.000
SG01920,SG01921,11.000
SG01921,SG01922,4.000
SG01922,SG01923,5.000
SG01923,SG01924,6.000
SG01924,SG01925,7.000
SG01925,SG01926,8.000
SG01926,SG01927,9.000
SG01927,SG01928,10.000
SG01928,SG01929,11.000
SG01929,SG01930,4.000
SG01930,SG01931,5.000
SG01931,SG01932,6.000
SG01932,SG01933,7.000
SG01933,SG01934,8.000
SG01934,SG01935,9.000
SG01935,SG01936,10.000
SG01936,SG01937,11.000
SG01937,SG01938,4.000
SG01938,SG01939,5.000
SG01939,SG01940,6.000
SG01940,SG01941,7.000
SG01941,SG01942,8.000
SG01942,SG01943,9.000
SG01943,SG01944,10.000
SG01944,SG01945,11.000
SG01945,SG01946,4.000
SG01946,SG01947,5.000
SG01947,SG01948,6.000
SG01948,SG01949,7.000
SG01949,SG01950,8.000
SG01950,SG01951,9.000
SG01951,SG01952,10.000
SG01952,SG01953,11.000
SG01953,SG01954,4.000
SG01954,SG01955,5.000
SG01955,SG01956,6.000
SG01956,SG01957,7.000
SG01957,SG01958,8.000
SG01958,SG01959,9.000
SG01959,SG01960,10.000
SG01960,SG01961,11.000
SG01961,SG01962,4.000
SG01962,SG01963,5.000
SG01963,SG01964,6.000
SG01964,SG01965,7.000
SG01965,SG01966,8.000
SG01966,SG01967,9.000
SG01967,SG01968,10.000
SG01968,SG01969,11.000
SG01969,SG01970,4.000
SG01970,SG01971,5.000
SG01971,SG01972,6.000
SG01972,SG01973,7.000
SG01973,SG01974,8.000
SG01974,SG01975,9.000
SG01975,SG01976,10.000
SG01976,SG01977,11.000
SG01977,SG01978,4.000
SG01978,SG01979,5.000
SG01979,SG01980,6.000
SG01980,SG01981,7.000
SG01981,SG01982,8.000
SG01982,SG01983,9.000
SG01983,SG01984,10.000
SG01984,SG01985,11.000
SG01985,SG01986,4.000
SG01986,SG01987,5.000
SG01987,SG01988,6.000
SG01988,SG01989,7.000
SG01989,SG01990,8.000
SG01990,SG01991,9.000
SG01991,SG01992,10.000
SG01992,SG01993,11.000
SG01993,SG01994,4.000
SG01994,SG01995,5.000
SG01995,SG01996,6.000
SG01996,SG01997,7.000
SG01997,SG01998,8.000
SG01998,SG01999,9.000
SG01999,SG02000,10.000
SG02000,SG02001,11.000
SG02001,SG02002,4.000
SG02002,SG02003,5.000
SG02003,SG02004,6.000
SG02004,SG02005,7.000
SG02005,SG02006,8.000
SG02006,SG02007,9.000
SG02007,SG02008,10.000
SG02008,SG02009,11.000
SG02009,SG02010,4.000
SG02010,SG02011,5.000
SG02011,SG02012,6.000
SG02012,SG02013,7.000
SG02013,SG02014,8.000
SG02014,SG02015,9.000
SG02015,SG02016,10.000
SG02016,SG02017,11.000
SG02017,SG02018,4.000
SG02018,SG02019,5.000
SG02019,SG02020,6.000
SG02020,SG02021,7.000
SG02021,SG02022,8.000
SG02022,SG02023,9.000
SG02023,SG02024,10.000
SG02024,SG02025,11.000
SG02025,SG02026,4.000
SG02026,SG02027,5.000
SG02027,SG02028,6.000
SG02028,SG02029,7.000
SG02029,SG02030,8.000
SG02030,SG02031,9.000
SG02031,SG02032,10.000
SG02032,SG02033,11.000
SG02033,SG02034,4.000
SG02034,SG02035,5.000
SG02035,SG02036,6.000
SG02036,SG02037,7.000
SG02037,SG02038,8.000
SG02038,SG02039,9.000
SG02039,SG02040,10.000
SG02040,SG02041,11.000
SG02041,SG02042,4.000
SG02042,SG02043,5.000
SG02043,SG02044,6.000
SG02044,SG02045,7.000
SG02045,SG02046,8.000
SG02046,SG02047,9.000
SG02047,SG02048,10.000
SG02048,SG02049,11.000
SG02049,SG02050,4.000
SG02050,SG02051,5.000
SG02051,SG02052,6.000
SG02052,SG02053,7.000
SG02053,SG02054,8.000
SG02054,SG02055,9.000
SG02055,SG02056,10.000
SG02056,SG02057,11.000
SG02057,SG02058,4.000
SG02058,SG02059,5.000
SG02059,SG02060,6.000
SG02060,SG02061,7.000
SG02061,SG02062,8.000
SG02062,SG02063,9.000
SG02063,SG02064,10.000
SG02064,SG02065,11.000
SG02065,SG02066,4.000
SG02066,SG02067,5.000
SG02067,SG02068,6.000
SG02068,SG02069,7.000
SG02069,SG02070,8.000
SG02070,SG02071,9.000
SG02071,SG02072,10.000
SG02072,SG02073,11.000
SG02073,SG02074,4.000
SG02074,SG02075,5.000
SG02075,SG02076,6.000
SG02076,SG02077,7.000
SG02077,SG02078,8.000
SG02078,SG02079,9.000
SG02079,SG02080,10.000
SG02080,SG02081,11.000
SG02081,SG02082,4.000
SG02082,SG02083,5.000
SG02083,SG02084,6.000
SG02084,SG02085,7.000
SG02085,SG02086,8.000
SG02086,SG02087,9.000
SG02087,SG02088,10.000
SG02088,SG02089,11.000
SG02089,SG02090,4.000
SG02090,SG02091,5.000
SG02091,SG02092,6.000
SG02092,SG02093,7.000
SG02093,SG02094,8.000
SG02094,SG02095,9.000
SG02095,SG02096,10.000
SG02096,SG02097,11.000
SG02097,SG02098,4.000
SG02098,SG02099,5.000
SG02099,SG02100,6.000
SG02100,SG02101,7.000
SG02101,SG02102,8.000
SG02102,SG02103,9.000
SG02103,SG02104,10.000
SG02104,SG02105,11.000
SG02105,SG02106,4.000
SG02106,SG02107,5.000
SG02107,SG02108,6.000
SG02108,SG02109,7.000
SG02109,SG02110,8.000
SG02110,SG02111,9.000
SG02111,SG02112,10.000
SG02112,SG02113,11.000
SG02113,SG02114,4.000
SG02114,SG02115,5.000
SG02115,SG02116,6.000
SG02116,SG02117,7.000
SG02117,SG02118,8.000
SG02118,SG02119,9.000
SG02119,SG02120,10.000
SG02120,SG02121,11.000
SG02121,SG02122,4.000
SG02122,SG02123,5.000
SG02123,SG02124,6.000
SG02124,SG02125,7.000
SG02125,SG02126,8.000
SG02126,SG02127,9.000
SG02127,SG02128,10.000
SG02128,SG02129,11.000
SG02129,SG02130,4.000
SG02130,SG02131,5.000
SG02131,SG02132,6.000
SG02132,SG02133,7.000
SG02133,SG02134,8.000
SG02134,SG02135,9.000
SG02135,SG02136,10.000
SG02136,SG02137,11.000
SG02137,SG02138,4.000
SG02138,SG02139,5.000
SG02139,SG02140,6.000
SG02140,SG02141,7.000
SG02141,SG02142,8.000
SG02142,SG02143,9.000
SG02143,SG02144,10.000
SG02144,SG02145,11.000
SG02145,SG02146,4.000
SG02146,SG02147,5.000
SG02147,SG02148,6.000
SG02148,SG02149,7.000
SG02149,SG02150,8.000
SG02150,SG02151,9.000
SG02151,SG02152,10.000
SG02152,SG02153,11.000
SG02153,SG02154,4.000
SG02154,SG02155,5.000
SG02155,SG02156,6.000
SG02156,SG02157,7.000
SG02157,SG02158,8.000
SG02158,SG02159,9.000
SG02159,SG02160,10.000
SG02160,SG02161,11.000
SG02161,SG02162,4.000
SG02162,SG02163,5.000
SG02163,SG02164,6.000
SG02164,SG02165,7.000
SG02165,SG02166,8.000
SG02166,SG02167,9.000
SG02167,SG02168,10.000
SG02168,SG02169,11.000
SG02169,SG02170,4.000
SG02170,SG02171,5.000
SG02171,SG02172,6.000
SG02172,SG02173,7.000
SG02173,SG02174,8.000
SG02174,SG02175,9.000
SG02175,SG02176,10.000
SG02176,SG02177,11.000
SG02177,SG02178,4.000
SG02178,SG02179,5.000
SG02179,SG02180,6.000
SG02180,SG02181,7.000
SG02181,SG02182,8.000
SG02182,SG02183,9.000
SG02183,SG02184,10.000
SG02184,SG02185,11.000
SG02185,SG02186,4.000
SG02186,SG02187,5.000
SG02187,SG02188,6.000
SG02188,SG02189,7.000
SG02189,SG02190,8.000
SG02190,SG02191,9.000
SG02191,SG02192,10.000
SG02192,SG02193,11.000
SG02193,SG02194,4.000
SG02194,SG02195,5.000
SG02195,SG02196,6.000
SG02196,SG02197,7.000
SG02197,SG02198,8.000
SG02198,SG02199,9.000
SG02199,SG02200,10.000
SG02200,SG02201,11.000
SG02201,SG02202,4.000
SG02202,SG02203,5.000
SG02203,SG02204,6.000
SG02204,SG02205,7.000
SG02205,SG02206,8.000
SG02206,SG02207,9.000
SG02207,SG02208,10.000
SG02208,SG02209,11.000
SG02209,SG02210,4.000
SG02210,SG02211,5.000
SG02211,SG02212,6.000
SG02212,SG02213,7.000
SG02213,SG02214,8.000
SG02214,SG02215,9.000
SG02215,SG02216,10.000
SG02216,SG02217,11.000
SG02217,SG02218,4.000
SG02218,SG02219,5.000
SG02219,SG02220,6.000
SG02220,SG02221,7.000
SG02221,SG02222,8.000
SG02222,SG02223,9.000
SG02223,SG02224,10.000
SG02224,SG02225,11.000
SG02225,SG02226,4.000
SG02226,SG02227,5.000
SG02227,SG02228,6.000
SG02228,SG02229,7.000
SG02229,SG02230,8.000
SG02230,SG02231,9.000
SG02231,SG02232,10.000
SG02232,SG02233,11.000
SG02233,SG02234,4.000
SG02234,SG02235,5.000
SG02235,SG02236,6.000
SG02236,SG02237,7.000
SG02237,SG02238,8.000
SG02238,SG02239,9.000
SG02239,SG02240,10.000
SG02240,SG02241,11.000
SG02241,SG02242,4.000
SG02242,SG02243,5.000
SG02243,SG02244,6.000
SG02244,SG02245,7.000
SG02245,SG02246,8.000
SG02246,SG02247,9.000
SG02247,SG02248,10.000
SG02248,SG02249,11.000
SG02249,SG02250,4.000
SG02250,SG02251,5.000
SG02251,SG02252,6.000
SG02252,SG02253,7.000
SG02253,SG02254,8.000
SG02254,SG02255,9.000
SG02255,SG02256,10.000
SG02256,SG02257,11.000
SG02257,SG02258,4.000
SG02258,SG02259,5.000
SG02259,SG02260,6.000
SG02260,SG02261,7.000
SG02261,SG02262,8.000
SG02262,SG02263,9.000
SG02263,SG02264,10.000
SG02264,SG02265,11.000
SG02265,SG02266,4.000
SG02266,SG02267,5.000
SG02267,SG02268,6.000
SG02268,SG02269,7.000
SG02269,SG02270,8.000
SG02270,SG02271,9.000
SG02271,SG02272,10.000
SG02272,SG02273,11.000
SG02273,SG02274,4.000
SG02274,SG02275,5.000
SG02275,SG02276,6.000
SG02276,SG02277,7.000
SG02277,SG02278,8.000
SG02278,SG02279,9.000
SG02279,SG02280,10.000
SG02280,SG02281,11.000
SG02281,SG02282,4.000
SG02282,SG02283,5.000
SG02283,SG02284,6.000
SG02284,SG02285,7.000
SG02285,SG02286,8.000
SG02286,SG02287,9.000
SG02287,SG02288,10.000
SG02288,SG02289,11.000
SG02289,SG02290,4.000
SG02290,SG02291,5.000
SG02291,SG02292,6.000
SG02292,SG02293,7.000
SG02293,SG02294,8.000
SG02294,SG02295,9.000
SG02295,SG02296,10.000
SG02296,SG02297,11.000
SG02297,SG02298,4.000
SG02298,SG02299,5.000
SG02299,SG02300,6.000
SG02300,SG02301,7.000
SG02301,SG02302,8.000
SG02302,SG02303,9.000
SG02303,SG02304,10.000
SG02304,SG02305,11.000
SG02305,SG02306,4.000
SG02306,SG02307,5.000
SG02307,SG02308,6.000
SG02308,SG02309,7.000
SG02309,SG02310,8.000
SG02310,SG02311,9.000
SG02311,SG02312,10.000
SG02312,SG02313,11.000
SG02313,SG02314,4.000
SG02314,SG02315,5.000
SG02315,SG02316,6.000
SG02316,SG02317,7.000
SG02317,SG02318,8.000
SG02318,SG02319,9.000
SG02319,SG02320,10.000
SG02320,SG02321,11.000
SG02321,SG02322,4.000
SG02322,SG02323,5.000
SG02323,SG02324,6.000
SG02324,SG02325,7.000
SG02325,SG02326,8.000
SG02326,SG02327,9.000
SG02327,SG02328,10.000
SG02328,SG02329,11.000
SG02329,SG02330,4.000
SG02330,SG02331,5.000
SG02331,SG02332,6.000
SG02332,SG02333,7.000
SG02333,SG02334,8.000
SG02334,SG02335,9.000
SG02335,SG02336,10.000
SG02336,SG02337,11.000
SG02337,SG02338,4.000
SG02338,SG02339,5.000
SG02339,SG02340,6.000
SG02340,SG02341,7.000
SG02341,SG02342,8.000
SG02342,SG02343,9.000
SG02343,SG02344,10.000
SG02344,SG02345,11.000
SG02345,SG02346,4.000
SG02346,SG02347,5.000
SG02347,SG02348,6.000
SG02348,SG02349,7.000
SG02349,SG02350,8.000
SG02350,SG02351,9.000
SG02351,SG02352,10.000
SG02352,SG02353,11.000
SG02353,SG02354,4.000
SG02354,SG02355,5.000
SG02355,SG02356,6.000
SG02356,SG02357,7.000
SG02357,SG02358,8.000
SG02358,SG02359,9.000
SG02359,SG02360,10.000
SG02360,SG02361,11.000
SG02361,SG02362,4.000
SG02362,SG02363,5.000
SG02363,SG02364,6.000
SG02364,SG02365,7.000
SG02365,SG02366,8.000
SG02366,SG02367,9.000
SG02367,SG02368,10.000
SG02368,SG02369,11.000
SG02369,SG02370,4.000
SG02370,SG02371,5.000
SG02371,SG02372,6.000
SG02372,SG02373,7.000
SG02373,SG02374,8.000
SG02374,SG02375,9.000
SG02375,SG02376,10.000
SG02376,SG02377,11.000
SG02377,SG02378,4.000
SG02378,SG02379,5.000
SG02379,SG02380,6.000
SG02380,SG02381,7.000
SG02381,SG02382,8.000
SG02382,SG02383,9.000
SG02383,SG02384,10.000
SG02384,SG02385,11.000
SG02385,SG02386,4.000
SG02386,SG02387,5.000
SG02387,SG02388,6.000
SG02388,SG02389,7.000
SG02389,SG02390,8.000
SG02390,SG02391,9.000
SG02391,SG02392,10.000
SG02392,SG02393,11.000
SG02393,SG02394,4.000
SG02394,SG02395,5.000
SG02395,SG02396,6.000
SG02396,SG02397,7.000
SG02397,SG02398,8.000
SG02398,SG02399,9.000
SG02399,SG02400,10.000
SG02400,SG02401,11.000
SG02401,SG02402,4.000
SG02402,SG02403,5.000
SG02403,SG02404,6.000
SG02404,SG02405,7.000
SG02405,SG02406,8.000
SG02406,SG02407,9.000
SG02407,SG02408,10.000
SG02408,SG02409,11.000
SG02409,SG02410,4.000
SG02410,SG02411,5.000
SG02411,SG02412,6.000
SG02412,SG02413,7.000
SG02413,SG02414,8.000
SG02414,SG02415,9.000
SG02415,SG02416,10.000
SG02416,SG02417,11.000
SG02417,SG02418,4.000
SG02418,SG02419,5.000
SG02419,SG02420,6.000
SG02420,SG02421,7.000
SG02421,SG02422,8.000
SG02422,SG02423,9.000
SG02423,SG02424,10.000
SG02424,SG02425,11.000
SG02425,SG02426,4.000
SG02426,SG02427,5.000
SG02427,SG02428,6.000
SG02428,SG02429,7.000
SG02429,SG02430,8.000
SG02430,SG02431,9.000
SG02431,SG02432,10.000
SG02432,SG02433,11.000
SG02433,SG02434,4.000
SG02434,SG02435,5.000
SG02435,SG02436,6.000
SG02436,SG02437,7.000
SG02437,SG02438,8.000
SG02438,SG02439,9.000
SG02439,SG02440,10.000
SG02440,SG02441,11.000
SG02441,SG02442,4.000
SG02442,SG02443,5.000
SG02443,SG02444,6.000
SG02444,SG02445,7.000
SG02445,SG02446,8.000
SG02446,SG02447,9.000
SG02447,SG02448,10.000
SG02448,SG02449,11.000
SG02449,SG02450,4.000
SG02450,SG02451,5.000
SG02451,SG02452,6.000
SG02452,SG02453,7.000
SG02453,SG02454,8.000
SG02454,SG02455,9.000
SG02455,SG02456,10.000
SG02456,SG02457,11.000
SG02457,SG02458,4.000
SG02458,SG02459,5.000
SG02459,SG02460,6.000
SG02460,SG02461,7.000
SG02461,SG02462,8.000
SG02462,SG02463,9.000
SG02463,SG02464,10.000
SG02464,SG02465,11.000
SG02465,SG02466,4.000
SG02466,SG02467,5.000
SG02467,SG02468,6.000
SG02468,SG02469,7.000
SG02469,SG02470,8.000
SG02470,SG02471,9.000
SG02471,SG02472,10.000
SG02472,SG02473,11.000
SG02473,SG02474,4.000
SG02474,SG02475,5.000
SG02475,SG02476,6.000
SG02476,SG02477,7.000
SG02477,SG02478,8.000
SG02478,SG02479,9.000
SG02479,SG02480,10.000
SG02480,SG02481,11.000
SG02481,SG02482,4.000
SG02482,SG02483,5.000
SG02483,SG02484,6.000
SG02484,SG02485,7.000
SG02485,SG02486,8.000
SG02486,SG02487,9.000
SG02487,SG02488,10.000
SG02488,SG02489,11.000
SG02489,SG02490,4.000
SG02490,SG02491,5.000
SG02491,SG02492,6.000
SG02492,SG02493,7.000
SG02493,SG02494,8.000
SG02494,SG02495,9.000
SG02495,SG02496,10.000
SG02496,SG02497,11.000
SG02497,SG02498,4.000
SG02498,SG02499,5.000
SG02499,SG02500,6.000
SG02500,SG02501,7.000
SG02501,SG02502,8.000
SG02502,SG02503,9.000
SG02503,SG02504,10.000
SG02504,SG02505,11.000
SG02505,SG02506,4.000
SG02506,SG02507,5.000
SG02507,SG02508,6.000
SG02508,SG02509,7.000
SG02509,SG02510,8.000
SG02510,SG02511,9.000
SG02511,SG02512,10.000
SG02512,SG02513,11.000
SG02513,SG02514,4.000
SG02514,SG02515,5.000
SG02515,SG02516,6.000
SG02516,SG02517,7.000
SG02517,SG02518,8.000
SG02518,SG02519,9.000
SG02519,SG02520,10.000
SG02520,SG02521,11.000
SG02521,SG02522,4.000
SG02522,SG02523,5.000
SG02523,SG02524,6.000
SG02524,SG02525,7.000
SG02525,SG02526,8.000
SG02526,SG02527,9.000
SG02527,SG02528,10.000
SG02528,SG02529,11.000
SG02529,SG02530,4.000
SG02530,SG02531,5.000
SG02531,SG02532,6.000
SG02532,SG02533,7.000
SG02533,SG02534,8.000
SG02534,SG02535,9.000
SG02535,SG02536,10.000
SG02536,SG02537,11.000
SG02537,SG02538,4.000
SG02538,SG02539,5.000
SG02539,SG02540,6.000
SG02540,SG02541,7.000
SG02541,SG02542,8.000
SG02542,SG02543,9.000
SG02543,SG02544,10.000
SG02544,SG02545,11.000
SG02545,SG02546,4.000
SG02546,SG02547,5.000
SG02547,SG02548,6.000
SG02548,SG02549,7.000
SG02549,SG02550,8.000
SG02550,SG02551,9.000
SG02551,SG02552,10.000
SG02552,SG02553,11.000
SG02553,SG02554,4.000
SG02554,SG02555,5.000
SG02555,SG02556,6.000
SG02556,SG02557,7.000
SG02557,SG02558,8.000
SG02558,SG02559,9.000
SG02559,SG02560,10.000
SG02560,SG02561,11.000
SG02561,SG02562,4.000
SG02562,SG02563,5.000
SG02563,SG02564,6.000
SG02564,SG02565,7.000
SG02565,SG02566,8.000
SG02566,SG02567,9.000
SG02567,SG02568,10.000
SG02568,SG02569,11.000
SG02569,SG02570,4.000
SG02570,SG02571,5.000
SG02571,SG02572,6.000
SG02572,SG02573,7.000
SG02573,SG02574,8.000
SG02574,SG02575,9.000
SG02575,SG02576,10.000
SG02576,SG02577,11.000
SG02577,SG02578,4.000
SG02578,SG02579,5.000
SG02579,SG02580,6.000
SG02580,SG02581,7.000
SG02581,SG02582,8.000
SG02582,SG02583,9.000
SG02583,SG02584,10.000
SG02584,SG02585,11.000
SG02585,SG02586,4.000
SG02586,SG02587,5.000
SG02587,SG02588,6.000
SG02588,SG02589,7.000
SG02589,SG02590,8.000
SG02590,SG02591,9.000
SG02591,SG02592,10.000
SG02592,SG02593,11.000
SG02593,SG02594,4.000
SG02594,SG02595,5.000
SG02595,SG02596,6.000
SG02596,SG02597,7.000
SG02597,SG02598,8.000
SG02598,SG02599,9.000
SG02599,SG02600,10.000
SG02600,SG02601,11.000
SG02601,SG02602,4.000
SG02602,SG02603,5.000
SG02603,SG02604,6.000
SG02604,SG02605,7.000
SG02605,SG02606,8.000
SG02606,SG02607,9.000
SG02607,SG02608,10.000
SG02608,SG02609,11.000
SG02609,SG02610,4.000
SG02610,SG02611,5.000
SG02611,SG02612,6.000
SG02612,SG02613,7.000
SG02613,SG02614,8.000
SG02614,SG02615,9.000
SG02615,SG02616,10.000
SG02616,SG02617,11.000
SG02617,SG02618,4.000
SG02618,SG02619,5.000
SG02619,SG02620,6.000
SG02620,SG02621,7.000
SG02621,SG02622,8.000
SG02622,SG02623,9.000
SG02623,SG02624,10.000
SG02624,SG02625,11.000
SG02625,SG02626,4.000
SG02626,SG02627,5.000
SG02627,SG02628,6.000
SG02628,SG02629,7.000
SG02629,SG02630,8.000
SG02630,SG02631,9.000
SG02631,SG02632,10.000
SG02632,SG02633,11.000
SG02633,SG02634,4.000
SG02634,SG02635,5.000
SG02635,SG02636,6.000
SG02636,SG02637,7.000
SG02637,SG02638,8.000
SG02638,SG02639,9.000
SG02639,SG02640,10.000
SG02640,SG02641,11.000
SG02641,SG02642,4.000
SG02642,SG02643,5.000
SG02643,SG02644,6.000
SG02644,SG02645,7.000
SG02645,SG02646,8.000
SG02646,SG02647,9.000
SG02647,SG02648,10.000
SG02648,SG02649,11.000
SG02649,SG02650,4.000
SG02650,SG02651,5.000
SG02651,SG02652,6.000
SG02652,SG02653,7.000
SG02653,SG02654,8.000
SG02654,SG02655,9.000
SG02655,SG02656,10.000
SG02656,SG02657,11.000
SG02657,SG02658,4.000
SG02658,SG02659,5.000
SG02659,SG02660,6.000
SG02660,SG02661,7.000
SG02661,SG02662,8.000
SG02662,SG02663,9.000
SG02663,SG02664,10.000
SG02664,SG02665,11.000
SG02665,SG02666,4.000
SG02666,SG02667,5.000
SG02667,SG02668,6.000
SG02668,SG02669,7.000
SG02669,SG02670,8.000
SG02670,SG02671,9.000
SG02671,SG02672,10.000
SG02672,SG02673,11.000
SG02673,SG02674,4.000
SG02674,SG02675,5.000
SG02675,SG02676,6.000
SG02676,SG02677,7.000
SG02677,SG02678,8.000
SG02678,SG02679,9.000
SG02679,SG02680,10.000
SG02680,SG02681,11.000
SG02681,SG02682,4.000
SG02682,SG02683,5.000
SG02683,SG02684,6.000
SG02684,SG02685,7.000
SG02685,SG02686,8.000
SG02686,SG02687,9.000
SG02687,SG02688,10.000
SG02688,SG02689,11.000
SG02689,SG02690,4.000
SG02690,SG02691,5.000
SG02691,SG02692,6.000
SG02692,SG02693,7.000
SG02693,SG02694,8.000
SG02694,SG02695,9.000
SG02695,SG02696,10.000
SG02696,SG02697,11.000
SG02697,SG02698,4.000
SG02698,SG02699,5.000
SG02699,SG02700,6.000
SG02700,SG02701,7.000
SG02701,SG02702,8.000
SG02702,SG02703,9.000
SG02703,SG02704,10.000
SG02704,SG02705,11.000
SG02705,SG02706,4.000
SG02706,SG02707,5.000
SG02707,SG02708,6.000
SG02708,SG02709,7.000
SG02709,SG02710,8.000
SG02710,SG02711,9.000
SG02711,SG02712,10.000
SG02712,SG02713,11.000
SG02713,SG02714,4.000
SG02714,SG02715,5.000
SG02715,SG02716,6.000
SG02716,SG02717,7.000
SG02717,SG02718,8.000
SG02718,SG02719,9.000
SG02719,SG02720,10.000
SG02720,SG02721,11.000
SG02721,SG02722,4.000
SG02722,SG02723,5.000
SG02723,SG02724,6.000
SG02724,SG02725,7.000
SG02725,SG02726,8.000
SG02726,SG02727,9.000
SG02727,SG02728,10.000
SG02728,SG02729,11.000
SG02729,SG02730,4.000
SG02730,SG02731,5.000
SG02731,SG02732,6.000
SG02732,SG02733,7.000
SG02733,SG02734,8.000
SG02734,SG02735,9.000
SG02735,SG02736,10.000
SG02736,SG02737,11.000
SG02737,SG02738,4.000
SG02738,SG02739,5.000
SG02739,SG02740,6.000
SG02740,SG02741,7.000
SG02741,SG02742,8.000
SG02742,SG02743,9.000
SG02743,SG02744,10.000
SG02744,SG02745,11.000
SG02745,SG02746,4.000
SG02746,SG02747,5.000
SG02747,SG02748,6.000
SG02748,SG02749,7.000
SG02749,SG02750,8.000
SG02750,SG02751,9.000
SG02751,SG02752,10.000
SG02752,SG02753,11.000
SG02753,SG02754,4.000
SG02754,SG02755,5.000
SG02755,SG02756,6.000
SG02756,SG02757,7.000
SG02757,SG02758,8.000
SG02758,SG02759,9.000
SG02759,SG02760,10.000
SG02760,SG02761,11.000
SG02761,SG02762,4.000
SG02762,SG02763,5.000
SG02763,SG02764,6.000
SG02764,SG02765,7.000
SG02765,SG02766,8.000
SG02766,SG02767,9.000
SG02767,SG02768,10.000
SG02768,SG02769,11.000
SG02769,SG02770,4.000
SG02770,SG02771,5.000
SG02771,SG02772,6.000
SG02772,SG02773,7.000
SG02773,SG02774,8.000
SG02774,SG02775,9.000
SG02775,SG02776,10.000
SG02776,SG02777,11.000
SG02777,SG02778,4.000
SG02778,SG02779,5.000
SG02779,SG02780,6.000
SG02780,SG02781,7.000
SG02781,SG02782,8.000
SG02782,SG02783,9.000
SG02783,SG02784,10.000
SG02784,SG02785,11.000
SG02785,SG02786,4.000
SG02786,SG02787,5.000
SG02787,SG02788,6.000
SG02788,SG02789,7.000
SG02789,SG02790,8.000
SG02790,SG02791,9.000
SG02791,SG02792,10.000
SG02792,SG02793,11.000
SG02793,SG02794,4.000
SG02794,SG02795,5.000
SG02795,SG02796,6.000
SG02796,SG02797,7.000
SG02797,SG02798,8.000
SG02798,SG02799,9.000
SG02799,SG02800,10.000
SG02800,SG02801,11.000
SG02801,SG02802,4.000
SG02802,SG02803,5.000
SG02803,SG02804,6.000
SG02804,SG02805,7.000
SG02805,SG02806,8.000
SG02806,SG02807,9.000
SG02807,SG02808,10.000
SG02808,SG02809,11.000
SG02809,SG02810,4.000
SG02810,SG02811,5.000
SG02811,SG02812,6.000
SG02812,SG02813,7.000
SG02813,SG02814,8.000
SG02814,SG02815,9.000
SG02815,SG02816,10.000
SG02816,SG02817,11.000
SG02817,SG02818,4.000
SG02818,SG02819,5.000
SG02819,SG02820,6.000
SG02820,SG02821,7.000
SG02821,SG02822,8.000
SG02822,SG02823,9.000
SG02823,SG02824,10.000
SG02824,SG02825,11.000
SG02825,SG02826,4.000
SG02826,SG02827,5.000
SG02827,SG02828,6.000
SG02828,SG02829,7.000
SG02829,SG02830,8.000
SG02830,SG02831,9.000
SG02831,SG02832,10.000
SG02832,SG02833,11.000
SG02833,SG02834,4.000
SG02834,SG02835,5.000
SG02835,SG02836,6.000
SG02836,SG02837,7.000
SG02837,SG02838,8.000
SG02838,SG02839,9.000
SG02839,SG02840,10.000
SG02840,SG02841,11.000
SG02841,SG02842,4.000
SG02842,SG02843,5.000
SG02843,SG02844,6.000
SG02844,SG02845,7.000
SG02845,SG02846,8.000
SG02846,SG02847,9.000
SG02847,SG02848,10.000
SG02848,SG02849,11.000
SG02849,SG02850,4.000
SG02850,SG02851,5.000
SG02851,SG02852,6.000
SG02852,SG02853,7.000
SG02853,SG02854,8.000
SG02854,SG02855,9.000
SG02855,SG02856,10.000
SG02856,SG02857,11.000
SG02857,SG02858,4.000
SG02858,SG02859,5.000
SG02859,SG02860,6.000
SG02860,SG02861,7.000
SG02861,SG02862,8.000
SG02862,SG02863,9.000
SG02863,SG02864,10.000
SG02864,SG02865,11.000
SG02865,SG02866,4.000
SG02866,SG02867,5.000
SG02867,SG02868,6.000
SG02868,SG02869,7.000
SG02869,SG02870,8.000
SG02870,SG02871,9.000
SG02871,SG02872,10.000
SG02872,SG02873,11.000
SG02873,SG02874,4.000
SG02874,SG02875,5.000
SG02875,SG02876,6.000
SG02876,SG02877,7.000
SG02877,SG02878,8.000
SG02878,SG02879,9.000
SG02879,SG02880,10.000
SG02880,SG02881,11.000
SG02881,SG02882,4.000
SG02882,SG02883,5.000
SG02883,SG02884,6.000
SG02884,SG02885,7.000
SG02885,SG02886,8.000
SG02886,SG02887,9.000
SG02887,SG02888,10.000
SG02888,SG02889,11.000
SG02889,SG02890,4.000
SG02890,SG02891,5.000
SG02891,SG02892,6.000
SG02892,SG02893,7.000
SG02893,SG02894,8.000
SG02894,SG02895,9.000
SG02895,SG02896,10.000
SG02896,SG02897,11.000
SG02897,SG02898,4.000
SG02898,SG02899,5.000
SG02899,SG02900,6.000
SG02900,SG02901,7.000
SG02901,SG02902,8.000
SG02902,SG02903,9.000
SG02903,SG02904,10.000
SG02904,SG02905,11.000
SG02905,SG02906,4.000
SG02906,SG02907,5.000
SG02907,SG02908,6.000
SG02908,SG02909,7.000
SG02909,SG02910,8.000
SG02910,SG02911,9.000
SG02911,SG02912,10.000
SG02912,SG02913,11.000
SG02913,SG02914,4.000
SG02914,SG02915,5.000
SG02915,SG02916,6.000
SG02916,SG02917,7.000
SG02917,SG02918,8.000
SG02918,SG02919,9.000
SG02919,SG02920,10.000
SG02920,SG02921,11.000
SG02921,SG02922,4.000
SG02922,SG02923,5.000
SG02923,SG02924,6.000
SG02924,SG02925,7.000
SG02925,SG02926,8.000
SG02926,SG02927,9.000
SG02927,SG02928,10.000
SG02928,SG02929,11.000
SG02929,SG02930,4.000
SG02930,SG02931,5.000
SG02931,SG02932,6.000
SG02932,SG02933,7.000
SG02933,SG02934,8.000
SG02934,SG02935,9.000
SG02935,SG02936,10.000
SG02936,SG02937,11.000
SG02937,SG02938,4.000
SG02938,SG02939,5.000
SG02939,SG02940,6.000
SG02940,SG02941,7.000
SG02941,SG02942,8.000
SG02942,SG02943,9.000
SG02943,SG02944,10.000
SG02944,SG02945,11.000
SG02945,SG02946,4.000
SG02946,SG02947,5.000
SG02947,SG02948,6.000
SG02948,SG02949,7.000
SG02949,SG02950,8.000
SG02950,SG02951,9.000
SG02951,SG02952,10.000
SG02952,SG02953,11.000
SG02953,SG02954,4.000
SG02954,SG02955,5.000
SG02955,SG02956,6.000
SG02956,SG02957,7.000
SG02957,SG02958,8.000
SG02958,SG02959,9.000
SG02959,SG02960,10.000
SG02960,SG02961,11.000
SG02961,SG02962,4.000
SG02962,SG02963,5.000
SG02963,SG02964,6.000
SG02964,SG02965,7.000
SG02965,SG02966,8.000
SG02966,SG02967,9.000
SG02967,SG02968,10.000
SG02968,SG02969,11.000
SG02969,SG02970,4.000
SG02970,SG02971,5.000
SG02971,SG02972,6.000
SG02972,SG02973,7.000
SG02973,SG02974,8.000
SG02974,SG02975,9.000
SG02975,SG02976,10.000
SG02976,SG02977,11.000
SG02977,SG02978,4.000
SG02978,SG02979,5.000
SG02979,SG02980,6.000
SG02980,SG02981,7.000
SG02981,SG02982,8.000
SG02982,SG02983,9.000
SG02983,SG02984,10.000
SG02984,SG02985,11.000
SG02985,SG02986,4.000
SG02986,SG02987,5.000
SG02987,SG02988,6.000
SG02988,SG02989,7.000
SG02989,SG02990,8.000
SG02990,SG02991,9.000
SG02991,SG02992,10.000
SG02992,SG02993,11.000
SG02993,SG02994,4.000
SG02994,SG02995,5.000
SG02995,SG02996,6.000
SG02996,SG02997,7.000
SG02997,SG02998,8.000
SG02998,SG02999,9.000
SG02999,SG03000,10.000
SG03000,SG03001,11.000
SG03001,SG03002,4.000
SG03002,SG03003,5.000
SG03003,SG03004,6.000
SG03004,SG03005,7.000
SG03005,SG03006,8.000
SG03006,SG03007,9.000
SG03007,SG03008,10.000
SG03008,SG03009,11.000
SG03009,SG03010,4.000
SG03010,SG03011,5.000
SG03011,SG03012,6.000
SG03012,SG03013,7.000
SG03013,SG03014,8.000
SG03014,SG03015,9.000
SG03015,SG03016,10.000
SG03016,SG03017,11.000
SG03017,SG03018,4.000
SG03018,SG03019,5.000
SG03019,SG03020,6.000
SG03020,SG03021,7.000
SG03021,SG03022,8.000
SG03022,SG03023,9.000
SG03023,SG03024,10.000
SG03024,SG03025,11.000
SG03025,SG03026,4.000
SG03026,SG03027,5.000
SG03027,SG03028,6.000
SG03028,SG03029,7.000
SG03029,SG03030,8.000
SG03030,SG03031,9.000
SG03031,SG03032,10.000
SG03032,SG03033,11.000
SG03033,SG03034,4.000
SG03034,SG03035,5.000
SG03035,SG03036,6.000
SG03036,SG03037,7.000
SG03037,SG03038,8.000
SG03038,SG03039,9.000
SG03039,SG03040,10.000
SG03040,SG03041,11.000
SG03041,SG03042,4.000
SG03042,SG03043,5.000
SG03043,SG03044,6.000
SG03044,SG03045,7.000
SG03045,SG03046,8.000
SG03046,SG03047,9.000
SG03047,SG03048,10.000
SG03048,SG03049,11.000
SG03049,SG03050,4.000
SG03050,SG03051,5.000
SG03051,SG03052,6.000
SG03052,SG03053,7.000
SG03053,SG03054,8.000
SG03054,SG03055,9.000
SG03055,SG03056,10.000
SG03056,SG03057,11.000
SG03057,SG03058,4.000
SG03058,SG03059,5.000
SG03059,SG03060,6.000
SG03060,SG03061,7.000
SG03061,SG03062,8.000
SG03062,SG03063,9.000
SG03063,SG03064,10.000
SG03064,SG03065,11.000
SG03065,SG03066,4.000
SG03066,SG03067,5.000
SG03067,SG03068,6.000
SG03068,SG03069,7.000
SG03069,SG03070,8.000
SG03070,SG03071,9.000
SG03071,SG03072,10.000
SG03072,SG03073,11.000
SG03073,SG03074,4.000
SG03074,SG03075,5.000
SG03075,SG03076,6.000
SG03076,SG03077,7.000
SG03077,SG03078,8.000
SG03078,SG03079,9.000
SG03079,SG03080,10.000
SG03080,SG03081,11.000
SG03081,SG03082,4.000
SG03082,SG03083,5.000
SG03083,SG03084,6.000
SG03084,SG03085,7.000
SG03085,SG03086,8.000
SG03086,SG03087,9.000
SG03087,SG03088,10.000
SG03088,SG03089,11.000
SG03089,SG03090,4.000
SG03090,SG03091,5.000
SG03091,SG03092,6.000
SG03092,SG03093,7.000
SG03093,SG03094,8.000
SG03094,SG03095,9.000
SG03095,SG03096,10.000
SG03096,SG03097,11.000
SG03097,SG03098,4.000
SG03098,SG03099,5.000
SG03099,SG03100,6.000
SG03100,SG03101,7.000
SG03101,SG03102,8.000
SG03102,SG03103,9.000
SG03103,SG03104,10.000
SG03104,SG03105,11.000
SG03105,SG03106,4.000
SG03106,SG03107,5.000
SG03107,SG03108,6.000
SG03108,SG03109,7.000
SG03109,SG03110,8.000
SG03110,SG03111,9.000
SG03111,SG03112,10.000
SG03112,SG03113,11.000
SG03113,SG03114,4.000
SG03114,SG03115,5.000
SG03115,SG03116,6.000
SG03116,SG03117,7.000
SG03117,SG03118,8.000
SG03118,SG03119,9.000
SG03119,SG03120,10.000
SG03120,SG03121,11.000
SG03121,SG03122,4.000
SG03122,SG03123,5.000
SG03123,SG03124,6.000
SG03124,SG03125,7.000
SG03125,SG03126,8.000
SG03126,SG03127,9.000
SG03127,SG03128,10.000
SG03128,SG03129,11.000
SG03129,SG03130,4.000
SG03130,SG03131,5.000
SG03131,SG03132,6.000
SG03132,SG03133,7.000
SG03133,SG03134,8.000
SG03134,SG03135,9.000
SG03135,SG03136,10.000
SG03136,SG03137,11.000
SG03137,SG03138,4.000
SG03138,SG03139,5.000
SG03139,SG03140,6.000
SG03140,SG03141,7.000
SG03141,SG03142,8.000
SG03142,SG03143,9.000
SG03143,SG03144,10.000
SG03144,SG03145,11.000
SG03145,SG03146,4.000
SG03146,SG03147,5.000
SG03147,SG03148,6.000
SG03148,SG03149,7.000
SG03149,SG03150,8.000
SG03150,SG03151,9.000
SG03151,SG03152,10.000
SG03152,SG03153,11.000
SG03153,SG03154,4.000
SG03154,SG03155,5.000
SG03155,SG03156,6.000
SG03156,SG03157,7.000
SG03157,SG03158,8.000
SG03158,SG03159,9.000
SG03159,SG03160,10.000
SG03160,SG03161,11.000
SG03161,SG03162,4.000
SG03162,SG03163,5.000
SG03163,SG03164,6.000
SG03164,SG03165,7.000
SG03165,SG03166,8.000
SG03166,SG03167,9.000
SG03167,SG03168,10.000
SG03168,SG03169,11.000
SG03169,SG03170,4.000
SG03170,SG03171,5.000
SG03171,SG03172,6.000
SG03172,SG03173,7.000
SG03173,SG03174,8.000
SG03174,SG03175,9.000
SG03175,SG03176,10.000
SG03176,SG03177,11.000
SG03177,SG03178,4.000
SG03178,SG03179,5.000
SG03179,SG03180,6.000
SG03180,SG03181,7.000
SG03181,SG03182,8.000
SG03182,SG03183,9.000
SG03183,SG03184,10.000
SG03184,SG03185,11.000
SG03185,SG03186,4.000
SG03186,SG03187,5.000
SG03187,SG03188,6.000
SG03188,SG03189,7.000
SG03189,SG03190,8.000
SG03190,SG03191,9.000
SG03191,SG03192,10.000
SG03192,SG03193,11.000
SG03193,SG03194,4.000
SG03194,SG03195,5.000
SG03195,SG03196,6.000
SG03196,SG03197,7.000
SG03197,SG03198,8.000
SG03198,SG03199,9.000
SG03199,SG03200,10.000
SG03200,SG03201,11.000
SG03201,SG03202,4.000
SG03202,SG03203,5.000
SG03203,SG03204,6.000
SG03204,SG03205,7.000
SG03205,SG03206,8.000
SG03206,SG03207,9.000
SG03207,SG03208,10.000
SG03208,SG03209,11.000
SG03209,SG03210,4.000
SG03210,SG03211,5.000
SG03211,SG03212,6.000
SG03212,SG03213,7.000
SG03213,SG03214,8.000
SG03214,SG03215,9.000
SG03215,SG03216,10.000
SG03216,SG03217,11.000
SG03217,SG03218,4.000
SG03218,SG03219,5.000
SG03219,SG03220,6.000
SG03220,SG03221,7.000
SG03221,SG03222,8.000
SG03222,SG03223,9.000
SG03223,SG03224,10.000
SG03224,SG03225,11.000
SG03225,SG03226,4.000
SG03226,SG03227,5.000
SG03227,SG03228,6.000
SG03228,SG03229,7.000
SG03229,SG03230,8.000
SG03230,SG03231,9.000
SG03231,SG03232,10.000
SG03232,SG03233,11.000
SG03233,SG03234,4.000
SG03234,SG03235,5.000
SG03235,SG03236,6.000
SG03236,SG03237,7.000
SG03237,SG03238,8.000
SG03238,SG03239,9.000
SG03239,SG03240,10.000
SG03240,SG03241,11.000
SG03241,SG03242,4.000
SG03242,SG03243,5.000
SG03243,SG03244,6.000
SG03244,SG03245,7.000
SG03245,SG03246,8.000
SG03246,SG03247,9.000
SG03247,SG03248,10.000
SG03248,SG03249,11.000
SG03249,SG03250,4.000
SG03250,SG03251,5.000
SG03251,SG03252,6.000
SG03252,SG03253,7.000
SG03253,SG03254,8.000
SG03254,SG03255,9.000
SG03255,SG03256,10.000
SG03256,SG03257,11.000
SG03257,SG03258,4.000
SG03258,SG03259,5.000
SG03259,SG03260,6.000
SG03260,SG03261,7.000
SG03261,SG03262,8.000
SG03262,SG03263,9.000
SG03263,SG03264,10.000
SG03264,SG03265,11.000
SG03265,SG03266,4.000
SG03266,SG03267,5.000
SG03267,SG03268,6.000
SG03268,SG03269,7.000
SG03269,SG03270,8.000
SG03270,SG03271,9.000
SG03271,SG03272,10.000
SG03272,SG03273,11.000
SG03273,SG03274,4.000
SG03274,SG03275,5.000
SG03275,SG03276,6.000
SG03276,SG03277,7.000
SG03277,SG03278,8.000
SG03278,SG03279,9.000
SG03279,SG03280,10.000
SG03280,SG03281,11.000
SG03281,SG03282,4.000
SG03282,SG03283,5.000
SG03283,SG03284,6.000
SG03284,SG03285,7.000
SG03285,SG03286,8.000
SG03286,SG03287,9.000
SG03287,SG03288,10.000
SG03288,SG03289,11.000
SG03289,SG03290,4.000
SG03290,SG03291,5.000
SG03291,SG03292,6.000
SG03292,SG03293,7.000
SG03293,SG03294,8.000
SG03294,SG03295,9.000
SG03295,SG03296,10.000
SG03296,SG03297,11.000
SG03297,SG03298,4.000
SG03298,SG03299,5.000
SG03299,SG03300,6.000
SG03300,SG03301,7.000
SG03301,SG03302,8.000
SG03302,SG03303,9.000
SG03303,SG03304,10.000
SG03304,SG03305,11.000
SG03305,SG03306,4.000
SG03306,SG03307,5.000
SG03307,SG03308,6.000
SG03308,SG03309,7.000
SG03309,SG03310,8.000
SG03310,SG03311,9.000
SG03311,SG03312,10.000
SG03312,SG03313,11.000
SG03313,SG03314,4.000
SG03314,SG03315,5.000
SG03315,SG03316,6.000
SG03316,SG03317,7.000
SG03317,SG03318,8.000
SG03318,SG03319,9.000
SG03319,SG03320,10.000
SG03320,SG03321,11.000
SG03321,SG03322,4.000
SG03322,SG03323,5.000
SG03323,SG03324,6.000
SG03324,SG03325,7.000
SG03325,SG03326,8.000
SG03326,SG03327,9.000
SG03327,SG03328,10.000
SG03328,SG03329,11.000
SG03329,SG03330,4.000
SG03330,SG03331,5.000
SG03331,SG03332,6.000
SG03332,SG03333,7.000
SG03333,SG03334,8.000
SG03334,SG03335,9.000
SG03335,SG03336,10.000
SG03336,SG03337,11.000
SG03337,SG03338,4.000
SG03338,SG03339,5.000
SG03339,SG03340,6.000
SG03340,SG03341,7.000
SG03341,SG03342,8.000
SG03342,SG03343,9.000
SG03343,SG03344,10.000
SG03344,SG03345,11.000
SG03345,SG03346,4.000
SG03346,SG03347,5.000
SG03347,SG03348,6.000
SG03348,SG03349,7.000
SG03349,SG03350,8.000
SG03350,SG03351,9.000
SG03351,SG03352,10.000
SG03352,SG03353,11.000
SG03353,SG03354,4.000
SG03354,SG03355,5.000
SG03355,SG03356,6.000
SG03356,SG03357,7.000
SG03357,SG03358,8.000
SG03358,SG03359,9.000
SG03359,SG03360,10.000
SG03360,SG03361,11.000
SG03361,SG03362,4.000
SG03362,SG03363,5.000
SG03363,SG03364,6.000
SG03364,SG03365,7.000
SG03365,SG03366,8.000
SG03366,SG03367,9.000
SG03367,SG03368,10.000
SG03368,SG03369,11.000
SG03369,SG03370,4.000
SG03370,SG03371,5.000
SG03371,SG03372,6.000
SG03372,SG03373,7.000
SG03373,SG03374,8.000
SG03374,SG03375,9.000
SG03375,SG03376,10.000
SG03376,SG03377,11.000
SG03377,SG03378,4.000
SG03378,SG03379,5.000
SG03379,SG03380,6.000
SG03380,SG03381,7.000
SG03381,SG03382,8.000
SG03382,SG03383,9.000
SG03383,SG03384,10.000
SG03384,SG03385,11.000
SG03385,SG03386,4.000
SG03386,SG03387,5.000
SG03387,SG03388,6.000
SG03388,SG03389,7.000
SG03389,SG03390,8.000
SG03390,SG03391,9.000
SG03391,SG03392,10.000
SG03392,SG03393,11.000
SG03393,SG03394,4.000
SG03394,SG03395,5.000
SG03395,SG03396,6.000
SG03396,SG03397,7.000
SG03397,SG03398,8.000
SG03398,SG03399,9.000
SG03399,SG03400,10.000
SG03400,SG03401,11.000
SG03401,SG03402,4.000
SG03402,SG03403,5.000
SG03403,SG03404,6.000
SG03404,SG03405,7.000
SG03405,SG03406,8.000
SG03406,SG03407,9.000
SG03407,SG03408,10.000
SG03408,SG03409,11.000
SG03409,SG03410,4.000
SG03410,SG03411,5.000
SG03411,SG03412,6.000
SG03412,SG03413,7.000
SG03413,SG03414,8.000
SG03414,SG03415,9.000
SG03415,SG03416,10.000
SG03416,SG03417,11.000
SG03417,SG03418,4.000
SG03418,SG03419,5.000
SG03419,SG03420,6.000
SG03420,SG03421,7.000
SG03421,SG03422,8.000
SG03422,SG03423,9.000
SG03423,SG03424,10.000
SG03424,SG03425,11.000
SG03425,SG03426,4.000
SG03426,SG03427,5.000
SG03427,SG03428,6.000
SG03428,SG03429,7.000
SG03429,SG03430,8.000
SG03430,SG03431,9.000
SG03431,SG03432,10.000
SG03432,SG03433,11.000
SG03433,SG03434,4.000
SG03434,SG03435,5.000
SG03435,SG03436,6.000
SG03436,SG03437,7.000
SG03437,SG03438,8.000
SG03438,SG03439,9.000
SG03439,SG03440,10.000
SG03440,SG03441,11.000
SG03441,SG03442,4.000
SG03442,SG03443,5.000
SG03443,SG03444,6.000
SG03444,SG03445,7.000
SG03445,SG03446,8.000
SG03446,SG03447,9.000
SG03447,SG03448,10.000
SG03448,SG03449,11.000
SG03449,SG03450,4.000
SG03450,SG03451,5.000
SG03451,SG03452,6.000
SG03452,SG03453,7.000
SG03453,SG03454,8.000
SG03454,SG03455,9.000
SG03455,SG03456,10.000
SG03456,SG03457,11.000
SG03457,SG03458,4.000
SG03458,SG03459,5.000
SG03459,SG03460,6.000
SG03460,SG03461,7.000
SG03461,SG03462,8.000
SG03462,SG03463,9.000
SG03463,SG03464,10.000
SG03464,SG03465,11.000
SG03465,SG03466,4.000
SG03466,SG03467,5.000
SG03467,SG03468,6.000
SG03468,SG03469,7.000
SG03469,SG03470,8.000
SG03470,SG03471,9.000
SG03471,SG03472,10.000
SG03472,SG03473,11.000
SG03473,SG03474,4.000
SG03474,SG03475,5.000
SG03475,SG03476,6.000
SG03476,SG03477,7.000
SG03477,SG03478,8.000
SG03478,SG03479,9.000
SG03479,SG03480,10.000
SG03480,SG03481,11.000
SG03481,SG03482,4.000
SG03482,SG03483,5.000
SG03483,SG03484,6.000
SG03484,SG03485,7.000
SG03485,SG03486,8.000
SG03486,SG03487,9.000
SG03487,SG03488,10.000
SG03488,SG03489,11.000
SG03489,SG03490,4.000
SG03490,SG03491,5.000
SG03491,SG03492,6.000
SG03492,SG03493,7.000
SG03493,SG03494,8.000
SG03494,SG03495,9.000
SG03495,SG03496,10.000
SG03496,SG03497,11.000
SG03497,SG03498,4.000
SG03498,SG03499,5.000
SG03499,SG03500,6.000
SG03500,SG03501,7.000
SG03501,SG03502,8.000
SG03502,SG03503,9.000
SG03503,SG03504,10.000
SG03504,SG03505,11.000
SG03505,SG03506,4.000
SG03506,SG03507,5.000
SG03507,SG03508,6.000
SG03508,SG03509,7.000
SG03509,SG03510,8.000
SG03510,SG03511,9.000
SG03511,SG03512,10.000
SG03512,SG03513,11.000
SG03513,SG03514,4.000
SG03514,SG03515,5.000
SG03515,SG03516,6.000
SG03516,SG03517,7.000
SG03517,SG03518,8.000
SG03518,SG03519,9.000
SG03519,SG03520,10.000
SG03520,SG03521,11.000
SG03521,SG03522,4.000
SG03522,SG03523,5.000
SG03523,SG03524,6.000
SG03524,SG03525,7.000
SG03525,SG03526,8.000
SG03526,SG03527,9.000
SG03527,SG03528,10.000
SG03528,SG03529,11.000
SG03529,SG03530,4.000
SG03530,SG03531,5.000
SG03531,SG03532,6.000
SG03532,SG03533,7.000
SG03533,SG03534,8.000
SG03534,SG03535,9.000
SG03535,SG03536,10.000
SG03536,SG03537,11.000
SG03537,SG03538,4.000
SG03538,SG03539,5.000
SG03539,SG03540,6.000
SG03540,SG03541,7.000
SG03541,SG03542,8.000
SG03542,SG03543,9.000
SG03543,SG03544,10.000
SG03544,SG03545,11.000
SG03545,SG03546,4.000
SG03546,SG03547,5.000
SG03547,SG03548,6.000
SG03548,SG03549,7.000
SG03549,SG03550,8.000
SG03550,SG03551,9.000
SG03551,SG03552,10.000
SG03552,SG03553,11.000
SG03553,SG03554,4.000
SG03554,SG03555,5.000
SG03555,SG03556,6.000
SG03556,SG03557,7.000
SG03557,SG03558,8.000
SG03558,SG03559,9.000
SG03559,SG03560,10.000
SG03560,SG03561,11.000
SG03561,SG03562,4.000
SG03562,SG03563,5.000
SG03563,SG03564,6.000
SG03564,SG03565,7.000
SG03565,SG03566,8.000
SG03566,SG03567,9.000
SG03567,SG03568,10.000
SG03568,SG03569,11.000
SG03569,SG03570,4.000
SG03570,SG03571,5.000
SG03571,SG03572,6.000
SG03572,SG03573,7.000
SG03573,SG03574,8.000
SG03574,SG03575,9.000
SG03575,SG03576,10.000
SG03576,SG03577,11.000
SG03577,SG03578,4.000
SG03578,SG03579,5.000
SG03579,SG03580,6.000
SG03580,SG03581,7.000
SG03581,SG03582,8.000
SG03582,SG03583,9.000
SG03583,SG03584,10.000
SG03584,SG03585,11.000
SG03585,SG03586,4.000
SG03586,SG03587,5.000
SG03587,SG03588,6.000
SG03588,SG03589,7.000
SG03589,SG03590,8.000
SG03590,SG03591,9.000
SG03591,SG03592,10.000
SG03592,SG03593,11.000
SG03593,SG03594,4.000
SG03594,SG03595,5.000
SG03595,SG03596,6.000
SG03596,SG03597,7.000
SG03597,SG03598,8.000
SG03598,SG03599,9.000
SG03599,SG03600,10.000
SG03600,SG03601,11.000
SG03601,SG03602,4.000
SG03602,SG03603,5.000
SG03603,SG03604,6.000
SG03604,SG03605,7.000
SG03605,SG03606,8.000
SG03606,SG03607,9.000
SG03607,SG03608,10.000
SG03608,SG03609,11.000
SG03609,SG03610,4.000
SG03610,SG03611,5.000
SG03611,SG03612,6.000
SG03612,SG03613,7.000
SG03613,SG03614,8.000
SG03614,SG03615,9.000
SG03615,SG03616,10.000
SG03616,SG03617,11.000
SG03617,SG03618,4.000
SG03618,SG03619,5.000
SG03619,SG03620,6.000
SG03620,SG03621,7.000
SG03621,SG03622,8.000
SG03622,SG03623,9.000
SG03623,SG03624,10.000
SG03624,SG03625,11.000
SG03625,SG03626,4.000
SG03626,SG03627,5.000
SG03627,SG03628,6.000
SG03628,SG03629,7.000
SG03629,SG03630,8.000
SG03630,SG03631,9.000
SG03631,SG03632,10.000
SG03632,SG03633,11.000
SG03633,SG03634,4.000
SG03634,SG03635,5.000
SG03635,SG03636,6.000
SG03636,SG03637,7.000
SG03637,SG03638,8.000
SG03638,SG03639,9.000
SG03639,SG03640,10.000
SG03640,SG03641,11.000
SG03641,SG03642,4.000
SG03642,SG03643,5.000
SG03643,SG03644,6.000
SG03644,SG03645,7.000
SG03645,SG03646,8.000
SG03646,SG03647,9.000
SG03647,SG03648,10.000
SG03648,SG03649,11.000
SG03649,SG03650,4.000
SG03650,SG03651,5.000
SG03651,SG03652,6.000
SG03652,SG03653,7.000
SG03653,SG03654,8.000
SG03654,SG03655,9.000
SG03655,SG03656,10.000
SG03656,SG03657,11.000
SG03657,SG03658,4.000
SG03658,SG03659,5.000
SG03659,SG03660,6.000
SG03660,SG03661,7.000
SG03661,SG03662,8.000
SG03662,SG03663,9.000
SG03663,SG03664,10.000
SG03664,SG03665,11.000
SG03665,SG03666,4.000
SG03666,SG03667,5.000
SG03667,SG03668,6.000
SG03668,SG03669,7.000
SG03669,SG03670,8.000
SG03670,SG03671,9.000
SG03671,SG03672,10.000
SG03672,SG03673,11.000
SG03673,SG03674,4.000
SG03674,SG03675,5.000
SG03675,SG03676,6.000
SG03676,SG03677,7.000
SG03677,SG03678,8.000
SG03678,SG03679,9.000
SG03679,SG03680,10.000
SG03680,SG03681,11.000
SG03681,SG03682,4.000
SG03682,SG03683,5.000
SG03683,SG03684,6.000
SG03684,SG03685,7.000
SG03685,SG03686,8.000
SG03686,SG03687,9.000
SG03687,SG03688,10.000
SG03688,SG03689,11.000
SG03689,SG03690,4.000
SG03690,SG03691,5.000
SG03691,SG03692,6.000
SG03692,SG03693,7.000
SG03693,SG03694,8.000
SG03694,SG03695,9.000
SG03695,SG03696,10.000
SG03696,SG03697,11.000
SG03697,SG03698,4.000
SG03698,SG03699,5.000
SG03699,SG03700,6.000
SG03700,SG03701,7.000
SG03701,SG03702,8.000
SG03702,SG03703,9.000
SG03703,SG03704,10.000
SG03704,SG03705,11.000
SG03705,SG03706,4.000
SG03706,SG03707,5.000
SG03707,SG03708,6.000
SG03708,SG03709,7.000
SG03709,SG03710,8.000
SG03710,SG03711,9.000
SG03711,SG03712,10.000
SG03712,SG03713,11.000
SG03713,SG03714,4.000
SG03714,SG03715,5.000
SG03715,SG03716,6.000
SG03716,SG03717,7.000
SG03717,SG03718,8.000
SG03718,SG03719,9.000
SG03719,SG03720,10.000
SG03720,SG03721,11.000
SG03721,SG03722,4.000
SG03722,SG03723,5.000
SG03723,SG03724,6.000
SG03724,SG03725,7.000
SG03725,SG03726,8.000
SG03726,SG03727,9.000
SG03727,SG03728,10.000
SG03728,SG03729,11.000
SG03729,SG03730,4.000
SG03730,SG03731,5.000
SG03731,SG03732,6.000
SG03732,SG03733,7.000
SG03733,SG03734,8.000
SG03734,SG03735,9.000
SG03735,SG03736,10.000
SG03736,SG03737,11.000
SG03737,SG03738,4.000
SG03738,SG03739,5.000
SG03739,SG03740,6.000
SG03740,SG03741,7.000
SG03741,SG03742,8.000
SG03742,SG03743,9.000
SG03743,SG03744,10.000
SG03744,SG03745,11.000
SG03745,SG03746,4.000
SG03746,SG03747,5.000
SG03747,SG03748,6.000
SG03748,SG03749,7.000
SG03749,SG03750,8.000
SG03750,SG03751,9.000
SG03751,SG03752,10.000
SG03752,SG03753,11.000
SG03753,SG03754,4.000
SG03754,SG03755,5.000
SG03755,SG03756,6.000
SG03756,SG03757,7.000
SG03757,SG03758,8.000
SG03758,SG03759,9.000
SG03759,SG03760,10.000
SG03760,SG03761,11.000
SG03761,SG03762,4.000
SG03762,SG03763,5.000
SG03763,SG03764,6.000
SG03764,SG03765,7.000
SG03765,SG03766,8.000
SG03766,SG03767,9.000
SG03767,SG03768,10.000
SG03768,SG03769,11.000
SG03769,SG03770,4.000
SG03770,SG03771,5.000
SG03771,SG03772,6.000
SG03772,SG03773,7.000
SG03773,SG03774,8.000
SG03774,SG03775,9.000
SG03775,SG03776,10.000
SG03776,SG03777,11.000
SG03777,SG03778,4.000
SG03778,SG03779,5.000
SG03779,SG03780,6.000
SG03780,SG03781,7.000
SG03781,SG03782,8.000
SG03782,SG03783,9.000
SG03783,SG03784,10.000
SG03784,SG03785,11.000
SG03785,SG03786,4.000
SG03786,SG03787,5.000
SG03787,SG03788,6.000
SG03788,SG03789,7.000
SG03789,SG03790,8.000
SG03790,SG03791,9.000
SG03791,SG03792,10.000
SG03792,SG03793,11.000
SG03793,SG03794,4.000
SG03794,SG03795,5.000
SG03795,SG03796,6.000
SG03796,SG03797,7.000
SG03797,SG03798,8.000
SG03798,SG03799,9.000
SG03799,SG03800,10.000
SG03800,SG03801,11.000
SG03801,SG03802,4.000
SG03802,SG03803,5.000
SG03803,SG03804,6.000
SG03804,SG03805,7.000
SG03805,SG03806,8.000
SG03806,SG03807,9.000
SG03807,SG03808,10.000
SG03808,SG03809,11.000
SG03809,SG03810,4.000
SG03810,SG03811,5.000
SG03811,SG03812,6.000
SG03812,SG03813,7.000
SG03813,SG03814,8.000
SG03814,SG03815,9.000
SG03815,SG03816,10.000
SG03816,SG03817,11.000
SG03817,SG03818,4.000
SG03818,SG03819,5.000
SG03819,SG03820,6.000
SG03820,SG03821,7.000
SG03821,SG03822,8.000
SG03822,SG03823,9.000
SG03823,SG03824,10.000
SG03824,SG03825,11.000
SG03825,SG03826,4.000
SG03826,SG03827,5.000
SG03827,SG03828,6.000
SG03828,SG03829,7.000
SG03829,SG03830,8.000
SG03830,SG03831,9.000
SG03831,SG03832,10.000
SG03832,SG03833,11.000
SG03833,SG03834,4.000
SG03834,SG03835,5.000
SG03835,SG03836,6.000
SG03836,SG03837,7.000
SG03837,SG03838,8.000
SG03838,SG03839,9.000
SG03839,SG03840,10.000
SG03840,SG03841,11.000
SG03841,SG03842,4.000
SG03842,SG03843,5.000
SG03843,SG03844,6.000
SG03844,SG03845,7.000
SG03845,SG03846,8.000
SG03846,SG03847,9.000
SG03847,SG03848,10.000
SG03848,SG03849,11.000
SG03849,SG03850,4.000
SG03850,SG03851,5.000
SG03851,SG03852,6.000
SG03852,SG03853,7.000
SG03853,SG03854,8.000
SG03854,SG03855,9.000
SG03855,SG03856,10.000
SG03856,SG03857,11.000
SG03857,SG03858,4.000
SG03858,SG03859,5.000
SG03859,SG03860,6.000
SG03860,SG03861,7.000
SG03861,SG03862,8.000
SG03862,SG03863,9.000
SG03863,SG03864,10.000
SG03864,SG03865,11.000
SG03865,SG03866,4.000
SG03866,SG03867,5.000
SG03867,SG03868,6.000
SG03868,SG03869,7.000
SG03869,SG03870,8.000
SG03870,SG03871,9.000
SG03871,SG03872,10.000
SG03872,SG03873,11.000
SG03873,SG03874,4.000
SG03874,SG03875,5.000
SG03875,SG03876,6.000
SG03876,SG03877,7.000
SG03877,SG03878,8.000
SG03878,SG03879,9.000
SG03879,SG03880,10.000
SG03880,SG03881,11.000
SG03881,SG03882,4.000
SG03882,SG03883,5.000
SG03883,SG03884,6.000
SG03884,SG03885,7.000
SG03885,SG03886,8.000
SG03886,SG03887,9.000
SG03887,SG03888,10.000
SG03888,SG03889,11.000
SG03889,SG03890,4.000
SG03890,SG03891,5.000
SG03891,SG03892,6.000
SG03892,SG03893,7.000
SG03893,SG03894,8.000
SG03894,SG03895,9.000
SG03895,SG03896,10.000
SG03896,SG03897,11.000
SG03897,SG03898,4.000
SG03898,SG03899,5.000
SG03899,SG03900,6.000
SG03900,SG03901,7.000
SG03901,SG03902,8.000
SG03902,SG03903,9.000
SG03903,SG03904,10.000
SG03904,SG03905,11.000
SG03905,SG03906,4.000
SG03906,SG03907,5.000
SG03907,SG03908,6.000
SG03908,SG03909,7.000
SG03909,SG03910,8.000
SG03910,SG03911,9.000
SG03911,SG03912,10.000
SG03912,SG03913,11.000
SG03913,SG03914,4.000
SG03914,SG03915,5.000
SG03915,SG03916,6.000
SG03916,SG03917,7.000
SG03917,SG03918,8.000
SG03918,SG03919,9.000
SG03919,SG03920,10.000
SG03920,SG03921,11.000
SG03921,SG03922,4.000
SG03922,SG03923,5.000
SG03923,SG03924,6.000
SG03924,SG03925,7.000
SG03925,SG03926,8.000
SG03926,SG03927,9.000
SG03927,SG03928,10.000
SG03928,SG03929,11.000
SG03929,SG03930,4.000
SG03930,SG03931,5.000
SG03931,SG03932,6.000
SG03932,SG03933,7.000
SG03933,SG03934,8.000
SG03934,SG03935,9.000
SG03935,SG03936,10.000
SG03936,SG03937,11.000
SG03937,SG03938,4.000
SG03938,SG03939,5.000
SG03939,SG03940,6.000
SG03940,SG03941,7.000
SG03941,SG03942,8.000
SG03942,SG03943,9.000
SG03943,SG03944,10.000
SG03944,SG03945,11.000
SG03945,SG03946,4.000
SG03946,SG03947,5.000
SG03947,SG03948,6.000
SG03948,SG03949,7.000
SG03949,SG03950,8.000
SG03950,SG03951,9.000
SG03951,SG03952,10.000
SG03952,SG03953,11.000
SG03953,SG03954,4.000
SG03954,SG03955,5.000
SG03955,SG03956,6.000
SG03956,SG03957,7.000
SG03957,SG03958,8.000
SG03958,SG03959,9.000
SG03959,SG03960,10.000
SG03960,SG03961,11.000
SG03961,SG03962,4.000
SG03962,SG03963,5.000
SG03963,SG03964,6.000
SG03964,SG03965,7.000
SG03965,SG03966,8.000
SG03966,SG03967,9.000
SG03967,SG03968,10.000
SG03968,SG03969,11.000
SG03969,SG03970,4.000
SG03970,SG03971,5.000
SG03971,SG03972,6.000
SG03972,SG03973,7.000
SG03973,SG03974,8.000
SG03974,SG03975,9.000
SG03975,SG03976,10.000
SG03976,SG03977,11.000
SG03977,SG03978,4.000
SG03978,SG03979,5.000
SG03979,SG03980,6.000
SG03980,SG03981,7.000
SG03981,SG03982,8.000
SG03982,SG03983,9.000
SG03983,SG03984,10.000
SG03984,SG03985,11.000
SG03985,SG03986,4.000
SG03986,SG03987,5.000
SG03987,SG03988,6.000
SG03988,SG03989,7.000
SG03989,SG03990,8.000
SG03990,SG03991,9.000
SG03991,SG03992,10.000
SG03992,SG03993,11.000
SG03993,SG03994,4.000
SG03994,SG03995,5.000
SG03995,SG03996,6.000
SG03996,SG03997,7.000
SG03997,SG03998,8.000
SG03998,SG03999,9.000
SG03999,SG04000,10.000
SG04000,SG04001,11.000
SG04001,SG04002,4.000
SG04002,SG04003,5.000
SG04003,SG04004,6.000
SG04004,SG04005,7.000
SG04005,SG04006,8.000
SG04006,SG04007,9.000
SG04007,SG04008,10.000
SG04008,SG04009,11.000
SG04009,SG04010,4.000
SG04010,SG04011,5.000
SG04011,SG04012,6.000
SG04012,SG04013,7.000
SG04013,SG04014,8.000
SG04014,SG04015,9.000
SG04015,SG04016,10.000
SG04016,SG04017,11.000
SG04017,SG04018,4.000
SG04018,SG04019,5.000
SG04019,SG04020,6.000
SG04020,SG04021,7.000
SG04021,SG04022,8.000
SG04022,SG04023,9.000
SG04023,SG04024,10.000
SG04024,SG04025,11.000
SG04025,SG04026,4.000
SG04026,SG04027,5.000
SG04027,SG04028,6.000
SG04028,SG04029,7.000
SG04029,SG04030,8.000
SG04030,SG04031,9.000
SG04031,SG04032,10.000
SG04032,SG04033,11.000
SG04033,SG04034,4.000
SG04034,SG04035,5.000
SG04035,SG04036,6.000
SG04036,SG04037,7.000
SG04037,SG04038,8.000
SG04038,SG04039,9.000
SG04039,SG04040,10.000
SG04040,SG04041,11.000
SG04041,SG04042,4.000
SG04042,SG04043,5.000
SG04043,SG04044,6.000
SG04044,SG04045,7.000
SG04045,SG04046,8.000
SG04046,SG04047,9.000
SG04047,SG04048,10.000
SG04048,SG04049,11.000
SG04049,SG04050,4.000
SG04050,SG04051,5.000
SG04051,SG04052,6.000
SG04052,SG04053,7.000
SG04053,SG04054,8.000
SG04054,SG04055,9.000
SG04055,SG04056,10.000
SG04056,SG04057,11.000
SG04057,SG04058,4.000
SG04058,SG04059,5.000
SG04059,SG04060,6.000
SG04060,SG04061,7.000
SG04061,SG04062,8.000
SG04062,SG04063,9.000
SG04063,SG04064,10.000
SG04064,SG04065,11.000
SG04065,SG04066,4.000
SG04066,SG04067,5.000
SG04067,SG04068,6.000
SG04068,SG04069,7.000
SG04069,SG04070,8.000
SG04070,SG04071,9.000
SG04071,SG04072,10.000
SG04072,SG04073,11.000
SG04073,SG04074,4.000
SG04074,SG04075,5.000
SG04075,SG04076,6.000
SG04076,SG04077,7.000
SG04077,SG04078,8.000
SG04078,SG04079,9.000
SG04079,SG04080,10.000
SG04080,SG04081,11.000
SG04081,SG04082,4.000
SG04082,SG04083,5.000
SG04083,SG04084,6.000
SG04084,SG04085,7.000
SG04085,SG04086,8.000
SG04086,SG04087,9.000
SG04087,SG04088,10.000
SG04088,SG04089,11.000
SG04089,SG04090,4.000
SG04090,SG04091,5.000
SG04091,SG04092,6.000
SG04092,SG04093,7.000
SG04093,SG04094,8.000
SG04094,SG04095,9.000
SG04095,SG04096,10.000
SG04096,SG04097,11.000
SG04097,SG04098,4.000
SG04098,SG04099,5.000
SG04099,SG04100,6.000
SG04100,SG04101,7.000
SG04101,SG04102,8.000
SG04102,SG04103,9.000
SG04103,SG04104,10.000
SG04104,SG04105,11.000
SG04105,SG04106,4.000
SG04106,SG04107,5.000
SG04107,SG04108,6.000
SG04108,SG04109,7.000
SG04109,SG04110,8.000
SG04110,SG04111,9.000
SG04111,SG04112,10.000
SG04112,SG04113,11.000
SG04113,SG04114,4.000
SG04114,SG04115,5.000
SG04115,SG04116,6.000
SG04116,SG04117,7.000
SG04117,SG04118,8.000
SG04118,SG04119,9.000
SG04119,SG04120,10.000
SG04120,SG04121,11.000
SG04121,SG04122,4.000
SG04122,SG04123,5.000
SG04123,SG04124,6.000
SG04124,SG04125,7.000
SG04125,SG04126,8.000
SG04126,SG04127,9.000
SG04127,SG04128,10.000
SG04128,SG04129,11.000
SG04129,SG04130,4.000
SG04130,SG04131,5.000
SG04131,SG04132,6.000
SG04132,SG04133,7.000
SG04133,SG04134,8.000
SG04134,SG04135,9.000
SG04135,SG04136,10.000
SG04136,SG04137,11.000
SG04137,SG04138,4.000
SG04138,SG04139,5.000
SG04139,SG04140,6.000
SG04140,SG04141,7.000
SG04141,SG04142,8.000
SG04142,SG04143,9.000
SG04143,SG04144,10.000
SG04144,SG04145,11.000
SG04145,SG04146,4.000
SG04146,SG04147,5.000
SG04147,SG04148,6.000
SG04148,SG04149,7.000
SG04149,SG04150,8.000
SG04150,SG04151,9.000
SG04151,SG04152,10.000
SG04152,SG04153,11.000
SG04153,SG04154,4.000
SG04154,SG04155,5.000
SG04155,SG04156,6.000
SG04156,SG04157,7.000
SG04157,SG04158,8.000
SG04158,SG04159,9.000
SG04159,SG04160,10.000
SG04160,SG04161,11.000
SG04161,SG04162,4.000
SG04162,SG04163,5.000
SG04163,SG04164,6.000
SG04164,SG04165,7.000
SG04165,SG04166,8.000
SG04166,SG04167,9.000
SG04167,SG04168,10.000
SG04168,SG04169,11.000
SG04169,SG04170,4.000
SG04170,SG04171,5.000
SG04171,SG04172,6.000
SG04172,SG04173,7.000
SG04173,SG04174,8.000
SG04174,SG04175,9.000
SG04175,SG04176,10.000
SG04176,SG04177,11.000
SG04177,SG04178,4.000
SG04178,SG04179,5.000
SG04179,SG04180,6.000
SG04180,SG04181,7.000
SG04181,SG04182,8.000
SG04182,SG04183,9.000
SG04183,SG04184,10.000
SG04184,SG04185,11.000
SG04185,SG04186,4.000
SG04186,SG04187,5.000
SG04187,SG04188,6.000
SG04188,SG04189,7.000
SG04189,SG04190,8.000
SG04190,SG04191,9.000
SG04191,SG04192,10.000
SG04192,SG04193,11.000
SG04193,SG04194,4.000
SG04194,SG04195,5.000
SG04195,SG04196,6.000
SG04196,SG04197,7.000
SG04197,SG04198,8.000
SG04198,SG04199,9.000
SG04199,SG04200,10.000
SG04200,SG04201,11.000
SG04201,SG04202,4.000
SG04202,SG04203,5.000
SG04203,SG04204,6.000
SG04204,SG04205,7.000
SG04205,SG04206,8.000
SG04206,SG04207,9.000
SG04207,SG04208,10.000
SG04208,SG04209,11.000
SG04209,SG04210,4.000
SG04210,SG04211,5.000
SG04211,SG04212,6.000
SG04212,SG04213,7.000
SG04213,SG04214,8.000
SG04214,SG04215,9.000
SG04215,SG04216,10.000
SG04216,SG04217,11.000
SG04217,SG04218,4.000
SG04218,SG04219,5.000
SG04219,SG04220,6.000
SG04220,SG04221,7.000
SG04221,SG04222,8.000
SG04222,SG04223,9.000
SG04223,SG04224,10.000
SG04224,SG04225,11.000
SG04225,SG04226,4.000
SG04226,SG04227,5.000
SG04227,SG04228,6.000
SG04228,SG04229,7.000
SG04229,SG04230,8.000
SG04230,SG04231,9.000
SG04231,SG04232,10.000
SG04232,SG04233,11.000
SG04233,SG04234,4.000
SG04234,SG04235,5.000
SG04235,SG04236,6.000
SG04236,SG04237,7.000
SG04237,SG04238,8.000
SG04238,SG04239,9.000
SG04239,SG04240,10.000
SG04240,SG04241,11.000
SG04241,SG04242,4.000
SG04242,SG04243,5.000
SG04243,SG04244,6.000
SG04244,SG04245,7.000
SG04245,SG04246,8.000
SG04246,SG04247,9.000
SG04247,SG04248,10.000
SG04248,SG04249,11.000
SG04249,SG04250,4.000
SG04250,SG04251,5.000
SG04251,SG04252,6.000
SG04252,SG04253,7.000
SG04253,SG04254,8.000
SG04254,SG04255,9.000
SG04255,SG04256,10.000
SG04256,SG04257,11.000
SG04257,SG04258,4.000
SG04258,SG04259,5.000
SG04259,SG04260,6.000
SG04260,SG04261,7.000
SG04261,SG04262,8.000
SG04262,SG04263,9.000
SG04263,SG04264,10.000
SG04264,SG04265,11.000
SG04265,SG04266,4.000
SG04266,SG04267,5.000
SG04267,SG04268,6.000
SG04268,SG04269,7.000
SG04269,SG04270,8.000
SG04270,SG04271,9.000
SG04271,SG04272,10.000
SG04272,SG04273,11.000
SG04273,SG04274,4.000
SG04274,SG04275,5.000
SG04275,SG04276,6.000
SG04276,SG04277,7.000
SG04277,SG04278,8.000
SG04278,SG04279,9.000
SG04279,SG04280,10.000
SG04280,SG04281,11.000
SG04281,SG04282,4.000
SG04282,SG04283,5.000
SG04283,SG04284,6.000
SG04284,SG04285,7.000
SG04285,SG04286,8.000
SG04286,SG04287,9.000
SG04287,SG04288,10.000
SG04288,SG04289,11.000
SG04289,SG04290,4.000
SG04290,SG04291,5.000
SG04291,SG04292,6.000
SG04292,SG04293,7.000
SG04293,SG04294,8.000
SG04294,SG04295,9.000
SG04295,SG04296,10.000
SG04296,SG04297,11.000
SG04297,SG04298,4.000
SG04298,SG04299,5.000
SG04299,SG04300,6.000
SG04300,SG04301,7.000
SG04301,SG04302,8.000
SG04302,SG04303,9.000
SG04303,SG04304,10.000
SG04304,SG04305,11.000
SG04305,SG04306,4.000
SG04306,SG04307,5.000
SG04307,SG04308,6.000
SG04308,SG04309,7.000
SG04309,SG04310,8.000
SG04310,SG04311,9.000
SG04311,SG04312,10.000
SG04312,SG04313,11.000
SG04313,SG04314,4.000
SG04314,SG04315,5.000
SG04315,SG04316,6.000
SG04316,SG04317,7.000
SG04317,SG04318,8.000
SG04318,SG04319,9.000
SG04319,SG04320,10.000
SG04320,SG04321,11.000
SG04321,SG04322,4.000
SG04322,SG04323,5.000
SG04323,SG04324,6.000
SG04324,SG04325,7.000
SG04325,SG04326,8.000
SG04326,SG04327,9.000
SG04327,SG04328,10.000
SG04328,SG04329,11.000
SG04329,SG04330,4.000
SG04330,SG04331,5.000
SG04331,SG04332,6.000
SG04332,SG04333,7.000
SG04333,SG04334,8.000
SG04334,SG04335,9.000
SG04335,SG04336,10.000
SG04336,SG04337,11.000
SG04337,SG04338,4.000
SG04338,SG04339,5.000
SG04339,SG04340,6.000
SG04340,SG04341,7.000
SG04341,SG04342,8.000
SG04342,SG04343,9.000
SG04343,SG04344,10.000
SG04344,SG04345,11.000
SG04345,SG04346,4.000
SG04346,SG04347,5.000
SG04347,SG04348,6.000
SG04348,SG04349,7.000
SG04349,SG04350,8.000
SG04350,SG04351,9.000
SG04351,SG04352,10.000
SG04352,SG04353,11.000
SG04353,SG04354,4.000
SG04354,SG04355,5.000
SG04355,SG04356,6.000
SG04356,SG04357,7.000
SG04357,SG04358,8.000
SG04358,SG04359,9.000
SG04359,SG04360,10.000
SG04360,SG04361,11.000
SG04361,SG04362,4.000
SG04362,SG04363,5.000
SG04363,SG04364,6.000
SG04364,SG04365,7.000
SG04365,SG04366,8.000
SG04366,SG04367,9.000
SG04367,SG04368,10.000
SG04368,SG04369,11.000
SG04369,SG04370,4.000
SG04370,SG04371,5.000
SG04371,SG04372,6.000
SG04372,SG04373,7.000
SG04373,SG04374,8.000
SG04374,SG04375,9.000
SG04375,SG04376,10.000
SG04376,SG04377,11.000
SG04377,SG04378,4.000
SG04378,SG04379,5.000
SG04379,SG04380,6.000
SG04380,SG04381,7.000
SG04381,SG04382,8.000
SG04382,SG04383,9.000
SG04383,SG04384,10.000
SG04384,SG04385,11.000
SG04385,SG04386,4.000
SG04386,SG04387,5.000
SG04387,SG04388,6.000
SG04388,SG04389,7.000
SG04389,SG04390,8.000
SG04390,SG04391,9.000
SG04391,SG04392,10.000
SG04392,SG04393,11.000
SG04393,SG04394,4.000
SG04394,SG04395,5.000
SG04395,SG04396,6.000
SG04396,SG04397,7.000
SG04397,SG04398,8.000
SG04398,SG04399,9.000
SG04399,SG04400,10.000
SG04400,SG04401,11.000
SG04401,SG04402,4.000
SG04402,SG04403,5.000
SG04403,SG04404,6.000
SG04404,SG04405,7.000
SG04405,SG04406,8.000
SG04406,SG04407,9.000
SG04407,SG04408,10.000
SG04408,SG04409,11.000
SG04409,SG04410,4.000
SG04410,SG04411,5.000
SG04411,SG04412,6.000
SG04412,SG04413,7.000
SG04413,SG04414,8.000
SG04414,SG04415,9.000
SG04415,SG04416,10.000
SG04416,SG04417,11.000
SG04417,SG04418,4.000
SG04418,SG04419,5.000
SG04419,SG04420,6.000
SG04420,SG04421,7.000
SG04421,SG04422,8.000
SG04422,SG04423,9.000
SG04423,SG04424,10.000
SG04424,SG04425,11.000
SG04425,SG04426,4.000
SG04426,SG04427,5.000
SG04427,SG04428,6.000
SG04428,SG04429,7.000
SG04429,SG04430,8.000
SG04430,SG04431,9.000
SG04431,SG04432,10.000
SG04432,SG04433,11.000
SG04433,SG04434,4.000
SG04434,SG04435,5.000
SG04435,SG04436,6.000
SG04436,SG04437,7.000
SG04437,SG04438,8.000
SG04438,SG04439,9.000
SG04439,SG04440,10.000
SG04440,SG04441,11.000
SG04441,SG04442,4.000
SG04442,SG04443,5.000
SG04443,SG04444,6.000
SG04444,SG04445,7.000
SG04445,SG04446,8.000
SG04446,SG04447,9.000
SG04447,SG04448,10.000
SG04448,SG04449,11.000
SG04449,SG04450,4.000
SG04450,SG04451,5.000
SG04451,SG04452,6.000
SG04452,SG04453,7.000
SG04453,SG04454,8.000
SG04454,SG04455,9.000
SG04455,SG04456,10.000
SG04456,SG04457,11.000
SG04457,SG04458,4.000
SG04458,SG04459,5.000
SG04459,SG04460,6.000
SG04460,SG04461,7.000
SG04461,SG04462,8.000
SG04462,SG04463,9.000
SG04463,SG04464,10.000
SG04464,SG04465,11.000
SG04465,SG04466,4.000
SG04466,SG04467,5.000
SG04467,SG04468,6.000
SG04468,SG04469,7.000
SG04469,SG04470,8.000
SG04470,SG04471,9.000
SG04471,SG04472,10.000
SG04472,SG04473,11.000
SG04473,SG04474,4.000
SG04474,SG04475,5.000
SG04475,SG04476,6.000
SG04476,SG04477,7.000
SG04477,SG04478,8.000
SG04478,SG04479,9.000
SG04479,SG04480,10.000
SG04480,SG04481,11.000
SG04481,SG04482,4.000
SG04482,SG04483,5.000
SG04483,SG04484,6.000
SG04484,SG04485,7.000
SG04485,SG04486,8.000
SG04486,SG04487,9.000
SG04487,SG04488,10.000
SG04488,SG04489,11.000
SG04489,SG04490,4.000
SG04490,SG04491,5.000
SG04491,SG04492,6.000
SG04492,SG04493,7.000
SG04493,SG04494,8.000
SG04494,SG04495,9.000
SG04495,SG04496,10.000
SG04496,SG04497,11.000
SG04497,SG04498,4.000
SG04498,SG04499,5.000
SG04499,SG04500,6.000
SG04500,SG04501,7.000
SG04501,SG04502,8.000
SG04502,SG04503,9.000
SG04503,SG04504,10.000
SG04504,SG04505,11.000
SG04505,SG04506,4.000
SG04506,SG04507,5.000
SG04507,SG04508,6.000
SG04508,SG04509,7.000
SG04509,SG04510,8.000
SG04510,SG04511,9.000
SG04511,SG04512,10.000
SG04512,SG04513,11.000
SG04513,SG04514,4.000
SG04514,SG04515,5.000
SG04515,SG04516,6.000
SG04516,SG04517,7.000
SG04517,SG04518,8.000
SG04518,SG04519,9.000
SG04519,SG04520,10.000
SG04520,SG04521,11.000
SG04521,SG04522,4.000
SG04522,SG04523,5.000
SG04523,SG04524,6.000
SG04524,SG04525,7.000
SG04525,SG04526,8.000
SG04526,SG04527,9.000
SG04527,SG04528,10.000
SG04528,SG04529,11.000
SG04529,SG04530,4.000
SG04530,SG04531,5.000
SG04531,SG04532,6.000
SG04532,SG04533,7.000
SG04533,SG04534,8.000
SG04534,SG04535,9.000
SG04535,SG04536,10.000
SG04536,SG04537,11.000
SG04537,SG04538,4.000
SG04538,SG04539,5.000
SG04539,SG04540,6.000
SG04540,SG04541,7.000
SG04541,SG04542,8.000
SG04542,SG04543,9.000
SG04543,SG04544,10.000
SG04544,SG04545,11.000
SG04545,SG04546,4.000
SG04546,SG04547,5.000
SG04547,SG04548,6.000
SG04548,SG04549,7.000
SG04549,SG04550,8.000
SG04550,SG04551,9.000
SG04551,SG04552,10.000
SG04552,SG04553,11.000
SG04553,SG04554,4.000
SG04554,SG04555,5.000
SG04555,SG04556,6.000
SG04556,SG04557,7.000
SG04557,SG04558,8.000
SG04558,SG04559,9.000
SG04559,SG04560,10.000
SG04560,SG04561,11.000
SG04561,SG04562,4.000
SG04562,SG04563,5.000
SG04563,SG04564,6.000
SG04564,SG04565,7.000
SG04565,SG04566,8.000
SG04566,SG04567,9.000
SG04567,SG04568,10.000
SG04568,SG04569,11.000
SG04569,SG04570,4.000
SG04570,SG04571,5.000
SG04571,SG04572,6.000
SG04572,SG04573,7.000
SG04573,SG04574,8.000
SG04574,SG04575,9.000
SG04575,SG04576,10.000
SG04576,SG04577,11.000
SG04577,SG04578,4.000
SG04578,SG04579,5.000
SG04579,SG04580,6.000
SG04580,SG04581,7.000
SG04581,SG04582,8.000
SG04582,SG04583,9.000
SG04583,SG04584,10.000
SG04584,SG04585,11.000
SG04585,SG04586,4.000
SG04586,SG04587,5.000
SG04587,SG04588,6.000
SG04588,SG04589,7.000
SG04589,SG04590,8.000
SG04590,SG04591,9.000
SG04591,SG04592,10.000
SG04592,SG04593,11.000
SG04593,SG04594,4.000
SG04594,SG04595,5.000
SG04595,SG04596,6.000
SG04596,SG04597,7.000
SG04597,SG04598,8.000
SG04598,SG04599,9.000
SG04599,SG04600,10.000
SG04600,SG04601,11.000
SG04601,SG04602,4.000
SG04602,SG04603,5.000
SG04603,SG04604,6.000
SG04604,SG04605,7.000
SG04605,SG04606,8.000
SG04606,SG04607,9.000
SG04607,SG04608,10.000
SG04608,SG04609,11.000
SG04609,SG04610,4.000
SG04610,SG04611,5.000
SG04611,SG04612,6.000
SG04612,SG04613,7.000
SG04613,SG04614,8.000
SG04614,SG04615,9.000
SG04615,SG04616,10.000
SG04616,SG04617,11.000
SG04617,SG04618,4.000
SG04618,SG04619,5.000
SG04619,SG04620,6.000
SG04620,SG04621,7.000
SG04621,SG04622,8.000
SG04622,SG04623,9.000
SG04623,SG04624,10.000
SG04624,SG04625,11.000
SG04625,SG04626,4.000
SG04626,SG04627,5.000
SG04627,SG04628,6.000
SG04628,SG04629,7.000
SG04629,SG04630,8.000
SG04630,SG04631,9.000
SG04631,SG04632,10.000
SG04632,SG04633,11.000
SG04633,SG04634,4.000
SG04634,SG04635,5.000
SG04635,SG04636,6.000
SG04636,SG04637,7.000
SG04637,SG04638,8.000
SG04638,SG04639,9.000
SG04639,SG04640,10.000
SG04640,SG04641,11.000
SG04641,SG04642,4.000
SG04642,SG04643,5.000
SG04643,SG04644,6.000
SG04644,SG04645,7.000
SG04645,SG04646,8.000
SG04646,SG04647,9.000
SG04647,SG04648,10.000
SG04648,SG04649,11.000
SG04649,SG04650,4.000
SG04650,SG04651,5.000
SG04651,SG04652,6.000
SG04652,SG04653,7.000
SG04653,SG04654,8.000
SG04654,SG04655,9.000
SG04655,SG04656,10.000
SG04656,SG04657,11.000
SG04657,SG04658,4.000
SG04658,SG04659,5.000
SG04659,SG04660,6.000
SG04660,SG04661,7.000
SG04661,SG04662,8.000
SG04662,SG04663,9.000
SG04663,SG04664,10.000
SG04664,SG04665,11.000
SG04665,SG04666,4.000
SG04666,SG04667,5.000
SG04667,SG04668,6.000
SG04668,SG04669,7.000
SG04669,SG04670,8.000
SG04670,SG04671,9.000
SG04671,SG04672,10.000
SG04672,SG04673,11.000
SG04673,SG04674,4.000
SG04674,SG04675,5.000
SG04675,SG04676,6.000
SG04676,SG04677,7.000
SG04677,SG04678,8.000
SG04678,SG04679,9.000
SG04679,SG04680,10.000
SG04680,SG04681,11.000
SG04681,SG04682,4.000
SG04682,SG04683,5.000
SG04683,SG04684,6.000
SG04684,SG04685,7.000
SG04685,SG04686,8.000
SG04686,SG04687,9.000
SG04687,SG04688,10.000
SG04688,SG04689,11.000
SG04689,SG04690,4.000
SG04690,SG04691,5.000
SG04691,SG04692,6.000
SG04692,SG04693,7.000
SG04693,SG04694,8.000
SG04694,SG04695,9.000
SG04695,SG04696,10.000
SG04696,SG04697,11.000
SG04697,SG04698,4.000
SG04698,SG04699,5.000
SG04699,SG04700,6.000
SG04700,SG04701,7.000
SG04701,SG04702,8.000
SG04702,SG04703,9.000
SG04703,SG04704,10.000
SG04704,SG04705,11.000
SG04705,SG04706,4.000
SG04706,SG04707,5.000
SG04707,SG04708,6.000
SG04708,SG04709,7.000
SG04709,SG04710,8.000
SG04710,SG04711,9.000
SG04711,SG04712,10.000
SG04712,SG04713,11.000
SG04713,SG04714,4.000
SG04714,SG04715,5.000
SG04715,SG04716,6.000
SG04716,SG04717,7.000
SG04717,SG04718,8.000
SG04718,SG04719,9.000
SG04719,SG04720,10.000
SG04720,SG04721,11.000
SG04721,SG04722,4.000
SG04722,SG04723,5.000
SG04723,SG04724,6.000
SG04724,SG04725,7.000
SG04725,SG04726,8.000
SG04726,SG04727,9.000
SG04727,SG04728,10.000
SG04728,SG04729,11.000
SG04729,SG04730,4.000
SG04730,SG04731,5.000
SG04731,SG04732,6.000
SG04732,SG04733,7.000
SG04733,SG04734,8.000
SG04734,SG04735,9.000
SG04735,SG04736,10.000
SG04736,SG04737,11.000
SG04737,SG04738,4.000
SG04738,SG04739,5.000
SG04739,SG04740,6.000
SG04740,SG04741,7.000
SG04741,SG04742,8.000
SG04742,SG04743,9.000
SG04743,SG04744,10.000
SG04744,SG04745,11.000
SG04745,SG04746,4.000
SG04746,SG04747,5.000
SG04747,SG04748,6.000
SG04748,SG04749,7.000
SG04749,SG04750,8.000
SG04750,SG04751,9.000
SG04751,SG04752,10.000
SG04752,SG04753,11.000
SG04753,SG04754,4.000
SG04754,SG04755,5.000
SG04755,SG04756,6.000
SG04756,SG04757,7.000
SG04757,SG04758,8.000
SG04758,SG04759,9.000
SG04759,SG04760,10.000
SG04760,SG04761,11.000
SG04761,SG04762,4.000
SG04762,SG04763,5.000
SG04763,SG04764,6.000
SG04764,SG04765,7.000
SG04765,SG04766,8.000
SG04766,SG04767,9.000
SG04767,SG04768,10.000
SG04768,SG04769,11.000
SG04769,SG04770,4.000
SG04770,SG04771,5.000
SG04771,SG04772,6.000
SG04772,SG04773,7.000
SG04773,SG04774,8.000
SG04774,SG04775,9.000
SG04775,SG04776,10.000
SG04776,SG04777,11.000
SG04777,SG04778,4.000
SG04778,SG04779,5.000
SG04779,SG04780,6.000
SG04780,SG04781,7.000
SG04781,SG04782,8.000
SG04782,SG04783,9.000
SG04783,SG04784,10.000
SG04784,SG04785,11.000
SG04785,SG04786,4.000
SG04786,SG04787,5.000
SG04787,SG04788,6.000
SG04788,SG04789,7.000
SG04789,SG04790,8.000
SG04790,SG04791,9.000
SG04791,SG04792,10.000
SG04792,SG04793,11.000
SG04793,SG04794,4.000
SG04794,SG04795,5.000
SG04795,SG04796,6.000
SG04796,SG04797,7.000
SG04797,SG04798,8.000
SG04798,SG04799,9.000
SG04799,SG04800,10.000
SG04800,SG04801,11.000
SG04801,SG04802,4.000
SG04802,SG04803,5.000
SG04803,SG04804,6.000
SG04804,SG04805,7.000
SG04805,SG04806,8.000
SG04806,SG04807,9.000
SG04807,SG04808,10.000
SG04808,SG04809,11.000
SG04809,SG04810,4.000
SG04810,SG04811,5.000
SG04811,SG04812,6.000
SG04812,SG04813,7.000
SG04813,SG04814,8.000
SG04814,SG04815,9.000
SG04815,SG04816,10.000
SG04816,SG04817,11.000
SG04817,SG04818,4.000
SG04818,SG04819,5.000
SG04819,SG04820,6.000
SG04820,SG04821,7.000
SG04821,SG04822,8.000
SG04822,SG04823,9.000
SG04823,SG04824,10.000
SG04824,SG04825,11.000
SG04825,SG04826,4.000
SG04826,SG04827,5.000
SG04827,SG04828,6.000
SG04828,SG04829,7.000
SG04829,SG04830,8.000
SG04830,SG04831,9.000
SG04831,SG04832,10.000
SG04832,SG04833,11.000
SG04833,SG04834,4.000
SG04834,SG04835,5.000
SG04835,SG04836,6.000
SG04836,SG04837,7.000
SG04837,SG04838,8.000
SG04838,SG04839,9.000
SG04839,SG04840,10.000
SG04840,SG04841,11.000
SG04841,SG04842,4.000
SG04842,SG04843,5.000
SG04843,SG04844,6.000
SG04844,SG04845,7.000
SG04845,SG04846,8.000
SG04846,SG04847,9.000
SG04847,SG04848,10.000
SG04848,SG04849,11.000
SG04849,SG04850,4.000
SG04850,SG04851,5.000
SG04851,SG04852,6.000
SG04852,SG04853,7.000
SG04853,SG04854,8.000
SG04854,SG04855,9.000
SG04855,SG04856,10.000
SG04856,SG04857,11.000
SG04857,SG04858,4.000
SG04858,SG04859,5.000
SG04859,SG04860,6.000
SG04860,SG04861,7.000
SG04861,SG04862,8.000
SG04862,SG04863,9.000
SG04863,SG04864,10.000
SG04864,SG04865,11.000
SG04865,SG04866,4.000
SG04866,SG04867,5.000
SG04867,SG04868,6.000
SG04868,SG04869,7.000
SG04869,SG04870,8.000
SG04870,SG04871,9.000
SG04871,SG04872,10.000
SG04872,SG04873,11.000
SG04873,SG04874,4.000
SG04874,SG04875,5.000
SG04875,SG04876,6.000
SG04876,SG04877,7.000
SG04877,SG04878,8.000
SG04878,SG04879,9.000
SG04879,SG04880,10.000
SG04880,SG04881,11.000
SG04881,SG04882,4.000
SG04882,SG04883,5.000
SG04883,SG04884,6.000
SG04884,SG04885,7.000
SG04885,SG04886,8.000
SG04886,SG04887,9.000
SG04887,SG04888,10.000
SG04888,SG04889,11.000
SG04889,SG04890,4.000
SG04890,SG04891,5.000
SG04891,SG04892,6.000
SG04892,SG04893,7.000
SG04893,SG04894,8.000
SG04894,SG04895,9.000
SG04895,SG04896,10.000
SG04896,SG04897,11.000
SG04897,SG04898,4.000
SG04898,SG04899,5.000
SG04899,SG04900,6.000
SG04900,SG04901,7.000
SG04901,SG04902,8.000
SG04902,SG04903,9.000
SG04903,SG04904,10.000
SG04904,SG04905,11.000
SG04905,SG04906,4.000
SG04906,SG04907,5.000
SG04907,SG04908,6.000
SG04908,SG04909,7.000
SG04909,SG04910,8.000
SG04910,SG04911,9.000
SG04911,SG04912,10.000
SG04912,SG04913,11.000
SG04913,SG04914,4.000
SG04914,SG04915,5.000
SG04915,SG04916,6.000
SG04916,SG04917,7.000
SG04917,SG04918,8.000
SG04918,SG04919,9.000
SG04919,SG04920,10.000
SG04920,SG04921,11.000
SG04921,SG04922,4.000
SG04922,SG04923,5.000
SG04923,SG04924,6.000
SG04924,SG04925,7.000
SG04925,SG04926,8.000
SG04926,SG04927,9.000
SG04927,SG04928,10.000
SG04928,SG04929,11.000
SG04929,SG04930,4.000
SG04930,SG04931,5.000
SG04931,SG04932,6.000
SG04932,SG04933,7.000
SG04933,SG04934,8.000
SG04934,SG04935,9.000
SG04935,SG04936,10.000
SG04936,SG04937,11.000
SG04937,SG04938,4.000
SG04938,SG04939,5.000
SG04939,SG04940,6.000
SG04940,SG04941,7.000
SG04941,SG04942,8.000
SG04942,SG04943,9.000
SG04943,SG04944,10.000
SG04944,SG04945,11.000
SG04945,SG04946,4.000
SG04946,SG04947,5.000
SG04947,SG04948,6.000
SG04948,SG04949,7.000
SG04949,SG04950,8.000
SG04950,SG04951,9.000
SG04951,SG04952,10.000
SG04952,SG04953,11.000
SG04953,SG04954,4.000
SG04954,SG04955,5.000
SG04955,SG04956,6.000
SG04956,SG04957,7.000
SG04957,SG04958,8.000
SG04958,SG04959,9.000
SG04959,SG04960,10.000
SG04960,SG04961,11.000
SG04961,SG04962,4.000
SG04962,SG04963,5.000
SG04963,SG04964,6.000
SG04964,SG04965,7.000
SG04965,SG04966,8.000
SG04966,SG04967,9.000
SG04967,SG04968,10.000
SG04968,SG04969,11.000
SG04969,SG04970,4.000
SG04970,SG04971,5.000
SG04971,SG04972,6.000
SG04972,SG04973,7.000
SG04973,SG04974,8.000
SG04974,SG04975,9.000
SG04975,SG04976,10.000
SG04976,SG04977,11.000
SG04977,SG04978,4.000
SG04978,SG04979,5.000
SG04979,SG04980,6.000
SG04980,SG04981,7.000
SG04981,SG04982,8.000
SG04982,SG04983,9.000
SG04983,SG04984,10.000
SG04984,SG04985,11.000
SG04985,SG04986,4.000
SG04986,SG04987,5.000
SG04987,SG04988,6.000
SG04988,SG04989,7.000
SG04989,SG04990,8.000
SG04990,SG04991,9.000
SG04991,SG04992,10.000
SG04992,SG04993,11.000
SG04993,SG04994,4.000
SG04994,SG04995,5.000
SG04995,SG04996,6.000
SG04996,SG04997,7.000
SG04997,SG04998,8.000
SG04998,SG04999,9.000
SG04999,SG05000,10.000
SG05000,SG05001,11.000
SG05001,SG05002,4.000
SG05002,SG05003,5.000
SG05003,SG05004,6.000
SG05004,SG05005,7.000
SG05005,SG05006,8.000
SG05006,SG05007,9.000
SG05007,SG05008,10.000
SG05008,SG05009,11.000
SG05009,SG05010,4.000
SG05010,SG05011,5.000
SG05011,SG05012,6.000
SG05012,SG05013,7.000
SG05013,SG05014,8.000
SG05014,SG05015,9.000
SG05015,SG05016,10.000
SG05016,SG05017,11.000
SG05017,SG05018,4.000
SG05018,SG05019,5.000
SG05019,SG05020,6.000
SG05020,SG05021,7.000
SG05021,SG05022,8.000
SG05022,SG05023,9.000
SG05023,SG05024,10.000
SG05024,SG05025,11.000
SG05025,SG05026,4.000
SG05026,SG05027,5.000
SG05027,SG05028,6.000
SG05028,SG05029,7.000
SG05029,SG05030,8.000
SG05030,SG05031,9.000
SG05031,SG05032,10.000
SG05032,SG05033,11.000
SG05033,SG05034,4.000
SG05034,SG05035,5.000
SG05035,SG05036,6.000
SG05036,SG05037,7.000
SG05037,SG05038,8.000
SG05038,SG05039,9.000
SG05039,SG05040,10.000
SG05040,SG05041,11.000
SG05041,SG05042,4.000
SG05042,SG05043,5.000
SG05043,SG05044,6.000
SG05044,SG05045,7.000
SG05045,SG05046,8.000
SG05046,SG05047,9.000
SG05047,SG05048,10.000
SG05048,SG05049,11.000
SG05049,SG05050,4.000
SG05050,SG05051,5.000
SG05051,SG05052,6.000
SG05052,SG05053,7.000
SG05053,SG05054,8.000
SG05054,SG05055,9.000
SG05055,SG05056,10.000
SG05056,SG05057,11.000
SG05057,SG05058,4.000
SG05058,SG05059,5.000
SG05059,SG05060,6.000
SG05060,SG05061,7.000
SG05061,SG05062,8.000
SG05062,SG05063,9.000
SG05063,SG05064,10.000
SG05064,SG05065,11.000
SG05065,SG05066,4.000
SG05066,SG05067,5.000
SG05067,SG05068,6.000
SG05068,SG05069,7.000
SG05069,SG05070,8.000
SG05070,SG05071,9.000
SG05071,SG05072,10.000
SG05072,SG05073,11.000
SG05073,SG05074,4.000
SG05074,SG05075,5.000
SG05075,SG05076,6.000
SG05076,SG05077,7.000
SG05077,SG05078,8.000
SG05078,SG05079,9.000
SG05079,SG05080,10.000
SG05080,SG05081,11.000
SG05081,SG05082,4.000
SG05082,SG05083,5.000
SG05083,SG05084,6.000
SG05084,SG05085,7.000
SG05085,SG05086,8.000
SG05086,SG05087,9.000
SG05087,SG05088,10.000
SG05088,SG05089,11.000
SG05089,SG05090,4.000
SG05090,SG05091,5.000
SG05091,SG05092,6.000
SG05092,SG05093,7.000
SG05093,SG05094,8.000
SG05094,SG05095,9.000
SG05095,SG05096,10.000
SG05096,SG05097,11.000
SG05097,SG05098,4.000
SG05098,SG05099,5.000
SG05099,SG05100,6.000
SG05100,SG05101,7.000
SG05101,SG05102,8.000
SG05102,SG05103,9.000
SG05103,SG05104,10.000
SG05104,SG05105,11.000
SG05105,SG05106,4.000
SG05106,SG05107,5.000
SG05107,SG05108,6.000
SG05108,SG05109,7.000
SG05109,SG05110,8.000
SG05110,SG05111,9.000
SG05111,SG05112,10.000
SG05112,SG05113,11.000
SG05113,SG05114,4.000
SG05114,SG05115,5.000
SG05115,SG05116,6.000
SG05116,SG05117,7.000
SG05117,SG05118,8.000
SG05118,SG05119,9.000
SG05119,SG05120,10.000
SG05120,SG05121,11.000
SG05121,SG05122,4.000
SG05122,SG05123,5.000
SG05123,SG05124,6.000
SG05124,SG05125,7.000
SG05125,SG05126,8.000
SG05126,SG05127,9.000
SG05127,SG05128,10.000
SG05128,SG05129,11.000
SG05129,SG05130,4.000
SG05130,SG05131,5.000
SG05131,SG05132,6.000
SG05132,SG05133,7.000
SG05133,SG05134,8.000
SG05134,SG05135,9.000
SG05135,SG05136,10.000
SG05136,SG05137,11.000
SG05137,SG05138,4.000
SG05138,SG05139,5.000
SG05139,SG05140,6.000
SG05140,SG05141,7.000
SG05141,SG05142,8.000
SG05142,SG05143,9.000
SG05143,SG05144,10.000
SG05144,SG05145,11.000
SG05145,SG05146,4.000
SG05146,SG05147,5.000
SG05147,SG05148,6.000
SG05148,SG05149,7.000
SG05149,SG05150,8.000
SG05150,SG05151,9.000
SG05151,SG05152,10.000
SG05152,SG05153,11.000
SG05153,SG05154,4.000
SG05154,SG05155,5.000
SG05155,SG05156,6.000
SG05156,SG05157,7.000
SG05157,SG05158,8.000
SG05158,SG05159,9.000
SG05159,SG05160,10.000
SG05160,SG05161,11.000
SG05161,SG05162,4.000
SG05162,SG05163,5.000
SG05163,SG05164,6.000
SG05164,SG05165,7.000
SG05165,SG05166,8.000
SG05166,SG05167,9.000
SG05167,SG05168,10.000
SG05168,SG05169,11.000
SG05169,SG05170,4.000
SG05170,SG05171,5.000
SG05171,SG05172,6.000
SG05172,SG05173,7.000
SG05173,SG05174,8.000
SG05174,SG05175,9.000
SG05175,SG05176,10.000
SG05176,SG05177,11.000
SG05177,SG05178,4.000
SG05178,SG05179,5.000
SG05179,SG05180,6.000
SG05180,SG05181,7.000
SG05181,SG05182,8.000
SG05182,SG05183,9.000
SG05183,SG05184,10.000
SG05184,SG05185,11.000
SG05185,SG05186,4.000
SG05186,SG05187,5.000
SG05187,SG05188,6.000
SG05188,SG05189,7.000
SG05189,SG05190,8.000
SG05190,SG05191,9.000
SG05191,SG05192,10.000
SG05192,SG05193,11.000
SG05193,SG05194,4.000
SG05194,SG05195,5.000
SG05195,SG05196,6.000
SG05196,SG05197,7.000
SG05197,SG05198,8.000
SG05198,SG05199,9.000
SG05199,SG05200,10.000
SG05200,SG05201,11.000
SG05201,SG05202,4.000
SG05202,SG05203,5.000
SG05203,SG05204,6.000
SG05204,SG05205,7.000
SG05205,SG05206,8.000
SG05206,SG05207,9.000
SG05207,SG05208,10.000
SG05208,SG05209,11.000
SG05209,SG05210,4.000
SG05210,SG05211,5.000
SG05211,SG05212,6.000
SG05212,SG05213,7.000
SG05213,SG05214,8.000
SG05214,SG05215,9.000
SG05215,SG05216,10.000
SG05216,SG05217,11.000
SG05217,SG05218,4.000
SG05218,SG05219,5.000
SG05219,SG05220,6.000
SG05220,SG05221,7.000
SG05221,SG05222,8.000
SG05222,SG05223,9.000
SG05223,SG05224,10.000
SG05224,SG05225,11.000
SG05225,SG05226,4.000
SG05226,SG05227,5.000
SG05227,SG05228,6.000
SG05228,SG05229,7.000
SG05229,SG05230,8.000
SG05230,SG05231,9.000
SG05231,SG05232,10.000
SG05232,SG05233,11.000
SG05233,SG05234,4.000
SG05234,SG05235,5.000
SG05235,SG05236,6.000
SG05236,SG05237,7.000
SG05237,SG05238,8.000
SG05238,SG05239,9.000
SG05239,SG05240,10.000
SG05240,SG05241,11.000
SG05241,SG05242,4.000
SG05242,SG05243,5.000
SG05243,SG05244,6.000
SG05244,SG05245,7.000
SG05245,SG05246,8.000
SG05246,SG05247,9.000
SG05247,SG05248,10.000
SG05248,SG05249,11.000
SG05249,SG05250,4.000
SG05250,SG05251,5.000
SG05251,SG05252,6.000
SG05252,SG05253,7.000
SG05253,SG05254,8.000
SG05254,SG05255,9.000
SG05255,SG05256,10.000
SG05256,SG05257,11.000
SG05257,SG05258,4.000
SG05258,SG05259,5.000
SG05259,SG05260,6.000
SG05260,SG05261,7.000
SG05261,SG05262,8.000
SG05262,SG05263,9.000
SG05263,SG05264,10.000
SG05264,SG05265,11.000
SG05265,SG05266,4.000
SG05266,SG05267,5.000
SG05267,SG05268,6.000
SG05268,SG05269,7.000
SG05269,SG05270,8.000
SG05270,SG05271,9.000
SG05271,SG05272,10.000
SG05272,SG05273,11.000
SG05273,SG05274,4.000
SG05274,SG05275,5.000
SG05275,SG05276,6.000
SG05276,SG05277,7.000
SG05277,SG05278,8.000
SG05278,SG05279,9.000
SG05279,SG05280,10.000
SG05280,SG05281,11.000
SG05281,SG05282,4.000
SG05282,SG05283,5.000
SG05283,SG05284,6.000
SG05284,SG05285,7.000
SG05285,SG05286,8.000
SG05286,SG05287,9.000
SG05287,SG05288,10.000
SG05288,SG05289,11.000
SG05289,SG05290,4.000
SG05290,SG05291,5.000
SG05291,SG05292,6.000
SG05292,SG05293,7.000
SG05293,SG05294,8.000
SG05294,SG05295,9.000
SG05295,SG05296,10.000
SG05296,SG05297,11.000
SG05297,SG05298,4.000
SG05298,SG05299,5.000
SG05299,SG05300,6.000
SG05300,SG05301,7.000
SG05301,SG05302,8.000
SG05302,SG05303,9.000
SG05303,SG05304,10.000
SG05304,SG05305,11.000
SG05305,SG05306,4.000
SG05306,SG05307,5.000
SG05307,SG05308,6.000
SG05308,SG05309,7.000
SG05309,SG05310,8.000
SG05310,SG05311,9.000
SG05311,SG05312,10.000
SG05312,SG05313,11.000
SG05313,SG05314,4.000
SG05314,SG05315,5.000
SG05315,SG05316,6.000
SG05316,SG05317,7.000
SG05317,SG05318,8.000
SG05318,SG05319,9.000
SG05319,SG05320,10.000
SG05320,SG05321,11.000
SG05321,SG05322,4.000
SG05322,SG05323,5.000
SG05323,SG05324,6.000
SG05324,SG05325,7.000
SG05325,SG05326,8.000
SG05326,SG05327,9.000
SG05327,SG05328,10.000
SG05328,SG05329,11.000
SG05329,SG05330,4.000
SG05330,SG05331,5.000
SG05331,SG05332,6.000
SG05332,SG05333,7.000
SG05333,SG05334,8.000
SG05334,SG05335,9.000
SG05335,SG05336,10.000
SG05336,SG05337,11.000
SG05337,SG05338,4.000
SG05338,SG05339,5.000
SG05339,SG05340,6.000
SG05340,SG05341,7.000
SG05341,SG05342,8.000
SG05342,SG05343,9.000
SG05343,SG05344,10.000
SG05344,SG05345,11.000
SG05345,SG05346,4.000
SG05346,SG05347,5.000
SG05347,SG05348,6.000
SG05348,SG05349,7.000
SG05349,SG05350,8.000
SG05350,SG05351,9.000
SG05351,SG05352,10.000
SG05352,SG05353,11.000
SG05353,SG05354,4.000
SG05354,SG05355,5.000
SG05355,SG05356,6.000
SG05356,SG05357,7.000
SG05357,SG05358,8.000
SG05358,SG05359,9.000
SG05359,SG05360,10.000
SG05360,SG05361,11.000
SG05361,SG05362,4.000
SG05362,SG05363,5.000
SG05363,SG05364,6.000
SG05364,SG05365,7.000
SG05365,SG05366,8.000
SG05366,SG05367,9.000
SG05367,SG05368,10.000
SG05368,SG05369,11.000
SG05369,SG05370,4.000
SG05370,SG05371,5.000
SG05371,SG05372,6.000
SG05372,SG05373,7.000
SG05373,SG05374,8.000
SG05374,SG05375,9.000
SG05375,SG05376,10.000
SG05376,SG05377,11.000
SG05377,SG05378,4.000
SG05378,SG05379,5.000
SG05379,SG05380,6.000
SG05380,SG05381,7.000
SG05381,SG05382,8.000
SG05382,SG05383,9.000
SG05383,SG05384,10.000
SG05384,SG05385,11.000
SG05385,SG05386,4.000
SG05386,SG05387,5.000
SG05387,SG05388,6.000
SG05388,SG05389,7.000
SG05389,SG05390,8.000
SG05390,SG05391,9.000
SG05391,SG05392,10.000
SG05392,SG05393,11.000
SG05393,SG05394,4.000
SG05394,SG05395,5.000
SG05395,SG05396,6.000
SG05396,SG05397,7.000
SG05397,SG05398,8.000
SG05398,SG05399,9.000
SG05399,SG05400,10.000
SG05400,SG05401,11.000
SG05401,SG05402,4.000
SG05402,SG05403,5.000
SG05403,SG05404,6.000
SG05404,SG05405,7.000
SG05405,SG05406,8.000
SG05406,SG05407,9.000
SG05407,SG05408,10.000
SG05408,SG05409,11.000
SG05409,SG05410,4.000
SG05410,SG05411,5.000
SG05411,SG05412,6.000
SG05412,SG05413,7.000
SG05413,SG05414,8.000
SG05414,SG05415,9.000
SG05415,SG05416,10.000
SG05416,SG05417,11.000
SG05417,SG05418,4.000
SG05418,SG05419,5.000
SG05419,SG05420,6.000
SG05420,SG05421,7.000
SG05421,SG05422,8.000
SG05422,SG05423,9.000
SG05423,SG05424,10.000
SG05424,SG05425,11.000
SG05425,SG05426,4.000
SG05426,SG05427,5.000
SG05427,SG05428,6.000
SG05428,SG05429,7.000
SG05429,SG05430,8.000
SG05430,SG05431,9.000
SG05431,SG05432,10.000
SG05432,SG05433,11.000
SG05433,SG05434,4.000
SG05434,SG05435,5.000
SG05435,SG05436,6.000
SG05436,SG05437,7.000
SG05437,SG05438,8.000
SG05438,SG05439,9.000
SG05439,SG05440,10.000
SG05440,SG05441,11.000
SG05441,SG05442,4.000
SG05442,SG05443,5.000
SG05443,SG05444,6.000
SG05444,SG05445,7.000
SG05445,SG05446,8.000
SG05446,SG05447,9.000
SG05447,SG05448,10.000
SG05448,SG05449,11.000
SG05449,SG05450,4.000
SG05450,SG05451,5.000
SG05451,SG05452,6.000
SG05452,SG05453,7.000
SG05453,SG05454,8.000
SG05454,SG05455,9.000
SG05455,SG05456,10.000
SG05456,SG05457,11.000
SG05457,SG05458,4.000
SG05458,SG05459,5.000
SG05459,SG05460,6.000
SG05460,SG05461,7.000
SG05461,SG05462,8.000
SG05462,SG05463,9.000
SG05463,SG05464,10.000
SG05464,SG05465,11.000
SG05465,SG05466,4.000
SG05466,SG05467,5.000
SG05467,SG05468,6.000
SG05468,SG05469,7.000
SG05469,SG05470,8.000
SG05470,SG05471,9.000
SG05471,SG05472,10.000
SG05472,SG05473,11.000
SG05473,SG05474,4.000
SG05474,SG05475,5.000
SG05475,SG05476,6.000
SG05476,SG05477,7.000
SG05477,SG05478,8.000
SG05478,SG05479,9.000
SG05479,SG05480,10.000
SG05480,SG05481,11.000
SG05481,SG05482,4.000
SG05482,SG05483,5.000
SG05483,SG05484,6.000
SG05484,SG05485,7.000
SG05485,SG05486,8.000
SG05486,SG05487,9.000
SG05487,SG05488,10.000
SG05488,SG05489,11.000
SG05489,SG05490,4.000
SG05490,SG05491,5.000
SG05491,SG05492,6.000
SG05492,SG05493,7.000
SG05493,SG05494,8.000
SG05494,SG05495,9.000
SG05495,SG05496,10.000
SG05496,SG05497,11.000
SG05497,SG05498,4.000
SG05498,SG05499,5.000
SG05499,SG05500,6.000
SG05500,SG05501,7.000
SG05501,SG05502,8.000
SG05502,SG05503,9.000
SG05503,SG05504,10.000
SG05504,SG05505,11.000
SG05505,SG05506,4.000
SG05506,SG05507,5.000
SG05507,SG05508,6.000
SG05508,SG05509,7.000
SG05509,SG05510,8.000
SG05510,SG05511,9.000
SG05511,SG05512,10.000
SG05512,SG05513,11.000
SG05513,SG05514,4.000
SG05514,SG05515,5.000
SG05515,SG05516,6.000
SG05516,SG05517,7.000
SG05517,SG05518,8.000
SG05518,SG05519,9.000
SG05519,SG05520,10.000
SG05520,SG05521,11.000
SG05521,SG05522,4.000
SG05522,SG05523,5.000
SG05523,SG05524,6.000
SG05524,SG05525,7.000
SG05525,SG05526,8.000
SG05526,SG05527,9.000
SG05527,SG05528,10.000
SG05528,SG05529,11.000
SG05529,SG05530,4.000
SG05530,SG05531,5.000
SG05531,SG05532,6.000
SG05532,SG05533,7.000
SG05533,SG05534,8.000
SG05534,SG05535,9.000
SG05535,SG05536,10.000
SG05536,SG05537,11.000
SG05537,SG05538,4.000
SG05538,SG05539,5.000
SG05539,SG05540,6.000
SG05540,SG05541,7.000
SG05541,SG05542,8.000
SG05542,SG05543,9.000
SG05543,SG05544,10.000
SG05544,SG05545,11.000
SG05545,SG05546,4.000
SG05546,SG05547,5.000
SG05547,SG05548,6.000
SG05548,SG05549,7.000
SG05549,SG05550,8.000
SG05550,SG05551,9.000
SG05551,SG05552,10.000
SG05552,SG05553,11.000
SG05553,SG05554,4.000
SG05554,SG05555,5.000
SG05555,SG05556,6.000
SG05556,SG05557,7.000
SG05557,SG05558,8.000
SG05558,SG05559,9.000
SG05559,SG05560,10.000
SG05560,SG05561,11.000
SG05561,SG05562,4.000
SG05562,SG05563,5.000
SG05563,SG05564,6.000
SG05564,SG05565,7.000
SG05565,SG05566,8.000
SG05566,SG05567,9.000
SG05567,SG05568,10.000
SG05568,SG05569,11.000
SG05569,SG05570,4.000
SG05570,SG05571,5.000
SG05571,SG05572,6.000
SG05572,SG05573,7.000
SG05573,SG05574,8.000
SG05574,SG05575,9.000
SG05575,SG05576,10.000
SG05576,SG05577,11.000
SG05577,SG05578,4.000
SG05578,SG05579,5.000
SG05579,SG05580,6.000
SG05580,SG05581,7.000
SG05581,SG05582,8.000
SG05582,SG05583,9.000
SG05583,SG05584,10.000
SG05584,SG05585,11.000
SG05585,SG05586,4.000
SG05586,SG05587,5.000
SG05587,SG05588,6.000
SG05588,SG05589,7.000
SG05589,SG05590,8.000
SG05590,SG05591,9.000
SG05591,SG05592,10.000
SG05592,SG05593,11.000
SG05593,SG05594,4.000
SG05594,SG05595,5.000
SG05595,SG05596,6.000
SG05596,SG05597,7.000
SG05597,SG05598,8.000
SG05598,SG05599,9.000
SG05599,SG05600,10.000
SG05600,SG05601,11.000
SG05601,SG05602,4.000
SG05602,SG05603,5.000
SG05603,SG05604,6.000
SG05604,SG05605,7.000
SG05605,SG05606,8.000
SG05606,SG05607,9.000
SG05607,SG05608,10.000
SG05608,SG05609,11.000
SG05609,SG05610,4.000
SG05610,SG05611,5.000
SG05611,SG05612,6.000
SG05612,SG05613,7.000
SG05613,SG05614,8.000
SG05614,SG05615,9.000
SG05615,SG05616,10.000
SG05616,SG05617,11.000
SG05617,SG05618,4.000
SG05618,SG05619,5.000
SG05619,SG05620,6.000
SG05620,SG05621,7.000
SG05621,SG05622,8.000
SG05622,SG05623,9.000
SG05623,SG05624,10.000
SG05624,SG05625,11.000
SG05625,SG05626,4.000
SG05626,SG05627,5.000
SG05627,SG05628,6.000
SG05628,SG05629,7.000
SG05629,SG05630,8.000
SG05630,SG05631,9.000
SG05631,SG05632,10.000
SG05632,SG05633,11.000
SG05633,SG05634,4.000
SG05634,SG05635,5.000
SG05635,SG05636,6.000
SG05636,SG05637,7.000
SG05637,SG05638,8.000
SG05638,SG05639,9.000
SG05639,SG05640,10.000
SG05640,SG05641,11.000
SG05641,SG05642,4.000
SG05642,SG05643,5.000
SG05643,SG05644,6.000
SG05644,SG05645,7.000
SG05645,SG05646,8.000
SG05646,SG05647,9.000
SG05647,SG05648,10.000
SG05648,SG05649,11.000
SG05649,SG05650,4.000
SG05650,SG05651,5.000
SG05651,SG05652,6.000
SG05652,SG05653,7.000
SG05653,SG05654,8.000
SG05654,SG05655,9.000
SG05655,SG05656,10.000
SG05656,SG05657,11.000
SG05657,SG05658,4.000
SG05658,SG05659,5.000
SG05659,SG05660,6.000
SG05660,SG05661,7.000
SG05661,SG05662,8.000
SG05662,SG05663,9.000
SG05663,SG05664,10.000
SG05664,SG05665,11.000
SG05665,SG05666,4.000
SG05666,SG05667,5.000
SG05667,SG05668,6.000
SG05668,SG05669,7.000
SG05669,SG05670,8.000
SG05670,SG05671,9.000
SG05671,SG05672,10.000
SG05672,SG05673,11.000
SG05673,SG05674,4.000
SG05674,SG05675,5.000
SG05675,SG05676,6.000
SG05676,SG05677,7.000
SG05677,SG05678,8.000
SG05678,SG05679,9.000
SG05679,SG05680,10.000
SG05680,SG05681,11.000
SG05681,SG05682,4.000
SG05682,SG05683,5.000
SG05683,SG05684,6.000
SG05684,SG05685,7.000
SG05685,SG05686,8.000
SG05686,SG05687,9.000
SG05687,SG05688,10.000
SG05688,SG05689,11.000
SG05689,SG05690,4.000
SG05690,SG05691,5.000
SG05691,SG05692,6.000
SG05692,SG05693,7.000
SG05693,SG05694,8.000
SG05694,SG05695,9.000
SG05695,SG05696,10.000
SG05696,SG05697,11.000
SG05697,SG05698,4.000
SG05698,SG05699,5.000
SG05699,SG05700,6.000
SG05700,SG05701,7.000
SG05701,SG05702,8.000
SG05702,SG05703,9.000
SG05703,SG05704,10.000
SG05704,SG05705,11.000
SG05705,SG05706,4.000
SG05706,SG05707,5.000
SG05707,SG05708,6.000
SG05708,SG05709,7.000
SG05709,SG05710,8.000
SG05710,SG05711,9.000
SG05711,SG05712,10.000
SG05712,SG05713,11.000
SG05713,SG05714,4.000
SG05714,SG05715,5.000
SG05715,SG05716,6.000
SG05716,SG05717,7.000
SG05717,SG05718,8.000
SG05718,SG05719,9.000
SG05719,SG05720,10.000
SG05720,SG05721,11.000
SG05721,SG05722,4.000
SG05722,SG05723,5.000
SG05723,SG05724,6.000
SG05724,SG05725,7.000
SG05725,SG05726,8.000
SG05726,SG05727,9.000
SG05727,SG05728,10.000
SG05728,SG05729,11.000
SG05729,SG05730,4.000
SG05730,SG05731,5.000
SG05731,SG05732,6.000
SG05732,SG05733,7.000
SG05733,SG05734,8.000
SG05734,SG05735,9.000
SG05735,SG05736,10.000
SG05736,SG05737,11.000
SG05737,SG05738,4.000
SG05738,SG05739,5.000
SG05739,SG05740,6.000
SG05740,SG05741,7.000
SG05741,SG05742,8.000
SG05742,SG05743,9.000
SG05743,SG05744,10.000
SG05744,SG05745,11.000
SG05745,SG05746,4.000
SG05746,SG05747,5.000
SG05747,SG05748,6.000
SG05748,SG05749,7.000
SG05749,SG05750,8.000
SG05750,SG05751,9.000
SG05751,SG05752,10.000
SG05752,SG05753,11.000
SG05753,SG05754,4.000
SG05754,SG05755,5.000
SG05755,SG05756,6.000
SG05756,SG05757,7.000
SG05757,SG05758,8.000
SG05758,SG05759,9.000
SG05759,SG05760,10.000
SG05760,SG05761,11.000
SG05761,SG05762,4.000
SG05762,SG05763,5.000
SG05763,SG05764,6.000
SG05764,SG05765,7.000
SG05765,SG05766,8.000
SG05766,SG05767,9.000
SG05767,SG05768,10.000
SG05768,SG05769,11.000
SG05769,SG05770,4.000
SG05770,SG05771,5.000
SG05771,SG05772,6.000
SG05772,SG05773,7.000
SG05773,SG05774,8.000
SG05774,SG05775,9.000
SG05775,SG05776,10.000
SG05776,SG05777,11.000
SG05777,SG05778,4.000
SG05778,SG05779,5.000
SG05779,SG05780,6.000
SG05780,SG05781,7.000
SG05781,SG05782,8.000
SG05782,SG05783,9.000
SG05783,SG05784,10.000
SG05784,SG05785,11.000
SG05785,SG05786,4.000
SG05786,SG05787,5.000
SG05787,SG05788,6.000
SG05788,SG05789,7.000
SG05789,SG05790,8.000
SG05790,SG05791,9.000
SG05791,SG05792,10.000
SG05792,SG05793,11.000
SG05793,SG05794,4.000
SG05794,SG05795,5.000
SG05795,SG05796,6.000
SG05796,SG05797,7.000
SG05797,SG05798,8.000
SG05798,SG05799,9.000
SG05799,SG05800,10.000
SG05800,SG05801,11.000
SG05801,SG05802,4.000
SG05802,SG05803,5.000
SG05803,SG05804,6.000
SG05804,SG05805,7.000
SG05805,SG05806,8.000
SG05806,SG05807,9.000
SG05807,SG05808,10.000
SG05808,SG05809,11.000
SG05809,SG05810,4.000
SG05810,SG05811,5.000
SG05811,SG05812,6.000
SG05812,SG05813,7.000
SG05813,SG05814,8.000
SG05814,SG05815,9.000
SG05815,SG05816,10.000
SG05816,SG05817,11.000
SG05817,SG05818,4.000
SG05818,SG05819,5.000
SG05819,SG05820,6.000
SG05820,SG05821,7.000
SG05821,SG05822,8.000
SG05822,SG05823,9.000
SG05823,SG05824,10.000
SG05824,SG05825,11.000
SG05825,SG05826,4.000
SG05826,SG05827,5.000
SG05827,SG05828,6.000
SG05828,SG05829,7.000
SG05829,SG05830,8.000
SG05830,SG05831,9.000
SG05831,SG05832,10.000
SG05832,SG05833,11.000
SG05833,SG05834,4.000
SG05834,SG05835,5.000
SG05835,SG05836,6.000
SG05836,SG05837,7.000
SG05837,SG05838,8.000
SG05838,SG05839,9.000
SG05839,SG05840,10.000
SG05840,SG05841,11.000
SG05841,SG05842,4.000
SG05842,SG05843,5.000
SG05843,SG05844,6.000
SG05844,SG05845,7.000
SG05845,SG05846,8.000
SG05846,SG05847,9.000
SG05847,SG05848,10.000
SG05848,SG05849,11.000
SG05849,SG05850,4.000
SG05850,SG05851,5.000
SG05851,SG05852,6.000
SG05852,SG05853,7.000
SG05853,SG05854,8.000
SG05854,SG05855,9.000
SG05855,SG05856,10.000
SG05856,SG05857,11.000
SG05857,SG05858,4.000
SG05858,SG05859,5.000
SG05859,SG05860,6.000
SG05860,SG05861,7.000
SG05861,SG05862,8.000
SG05862,SG05863,9.000
SG05863,SG05864,10.000
SG05864,SG05865,11.000
SG05865,SG05866,4.000
SG05866,SG05867,5.000
SG05867,SG05868,6.000
SG05868,SG05869,7.000
SG05869,SG05870,8.000
SG05870,SG05871,9.000
SG05871,SG05872,10.000
SG05872,SG05873,11.000
SG05873,SG05874,4.000
SG05874,SG05875,5.000
SG05875,SG05876,6.000
SG05876,SG05877,7.000
SG05877,SG05878,8.000
SG05878,SG05879,9.000
SG05879,SG05880,10.000
SG05880,SG05881,11.000
SG05881,SG05882,4.000
SG05882,SG05883,5.000
SG05883,SG05884,6.000
SG05884,SG05885,7.000
SG05885,SG05886,8.000
SG05886,SG05887,9.000
SG05887,SG05888,10.000
SG05888,SG05889,11.000
SG05889,SG05890,4.000
SG05890,SG05891,5.000
SG05891,SG05892,6.000
SG05892,SG05893,7.000
SG05893,SG05894,8.000
SG05894,SG05895,9.000
SG05895,SG05896,10.000
SG05896,SG05897,11.000
SG05897,SG05898,4.000
SG05898,SG05899,5.000
SG05899,SG05900,6.000
SG05900,SG05901,7.000
SG05901,SG05902,8.000
SG05902,SG05903,9.000
SG05903,SG05904,10.000
SG05904,SG05905,11.000
SG05905,SG05906,4.000
SG05906,SG05907,5.000
SG05907,SG05908,6.000
SG05908,SG05909,7.000
SG05909,SG05910,8.000
SG05910,SG05911,9.000
SG05911,SG05912,10.000
SG05912,SG05913,11.000
SG05913,SG05914,4.000
SG05914,SG05915,5.000
SG05915,SG05916,6.000
SG05916,SG05917,7.000
SG05917,SG05918,8.000
SG05918,SG05919,9.000
SG05919,SG05920,10.000
SG05920,SG05921,11.000
SG05921,SG05922,4.000
SG05922,SG05923,5.000
SG05923,SG05924,6.000
SG05924,SG05925,7.000
SG05925,SG05926,8.000
SG05926,SG05927,9.000
SG05927,SG05928,10.000
SG05928,SG05929,11.000
SG05929,SG05930,4.000
SG05930,SG05931,5.000
SG05931,SG05932,6.000
SG05932,SG05933,7.000
SG05933,SG05934,8.000
SG05934,SG05935,9.000
SG05935,SG05936,10.000
SG05936,SG05937,11.000
SG05937,SG05938,4.000
SG05938,SG05939,5.000
SG05939,SG05940,6.000
SG05940,SG05941,7.000
SG05941,SG05942,8.000
SG05942,SG05943,9.000
SG05943,SG05944,10.000
SG05944,SG05945,11.000
SG05945,SG05946,4.000
SG05946,SG05947,5.000
SG05947,SG05948,6.000
SG05948,SG05949,7.000
SG05949,SG05950,8.000
SG05950,SG05951,9.000
SG05951,SG05952,10.000
SG05952,SG05953,11.000
SG05953,SG05954,4.000
SG05954,SG05955,5.000
SG05955,SG05956,6.000
SG05956,SG05957,7.000
SG05957,SG05958,8.000
SG05958,SG05959,9.000
SG05959,SG05960,10.000
SG05960,SG05961,11.000
SG05961,SG05962,4.000
SG05962,SG05963,5.000
SG05963,SG05964,6.000
SG05964,SG05965,7.000
SG05965,SG05966,8.000
SG05966,SG05967,9.000
SG05967,SG05968,10.000
SG05968,SG05969,11.000
SG05969,SG05970,4.000
SG05970,SG05971,5.000
SG05971,SG05972,6.000
SG05972,SG05973,7.000
SG05973,SG05974,8.000
SG05974,SG05975,9.000
SG05975,SG05976,10.000
SG05976,SG05977,11.000
SG05977,SG05978,4.000
SG05978,SG05979,5.000
SG05979,SG05980,6.000
SG05980,SG05981,7.000
SG05981,SG05982,8.000
SG05982,SG05983,9.000
SG05983,SG05984,10.000
SG05984,SG05985,11.000
SG05985,SG05986,4.000
SG05986,SG05987,5.000
SG05987,SG05988,6.000
SG05988,SG05989,7.000
SG05989,SG05990,8.000
SG05990,SG05991,9.000
SG05991,SG05992,10.000
SG05992,SG05993,11.000
SG05993,SG05994,4.000
SG05994,SG05995,5.000
SG05995,SG05996,6.000
SG05996,SG05997,7.000
SG05997,SG05998,8.000
SG05998,SG05999,9.000
SG05999,SG06000,10.000
SG06000,SG06001,11.000
SG06001,SG06002,4.000
SG06002,SG06003,5.000
SG06003,SG06004,6.000
SG06004,SG06005,7.000
SG06005,SG06006,8.000
SG06006,SG06007,9.000
SG06007,SG06008,10.000
SG06008,SG06009,11.000
SG06009,SG06010,4.000
SG06010,SG06011,5.000
SG06011,SG06012,6.000
SG06012,SG06013,7.000
SG06013,SG06014,8.000
SG06014,SG06015,9.000
SG06015,SG06016,10.000
SG06016,SG06017,11.000
SG06017,SG06018,4.000
SG06018,SG06019,5.000
SG06019,SG06020,6.000
SG06020,SG06021,7.000
SG06021,SG06022,8.000
SG06022,SG06023,9.000
SG06023,SG06024,10.000
SG06024,SG06025,11.000
SG06025,SG06026,4.000
SG06026,SG06027,5.000
SG06027,SG06028,6.000
SG06028,SG06029,7.000
SG06029,SG06030,8.000
SG06030,SG06031,9.000
SG06031,SG06032,10.000
SG06032,SG06033,11.000
SG06033,SG06034,4.000
SG06034,SG06035,5.000
SG06035,SG06036,6.000
SG06036,SG06037,7.000
SG06037,SG06038,8.000
SG06038,SG06039,9.000
SG06039,SG06040,10.000
SG06040,SG06041,11.000
SG06041,SG06042,4.000
SG06042,SG06043,5.000
SG06043,SG06044,6.000
SG06044,SG06045,7.000
SG06045,SG06046,8.000
SG06046,SG06047,9.000
SG06047,SG06048,10.000
SG06048,SG06049,11.000
SG06049,SG06050,4.000
SG06050,SG06051,5.000
SG06051,SG06052,6.000
SG06052,SG06053,7.000
SG06053,SG06054,8.000
SG06054,SG06055,9.000
SG06055,SG06056,10.000
SG06056,SG06057,11.000
SG06057,SG06058,4.000
SG06058,SG06059,5.000
SG06059,SG06060,6.000
SG06060,SG06061,7.000
SG06061,SG06062,8.000
SG06062,SG06063,9.000
SG06063,SG06064,10.000
SG06064,SG06065,11.000
SG06065,SG06066,4.000
SG06066,SG06067,5.000
SG06067,SG06068,6.000
SG06068,SG06069,7.000
SG06069,SG06070,8.000
SG06070,SG06071,9.000
SG06071,SG06072,10.000
SG06072,SG06073,11.000
SG06073,SG06074,4.000
SG06074,SG06075,5.000
SG06075,SG06076,6.000
SG06076,SG06077,7.000
SG06077,SG06078,8.000
SG06078,SG06079,9.000
SG06079,SG06080,10.000
SG06080,SG06081,11.000
SG06081,SG06082,4.000
SG06082,SG06083,5.000
SG06083,SG06084,6.000
SG06084,SG06085,7.000
SG06085,SG06086,8.000
SG06086,SG06087,9.000
SG06087,SG06088,10.000
SG06088,SG06089,11.000
SG06089,SG06090,4.000
SG06090,SG06091,5.000
SG06091,SG06092,6.000
SG06092,SG06093,7.000
SG06093,SG06094,8.000
SG06094,SG06095,9.000
SG06095,SG06096,10.000
SG06096,SG06097,11.000
SG06097,SG06098,4.000
SG06098,SG06099,5.000
SG06099,SG06100,6.000
SG06100,SG06101,7.000
SG06101,SG06102,8.000
SG06102,SG06103,9.000
SG06103,SG06104,10.000
SG06104,SG06105,11.000
SG06105,SG06106,4.000
SG06106,SG06107,5.000
SG06107,SG06108,6.000
SG06108,SG06109,7.000
SG06109,SG06110,8.000
SG06110,SG06111,9.000
SG06111,SG06112,10.000
SG06112,SG06113,11.000
SG06113,SG06114,4.000
SG06114,SG06115,5.000
SG06115,SG06116,6.000
SG06116,SG06117,7.000
SG06117,SG06118,8.000
SG06118,SG06119,9.000
SG06119,SG06120,10.000
SG06120,SG06121,11.000
SG06121,SG06122,4.000
SG06122,SG06123,5.000
SG06123,SG06124,6.000
SG06124,SG06125,7.000
SG06125,SG06126,8.000
SG06126,SG06127,9.000
SG06127,SG06128,10.000
SG06128,SG06129,11.000
SG06129,SG06130,4.000
SG06130,SG06131,5.000
SG06131,SG06132,6.000
SG06132,SG06133,7.000
SG06133,SG06134,8.000
SG06134,SG06135,9.000
SG06135,SG06136,10.000
SG06136,SG06137,11.000
SG06137,SG06138,4.000
SG06138,SG06139,5.000
SG06139,SG06140,6.000
SG06140,SG06141,7.000
SG06141,SG06142,8.000
SG06142,SG06143,9.000
SG06143,SG06144,10.000
SG06144,SG06145,11.000
SG06145,SG06146,4.000
SG06146,SG06147,5.000
SG06147,SG06148,6.000
SG06148,SG06149,7.000
SG06149,SG06150,8.000
SG06150,SG06151,9.000
SG06151,SG06152,10.000
SG06152,SG06153,11.000
SG06153,SG06154,4.000
SG06154,SG06155,5.000
SG06155,SG06156,6.000
SG06156,SG06157,7.000
SG06157,SG06158,8.000
SG06158,SG06159,9.000
SG06159,SG06160,10.000
SG06160,SG06161,11.000
SG06161,SG06162,4.000
SG06162,SG06163,5.000
SG06163,SG06164,6.000
SG06164,SG06165,7.000
SG06165,SG06166,8.000
SG06166,SG06167,9.000
SG06167,SG06168,10.000
SG06168,SG06169,11.000
SG06169,SG06170,4.000
SG06170,SG06171,5.000
SG06171,SG06172,6.000
SG06172,SG06173,7.000
SG06173,SG06174,8.000
SG06174,SG06175,9.000
SG06175,SG06176,10.000
SG06176,SG06177,11.000
SG06177,SG06178,4.000
SG06178,SG06179,5.000
SG06179,SG06180,6.000
SG06180,SG06181,7.000
SG06181,SG06182,8.000
SG06182,SG06183,9.000
SG06183,SG06184,10.000
SG06184,SG06185,11.000
SG06185,SG06186,4.000
SG06186,SG06187,5.000
SG06187,SG06188,6.000
SG06188,SG06189,7.000
SG06189,SG06190,8.000
SG06190,SG06191,9.000
SG06191,SG06192,10.000
SG06192,SG06193,11.000
SG06193,SG06194,4.000
SG06194,SG06195,5.000
SG06195,SG06196,6.000
SG06196,SG06197,7.000
SG06197,SG06198,8.000
SG06198,SG06199,9.000
SG06199,SG06200,10.000
SG06200,SG06201,11.000
SG06201,SG06202,4.000
SG06202,SG06203,5.000
SG06203,SG06204,6.000
SG06204,SG06205,7.000
SG06205,SG06206,8.000
SG06206,SG06207,9.000
SG06207,SG06208,10.000
SG06208,SG06209,11.000
SG06209,SG06210,4.000
SG06210,SG06211,5.000
SG06211,SG06212,6.000
SG06212,SG06213,7.000
SG06213,SG06214,8.000
SG06214,SG06215,9.000
SG06215,SG06216,10.000
SG06216,SG06217,11.000
SG06217,SG06218,4.000
SG06218,SG06219,5.000
SG06219,SG06220,6.000
SG06220,SG06221,7.000
SG06221,SG06222,8.000
SG06222,SG06223,9.000
SG06223,SG06224,10.000
SG06224,SG06225,11.000
SG06225,SG06226,4.000
SG06226,SG06227,5.000
SG06227,SG06228,6.000
SG06228,SG06229,7.000
SG06229,SG06230,8.000
SG06230,SG06231,9.000
SG06231,SG06232,10.000
SG06232,SG06233,11.000
SG06233,SG06234,4.000
SG06234,SG06235,5.000
SG06235,SG06236,6.000
SG06236,SG06237,7.000
SG06237,SG06238,8.000
SG06238,SG06239,9.000
SG06239,SG06240,10.000
SG06240,SG06241,11.000
SG06241,SG06242,4.000
SG06242,SG06243,5.000
SG06243,SG06244,6.000
SG06244,SG06245,7.000
SG06245,SG06246,8.000
SG06246,SG06247,9.000
SG06247,SG06248,10.000
SG06248,SG06249,11.000
SG06249,SG06250,4.000
SG06250,SG06251,5.000
SG06251,SG06252,6.000
SG06252,SG06253,7.000
SG06253,SG06254,8.000
SG06254,SG06255,9.000
SG06255,SG06256,10.000
SG06256,SG06257,11.000
SG06257,SG06258,4.000
SG06258,SG06259,5.000
SG06259,SG06260,6.000
SG06260,SG06261,7.000
SG06261,SG06262,8.000
SG06262,SG06263,9.000
SG06263,SG06264,10.000
SG06264,SG06265,11.000
SG06265,SG06266,4.000
SG06266,SG06267,5.000
SG06267,SG06268,6.000
SG06268,SG06269,7.000
SG06269,SG06270,8.000
SG06270,SG06271,9.000
SG06271,SG06272,10.000
SG06272,SG06273,11.000
SG06273,SG06274,4.000
SG06274,SG06275,5.000
SG06275,SG06276,6.000
SG06276,SG06277,7.000
SG06277,SG06278,8.000
SG06278,SG06279,9.000
SG06279,SG06280,10.000
SG06280,SG06281,11.000
SG06281,SG06282,4.000
SG06282,SG06283,5.000
SG06283,SG06284,6.000
SG06284,SG06285,7.000
SG06285,SG06286,8.000
SG06286,SG06287,9.000
SG06287,SG06288,10.000
SG06288,SG06289,11.000
SG06289,SG06290,4.000
SG06290,SG06291,5.000
SG06291,SG06292,6.000
SG06292,SG06293,7.000
SG06293,SG06294,8.000
SG06294,SG06295,9.000
SG06295,SG06296,10.000
SG06296,SG06297,11.000
SG06297,SG06298,4.000
SG06298,SG06299,5.000
SG06299,SG06300,6.000
SG06300,SG06301,7.000
SG06301,SG06302,8.000
SG06302,SG06303,9.000
SG06303,SG06304,10.000
SG06304,SG06305,11.000
SG06305,SG06306,4.000
SG06306,SG06307,5.000
SG06307,SG06308,6.000
SG06308,SG06309,7.000
SG06309,SG06310,8.000
SG06310,SG06311,9.000
SG06311,SG06312,10.000
SG06312,SG06313,11.000
SG06313,SG06314,4.000
SG06314,SG06315,5.000
SG06315,SG06316,6.000
SG06316,SG06317,7.000
SG06317,SG06318,8.000
SG06318,SG06319,9.000
SG06319,SG06320,10.000
SG06320,SG06321,11.000
SG06321,SG06322,4.000
SG06322,SG06323,5.000
SG06323,SG06324,6.000
SG06324,SG06325,7.000
SG06325,SG06326,8.000
SG06326,SG06327,9.000
SG06327,SG06328,10.000
SG06328,SG06329,11.000
SG06329,SG06330,4.000
SG06330,SG06331,5.000
SG06331,SG06332,6.000
SG06332,SG06333,7.000
SG06333,SG06334,8.000
SG06334,SG06335,9.000
SG06335,SG06336,10.000
SG06336,SG06337,11.000
SG06337,SG06338,4.000
SG06338,SG06339,5.000
SG06339,SG06340,6.000
SG06340,SG06341,7.000
SG06341,SG06342,8.000
SG06342,SG06343,9.000
SG06343,SG06344,10.000
SG06344,SG06345,11.000
SG06345,SG06346,4.000
SG06346,SG06347,5.000
SG06347,SG06348,6.000
SG06348,SG06349,7.000
SG06349,SG06350,8.000
SG06350,SG06351,9.000
SG06351,SG06352,10.000
SG06352,SG06353,11.000
SG06353,SG06354,4.000
SG06354,SG06355,5.000
SG06355,SG06356,6.000
SG06356,SG06357,7.000
SG06357,SG06358,8.000
SG06358,SG06359,9.000
SG06359,SG06360,10.000
SG06360,SG06361,11.000
SG06361,SG06362,4.000
SG06362,SG06363,5.000
SG06363,SG06364,6.000
SG06364,SG06365,7.000
SG06365,SG06366,8.000
SG06366,SG06367,9.000
SG06367,SG06368,10.000
SG06368,SG06369,11.000
SG06369,SG06370,4.000
SG06370,SG06371,5.000
SG06371,SG06372,6.000
SG06372,SG06373,7.000
SG06373,SG06374,8.000
SG06374,SG06375,9.000
SG06375,SG06376,10.000
SG06376,SG06377,11.000
SG06377,SG06378,4.000
SG06378,SG06379,5.000
SG06379,SG06380,6.000
SG06380,SG06381,7.000
SG06381,SG06382,8.000
SG06382,SG06383,9.000
SG06383,SG06384,10.000
SG06384,SG06385,11.000
SG06385,SG06386,4.000
SG06386,SG06387,5.000
SG06387,SG06388,6.000
SG06388,SG06389,7.000
SG06389,SG06390,8.000
SG06390,SG06391,9.000
SG06391,SG06392,10.000
SG06392,SG06393,11.000
SG06393,SG06394,4.000
SG06394,SG06395,5.000
SG06395,SG06396,6.000
SG06396,SG06397,7.000
SG06397,SG06398,8.000
SG06398,SG06399,9.000
SG06399,SG06400,10.000
SG06400,SG06401,11.000
SG06401,SG06402,4.000
SG06402,SG06403,5.000
SG06403,SG06404,6.000
SG06404,SG06405,7.000
SG06405,SG06406,8.000
SG06406,SG06407,9.000
SG06407,SG06408,10.000
SG06408,SG06409,11.000
SG06409,SG06410,4.000
SG06410,SG06411,5.000
SG06411,SG06412,6.000
SG06412,SG06413,7.000
SG06413,SG06414,8.000
SG06414,SG06415,9.000
SG06415,SG06416,10.000
SG06416,SG06417,11.000
SG06417,SG06418,4.000
SG06418,SG06419,5.000
SG06419,SG06420,6.000
SG06420,SG06421,7.000
SG06421,SG06422,8.000
SG06422,SG06423,9.000
SG06423,SG06424,10.000
SG06424,SG06425,11.000
SG06425,SG06426,4.000
SG06426,SG06427,5.000
SG06427,SG06428,6.000
SG06428,SG06429,7.000
SG06429,SG06430,8.000
SG06430,SG06431,9.000
SG06431,SG06432,10.000
SG06432,SG06433,11.000
SG06433,SG06434,4.000
SG06434,SG06435,5.000
SG06435,SG06436,6.000
SG06436,SG06437,7.000
SG06437,SG06438,8.000
SG06438,SG06439,9.000
SG06439,SG06440,10.000
SG06440,SG06441,11.000
SG06441,SG06442,4.000
SG06442,SG06443,5.000
SG06443,SG06444,6.000
SG06444,SG06445,7.000
SG06445,SG06446,8.000
SG06446,SG06447,9.000
SG06447,SG06448,10.000
SG06448,SG06449,11.000
SG06449,SG06450,4.000
SG06450,SG06451,5.000
SG06451,SG06452,6.000
SG06452,SG06453,7.000
SG06453,SG06454,8.000
SG06454,SG06455,9.000
SG06455,SG06456,10.000
SG06456,SG06457,11.000
SG06457,SG06458,4.000
SG06458,SG06459,5.000
SG06459,SG06460,6.000
SG06460,SG06461,7.000
SG06461,SG06462,8.000
SG06462,SG06463,9.000
SG06463,SG06464,10.000
SG06464,SG06465,11.000
SG06465,SG06466,4.000
SG06466,SG06467,5.000
SG06467,SG06468,6.000
SG06468,SG06469,7.000
SG06469,SG06470,8.000
SG06470,SG06471,9.000
SG06471,SG06472,10.000
SG06472,SG06473,11.000
SG06473,SG06474,4.000
SG06474,SG06475,5.000
SG06475,SG06476,6.000
SG06476,SG06477,7.000
SG06477,SG06478,8.000
SG06478,SG06479,9.000
SG06479,SG06480,10.000
SG06480,SG06481,11.000
SG06481,SG06482,4.000
SG06482,SG06483,5.000
SG06483,SG06484,6.000
SG06484,SG06485,7.000
SG06485,SG06486,8.000
SG06486,SG06487,9.000
SG06487,SG06488,10.000
SG06488,SG06489,11.000
SG06489,SG06490,4.000
SG06490,SG06491,5.000
SG06491,SG06492,6.000
SG06492,SG06493,7.000
SG06493,SG06494,8.000
SG06494,SG06495,9.000
SG06495,SG06496,10.000
SG06496,SG06497,11.000
SG06497,SG06498,4.000
SG06498,SG06499,5.000
SG06499,SG06500,6.000
SG06500,SG06501,7.000
SG06501,SG06502,8.000
SG06502,SG06503,9.000
SG06503,SG06504,10.000
SG06504,SG06505,11.000
SG06505,SG06506,4.000
SG06506,SG06507,5.000
SG06507,SG06508,6.000
SG06508,SG06509,7.000
SG06509,SG06510,8.000
SG06510,SG06511,9.000
SG06511,SG06512,10.000
SG06512,SG06513,11.000
SG06513,SG06514,4.000
SG06514,SG06515,5.000
SG06515,SG06516,6.000
SG06516,SG06517,7.000
SG06517,SG06518,8.000
SG06518,SG06519,9.000
SG06519,SG06520,10.000
SG06520,SG06521,11.000
SG06521,SG06522,4.000
SG06522,SG06523,5.000
SG06523,SG06524,6.000
SG06524,SG06525,7.000
SG06525,SG06526,8.000
SG06526,SG06527,9.000
SG06527,SG06528,10.000
SG06528,SG06529,11.000
SG06529,SG06530,4.000
SG06530,SG06531,5.000
SG06531,SG06532,6.000
SG06532,SG06533,7.000
SG06533,SG06534,8.000
SG06534,SG06535,9.000
SG06535,SG06536,10.000
SG06536,SG06537,11.000
SG06537,SG06538,4.000
SG06538,SG06539,5.000
SG06539,SG06540,6.000
SG06540,SG06541,7.000
SG06541,SG06542,8.000
SG06542,SG06543,9.000
SG06543,SG06544,10.000
SG06544,SG06545,11.000
SG06545,SG06546,4.000
SG06546,SG06547,5.000
SG06547,SG06548,6.000
SG06548,SG06549,7.000
SG06549,SG06550,8.000
SG06550,SG06551,9.000
SG06551,SG06552,10.000
SG06552,SG06553,11.000
SG06553,SG06554,4.000
SG06554,SG06555,5.000
SG06555,SG06556,6.000
SG06556,SG06557,7.000
SG06557,SG06558,8.000
SG06558,SG06559,9.000
SG06559,SG06560,10.000
SG06560,SG06561,11.000
SG06561,SG06562,4.000
SG06562,SG06563,5.000
SG06563,SG06564,6.000
SG06564,SG06565,7.000
SG06565,SG06566,8.000
SG06566,SG06567,9.000
SG06567,SG06568,10.000
SG06568,SG06569,11.000
SG06569,SG06570,4.000
SG06570,SG06571,5.000
SG06571,SG06572,6.000
SG06572,SG06573,7.000
SG06573,SG06574,8.000
SG06574,SG06575,9.000
SG06575,SG06576,10.000
SG06576,SG06577,11.000
SG06577,SG06578,4.000
SG06578,SG06579,5.000
SG06579,SG06580,6.000
SG06580,SG06581,7.000
SG06581,SG06582,8.000
SG06582,SG06583,9.000
SG06583,SG06584,10.000
SG06584,SG06585,11.000
SG06585,SG06586,4.000
SG06586,SG06587,5.000
SG06587,SG06588,6.000
SG06588,SG06589,7.000
SG06589,SG06590,8.000
SG06590,SG06591,9.000
SG06591,SG06592,10.000
SG06592,SG06593,11.000
SG06593,SG06594,4.000
SG06594,SG06595,5.000
SG06595,SG06596,6.000
SG06596,SG06597,7.000
SG06597,SG06598,8.000
SG06598,SG06599,9.000
SG06599,SG06600,10.000
SG06600,SG06601,11.000
SG06601,SG06602,4.000
SG06602,SG06603,5.000
SG06603,SG06604,6.000
SG06604,SG06605,7.000
SG06605,SG06606,8.000
SG06606,SG06607,9.000
SG06607,SG06608,10.000
SG06608,SG06609,11.000
SG06609,SG06610,4.000
SG06610,SG06611,5.000
SG06611,SG06612,6.000
SG06612,SG06613,7.000
SG06613,SG06614,8.000
SG06614,SG06615,9.000
SG06615,SG06616,10.000
SG06616,SG06617,11.000
SG06617,SG06618,4.000
SG06618,SG06619,5.000
SG06619,SG06620,6.000
SG06620,SG06621,7.000
SG06621,SG06622,8.000
SG06622,SG06623,9.000
SG06623,SG06624,10.000
SG06624,SG06625,11.000
SG06625,SG06626,4.000
SG06626,SG06627,5.000
SG06627,SG06628,6.000
SG06628,SG06629,7.000
SG06629,SG06630,8.000
SG06630,SG06631,9.000
SG06631,SG06632,10.000
SG06632,SG06633,11.000
SG06633,SG06634,4.000
SG06634,SG06635,5.000
SG06635,SG06636,6.000
SG06636,SG06637,7.000
SG06637,SG06638,8.000
SG06638,SG06639,9.000
SG06639,SG06640,10.000
SG06640,SG06641,11.000
SG06641,SG06642,4.000
SG06642,SG06643,5.000
SG06643,SG06644,6.000
SG06644,SG06645,7.000
SG06645,SG06646,8.000
SG06646,SG06647,9.000
SG06647,SG06648,10.000
SG06648,SG06649,11.000
SG06649,SG06650,4.000
SG06650,SG06651,5.000
SG06651,SG06652,6.000
SG06652,SG06653,7.000
SG06653,SG06654,8.000
SG06654,SG06655,9.000
SG06655,SG06656,10.000
SG06656,SG06657,11.000
SG06657,SG06658,4.000
SG06658,SG06659,5.000
SG06659,SG06660,6.000
SG06660,SG06661,7.000
SG06661,SG06662,8.000
SG06662,SG06663,9.000
SG06663,SG06664,10.000
SG06664,SG06665,11.000
SG06665,SG06666,4.000
SG06666,SG06667,5.000
SG06667,SG06668,6.000
SG06668,SG06669,7.000
SG06669,SG06670,8.000
SG06670,SG06671,9.000
SG06671,SG06672,10.000
SG06672,SG06673,11.000
SG06673,SG06674,4.000
SG06674,SG06675,5.000
SG06675,SG06676,6.000
SG06676,SG06677,7.000
SG06677,SG06678,8.000
SG06678,SG06679,9.000
SG06679,SG06680,10.000
SG06680,SG06681,11.000
SG06681,SG06682,4.000
SG06682,SG06683,5.000
SG06683,SG06684,6.000
SG06684,SG06685,7.000
SG06685,SG06686,8.000
SG06686,SG06687,9.000
SG06687,SG06688,10.000
SG06688,SG06689,11.000
SG06689,SG06690,4.000
SG06690,SG06691,5.000
SG06691,SG06692,6.000
SG06692,SG06693,7.000
SG06693,SG06694,8.000
SG06694,SG06695,9.000
SG06695,SG06696,10.000
SG06696,SG06697,11.000
SG06697,SG06698,4.000
SG06698,SG06699,5.000
SG06699,SG06700,6.000
SG06700,SG06701,7.000
SG06701,SG06702,8.000
SG06702,SG06703,9.000
SG06703,SG06704,10.000
SG06704,SG06705,11.000
SG06705,SG06706,4.000
SG06706,SG06707,5.000
SG06707,SG06708,6.000
SG06708,SG06709,7.000
SG06709,SG06710,8.000
SG06710,SG06711,9.000
SG06711,SG06712,10.000
SG06712,SG06713,11.000
SG06713,SG06714,4.000
SG06714,SG06715,5.000
SG06715,SG06716,6.000
SG06716,SG06717,7.000
SG06717,SG06718,8.000
SG06718,SG06719,9.000
SG06719,SG06720,10.000
SG06720,SG06721,11.000
SG06721,SG06722,4.000
SG06722,SG06723,5.000
SG06723,SG06724,6.000
SG06724,SG06725,7.000
SG06725,SG06726,8.000
SG06726,SG06727,9.000
SG06727,SG06728,10.000
SG06728,SG06729,11.000
SG06729,SG06730,4.000
SG06730,SG06731,5.000
SG06731,SG06732,6.000
SG06732,SG06733,7.000
SG06733,SG06734,8.000
SG06734,SG06735,9.000
SG06735,SG06736,10.000
SG06736,SG06737,11.000
SG06737,SG06738,4.000
SG06738,SG06739,5.000
SG06739,SG06740,6.000
SG06740,SG06741,7.000
SG06741,SG06742,8.000
SG06742,SG06743,9.000
SG06743,SG06744,10.000
SG06744,SG06745,11.000
SG06745,SG06746,4.000
SG06746,SG06747,5.000
SG06747,SG06748,6.000
SG06748,SG06749,7.000
SG06749,SG06750,8.000
SG06750,SG06751,9.000
SG06751,SG06752,10.000
SG06752,SG06753,11.000
SG06753,SG06754,4.000
SG06754,SG06755,5.000
SG06755,SG06756,6.000
SG06756,SG06757,7.000
SG06757,SG06758,8.000
SG06758,SG06759,9.000
SG06759,SG06760,10.000
SG06760,SG06761,11.000
SG06761,SG06762,4.000
SG06762,SG06763,5.000
SG06763,SG06764,6.000
SG06764,SG06765,7.000
SG06765,SG06766,8.000
SG06766,SG06767,9.000
SG06767,SG06768,10.000
SG06768,SG06769,11.000
SG06769,SG06770,4.000
SG06770,SG06771,5.000
SG06771,SG06772,6.000
SG06772,SG06773,7.000
SG06773,SG06774,8.000
SG06774,SG06775,9.000
SG06775,SG06776,10.000
SG06776,SG06777,11.000
SG06777,SG06778,4.000
SG06778,SG06779,5.000
SG06779,SG06780,6.000
SG06780,SG06781,7.000
SG06781,SG06782,8.000
SG06782,SG06783,9.000
SG06783,SG06784,10.000
SG06784,SG06785,11.000
SG06785,SG06786,4.000
SG06786,SG06787,5.000
SG06787,SG06788,6.000
SG06788,SG06789,7.000
SG06789,SG06790,8.000
SG06790,SG06791,9.000
SG06791,SG06792,10.000
SG06792,SG06793,11.000
SG06793,SG06794,4.000
SG06794,SG06795,5.000
SG06795,SG06796,6.000
SG06796,SG06797,7.000
SG06797,SG06798,8.000
SG06798,SG06799,9.000
SG06799,SG06800,10.000
SG06800,SG06801,11.000
SG06801,SG06802,4.000
SG06802,SG06803,5.000
SG06803,SG06804,6.000
SG06804,SG06805,7.000
SG06805,SG06806,8.000
SG06806,SG06807,9.000
SG06807,SG06808,10.000
SG06808,SG06809,11.000
SG06809,SG06810,4.000
SG06810,SG06811,5.000
SG06811,SG06812,6.000
SG06812,SG06813,7.000
SG06813,SG06814,8.000
SG06814,SG06815,9.000
SG06815,SG06816,10.000
SG06816,SG06817,11.000
SG06817,SG06818,4.000
SG06818,SG06819,5.000
SG06819,SG06820,6.000
SG06820,SG06821,7.000
SG06821,SG06822,8.000
SG06822,SG06823,9.000
SG06823,SG06824,10.000
SG06824,SG06825,11.000
SG06825,SG06826,4.000
SG06826,SG06827,5.000
SG06827,SG06828,6.000
SG06828,SG06829,7.000
SG06829,SG06830,8.000
SG06830,SG06831,9.000
SG06831,SG06832,10.000
SG06832,SG06833,11.000
SG06833,SG06834,4.000
SG06834,SG06835,5.000
SG06835,SG06836,6.000
SG06836,SG06837,7.000
SG06837,SG06838,8.000
SG06838,SG06839,9.000
SG06839,SG06840,10.000
SG06840,SG06841,11.000
SG06841,SG06842,4.000
SG06842,SG06843,5.000
SG06843,SG06844,6.000
SG06844,SG06845,7.000
SG06845,SG06846,8.000
SG06846,SG06847,9.000
SG06847,SG06848,10.000
SG06848,SG06849,11.000
SG06849,SG06850,4.000
SG06850,SG06851,5.000
SG06851,SG06852,6.000
SG06852,SG06853,7.000
SG06853,SG06854,8.000
SG06854,SG06855,9.000
SG06855,SG06856,10.000
SG06856,SG06857,11.000
SG06857,SG06858,4.000
SG06858,SG06859,5.000
SG06859,SG06860,6.000
SG06860,SG06861,7.000
SG06861,SG06862,8.000
SG06862,SG06863,9.000
SG06863,SG06864,10.000
SG06864,SG06865,11.000
SG06865,SG06866,4.000
SG06866,SG06867,5.000
SG06867,SG06868,6.000
SG06868,SG06869,7.000
SG06869,SG06870,8.000
SG06870,SG06871,9.000
SG06871,SG06872,10.000
SG06872,SG06873,11.000
SG06873,SG06874,4.000
SG06874,SG06875,5.000
SG06875,SG06876,6.000
SG06876,SG06877,7.000
SG06877,SG06878,8.000
SG06878,SG06879,9.000
SG06879,SG06880,10.000
SG06880,SG06881,11.000
SG06881,SG06882,4.000
SG06882,SG06883,5.000
SG06883,SG06884,6.000
SG06884,SG06885,7.000
SG06885,SG06886,8.000
SG06886,SG06887,9.000
SG06887,SG06888,10.000
SG06888,SG06889,11.000
SG06889,SG06890,4.000
SG06890,SG06891,5.000
SG06891,SG06892,6.000
SG06892,SG06893,7.000
SG06893,SG06894,8.000
SG06894,SG06895,9.000
SG06895,SG06896,10.000
SG06896,SG06897,11.000
SG06897,SG06898,4.000
SG06898,SG06899,5.000
SG06899,SG06900,6.000
SG06900,SG06901,7.000
SG06901,SG06902,8.000
SG06902,SG06903,9.000
SG06903,SG06904,10.000
SG06904,SG06905,11.000
SG06905,SG06906,4.000
SG06906,SG06907,5.000
SG06907,SG06908,6.000
SG06908,SG06909,7.000
SG06909,SG06910,8.000
SG06910,SG06911,9.000
SG06911,SG06912,10.000
SG06912,SG06913,11.000
SG06913,SG06914,4.000
SG06914,SG06915,5.000
SG06915,SG06916,6.000
SG06916,SG06917,7.000
SG06917,SG06918,8.000
SG06918,SG06919,9.000
SG06919,SG06920,10.000
SG06920,SG06921,11.000
SG06921,SG06922,4.000
SG06922,SG06923,5.000
SG06923,SG06924,6.000
SG06924,SG06925,7.000
SG06925,SG06926,8.000
SG06926,SG06927,9.000
SG06927,SG06928,10.000
SG06928,SG06929,11.000
SG06929,SG06930,4.000
SG06930,SG06931,5.000
SG06931,SG06932,6.000
SG06932,SG06933,7.000
SG06933,SG06934,8.000
SG06934,SG06935,9.000
SG06935,SG06936,10.000
SG06936,SG06937,11.000
SG06937,SG06938,4.000
SG06938,SG06939,5.000
SG06939,SG06940,6.000
SG06940,SG06941,7.000
SG06941,SG06942,8.000
SG06942,SG06943,9.000
SG06943,SG06944,10.000
SG06944,SG06945,11.000
SG06945,SG06946,4.000
SG06946,SG06947,5.000
SG06947,SG06948,6.000
SG06948,SG06949,7.000
SG06949,SG06950,8.000
SG06950,SG06951,9.000
SG06951,SG06952,10.000
SG06952,SG06953,11.000
SG06953,SG06954,4.000
SG06954,SG06955,5.000
SG06955,SG06956,6.000
SG06956,SG06957,7.000
SG06957,SG06958,8.000
SG06958,SG06959,9.000
SG06959,SG06960,10.000
SG06960,SG06961,11.000
SG06961,SG06962,4.000
SG06962,SG06963,5.000
SG06963,SG06964,6.000
SG06964,SG06965,7.000
SG06965,SG06966,8.000
SG06966,SG06967,9.000
SG06967,SG06968,10.000
SG06968,SG06969,11.000
SG06969,SG06970,4.000
SG06970,SG06971,5.000
SG06971,SG06972,6.000
SG06972,SG06973,7.000
SG06973,SG06974,8.000
SG06974,SG06975,9.000
SG06975,SG06976,10.000
SG06976,SG06977,11.000
SG06977,SG06978,4.000
SG06978,SG06979,5.000
SG06979,SG06980,6.000
SG06980,SG06981,7.000
SG06981,SG06982,8.000
SG06982,SG06983,9.000
SG06983,SG06984,10.000
SG06984,SG06985,11.000
SG06985,SG06986,4.000
SG06986,SG06987,5.000
SG06987,SG06988,6.000
SG06988,SG06989,7.000
SG06989,SG06990,8.000
SG06990,SG06991,9.000
SG06991,SG06992,10.000
SG06992,SG06993,11.000
SG06993,SG06994,4.000
SG06994,SG06995,5.000
SG06995,SG06996,6.000
SG06996,SG06997,7.000
SG06997,SG06998,8.000
SG06998,SG06999,9.000
SG06999,SG07000,10.000
SG07000,SG07001,11.000
SG07001,SG07002,4.000
SG07002,SG07003,5.000
SG07003,SG07004,6.000
SG07004,SG07005,7.000
SG07005,SG07006,8.000
SG07006,SG07007,9.000
SG07007,SG07008,10.000
SG07008,SG07009,11.000
SG07009,SG07010,4.000
SG07010,SG07011,5.000
SG07011,SG07012,6.000
SG07012,SG07013,7.000
SG07013,SG07014,8.000
SG07014,SG07015,9.000
SG07015,SG07016,10.000
SG07016,SG07017,11.000
SG07017,SG07018,4.000
SG07018,SG07019,5.000
SG07019,SG07020,6.000
SG07020,SG07021,7.000
SG07021,SG07022,8.000
SG07022,SG07023,9.000
SG07023,SG07024,10.000
SG07024,SG07025,11.000
SG07025,SG07026,4.000
SG07026,SG07027,5.000
SG07027,SG07028,6.000
SG07028,SG07029,7.000
SG07029,SG07030,8.000
SG07030,SG07031,9.000
SG07031,SG07032,10.000
SG07032,SG07033,11.000
SG07033,SG07034,4.000
SG07034,SG07035,5.000
SG07035,SG07036,6.000
SG07036,SG07037,7.000
SG07037,SG07038,8.000
SG07038,SG07039,9.000
SG07039,SG07040,10.000
SG07040,SG07041,11.000
SG07041,SG07042,4.000
SG07042,SG07043,5.000
SG07043,SG07044,6.000
SG07044,SG07045,7.000
SG07045,SG07046,8.000
SG07046,SG07047,9.000
SG07047,SG07048,10.000
SG07048,SG07049,11.000
SG07049,SG07050,4.000
SG07050,SG07051,5.000
SG07051,SG07052,6.000
SG07052,SG07053,7.000
SG07053,SG07054,8.000
SG07054,SG07055,9.000
SG07055,SG07056,10.000
SG07056,SG07057,11.000
SG07057,SG07058,4.000
SG07058,SG07059,5.000
SG07059,SG07060,6.000
SG07060,SG07061,7.000
SG07061,SG07062,8.000
SG07062,SG07063,9.000
SG07063,SG07064,10.000
SG07064,SG07065,11.000
SG07065,SG07066,4.000
SG07066,SG07067,5.000
SG07067,SG07068,6.000
SG07068,SG07069,7.000
SG07069,SG07070,8.000
SG07070,SG07071,9.000
SG07071,SG07072,10.000
SG07072,SG07073,11.000
SG07073,SG07074,4.000
SG07074,SG07075,5.000
SG07075,SG07076,6.000
SG07076,SG07077,7.000
SG07077,SG07078,8.000
SG07078,SG07079,9.000
SG07079,SG07080,10.000
SG07080,SG07081,11.000
SG07081,SG07082,4.000
SG07082,SG07083,5.000
SG07083,SG07084,6.000
SG07084,SG07085,7.000
SG07085,SG07086,8.000
SG07086,SG07087,9.000
SG07087,SG07088,10.000
SG07088,SG07089,11.000
SG07089,SG07090,4.000
SG07090,SG07091,5.000
SG07091,SG07092,6.000
SG07092,SG07093,7.000
SG07093,SG07094,8.000
SG07094,SG07095,9.000
SG07095,SG07096,10.000
SG07096,SG07097,11.000
SG07097,SG07098,4.000
SG07098,SG07099,5.000
SG07099,SG07100,6.000
SG07100,SG07101,7.000
SG07101,SG07102,8.000
SG07102,SG07103,9.000
SG07103,SG07104,10.000
SG07104,SG07105,11.000
SG07105,SG07106,4.000
SG07106,SG07107,5.000
SG07107,SG07108,6.000
SG07108,SG07109,7.000
SG07109,SG07110,8.000
SG07110,SG07111,9.000
SG07111,SG07112,10.000
SG07112,SG07113,11.000
SG07113,SG07114,4.000
SG07114,SG07115,5.000
SG07115,SG07116,6.000
SG07116,SG07117,7.000
SG07117,SG07118,8.000
SG07118,SG07119,9.000
SG07119,SG07120,10.000
SG07120,SG07121,11.000
SG07121,SG07122,4.000
SG07122,SG07123,5.000
SG07123,SG07124,6.000
SG07124,SG07125,7.000
SG07125,SG07126,8.000
SG07126,SG07127,9.000
SG07127,SG07128,10.000
SG07128,SG07129,11.000
SG07129,SG07130,4.000
SG07130,SG07131,5.000
SG07131,SG07132,6.000
SG07132,SG07133,7.000
SG07133,SG07134,8.000
SG07134,SG07135,9.000
SG07135,SG07136,10.000
SG07136,SG07137,11.000
SG07137,SG07138,4.000
SG07138,SG07139,5.000
SG07139,SG07140,6.000
SG07140,SG07141,7.000
SG07141,SG07142,8.000
SG07142,SG07143,9.000
SG07143,SG07144,10.000
SG07144,SG07145,11.000
SG07145,SG07146,4.000
SG07146,SG07147,5.000
SG07147,SG07148,6.000
SG07148,SG07149,7.000
SG07149,SG07150,8.000
SG07150,SG07151,9.000
SG07151,SG07152,10.000
SG07152,SG07153,11.000
SG07153,SG07154,4.000
SG07154,SG07155,5.000
SG07155,SG07156,6.000
SG07156,SG07157,7.000
SG07157,SG07158,8.000
SG07158,SG07159,9.000
SG07159,SG07160,10.000
SG07160,SG07161,11.000
SG07161,SG07162,4.000
SG07162,SG07163,5.000
SG07163,SG07164,6.000
SG07164,SG07165,7.000
SG07165,SG07166,8.000
SG07166,SG07167,9.000
SG07167,SG07168,10.000
SG07168,SG07169,11.000
SG07169,SG07170,4.000
SG07170,SG07171,5.000
SG07171,SG07172,6.000
SG07172,SG07173,7.000
SG07173,SG07174,8.000
SG07174,SG07175,9.000
SG07175,SG07176,10.000
SG07176,SG07177,11.000
SG07177,SG07178,4.000
SG07178,SG07179,5.000
SG07179,SG07180,6.000
SG07180,SG07181,7.000
SG07181,SG07182,8.000
SG07182,SG07183,9.000
SG07183,SG07184,10.000
SG07184,SG07185,11.000
SG07185,SG07186,4.000
SG07186,SG07187,5.000
SG07187,SG07188,6.000
SG07188,SG07189,7.000
SG07189,SG07190,8.000
SG07190,SG07191,9.000
SG07191,SG07192,10.000
SG07192,SG07193,11.000
SG07193,SG07194,4.000
SG07194,SG07195,5.000
SG07195,SG07196,6.000
SG07196,SG07197,7.000
SG07197,SG07198,8.000
SG07198,SG07199,9.000
SG07199,SG07200,10.000
SG07200,SG07201,11.000
SG07201,SG07202,4.000
SG07202,SG07203,5.000
SG07203,SG07204,6.000
SG07204,SG07205,7.000
SG07205,SG07206,8.000
SG07206,SG07207,9.000
SG07207,SG07208,10.000
SG07208,SG07209,11.000
SG07209,SG07210,4.000
SG07210,SG07211,5.000
SG07211,SG07212,6.000
SG07212,SG07213,7.000
SG07213,SG07214,8.000
SG07214,SG07215,9.000
SG07215,SG07216,10.000
SG07216,SG07217,11.000
SG07217,SG07218,4.000
SG07218,SG07219,5.000
SG07219,SG07220,6.000
SG07220,SG07221,7.000
SG07221,SG07222,8.000
SG07222,SG07223,9.000
SG07223,SG07224,10.000
SG07224,SG07225,11.000
SG07225,SG07226,4.000
SG07226,SG07227,5.000
SG07227,SG07228,6.000
SG07228,SG07229,7.000
SG07229,SG07230,8.000
SG07230,SG07231,9.000
SG07231,SG07232,10.000
SG07232,SG07233,11.000
SG07233,SG07234,4.000
SG07234,SG07235,5.000
SG07235,SG07236,6.000
SG07236,SG07237,7.000
SG07237,SG07238,8.000
SG07238,SG07239,9.000
SG07239,SG07240,10.000
SG07240,SG07241,11.000
SG07241,SG07242,4.000
SG07242,SG07243,5.000
SG07243,SG07244,6.000
SG07244,SG07245,7.000
SG07245,SG07246,8.000
SG07246,SG07247,9.000
SG07247,SG07248,10.000
SG07248,SG07249,11.000
SG07249,SG07250,4.000
SG07250,SG07251,5.000
SG07251,SG07252,6.000
SG07252,SG07253,7.000
SG07253,SG07254,8.000
SG07254,SG07255,9.000
SG07255,SG07256,10.000
SG07256,SG07257,11.000
SG07257,SG07258,4.000
SG07258,SG07259,5.000
SG07259,SG07260,6.000
SG07260,SG07261,7.000
SG07261,SG07262,8.000
SG07262,SG07263,9.000
SG07263,SG07264,10.000
SG07264,SG07265,11.000
SG07265,SG07266,4.000
SG07266,SG07267,5.000
SG07267,SG07268,6.000
SG07268,SG07269,7.000
SG07269,SG07270,8.000
SG07270,SG07271,9.000
SG07271,SG07272,10.000
SG07272,SG07273,11.000
SG07273,SG07274,4.000
SG07274,SG07275,5.000
SG07275,SG07276,6.000
SG07276,SG07277,7.000
SG07277,SG07278,8.000
SG07278,SG07279,9.000
SG07279,SG07280,10.000
SG07280,SG07281,11.000
SG07281,SG07282,4.000
SG07282,SG07283,5.000
SG07283,SG07284,6.000
SG07284,SG07285,7.000
SG07285,SG07286,8.000
SG07286,SG07287,9.000
SG07287,SG07288,10.000
SG07288,SG07289,11.000
SG07289,SG07290,4.000
SG07290,SG07291,5.000
SG07291,SG07292,6.000
SG07292,SG07293,7.000
SG07293,SG07294,8.000
SG07294,SG07295,9.000
SG07295,SG07296,10.000
SG07296,SG07297,11.000
SG07297,SG07298,4.000
SG07298,SG07299,5.000
SG07299,SG07300,6.000
SG07300,SG07301,7.000
SG07301,SG07302,8.000
SG07302,SG07303,9.000
SG07303,SG07304,10.000
SG07304,SG07305,11.000
SG07305,SG07306,4.000
SG07306,SG07307,5.000
SG07307,SG07308,6.000
SG07308,SG07309,7.000
SG07309,SG07310,8.000
SG07310,SG07311,9.000
SG07311,SG07312,10.000
SG07312,SG07313,11.000
SG07313,SG07314,4.000
SG07314,SG07315,5.000
SG07315,SG07316,6.000
SG07316,SG07317,7.000
SG07317,SG07318,8.000
SG07318,SG07319,9.000
SG07319,SG07320,10.000
SG07320,SG07321,11.000
SG07321,SG07322,4.000
SG07322,SG07323,5.000
SG07323,SG07324,6.000
SG07324,SG07325,7.000
SG07325,SG07326,8.000
SG07326,SG07327,9.000
SG07327,SG07328,10.000
SG07328,SG07329,11.000
SG07329,SG07330,4.000
SG07330,SG07331,5.000
SG07331,SG07332,6.000
SG07332,SG07333,7.000
SG07333,SG07334,8.000
SG07334,SG07335,9.000
SG07335,SG07336,10.000
SG07336,SG07337,11.000
SG07337,SG07338,4.000
SG07338,SG07339,5.000
SG07339,SG07340,6.000
SG07340,SG07341,7.000
SG07341,SG07342,8.000
SG07342,SG07343,9.000
SG07343,SG07344,10.000
SG07344,SG07345,11.000
SG07345,SG07346,4.000
SG07346,SG07347,5.000
SG07347,SG07348,6.000
SG07348,SG07349,7.000
SG07349,SG07350,8.000
SG07350,SG07351,9.000
SG07351,SG07352,10.000
SG07352,SG07353,11.000
SG07353,SG07354,4.000
SG07354,SG07355,5.000
SG07355,SG07356,6.000
SG07356,SG07357,7.000
SG07357,SG07358,8.000
SG07358,SG07359,9.000
SG07359,SG07360,10.000
SG07360,SG07361,11.000
SG07361,SG07362,4.000
SG07362,SG07363,5.000
SG07363,SG07364,6.000
SG07364,SG07365,7.000
SG07365,SG07366,8.000
SG07366,SG07367,9.000
SG07367,SG07368,10.000
SG07368,SG07369,11.000
SG07369,SG07370,4.000
SG07370,SG07371,5.000
SG07371,SG07372,6.000
SG07372,SG07373,7.000
SG07373,SG07374,8.000
SG07374,SG07375,9.000
SG07375,SG07376,10.000
SG07376,SG07377,11.000
SG07377,SG07378,4.000
SG07378,SG07379,5.000
SG07379,SG07380,6.000
SG07380,SG07381,7.000
SG07381,SG07382,8.000
SG07382,SG07383,9.000
SG07383,SG07384,10.000
SG07384,SG07385,11.000
SG07385,SG07386,4.000
SG07386,SG07387,5.000
SG07387,SG07388,6.000
SG07388,SG07389,7.000
SG07389,SG07390,8.000
SG07390,SG07391,9.000
SG07391,SG07392,10.000
SG07392,SG07393,11.000
SG07393,SG07394,4.000
SG07394,SG07395,5.000
SG07395,SG07396,6.000
SG07396,SG07397,7.000
SG07397,SG07398,8.000
SG07398,SG07399,9.000
SG07399,SG07400,10.000
SG07400,SG07401,11.000
SG07401,SG07402,4.000
SG07402,SG07403,5.000
SG07403,SG07404,6.000
SG07404,SG07405,7.000
SG07405,SG07406,8.000
SG07406,SG07407,9.000
SG07407,SG07408,10.000
SG07408,SG07409,11.000
SG07409,SG07410,4.000
SG07410,SG07411,5.000
SG07411,SG07412,6.000
SG07412,SG07413,7.000
SG07413,SG07414,8.000
SG07414,SG07415,9.000
SG07415,SG07416,10.000
SG07416,SG07417,11.000
SG07417,SG07418,4.000
SG07418,SG07419,5.000
SG07419,SG07420,6.000
SG07420,SG07421,7.000
SG07421,SG07422,8.000
SG07422,SG07423,9.000
SG07423,SG07424,10.000
SG07424,SG07425,11.000
SG07425,SG07426,4.000
SG07426,SG07427,5.000
SG07427,SG07428,6.000
SG07428,SG07429,7.000
SG07429,SG07430,8.000
SG07430,SG07431,9.000
SG07431,SG07432,10.000
SG07432,SG07433,11.000
SG07433,SG07434,4.000
SG07434,SG07435,5.000
SG07435,SG07436,6.000
SG07436,SG07437,7.000
SG07437,SG07438,8.000
SG07438,SG07439,9.000
SG07439,SG07440,10.000
SG07440,SG07441,11.000
SG07441,SG07442,4.000
SG07442,SG07443,5.000
SG07443,SG07444,6.000
SG07444,SG07445,7.000
SG07445,SG07446,8.000
SG07446,SG07447,9.000
SG07447,SG07448,10.000
SG07448,SG07449,11.000
SG07449,SG07450,4.000
SG07450,SG07451,5.000
SG07451,SG07452,6.000
SG07452,SG07453,7.000
SG07453,SG07454,8.000
SG07454,SG07455,9.000
SG07455,SG07456,10.000
SG07456,SG07457,11.000
SG07457,SG07458,4.000
SG07458,SG07459,5.000
SG07459,SG07460,6.000
SG07460,SG07461,7.000
SG07461,SG07462,8.000
SG07462,SG07463,9.000
SG07463,SG07464,10.000
SG07464,SG07465,11.000
SG07465,SG07466,4.000
SG07466,SG07467,5.000
SG07467,SG07468,6.000
SG07468,SG07469,7.000
SG07469,SG07470,8.000
SG07470,SG07471,9.000
SG07471,SG07472,10.000
SG07472,SG07473,11.000
SG07473,SG07474,4.000
SG07474,SG07475,5.000
SG07475,SG07476,6.000
SG07476,SG07477,7.000
SG07477,SG07478,8.000
SG07478,SG07479,9.000
SG07479,SG07480,10.000
SG07480,SG07481,11.000
SG07481,SG07482,4.000
SG07482,SG07483,5.000
SG07483,SG07484,6.000
SG07484,SG07485,7.000
SG07485,SG07486,8.000
SG07486,SG07487,9.000
SG07487,SG07488,10.000
SG07488,SG07489,11.000
SG07489,SG07490,4.000
SG07490,SG07491,5.000
SG07491,SG07492,6.000
SG07492,SG07493,7.000
SG07493,SG07494,8.000
SG07494,SG07495,9.000
SG07495,SG07496,10.000
SG07496,SG07497,11.000
SG07497,SG07498,4.000
SG07498,SG07499,5.000
SG07499,SG07500,6.000
SG07500,SG07501,7.000
SG07501,SG07502,8.000
SG07502,SG07503,9.000
SG07503,SG07504,10.000
SG07504,SG07505,11.000
SG07505,SG07506,4.000
SG07506,SG07507,5.000
SG07507,SG07508,6.000
SG07508,SG07509,7.000
SG07509,SG07510,8.000
SG07510,SG07511,9.000
SG07511,SG07512,10.000
SG07512,SG07513,11.000
SG07513,SG07514,4.000
SG07514,SG07515,5.000
SG07515,SG07516,6.000
SG07516,SG07517,7.000
SG07517,SG07518,8.000
SG07518,SG07519,9.000
SG07519,SG07520,10.000
SG07520,SG07521,11.000
SG07521,SG07522,4.000
SG07522,SG07523,5.000
SG07523,SG07524,6.000
SG07524,SG07525,7.000
SG07525,SG07526,8.000
SG07526,SG07527,9.000
SG07527,SG07528,10.000
SG07528,SG07529,11.000
SG07529,SG07530,4.000
SG07530,SG07531,5.000
SG07531,SG07532,6.000
SG07532,SG07533,7.000
SG07533,SG07534,8.000
SG07534,SG07535,9.000
SG07535,SG07536,10.000
SG07536,SG07537,11.000
SG07537,SG07538,4.000
SG07538,SG07539,5.000
SG07539,SG07540,6.000
SG07540,SG07541,7.000
SG07541,SG07542,8.000
SG07542,SG07543,9.000
SG07543,SG07544,10.000
SG07544,SG07545,11.000
SG07545,SG07546,4.000
SG07546,SG07547,5.000
SG07547,SG07548,6.000
SG07548,SG07549,7.000
SG07549,SG07550,8.000
SG07550,SG07551,9.000
SG07551,SG07552,10.000
SG07552,SG07553,11.000
SG07553,SG07554,4.000
SG07554,SG07555,5.000
SG07555,SG07556,6.000
SG07556,SG07557,7.000
SG07557,SG07558,8.000
SG07558,SG07559,9.000
SG07559,SG07560,10.000
SG07560,SG07561,11.000
SG07561,SG07562,4.000
SG07562,SG07563,5.000
SG07563,SG07564,6.000
SG07564,SG07565,7.000
SG07565,SG07566,8.000
SG07566,SG07567,9.000
SG07567,SG07568,10.000
SG07568,SG07569,11.000
SG07569,SG07570,4.000
SG07570,SG07571,5.000
SG07571,SG07572,6.000
SG07572,SG07573,7.000
SG07573,SG07574,8.000
SG07574,SG07575,9.000
SG07575,SG07576,10.000
SG07576,SG07577,11.000
SG07577,SG07578,4.000
SG07578,SG07579,5.000
SG07579,SG07580,6.000
SG07580,SG07581,7.000
SG07581,SG07582,8.000
SG07582,SG07583,9.000
SG07583,SG07584,10.000
SG07584,SG07585,11.000
SG07585,SG07586,4.000
SG07586,SG07587,5.000
SG07587,SG07588,6.000
SG07588,SG07589,7.000
SG07589,SG07590,8.000
SG07590,SG07591,9.000
SG07591,SG07592,10.000
SG07592,SG07593,11.000
SG07593,SG07594,4.000
SG07594,SG07595,5.000
SG07595,SG07596,6.000
SG07596,SG07597,7.000
SG07597,SG07598,8.000
SG07598,SG07599,9.000
SG07599,SG07600,10.000
SG07600,SG07601,11.000
SG07601,SG07602,4.000
SG07602,SG07603,5.000
SG07603,SG07604,6.000
SG07604,SG07605,7.000
SG07605,SG07606,8.000
SG07606,SG07607,9.000
SG07607,SG07608,10.000
SG07608,SG07609,11.000
SG07609,SG07610,4.000
SG07610,SG07611,5.000
SG07611,SG07612,6.000
SG07612,SG07613,7.000
SG07613,SG07614,8.000
SG07614,SG07615,9.000
SG07615,SG07616,10.000
SG07616,SG07617,11.000
SG07617,SG07618,4.000
SG07618,SG07619,5.000
SG07619,SG07620,6.000
SG07620,SG07621,7.000
SG07621,SG07622,8.000
SG07622,SG07623,9.000
SG07623,SG07624,10.000
SG07624,SG07625,11.000
SG07625,SG07626,4.000
SG07626,SG07627,5.000
SG07627,SG07628,6.000
SG07628,SG07629,7.000
SG07629,SG07630,8.000
SG07630,SG07631,9.000
SG07631,SG07632,10.000
SG07632,SG07633,11.000
SG07633,SG07634,4.000
SG07634,SG07635,5.000
SG07635,SG07636,6.000
SG07636,SG07637,7.000
SG07637,SG07638,8.000
SG07638,SG07639,9.000
SG07639,SG07640,10.000
SG07640,SG07641,11.000
SG07641,SG07642,4.000
SG07642,SG07643,5.000
SG07643,SG07644,6.000
SG07644,SG07645,7.000
SG07645,SG07646,8.000
SG07646,SG07647,9.000
SG07647,SG07648,10.000
SG07648,SG07649,11.000
SG07649,SG07650,4.000
SG07650,SG07651,5.000
SG07651,SG07652,6.000
SG07652,SG07653,7.000
SG07653,SG07654,8.000
SG07654,SG07655,9.000
SG07655,SG07656,10.000
SG07656,SG07657,11.000
SG07657,SG07658,4.000
SG07658,SG07659,5.000
SG07659,SG07660,6.000
SG07660,SG07661,7.000
SG07661,SG07662,8.000
SG07662,SG07663,9.000
SG07663,SG07664,10.000
SG07664,SG07665,11.000
SG07665,SG07666,4.000
SG07666,SG07667,5.000
SG07667,SG07668,6.000
SG07668,SG07669,7.000
SG07669,SG07670,8.000
SG07670,SG07671,9.000
SG07671,SG07672,10.000
SG07672,SG07673,11.000
SG07673,SG07674,4.000
SG07674,SG07675,5.000
SG07675,SG07676,6.000
SG07676,SG07677,7.000
SG07677,SG07678,8.000
SG07678,SG07679,9.000
SG07679,SG07680,10.000
SG07680,SG07681,11.000
SG07681,SG07682,4.000
SG07682,SG07683,5.000
SG07683,SG07684,6.000
SG07684,SG07685,7.000
SG07685,SG07686,8.000
SG07686,SG07687,9.000
SG07687,SG07688,10.000
SG07688,SG07689,11.000
SG07689,SG07690,4.000
SG07690,SG07691,5.000
SG07691,SG07692,6.000
SG07692,SG07693,7.000
SG07693,SG07694,8.000
SG07694,SG07695,9.000
SG07695,SG07696,10.000
SG07696,SG07697,11.000
SG07697,SG07698,4.000
SG07698,SG07699,5.000
SG07699,SG07700,6.000
SG07700,SG07701,7.000
SG07701,SG07702,8.000
SG07702,SG07703,9.000
SG07703,SG07704,10.000
SG07704,SG07705,11.000
SG07705,SG07706,4.000
SG07706,SG07707,5.000
SG07707,SG07708,6.000
SG07708,SG07709,7.000
SG07709,SG07710,8.000
SG07710,SG07711,9.000
SG07711,SG07712,10.000
SG07712,SG07713,11.000
SG07713,SG07714,4.000
SG07714,SG07715,5.000
SG07715,SG07716,6.000
SG07716,SG07717,7.000
SG07717,SG07718,8.000
SG07718,SG07719,9.000
SG07719,SG07720,10.000
SG07720,SG07721,11.000
SG07721,SG07722,4.000
SG07722,SG07723,5.000
SG07723,SG07724,6.000
SG07724,SG07725,7.000
SG07725,SG07726,8.000
SG07726,SG07727,9.000
SG07727,SG07728,10.000
SG07728,SG07729,11.000
SG07729,SG07730,4.000
SG07730,SG07731,5.000
SG07731,SG07732,6.000
SG07732,SG07733,7.000
SG07733,SG07734,8.000
SG07734,SG07735,9.000
SG07735,SG07736,10.000
SG07736,SG07737,11.000
SG07737,SG07738,4.000
SG07738,SG07739,5.000
SG07739,SG07740,6.000
SG07740,SG07741,7.000
SG07741,SG07742,8.000
SG07742,SG07743,9.000
SG07743,SG07744,10.000
SG07744,SG07745,11.000
SG07745,SG07746,4.000
SG07746,SG07747,5.000
SG07747,SG07748,6.000
SG07748,SG07749,7.000
SG07749,SG07750,8.000
SG07750,SG07751,9.000
SG07751,SG07752,10.000
SG07752,SG07753,11.000
SG07753,SG07754,4.000
SG07754,SG07755,5.000
SG07755,SG07756,6.000
SG07756,SG07757,7.000
SG07757,SG07758,8.000
SG07758,SG07759,9.000
SG07759,SG07760,10.000
SG07760,SG07761,11.000
SG07761,SG07762,4.000
SG07762,SG07763,5.000
SG07763,SG07764,6.000
SG07764,SG07765,7.000
SG07765,SG07766,8.000
SG07766,SG07767,9.000
SG07767,SG07768,10.000
SG07768,SG07769,11.000
SG07769,SG07770,4.000
SG07770,SG07771,5.000
SG07771,SG07772,6.000
SG07772,SG07773,7.000
SG07773,SG07774,8.000
SG07774,SG07775,9.000
SG07775,SG07776,10.000
SG07776,SG07777,11.000
SG07777,SG07778,4.000
SG07778,SG07779,5.000
SG07779,SG07780,6.000
SG07780,SG07781,7.000
SG07781,SG07782,8.000
SG07782,SG07783,9.000
SG07783,SG07784,10.000
SG07784,SG07785,11.000
SG07785,SG07786,4.000
SG07786,SG07787,5.000
SG07787,SG07788,6.000
SG07788,SG07789,7.000
SG07789,SG07790,8.000
SG07790,SG07791,9.000
SG07791,SG07792,10.000
SG07792,SG07793,11.000
SG07793,SG07794,4.000
SG07794,SG07795,5.000
SG07795,SG07796,6.000
SG07796,SG07797,7.000
SG07797,SG07798,8.000
SG07798,SG07799,9.000
SG07799,SG07800,10.000
SG07800,SG07801,11.000
SG07801,SG07802,4.000
SG07802,SG07803,5.000
SG07803,SG07804,6.000
SG07804,SG07805,7.000
SG07805,SG07806,8.000
SG07806,SG07807,9.000
SG07807,SG07808,10.000
SG07808,SG07809,11.000
SG07809,SG07810,4.000
SG07810,SG07811,5.000
SG07811,SG07812,6.000
SG07812,SG07813,7.000
SG07813,SG07814,8.000
SG07814,SG07815,9.000
SG07815,SG07816,10.000
SG07816,SG07817,11.000
SG07817,SG07818,4.000
SG07818,SG07819,5.000
SG07819,SG07820,6.000
SG07820,SG07821,7.000
SG07821,SG07822,8.000
SG07822,SG07823,9.000
SG07823,SG07824,10.000
SG07824,SG07825,11.000
SG07825,SG07826,4.000
SG07826,SG07827,5.000
SG07827,SG07828,6.000
SG07828,SG07829,7.000
SG07829,SG07830,8.000
SG07830,SG07831,9.000
SG07831,SG07832,10.000
SG07832,SG07833,11.000
SG07833,SG07834,4.000
SG07834,SG07835,5.000
SG07835,SG07836,6.000
SG07836,SG07837,7.000
SG07837,SG07838,8.000
SG07838,SG07839,9.000
SG07839,SG07840,10.000
SG07840,SG07841,11.000
SG07841,SG07842,4.000
SG07842,SG07843,5.000
SG07843,SG07844,6.000
SG07844,SG07845,7.000
SG07845,SG07846,8.000
SG07846,SG07847,9.000
SG07847,SG07848,10.000
SG07848,SG07849,11.000
SG07849,SG07850,4.000
SG07850,SG07851,5.000
SG07851,SG07852,6.000
SG07852,SG07853,7.000
SG07853,SG07854,8.000
SG07854,SG07855,9.000
SG07855,SG07856,10.000
SG07856,SG07857,11.000
SG07857,SG07858,4.000
SG07858,SG07859,5.000
SG07859,SG07860,6.000
SG07860,SG07861,7.000
SG07861,SG07862,8.000
SG07862,SG07863,9.000
SG07863,SG07864,10.000
SG07864,SG07865,11.000
SG07865,SG07866,4.000
SG07866,SG07867,5.000
SG07867,SG07868,6.000
SG07868,SG07869,7.000
SG07869,SG07870,8.000
SG07870,SG07871,9.000
SG07871,SG07872,10.000
SG07872,SG07873,11.000
SG07873,SG07874,4.000
SG07874,SG07875,5.000
SG07875,SG07876,6.000
SG07876,SG07877,7.000
SG07877,SG07878,8.000
SG07878,SG07879,9.000
SG07879,SG07880,10.000
SG07880,SG07881,11.000
SG07881,SG07882,4.000
SG07882,SG07883,5.000
SG07883,SG07884,6.000
SG07884,SG07885,7.000
SG07885,SG07886,8.000
SG07886,SG07887,9.000
SG07887,SG07888,10.000
SG07888,SG07889,11.000
SG07889,SG07890,4.000
SG07890,SG07891,5.000
SG07891,SG07892,6.000
SG07892,SG07893,7.000
SG07893,SG07894,8.000
SG07894,SG07895,9.000
SG07895,SG07896,10.000
SG07896,SG07897,11.000
SG07897,SG07898,4.000
SG07898,SG07899,5.000
SG07899,SG07900,6.000
SG07900,SG07901,7.000
SG07901,SG07902,8.000
SG07902,SG07903,9.000
SG07903,SG07904,10.000
SG07904,SG07905,11.000
SG07905,SG07906,4.000
SG07906,SG07907,5.000
SG07907,SG07908,6.000
SG07908,SG07909,7.000
SG07909,SG07910,8.000
SG07910,SG07911,9.000
SG07911,SG07912,10.000
SG07912,SG07913,11.000
SG07913,SG07914,4.000
SG07914,SG07915,5.000
SG07915,SG07916,6.000
SG07916,SG07917,7.000
SG07917,SG07918,8.000
SG07918,SG07919,9.000
SG07919,SG07920,10.000
SG07920,SG07921,11.000
SG07921,SG07922,4.000
SG07922,SG07923,5.000
SG07923,SG07924,6.000
SG07924,SG07925,7.000
SG07925,SG07926,8.000
SG07926,SG07927,9.000
SG07927,SG07928,10.000
SG07928,SG07929,11.000
SG07929,SG07930,4.000
SG07930,SG07931,5.000
SG07931,SG07932,6.000
SG07932,SG07933,7.000
SG07933,SG07934,8.000
SG07934,SG07935,9.000
SG07935,SG07936,10.000
SG07936,SG07937,11.000
SG07937,SG07938,4.000
SG07938,SG07939,5.000
SG07939,SG07940,6.000
SG07940,SG07941,7.000
SG07941,SG07942,8.000
SG07942,SG07943,9.000
SG07943,SG07944,10.000
SG07944,SG07945,11.000
SG07945,SG07946,4.000
SG07946,SG07947,5.000
SG07947,SG07948,6.000
SG07948,SG07949,7.000
SG07949,SG07950,8.000
SG07950,SG07951,9.000
SG07951,SG07952,10.000
SG07952,SG07953,11.000
SG07953,SG07954,4.000
SG07954,SG07955,5.000
SG07955,SG07956,6.000
SG07956,SG07957,7.000
SG07957,SG07958,8.000
SG07958,SG07959,9.000
SG07959,SG07960,10.000
SG07960,SG07961,11.000
SG07961,SG07962,4.000
SG07962,SG07963,5.000
SG07963,SG07964,6.000
SG07964,SG07965,7.000
SG07965,SG07966,8.000
SG07966,SG07967,9.000
SG07967,SG07968,10.000
SG07968,SG07969,11.000
SG07969,SG07970,4.000
SG07970,SG07971,5.000
SG07971,SG07972,6.000
SG07972,SG07973,7.000
SG07973,SG07974,8.000
SG07974,SG07975,9.000
SG07975,SG07976,10.000
SG07976,SG07977,11.000
SG07977,SG07978,4.000
SG07978,SG07979,5.000
SG07979,SG07980,6.000
SG07980,SG07981,7.000
SG07981,SG07982,8.000
SG07982,SG07983,9.000
SG07983,SG07984,10.000
SG07984,SG07985,11.000
SG07985,SG07986,4.000
SG07986,SG07987,5.000
SG07987,SG07988,6.000
SG07988,SG07989,7.000
SG07989,SG07990,8.000
SG07990,SG07991,9.000
SG07991,SG07992,10.000
SG07992,SG07993,11.000
SG07993,SG07994,4.000
SG07994,SG07995,5.000
SG07995,SG07996,6.000
SG07996,SG07997,7.000
SG07997,SG07998,8.000
SG07998,SG07999,9.000
SG07999,SG08000,10.000
SG08000,SG08001,11.000
SG08001,SG08002,4.000
SG08002,SG08003,5.000
SG08003,SG08004,6.000
SG08004,SG08005,7.000
SG08005,SG08006,8.000
SG08006,SG08007,9.000
SG08007,SG08008,10.000
SG08008,SG08009,11.000
SG08009,SG08010,4.000
SG08010,SG08011,5.000
SG08011,SG08012,6.000
SG08012,SG08013,7.000
SG08013,SG08014,8.000
SG08014,SG08015,9.000
SG08015,SG08016,10.000
SG08016,SG08017,11.000
SG08017,SG08018,4.000
SG08018,SG08019,5.000
SG08019,SG08020,6.000
SG08020,SG08021,7.000
SG08021,SG08022,8.000
SG08022,SG08023,9.000
SG08023,SG08024,10.000
SG08024,SG08025,11.000
SG08025,SG08026,4.000
SG08026,SG08027,5.000
SG08027,SG08028,6.000
SG08028,SG08029,7.000
SG08029,SG08030,8.000
SG08030,SG08031,9.000
SG08031,SG08032,10.000
SG08032,SG08033,11.000
SG08033,SG08034,4.000
SG08034,SG08035,5.000
SG08035,SG08036,6.000
SG08036,SG08037,7.000
SG08037,SG08038,8.000
SG08038,SG08039,9.000
SG08039,SG08040,10.000
SG08040,SG08041,11.000
SG08041,SG08042,4.000
SG08042,SG08043,5.000
SG08043,SG08044,6.000
SG08044,SG08045,7.000
SG08045,SG08046,8.000
SG08046,SG08047,9.000
SG08047,SG08048,10.000
SG08048,SG08049,11.000
SG08049,SG08050,4.000
SG08050,SG08051,5.000
SG08051,SG08052,6.000
SG08052,SG08053,7.000
SG08053,SG08054,8.000
SG08054,SG08055,9.000
SG08055,SG08056,10.000
SG08056,SG08057,11.000
SG08057,SG08058,4.000
SG08058,SG08059,5.000
SG08059,SG08060,6.000
SG08060,SG08061,7.000
SG08061,SG08062,8.000
SG08062,SG08063,9.000
SG08063,SG08064,10.000
SG08064,SG08065,11.000
SG08065,SG08066,4.000
SG08066,SG08067,5.000
SG08067,SG08068,6.000
SG08068,SG08069,7.000
SG08069,SG08070,8.000
SG08070,SG08071,9.000
SG08071,SG08072,10.000
SG08072,SG08073,11.000
SG08073,SG08074,4.000
SG08074,SG08075,5.000
SG08075,SG08076,6.000
SG08076,SG08077,7.000
SG08077,SG08078,8.000
SG08078,SG08079,9.000
SG08079,SG08080,10.000
SG08080,SG08081,11.000
SG08081,SG08082,4.000
SG08082,SG08083,5.000
SG08083,SG08084,6.000
SG08084,SG08085,7.000
SG08085,SG08086,8.000
SG08086,SG08087,9.000
SG08087,SG08088,10.000
SG08088,SG08089,11.000
SG08089,SG08090,4.000
SG08090,SG08091,5.000
SG08091,SG08092,6.000
SG08092,SG08093,7.000
SG08093,SG08094,8.000
SG08094,SG08095,9.000
SG08095,SG08096,10.000
SG08096,SG08097,11.000
SG08097,SG08098,4.000
SG08098,SG08099,5.000
SG08099,SG08100,6.000
SG08100,SG08101,7.000
SG08101,SG08102,8.000
SG08102,SG08103,9.000
SG08103,SG08104,10.000
SG08104,SG08105,11.000
SG08105,SG08106,4.000
SG08106,SG08107,5.000
SG08107,SG08108,6.000
SG08108,SG08109,7.000
SG08109,SG08110,8.000
SG08110,SG08111,9.000
SG08111,SG08112,10.000
SG08112,SG08113,11.000
SG08113,SG08114,4.000
SG08114,SG08115,5.000
SG08115,SG08116,6.000
SG08116,SG08117,7.000
SG08117,SG08118,8.000
SG08118,SG08119,9.000
SG08119,SG08120,10.000
SG08120,SG08121,11.000
SG08121,SG08122,4.000
SG08122,SG08123,5.000
SG08123,SG08124,6.000
SG08124,SG08125,7.000
SG08125,SG08126,8.000
SG08126,SG08127,9.000
SG08127,SG08128,10.000
SG08128,SG08129,11.000
SG08129,SG08130,4.000
SG08130,SG08131,5.000
SG08131,SG08132,6.000
SG08132,SG08133,7.000
SG08133,SG08134,8.000
SG08134,SG08135,9.000
SG08135,SG08136,10.000
SG08136,SG08137,11.000
SG08137,SG08138,4.000
SG08138,SG08139,5.000
SG08139,SG08140,6.000
SG08140,SG08141,7.000
SG08141,SG08142,8.000
SG08142,SG08143,9.000
SG08143,SG08144,10.000
SG08144,SG08145,11.000
SG08145,SG08146,4.000
SG08146,SG08147,5.000
SG08147,SG08148,6.000
SG08148,SG08149,7.000
SG08149,SG08150,8.000
SG08150,SG08151,9.000
SG08151,SG08152,10.000
SG08152,SG08153,11.000
SG08153,SG08154,4.000
SG08154,SG08155,5.000
SG08155,SG08156,6.000
SG08156,SG08157,7.000
SG08157,SG08158,8.000
SG08158,SG08159,9.000
SG08159,SG08160,10.000
SG08160,SG08161,11.000
SG08161,SG08162,4.000
SG08162,SG08163,5.000
SG08163,SG08164,6.000
SG08164,SG08165,7.000
SG08165,SG08166,8.000
SG08166,SG08167,9.000
SG08167,SG08168,10.000
SG08168,SG08169,11.000
SG08169,SG08170,4.000
SG08170,SG08171,5.000
SG08171,SG08172,6.000
SG08172,SG08173,7.000
SG08173,SG08174,8.000
SG08174,SG08175,9.000
SG08175,SG08176,10.000
SG08176,SG08177,11.000
SG08177,SG08178,4.000
SG08178,SG08179,5.000
SG08179,SG08180,6.000
SG08180,SG08181,7.000
SG08181,SG08182,8.000
SG08182,SG08183,9.000
SG08183,SG08184,10.000
SG08184,SG08185,11.000
SG08185,SG08186,4.000
SG08186,SG08187,5.000
SG08187,SG08188,6.000
SG08188,SG08189,7.000
SG08189,SG08190,8.000
SG08190,SG08191,9.000
SG08191,SG08192,10.000
SG08192,SG08193,11.000
SG08193,SG08194,4.000
SG08194,SG08195,5.000
SG08195,SG08196,6.000
SG08196,SG08197,7.000
SG08197,SG08198,8.000
SG08198,SG08199,9.000
SG08199,SG08200,10.000
SG08200,SG08201,11.000
SG08201,SG08202,4.000
SG08202,SG08203,5.000
SG08203,SG08204,6.000
SG08204,SG08205,7.000
SG08205,SG08206,8.000
SG08206,SG08207,9.000
SG08207,SG08208,10.000
SG08208,SG08209,11.000
SG08209,SG08210,4.000
SG08210,SG08211,5.000
SG08211,SG08212,6.000
SG08212,SG08213,7.000
SG08213,SG08214,8.000
SG08214,SG08215,9.000
SG08215,SG08216,10.000
SG08216,SG08217,11.000
SG08217,SG08218,4.000
SG08218,SG08219,5.000
SG08219,SG08220,6.000
SG08220,SG08221,7.000
SG08221,SG08222,8.000
SG08222,SG08223,9.000
SG08223,SG08224,10.000
SG08224,SG08225,11.000
SG08225,SG08226,4.000
SG08226,SG08227,5.000
SG08227,SG08228,6.000
SG08228,SG08229,7.000
SG08229,SG08230,8.000
SG08230,SG08231,9.000
SG08231,SG08232,10.000
SG08232,SG08233,11.000
SG08233,SG08234,4.000
SG08234,SG08235,5.000
SG08235,SG08236,6.000
SG08236,SG08237,7.000
SG08237,SG08238,8.000
SG08238,SG08239,9.000
SG08239,SG08240,10.000
SG08240,SG08241,11.000
SG08241,SG08242,4.000
SG08242,SG08243,5.000
SG08243,SG08244,6.000
SG08244,SG08245,7.000
SG08245,SG08246,8.000
SG08246,SG08247,9.000
SG08247,SG08248,10.000
SG08248,SG08249,11.000
SG08249,SG08250,4.000
SG08250,SG08251,5.000
SG08251,SG08252,6.000
SG08252,SG08253,7.000
SG08253,SG08254,8.000
SG08254,SG08255,9.000
SG08255,SG08256,10.000
SG08256,SG08257,11.000
SG08257,SG08258,4.000
SG08258,SG08259,5.000
SG08259,SG08260,6.000
SG08260,SG08261,7.000
SG08261,SG08262,8.000
SG08262,SG08263,9.000
SG08263,SG08264,10.000
SG08264,SG08265,11.000
SG08265,SG08266,4.000
SG08266,SG08267,5.000
SG08267,SG08268,6.000
SG08268,SG08269,7.000
SG08269,SG08270,8.000
SG08270,SG08271,9.000
SG08271,SG08272,10.000
SG08272,SG08273,11.000
SG08273,SG08274,4.000
SG08274,SG08275,5.000
SG08275,SG08276,6.000
SG08276,SG08277,7.000
SG08277,SG08278,8.000
SG08278,SG08279,9.000
SG08279,SG08280,10.000
SG08280,SG08281,11.000
SG08281,SG08282,4.000
SG08282,SG08283,5.000
SG08283,SG08284,6.000
SG08284,SG08285,7.000
SG08285,SG08286,8.000
SG08286,SG08287,9.000
SG08287,SG08288,10.000
SG08288,SG08289,11.000
SG08289,SG08290,4.000
SG08290,SG08291,5.000
SG08291,SG08292,6.000
SG08292,SG08293,7.000
SG08293,SG08294,8.000
SG08294,SG08295,9.000
SG08295,SG08296,10.000
SG08296,SG08297,11.000
SG08297,SG08298,4.000
SG08298,SG08299,5.000
SG08299,SG08300,6.000
SG08300,SG08301,7.000
SG08301,SG08302,8.000
SG08302,SG08303,9.000
SG08303,SG08304,10.000
SG08304,SG08305,11.000
SG08305,SG08306,4.000
SG08306,SG08307,5.000
SG08307,SG08308,6.000
SG08308,SG08309,7.000
SG08309,SG08310,8.000
SG08310,SG08311,9.000
SG08311,SG08312,10.000
SG08312,SG08313,11.000
SG08313,SG08314,4.000
SG08314,SG08315,5.000
SG08315,SG08316,6.000
SG08316,SG08317,7.000
SG08317,SG08318,8.000
SG08318,SG08319,9.000
SG08319,SG08320,10.000
SG08320,SG08321,11.000
SG08321,SG08322,4.000
SG08322,SG08323,5.000
SG08323,SG08324,6.000
SG08324,SG08325,7.000
SG08325,SG08326,8.000
SG08326,SG08327,9.000
SG08327,SG08328,10.000
SG08328,SG08329,11.000
SG08329,SG08330,4.000
SG08330,SG08331,5.000
SG08331,SG08332,6.000
SG08332,SG08333,7.000
SG08333,SG08334,8.000
SG08334,SG08335,9.000
SG08335,SG08336,10.000
SG08336,SG08337,11.000
SG08337,SG08338,4.000
SG08338,SG08339,5.000
SG08339,SG08340,6.000
SG08340,SG08341,7.000
SG08341,SG08342,8.000
SG08342,SG08343,9.000
SG08343,SG08344,10.000
SG08344,SG08345,11.000
SG08345,SG08346,4.000
SG08346,SG08347,5.000
SG08347,SG08348,6.000
SG08348,SG08349,7.000
SG08349,SG08350,8.000
SG08350,SG08351,9.000
SG08351,SG08352,10.000
SG08352,SG08353,11.000
SG08353,SG08354,4.000
SG08354,SG08355,5.000
SG08355,SG08356,6.000
SG08356,SG08357,7.000
SG08357,SG08358,8.000
SG08358,SG08359,9.000
SG08359,SG08360,10.000
SG08360,SG08361,11.000
SG08361,SG08362,4.000
SG08362,SG08363,5.000
SG08363,SG08364,6.000
SG08364,SG08365,7.000
SG08365,SG08366,8.000
SG08366,SG08367,9.000
SG08367,SG08368,10.000
SG08368,SG08369,11.000
SG08369,SG08370,4.000
SG08370,SG08371,5.000
SG08371,SG08372,6.000
SG08372,SG08373,7.000
SG08373,SG08374,8.000
SG08374,SG08375,9.000
SG08375,SG08376,10.000
SG08376,SG08377,11.000
SG08377,SG08378,4.000
SG08378,SG08379,5.000
SG08379,SG08380,6.000
SG08380,SG08381,7.000
SG08381,SG08382,8.000
SG08382,SG08383,9.000
SG08383,SG08384,10.000
SG08384,SG08385,11.000
SG08385,SG08386,4.000
SG08386,SG08387,5.000
SG08387,SG08388,6.000
SG08388,SG08389,7.000
SG08389,SG08390,8.000
SG08390,SG08391,9.000
SG08391,SG08392,10.000
SG08392,SG08393,11.000
SG08393,SG08394,4.000
SG08394,SG08395,5.000
SG08395,SG08396,6.000
SG08396,SG08397,7.000
SG08397,SG08398,8.000
SG08398,SG08399,9.000
SG08399,SG08400,10.000
SG08400,SG08401,11.000
SG08401,SG08402,4.000
SG08402,SG08403,5.000
SG08403,SG08404,6.000
SG08404,SG08405,7.000
SG08405,SG08406,8.000
SG08406,SG08407,9.000
SG08407,SG08408,10.000
SG08408,SG08409,11.000
SG08409,SG08410,4.000
SG08410,SG08411,5.000
SG08411,SG08412,6.000
SG08412,SG08413,7.000
SG08413,SG08414,8.000
SG08414,SG08415,9.000
SG08415,SG08416,10.000
SG08416,SG08417,11.000
SG08417,SG08418,4.000
SG08418,SG08419,5.000
SG08419,SG08420,6.000
SG08420,SG08421,7.000
SG08421,SG08422,8.000
SG08422,SG08423,9.000
SG08423,SG08424,10.000
SG08424,SG08425,11.000
SG08425,SG08426,4.000
SG08426,SG08427,5.000
SG08427,SG08428,6.000
SG08428,SG08429,7.000
SG08429,SG08430,8.000
SG08430,SG08431,9.000
SG08431,SG08432,10.000
SG08432,SG08433,11.000
SG08433,SG08434,4.000
SG08434,SG08435,5.000
SG08435,SG08436,6.000
SG08436,SG08437,7.000
SG08437,SG08438,8.000
SG08438,SG08439,9.000
SG08439,SG08440,10.000
SG08440,SG08441,11.000
SG08441,SG08442,4.000
SG08442,SG08443,5.000
SG08443,SG08444,6.000
SG08444,SG08445,7.000
SG08445,SG08446,8.000
SG08446,SG08447,9.000
SG08447,SG08448,10.000
SG08448,SG08449,11.000
SG08449,SG08450,4.000
SG08450,SG08451,5.000
SG08451,SG08452,6.000
SG08452,SG08453,7.000
SG08453,SG08454,8.000
SG08454,SG08455,9.000
SG08455,SG08456,10.000
SG08456,SG08457,11.000
SG08457,SG08458,4.000
SG08458,SG08459,5.000
SG08459,SG08460,6.000
SG08460,SG08461,7.000
SG08461,SG08462,8.000
SG08462,SG08463,9.000
SG08463,SG08464,10.000
SG08464,SG08465,11.000
SG08465,SG08466,4.000
SG08466,SG08467,5.000
SG08467,SG08468,6.000
SG08468,SG08469,7.000
SG08469,SG08470,8.000
SG08470,SG08471,9.000
SG08471,SG08472,10.000
SG08472,SG08473,11.000
SG08473,SG08474,4.000
SG08474,SG08475,5.000
SG08475,SG08476,6.000
SG08476,SG08477,7.000
SG08477,SG08478,8.000
SG08478,SG08479,9.000
SG08479,SG08480,10.000
SG08480,SG08481,11.000
SG08481,SG08482,4.000
SG08482,SG08483,5.000
SG08483,SG08484,6.000
SG08484,SG08485,7.000
SG08485,SG08486,8.000
SG08486,SG08487,9.000
SG08487,SG08488,10.000
SG08488,SG08489,11.000
SG08489,SG08490,4.000
SG08490,SG08491,5.000
SG08491,SG08492,6.000
SG08492,SG08493,7.000
SG08493,SG08494,8.000
SG08494,SG08495,9.000
SG08495,SG08496,10.000
SG08496,SG08497,11.000
SG08497,SG08498,4.000
SG08498,SG08499,5.000
SG08499,SG08500,6.000
SG08500,SG08501,7.000
SG08501,SG08502,8.000
SG08502,SG08503,9.000
SG08503,SG08504,10.000
SG08504,SG08505,11.000
SG08505,SG08506,4.000
SG08506,SG08507,5.000
SG08507,SG08508,6.000
SG08508,SG08509,7.000
SG08509,SG08510,8.000
SG08510,SG08511,9.000
SG08511,SG08512,10.000
SG08512,SG08513,11.000
SG08513,SG08514,4.000
SG08514,SG08515,5.000
SG08515,SG08516,6.000
SG08516,SG08517,7.000
SG08517,SG08518,8.000
SG08518,SG08519,9.000
SG08519,SG08520,10.000
SG08520,SG08521,11.000
SG08521,SG08522,4.000
SG08522,SG08523,5.000
SG08523,SG08524,6.000
SG08524,SG08525,7.000
SG08525,SG08526,8.000
SG08526,SG08527,9.000
SG08527,SG08528,10.000
SG08528,SG08529,11.000
SG08529,SG08530,4.000
SG08530,SG08531,5.000
SG08531,SG08532,6.000
SG08532,SG08533,7.000
SG08533,SG08534,8.000
SG08534,SG08535,9.000
SG08535,SG08536,10.000
SG08536,SG08537,11.000
SG08537,SG08538,4.000
SG08538,SG08539,5.000
SG08539,SG08540,6.000
SG08540,SG08541,7.000
SG08541,SG08542,8.000
SG08542,SG08543,9.000
SG08543,SG08544,10.000
SG08544,SG08545,11.000
SG08545,SG08546,4.000
SG08546,SG08547,5.000
SG08547,SG08548,6.000
SG08548,SG08549,7.000
SG08549,SG08550,8.000
SG08550,SG08551,9.000
SG08551,SG08552,10.000
SG08552,SG08553,11.000
SG08553,SG08554,4.000
SG08554,SG08555,5.000
SG08555,SG08556,6.000
SG08556,SG08557,7.000
SG08557,SG08558,8.000
SG08558,SG08559,9.000
SG08559,SG08560,10.000
SG08560,SG08561,11.000
SG08561,SG08562,4.000
SG08562,SG08563,5.000
SG08563,SG08564,6.000
SG08564,SG08565,7.000
SG08565,SG08566,8.000
SG08566,SG08567,9.000
SG08567,SG08568,10.000
SG08568,SG08569,11.000
SG08569,SG08570,4.000
SG08570,SG08571,5.000
SG08571,SG08572,6.000
SG08572,SG08573,7.000
SG08573,SG08574,8.000
SG08574,SG08575,9.000
SG08575,SG08576,10.000
SG08576,SG08577,11.000
SG08577,SG08578,4.000
SG08578,SG08579,5.000
SG08579,SG08580,6.000
SG08580,SG08581,7.000
SG08581,SG08582,8.000
SG08582,SG08583,9.000
SG08583,SG08584,10.000
SG08584,SG08585,11.000
SG08585,SG08586,4.000
SG08586,SG08587,5.000
SG08587,SG08588,6.000
SG08588,SG08589,7.000
SG08589,SG08590,8.000
SG08590,SG08591,9.000
SG08591,SG08592,10.000
SG08592,SG08593,11.000
SG08593,SG08594,4.000
SG08594,SG08595,5.000
SG08595,SG08596,6.000
SG08596,SG08597,7.000
SG08597,SG08598,8.000
SG08598,SG08599,9.000
SG08599,SG08600,10.000
SG08600,SG08601,11.000
SG08601,SG08602,4.000
SG08602,SG08603,5.000
SG08603,SG08604,6.000
SG08604,SG08605,7.000
SG08605,SG08606,8.000
SG08606,SG08607,9.000
SG08607,SG08608,10.000
SG08608,SG08609,11.000
SG08609,SG08610,4.000
SG08610,SG08611,5.000
SG08611,SG08612,6.000
SG08612,SG08613,7.000
SG08613,SG08614,8.000
SG08614,SG08615,9.000
SG08615,SG08616,10.000
SG08616,SG08617,11.000
SG08617,SG08618,4.000
SG08618,SG08619,5.000
SG08619,SG08620,6.000
SG08620,SG08621,7.000
SG08621,SG08622,8.000
SG08622,SG08623,9.000
SG08623,SG08624,10.000
SG08624,SG08625,11.000
SG08625,SG08626,4.000
SG08626,SG08627,5.000
SG08627,SG08628,6.000
SG08628,SG08629,7.000
SG08629,SG08630,8.000
SG08630,SG08631,9.000
SG08631,SG08632,10.000
SG08632,SG08633,11.000
SG08633,SG08634,4.000
SG08634,SG08635,5.000
SG08635,SG08636,6.000
SG08636,SG08637,7.000
SG08637,SG08638,8.000
SG08638,SG08639,9.000
SG08639,SG08640,10.000
SG08640,SG08641,11.000
SG08641,SG08642,4.000
SG08642,SG08643,5.000
SG08643,SG08644,6.000
SG08644,SG08645,7.000
SG08645,SG08646,8.000
SG08646,SG08647,9.000
SG08647,SG08648,10.000
SG08648,SG08649,11.000
SG08649,SG08650,4.000
SG08650,SG08651,5.000
SG08651,SG08652,6.000
SG08652,SG08653,7.000
SG08653,SG08654,8.000
SG08654,SG08655,9.000
SG08655,SG08656,10.000
SG08656,SG08657,11.000
SG08657,SG08658,4.000
SG08658,SG08659,5.000
SG08659,SG08660,6.000
SG08660,SG08661,7.000
SG08661,SG08662,8.000
SG08662,SG08663,9.000
SG08663,SG08664,10.000
SG08664,SG08665,11.000
SG08665,SG08666,4.000
SG08666,SG08667,5.000
SG08667,SG08668,6.000
SG08668,SG08669,7.000
SG08669,SG08670,8.000
SG08670,SG08671,9.000
SG08671,SG08672,10.000
SG08672,SG08673,11.000
SG08673,SG08674,4.000
SG08674,SG08675,5.000
SG08675,SG08676,6.000
SG08676,SG08677,7.000
SG08677,SG08678,8.000
SG08678,SG08679,9.000
SG08679,SG08680,10.000
SG08680,SG08681,11.000
SG08681,SG08682,4.000
SG08682,SG08683,5.000
SG08683,SG08684,6.000
SG08684,SG08685,7.000
SG08685,SG08686,8.000
SG08686,SG08687,9.000
SG08687,SG08688,10.000
SG08688,SG08689,11.000
SG08689,SG08690,4.000
SG08690,SG08691,5.000
SG08691,SG08692,6.000
SG08692,SG08693,7.000
SG08693,SG08694,8.000
SG08694,SG08695,9.000
SG08695,SG08696,10.000
SG08696,SG08697,11.000
SG08697,SG08698,4.000
SG08698,SG08699,5.000
SG08699,SG08700,6.000
SG08700,SG08701,7.000
SG08701,SG08702,8.000
SG08702,SG08703,9.000
SG08703,SG08704,10.000
SG08704,SG08705,11.000
SG08705,SG08706,4.000
SG08706,SG08707,5.000
SG08707,SG08708,6.000
SG08708,SG08709,7.000
SG08709,SG08710,8.000
SG08710,SG08711,9.000
SG08711,SG08712,10.000
SG08712,SG08713,11.000
SG08713,SG08714,4.000
SG08714,SG08715,5.000
SG08715,SG08716,6.000
SG08716,SG08717,7.000
SG08717,SG08718,8.000
SG08718,SG08719,9.000
SG08719,SG08720,10.000
SG08720,SG08721,11.000
SG08721,SG08722,4.000
SG08722,SG08723,5.000
SG08723,SG08724,6.000
SG08724,SG08725,7.000
SG08725,SG08726,8.000
SG08726,SG08727,9.000
SG08727,SG08728,10.000
SG08728,SG08729,11.000
SG08729,SG08730,4.000
SG08730,SG08731,5.000
SG08731,SG08732,6.000
SG08732,SG08733,7.000
SG08733,SG08734,8.000
SG08734,SG08735,9.000
SG08735,SG08736,10.000
SG08736,SG08737,11.000
SG08737,SG08738,4.000
SG08738,SG08739,5.000
SG08739,SG08740,6.000
SG08740,SG08741,7.000
SG08741,SG08742,8.000
SG08742,SG08743,9.000
SG08743,SG08744,10.000
SG08744,SG08745,11.000
SG08745,SG08746,4.000
SG08746,SG08747,5.000
SG08747,SG08748,6.000
SG08748,SG08749,7.000
SG08749,SG08750,8.000
SG08750,SG08751,9.000
SG08751,SG08752,10.000
SG08752,SG08753,11.000
SG08753,SG08754,4.000
SG08754,SG08755,5.000
SG08755,SG08756,6.000
SG08756,SG08757,7.000
SG08757,SG08758,8.000
SG08758,SG08759,9.000
SG08759,SG08760,10.000
SG08760,SG08761,11.000
SG08761,SG08762,4.000
SG08762,SG08763,5.000
SG08763,SG08764,6.000
SG08764,SG08765,7.000
SG08765,SG08766,8.000
SG08766,SG08767,9.000
SG08767,SG08768,10.000
SG08768,SG08769,11.000
SG08769,SG08770,4.000
SG08770,SG08771,5.000
SG08771,SG08772,6.000
SG08772,SG08773,7.000
SG08773,SG08774,8.000
SG08774,SG08775,9.000
SG08775,SG08776,10.000
SG08776,SG08777,11.000
SG08777,SG08778,4.000
SG08778,SG08779,5.000
SG08779,SG08780,6.000
SG08780,SG08781,7.000
SG08781,SG08782,8.000
SG08782,SG08783,9.000
SG08783,SG08784,10.000
SG08784,SG08785,11.000
SG08785,SG08786,4.000
SG08786,SG08787,5.000
SG08787,SG08788,6.000
SG08788,SG08789,7.000
SG08789,SG08790,8.000
SG08790,SG08791,9.000
SG08791,SG08792,10.000
SG08792,SG08793,11.000
SG08793,SG08794,4.000
SG08794,SG08795,5.000
SG08795,SG08796,6.000
SG08796,SG08797,7.000
SG08797,SG08798,8.000
SG08798,SG08799,9.000
SG08799,SG08800,10.000
SG08800,SG08801,11.000
SG08801,SG08802,4.000
SG08802,SG08803,5.000
SG08803,SG08804,6.000
SG08804,SG08805,7.000
SG08805,SG08806,8.000
SG08806,SG08807,9.000
SG08807,SG08808,10.000
SG08808,SG08809,11.000
SG08809,SG08810,4.000
SG08810,SG08811,5.000
SG08811,SG08812,6.000
SG08812,SG08813,7.000
SG08813,SG08814,8.000
SG08814,SG08815,9.000
SG08815,SG08816,10.000
SG08816,SG08817,11.000
SG08817,SG08818,4.000
SG08818,SG08819,5.000
SG08819,SG08820,6.000
SG08820,SG08821,7.000
SG08821,SG08822,8.000
SG08822,SG08823,9.000
SG08823,SG08824,10.000
SG08824,SG08825,11.000
SG08825,SG08826,4.000
SG08826,SG08827,5.000
SG08827,SG08828,6.000
SG08828,SG08829,7.000
SG08829,SG08830,8.000
SG08830,SG08831,9.000
SG08831,SG08832,10.000
SG08832,SG08833,11.000
SG08833,SG08834,4.000
SG08834,SG08835,5.000
SG08835,SG08836,6.000
SG08836,SG08837,7.000
SG08837,SG08838,8.000
SG08838,SG08839,9.000
SG08839,SG08840,10.000
SG08840,SG08841,11.000
SG08841,SG08842,4.000
SG08842,SG08843,5.000
SG08843,SG08844,6.000
SG08844,SG08845,7.000
SG08845,SG08846,8.000
SG08846,SG08847,9.000
SG08847,SG08848,10.000
SG08848,SG08849,11.000
SG08849,SG08850,4.000
SG08850,SG08851,5.000
SG08851,SG08852,6.000
SG08852,SG08853,7.000
SG08853,SG08854,8.000
SG08854,SG08855,9.000
SG08855,SG08856,10.000
SG08856,SG08857,11.000
SG08857,SG08858,4.000
SG08858,SG08859,5.000
SG08859,SG08860,6.000
SG08860,SG08861,7.000
SG08861,SG08862,8.000
SG08862,SG08863,9.000
SG08863,SG08864,10.000
SG08864,SG08865,11.000
SG08865,SG08866,4.000
SG08866,SG08867,5.000
SG08867,SG08868,6.000
SG08868,SG08869,7.000
SG08869,SG08870,8.000
SG08870,SG08871,9.000
SG08871,SG08872,10.000
SG08872,SG08873,11.000
SG08873,SG08874,4.000
SG08874,SG08875,5.000
SG08875,SG08876,6.000
SG08876,SG08877,7.000
SG08877,SG08878,8.000
SG08878,SG08879,9.000
SG08879,SG08880,10.000
SG08880,SG08881,11.000
SG08881,SG08882,4.000
SG08882,SG08883,5.000
SG08883,SG08884,6.000
SG08884,SG08885,7.000
SG08885,SG08886,8.000
SG08886,SG08887,9.000
SG08887,SG08888,10.000
SG08888,SG08889,11.000
SG08889,SG08890,4.000
SG08890,SG08891,5.000
SG08891,SG08892,6.000
SG08892,SG08893,7.000
SG08893,SG08894,8.000
SG08894,SG08895,9.000
SG08895,SG08896,10.000
SG08896,SG08897,11.000
SG08897,SG08898,4.000
SG08898,SG08899,5.000
SG08899,SG08900,6.000
SG08900,SG08901,7.000
SG08901,SG08902,8.000
SG08902,SG08903,9.000
SG08903,SG08904,10.000
SG08904,SG08905,11.000
SG08905,SG08906,4.000
SG08906,SG08907,5.000
SG08907,SG08908,6.000
SG08908,SG08909,7.000
SG08909,SG08910,8.000
SG08910,SG08911,9.000
SG08911,SG08912,10.000
SG08912,SG08913,11.000
SG08913,SG08914,4.000
SG08914,SG08915,5.000
SG08915,SG08916,6.000
SG08916,SG08917,7.000
SG08917,SG08918,8.000
SG08918,SG08919,9.000
SG08919,SG08920,10.000
SG08920,SG08921,11.000
SG08921,SG08922,4.000
SG08922,SG08923,5.000
SG08923,SG08924,6.000
SG08924,SG08925,7.000
SG08925,SG08926,8.000
SG08926,SG08927,9.000
SG08927,SG08928,10.000
SG08928,SG08929,11.000
SG08929,SG08930,4.000
SG08930,SG08931,5.000
SG08931,SG08932,6.000
SG08932,SG08933,7.000
SG08933,SG08934,8.000
SG08934,SG08935,9.000
SG08935,SG08936,10.000
SG08936,SG08937,11.000
SG08937,SG08938,4.000
SG08938,SG08939,5.000
SG08939,SG08940,6.000
SG08940,SG08941,7.000
SG08941,SG08942,8.000
SG08942,SG08943,9.000
SG08943,SG08944,10.000
SG08944,SG08945,11.000
SG08945,SG08946,4.000
SG08946,SG08947,5.000
SG08947,SG08948,6.000
SG08948,SG08949,7.000
SG08949,SG08950,8.000
SG08950,SG08951,9.000
SG08951,SG08952,10.000
SG08952,SG08953,11.000
SG08953,SG08954,4.000
SG08954,SG08955,5.000
SG08955,SG08956,6.000
SG08956,SG08957,7.000
SG08957,SG08958,8.000
SG08958,SG08959,9.000
SG08959,SG08960,10.000
SG08960,SG08961,11.000
SG08961,SG08962,4.000
SG08962,SG08963,5.000
SG08963,SG08964,6.000
SG08964,SG08965,7.000
SG08965,SG08966,8.000
SG08966,SG08967,9.000
SG08967,SG08968,10.000
SG08968,SG08969,11.000
SG08969,SG08970,4.000
SG08970,SG08971,5.000
SG08971,SG08972,6.000
SG08972,SG08973,7.000
SG08973,SG08974,8.000
SG08974,SG08975,9.000
SG08975,SG08976,10.000
SG08976,SG08977,11.000
SG08977,SG08978,4.000
SG08978,SG08979,5.000
SG08979,SG08980,6.000
SG08980,SG08981,7.000
SG08981,SG08982,8.000
SG08982,SG08983,9.000
SG08983,SG08984,10.000
SG08984,SG08985,11.000
SG08985,SG08986,4.000
SG08986,SG08987,5.000
SG08987,SG08988,6.000
SG08988,SG08989,7.000
SG08989,SG08990,8.000
SG08990,SG08991,9.000
SG08991,SG08992,10.000
SG08992,SG08993,11.000
SG08993,SG08994,4.000
SG08994,SG08995,5.000
SG08995,SG08996,6.000
SG08996,SG08997,7.000
SG08997,SG08998,8.000
SG08998,SG08999,9.000
SG08999,SG09000,10.000
SG09000,SG09001,11.000
SG09001,SG09002,4.000
SG09002,SG09003,5.000
SG09003,SG09004,6.000
SG09004,SG09005,7.000
SG09005,SG09006,8.000
SG09006,SG09007,9.000
SG09007,SG09008,10.000
SG09008,SG09009,11.000
SG09009,SG09010,4.000
SG09010,SG09011,5.000
SG09011,SG09012,6.000
SG09012,SG09013,7.000
SG09013,SG09014,8.000
SG09014,SG09015,9.000
SG09015,SG09016,10.000
SG09016,SG09017,11.000
SG09017,SG09018,4.000
SG09018,SG09019,5.000
SG09019,SG09020,6.000
SG09020,SG09021,7.000
SG09021,SG09022,8.000
SG09022,SG09023,9.000
SG09023,SG09024,10.000
SG09024,SG09025,11.000
SG09025,SG09026,4.000
SG09026,SG09027,5.000
SG09027,SG09028,6.000
SG09028,SG09029,7.000
SG09029,SG09030,8.000
SG09030,SG09031,9.000
SG09031,SG09032,10.000
SG09032,SG09033,11.000
SG09033,SG09034,4.000
SG09034,SG09035,5.000
SG09035,SG09036,6.000
SG09036,SG09037,7.000
SG09037,SG09038,8.000
SG09038,SG09039,9.000
SG09039,SG09040,10.000
SG09040,SG09041,11.000
SG09041,SG09042,4.000
SG09042,SG09043,5.000
SG09043,SG09044,6.000
SG09044,SG09045,7.000
SG09045,SG09046,8.000
SG09046,SG09047,9.000
SG09047,SG09048,10.000
SG09048,SG09049,11.000
SG09049,SG09050,4.000
SG09050,SG09051,5.000
SG09051,SG09052,6.000
SG09052,SG09053,7.000
SG09053,SG09054,8.000
SG09054,SG09055,9.000
SG09055,SG09056,10.000
SG09056,SG09057,11.000
SG09057,SG09058,4.000
SG09058,SG09059,5.000
SG09059,SG09060,6.000
SG09060,SG09061,7.000
SG09061,SG09062,8.000
SG09062,SG09063,9.000
SG09063,SG09064,10.000
SG09064,SG09065,11.000
SG09065,SG09066,4.000
SG09066,SG09067,5.000
SG09067,SG09068,6.000
SG09068,SG09069,7.000
SG09069,SG09070,8.000
SG09070,SG09071,9.000
SG09071,SG09072,10.000
SG09072,SG09073,11.000
SG09073,SG09074,4.000
SG09074,SG09075,5.000
SG09075,SG09076,6.000
SG09076,SG09077,7.000
SG09077,SG09078,8.000
SG09078,SG09079,9.000
SG09079,SG09080,10.000
SG09080,SG09081,11.000
SG09081,SG09082,4.000
SG09082,SG09083,5.000
SG09083,SG09084,6.000
SG09084,SG09085,7.000
SG09085,SG09086,8.000
SG09086,SG09087,9.000
SG09087,SG09088,10.000
SG09088,SG09089,11.000
SG09089,SG09090,4.000
SG09090,SG09091,5.000
SG09091,SG09092,6.000
SG09092,SG09093,7.000
SG09093,SG09094,8.000
SG09094,SG09095,9.000
SG09095,SG09096,10.000
SG09096,SG09097,11.000
SG09097,SG09098,4.000
SG09098,SG09099,5.000
SG09099,SG09100,6.000
SG09100,SG09101,7.000
SG09101,SG09102,8.000
SG09102,SG09103,9.000
SG09103,SG09104,10.000
SG09104,SG09105,11.000
SG09105,SG09106,4.000
SG09106,SG09107,5.000
SG09107,SG09108,6.000
SG09108,SG09109,7.000
SG09109,SG09110,8.000
SG09110,SG09111,9.000
SG09111,SG09112,10.000
SG09112,SG09113,11.000
SG09113,SG09114,4.000
SG09114,SG09115,5.000
SG09115,SG09116,6.000
SG09116,SG09117,7.000
SG09117,SG09118,8.000
SG09118,SG09119,9.000
SG09119,SG09120,10.000
SG09120,SG09121,11.000
SG09121,SG09122,4.000
SG09122,SG09123,5.000
SG09123,SG09124,6.000
SG09124,SG09125,7.000
SG09125,SG09126,8.000
SG09126,SG09127,9.000
SG09127,SG09128,10.000
SG09128,SG09129,11.000
SG09129,SG09130,4.000
SG09130,SG09131,5.000
SG09131,SG09132,6.000
SG09132,SG09133,7.000
SG09133,SG09134,8.000
SG09134,SG09135,9.000
SG09135,SG09136,10.000
SG09136,SG09137,11.000
SG09137,SG09138,4.000
SG09138,SG09139,5.000
SG09139,SG09140,6.000
SG09140,SG09141,7.000
SG09141,SG09142,8.000
SG09142,SG09143,9.000
SG09143,SG09144,10.000
SG09144,SG09145,11.000
SG09145,SG09146,4.000
SG09146,SG09147,5.000
SG09147,SG09148,6.000
SG09148,SG09149,7.000
SG09149,SG09150,8.000
SG09150,SG09151,9.000
SG09151,SG09152,10.000
SG09152,SG09153,11.000
SG09153,SG09154,4.000
SG09154,SG09155,5.000
SG09155,SG09156,6.000
SG09156,SG09157,7.000
SG09157,SG09158,8.000
SG09158,SG09159,9.000
SG09159,SG09160,10.000
SG09160,SG09161,11.000
SG09161,SG09162,4.000
SG09162,SG09163,5.000
SG09163,SG09164,6.000
SG09164,SG09165,7.000
SG09165,SG09166,8.000
SG09166,SG09167,9.000
SG09167,SG09168,10.000
SG09168,SG09169,11.000
SG09169,SG09170,4.000
SG09170,SG09171,5.000
SG09171,SG09172,6.000
SG09172,SG09173,7.000
SG09173,SG09174,8.000
SG09174,SG09175,9.000
SG09175,SG09176,10.000
SG09176,SG09177,11.000
SG09177,SG09178,4.000
SG09178,SG09179,5.000
SG09179,SG09180,6.000
SG09180,SG09181,7.000
SG09181,SG09182,8.000
SG09182,SG09183,9.000
SG09183,SG09184,10.000
SG09184,SG09185,11.000
SG09185,SG09186,4.000
SG09186,SG09187,5.000
SG09187,SG09188,6.000
SG09188,SG09189,7.000
SG09189,SG09190,8.000
SG09190,SG09191,9.000
SG09191,SG09192,10.000
SG09192,SG09193,11.000
SG09193,SG09194,4.000
SG09194,SG09195,5.000
SG09195,SG09196,6.000
SG09196,SG09197,7.000
SG09197,SG09198,8.000
SG09198,SG09199,9.000
SG09199,SG09200,10.000
SG09200,SG09201,11.000
SG09201,SG09202,4.000
SG09202,SG09203,5.000
SG09203,SG09204,6.000
SG09204,SG09205,7.000
SG09205,SG09206,8.000
SG09206,SG09207,9.000
SG09207,SG09208,10.000
SG09208,SG09209,11.000
SG09209,SG09210,4.000
SG09210,SG09211,5.000
SG09211,SG09212,6.000
SG09212,SG09213,7.000
SG09213,SG09214,8.000
SG09214,SG09215,9.000
SG09215,SG09216,10.000
SG09216,SG09217,11.000
SG09217,SG09218,4.000
SG09218,SG09219,5.000
SG09219,SG09220,6.000
SG09220,SG09221,7.000
SG09221,SG09222,8.000
SG09222,SG09223,9.000
SG09223,SG09224,10.000
SG09224,SG09225,11.000
SG09225,SG09226,4.000
SG09226,SG09227,5.000
SG09227,SG09228,6.000
SG09228,SG09229,7.000
SG09229,SG09230,8.000
SG09230,SG09231,9.000
SG09231,SG09232,10.000
SG09232,SG09233,11.000
SG09233,SG09234,4.000
SG09234,SG09235,5.000
SG09235,SG09236,6.000
SG09236,SG09237,7.000
SG09237,SG09238,8.000
SG09238,SG09239,9.000
SG09239,SG09240,10.000
SG09240,SG09241,11.000
SG09241,SG09242,4.000
SG09242,SG09243,5.000
SG09243,SG09244,6.000
SG09244,SG09245,7.000
SG09245,SG09246,8.000
SG09246,SG09247,9.000
SG09247,SG09248,10.000
SG09248,SG09249,11.000
SG09249,SG09250,4.000
SG09250,SG09251,5.000
SG09251,SG09252,6.000
SG09252,SG09253,7.000
SG09253,SG09254,8.000
SG09254,SG09255,9.000
SG09255,SG09256,10.000
SG09256,SG09257,11.000
SG09257,SG09258,4.000
SG09258,SG09259,5.000
SG09259,SG09260,6.000
SG09260,SG09261,7.000
SG09261,SG09262,8.000
SG09262,SG09263,9.000
SG09263,SG09264,10.000
SG09264,SG09265,11.000
SG09265,SG09266,4.000
SG09266,SG09267,5.000
SG09267,SG09268,6.000
SG09268,SG09269,7.000
SG09269,SG09270,8.000
SG09270,SG09271,9.000
SG09271,SG09272,10.000
SG09272,SG09273,11.000
SG09273,SG09274,4.000
SG09274,SG09275,5.000
SG09275,SG09276,6.000
SG09276,SG09277,7.000
SG09277,SG09278,8.000
SG09278,SG09279,9.000
SG09279,SG09280,10.000
SG09280,SG09281,11.000
SG09281,SG09282,4.000
SG09282,SG09283,5.000
SG09283,SG09284,6.000
SG09284,SG09285,7.000
SG09285,SG09286,8.000
SG09286,SG09287,9.000
SG09287,SG09288,10.000
SG09288,SG09289,11.000
SG09289,SG09290,4.000
SG09290,SG09291,5.000
SG09291,SG09292,6.000
SG09292,SG09293,7.000
SG09293,SG09294,8.000
SG09294,SG09295,9.000
SG09295,SG09296,10.000
SG09296,SG09297,11.000
SG09297,SG09298,4.000
SG09298,SG09299,5.000
SG09299,SG09300,6.000
SG09300,SG09301,7.000
SG09301,SG09302,8.000
SG09302,SG09303,9.000
SG09303,SG09304,10.000
SG09304,SG09305,11.000
SG09305,SG09306,4.000
SG09306,SG09307,5.000
SG09307,SG09308,6.000
SG09308,SG09309,7.000
SG09309,SG09310,8.000
SG09310,SG09311,9.000
SG09311,SG09312,10.000
SG09312,SG09313,11.000
SG09313,SG09314,4.000
SG09314,SG09315,5.000
SG09315,SG09316,6.000
SG09316,SG09317,7.000
SG09317,SG09318,8.000
SG09318,SG09319,9.000
SG09319,SG09320,10.000
SG09320,SG09321,11.000
SG09321,SG09322,4.000
SG09322,SG09323,5.000
SG09323,SG09324,6.000
SG09324,SG09325,7.000
SG09325,SG09326,8.000
SG09326,SG09327,9.000
SG09327,SG09328,10.000
SG09328,SG09329,11.000
SG09329,SG09330,4.000
SG09330,SG09331,5.000
SG09331,SG09332,6.000
SG09332,SG09333,7.000
SG09333,SG09334,8.000
SG09334,SG09335,9.000
SG09335,SG09336,10.000
SG09336,SG09337,11.000
SG09337,SG09338,4.000
SG09338,SG09339,5.000
SG09339,SG09340,6.000
SG09340,SG09341,7.000
SG09341,SG09342,8.000
SG09342,SG09343,9.000
SG09343,SG09344,10.000
SG09344,SG09345,11.000
SG09345,SG09346,4.000
SG09346,SG09347,5.000
SG09347,SG09348,6.000
SG09348,SG09349,7.000
SG09349,SG09350,8.000
SG09350,SG09351,9.000
SG09351,SG09352,10.000
SG09352,SG09353,11.000
SG09353,SG09354,4.000
SG09354,SG09355,5.000
SG09355,SG09356,6.000
SG09356,SG09357,7.000
SG09357,SG09358,8.000
SG09358,SG09359,9.000
SG09359,SG09360,10.000
SG09360,SG09361,11.000
SG09361,SG09362,4.000
SG09362,SG09363,5.000
SG09363,SG09364,6.000
SG09364,SG09365,7.000
SG09365,SG09366,8.000
SG09366,SG09367,9.000
SG09367,SG09368,10.000
SG09368,SG09369,11.000
SG09369,SG09370,4.000
SG09370,SG09371,5.000
SG09371,SG09372,6.000
SG09372,SG09373,7.000
SG09373,SG09374,8.000
SG09374,SG09375,9.000
SG09375,SG09376,10.000
SG09376,SG09377,11.000
SG09377,SG09378,4.000
SG09378,SG09379,5.000
SG09379,SG09380,6.000
SG09380,SG09381,7.000
SG09381,SG09382,8.000
SG09382,SG09383,9.000
SG09383,SG09384,10.000
SG09384,SG09385,11.000
SG09385,SG09386,4.000
SG09386,SG09387,5.000
SG09387,SG09388,6.000
SG09388,SG09389,7.000
SG09389,SG09390,8.000
SG09390,SG09391,9.000
SG09391,SG09392,10.000
SG09392,SG09393,11.000
SG09393,SG09394,4.000
SG09394,SG09395,5.000
SG09395,SG09396,6.000
SG09396,SG09397,7.000
SG09397,SG09398,8.000
SG09398,SG09399,9.000
SG09399,SG09400,10.000
SG09400,SG09401,11.000
SG09401,SG09402,4.000
SG09402,SG09403,5.000
SG09403,SG09404,6.000
SG09404,SG09405,7.000
SG09405,SG09406,8.000
SG09406,SG09407,9.000
SG09407,SG09408,10.000
SG09408,SG09409,11.000
SG09409,SG09410,4.000
SG09410,SG09411,5.000
SG09411,SG09412,6.000
SG09412,SG09413,7.000
SG09413,SG09414,8.000
SG09414,SG09415,9.000
SG09415,SG09416,10.000
SG09416,SG09417,11.000
SG09417,SG09418,4.000
SG09418,SG09419,5.000
SG09419,SG09420,6.000
SG09420,SG09421,7.000
SG09421,SG09422,8.000
SG09422,SG09423,9.000
SG09423,SG09424,10.000
SG09424,SG09425,11.000
SG09425,SG09426,4.000
SG09426,SG09427,5.000
SG09427,SG09428,6.000
SG09428,SG09429,7.000
SG09429,SG09430,8.000
SG09430,SG09431,9.000
SG09431,SG09432,10.000
SG09432,SG09433,11.000
SG09433,SG09434,4.000
SG09434,SG09435,5.000
SG09435,SG09436,6.000
SG09436,SG09437,7.000
SG09437,SG09438,8.000
SG09438,SG09439,9.000
SG09439,SG09440,10.000
SG09440,SG09441,11.000
SG09441,SG09442,4.000
SG09442,SG09443,5.000
SG09443,SG09444,6.000
SG09444,SG09445,7.000
SG09445,SG09446,8.000
SG09446,SG09447,9.000
SG09447,SG09448,10.000
SG09448,SG09449,11.000
SG09449,SG09450,4.000
SG09450,SG09451,5.000
SG09451,SG09452,6.000
SG09452,SG09453,7.000
SG09453,SG09454,8.000
SG09454,SG09455,9.000
SG09455,SG09456,10.000
SG09456,SG09457,11.000
SG09457,SG09458,4.000
SG09458,SG09459,5.000
SG09459,SG09460,6.000
SG09460,SG09461,7.000
SG09461,SG09462,8.000
SG09462,SG09463,9.000
SG09463,SG09464,10.000
SG09464,SG09465,11.000
SG09465,SG09466,4.000
SG09466,SG09467,5.000
SG09467,SG09468,6.000
SG09468,SG09469,7.000
SG09469,SG09470,8.000
SG09470,SG09471,9.000
SG09471,SG09472,10.000
SG09472,SG09473,11.000
SG09473,SG09474,4.000
SG09474,SG09475,5.000
SG09475,SG09476,6.000
SG09476,SG09477,7.000
SG09477,SG09478,8.000
SG09478,SG09479,9.000
SG09479,SG09480,10.000
SG09480,SG09481,11.000
SG09481,SG09482,4.000
SG09482,SG09483,5.000
SG09483,SG09484,6.000
SG09484,SG09485,7.000
SG09485,SG09486,8.000
SG09486,SG09487,9.000
SG09487,SG09488,10.000
SG09488,SG09489,11.000
SG09489,SG09490,4.000
SG09490,SG09491,5.000
SG09491,SG09492,6.000
SG09492,SG09493,7.000
SG09493,SG09494,8.000
SG09494,SG09495,9.000
SG09495,SG09496,10.000
SG09496,SG09497,11.000
SG09497,SG09498,4.000
SG09498,SG09499,5.000
SG09499,SG09500,6.000
SG09500,SG09501,7.000
SG09501,SG09502,8.000
SG09502,SG09503,9.000
SG09503,SG09504,10.000
SG09504,SG09505,11.000
SG09505,SG09506,4.000
SG09506,SG09507,5.000
SG09507,SG09508,6.000
SG09508,SG09509,7.000
SG09509,SG09510,8.000
SG09510,SG09511,9.000
SG09511,SG09512,10.000
SG09512,SG09513,11.000
SG09513,SG09514,4.000
SG09514,SG09515,5.000
SG09515,SG09516,6.000
SG09516,SG09517,7.000
SG09517,SG09518,8.000
SG09518,SG09519,9.000
SG09519,SG09520,10.000
SG09520,SG09521,11.000
SG09521,SG09522,4.000
SG09522,SG09523,5.000
SG09523,SG09524,6.000
SG09524,SG09525,7.000
SG09525,SG09526,8.000
SG09526,SG09527,9.000
SG09527,SG09528,10.000
SG09528,SG09529,11.000
SG09529,SG09530,4.000
SG09530,SG09531,5.000
SG09531,SG09532,6.000
SG09532,SG09533,7.000
SG09533,SG09534,8.000
SG09534,SG09535,9.000
SG09535,SG09536,10.000
SG09536,SG09537,11.000
SG09537,SG09538,4.000
SG09538,SG09539,5.000
SG09539,SG09540,6.000
SG09540,SG09541,7.000
SG09541,SG09542,8.000
SG09542,SG09543,9.000
SG09543,SG09544,10.000
SG09544,SG09545,11.000
SG09545,SG09546,4.000
SG09546,SG09547,5.000
SG09547,SG09548,6.000
SG09548,SG09549,7.000
SG09549,SG09550,8.000
SG09550,SG09551,9.000
SG09551,SG09552,10.000
SG09552,SG09553,11.000
SG09553,SG09554,4.000
SG09554,SG09555,5.000
SG09555,SG09556,6.000
SG09556,SG09557,7.000
SG09557,SG09558,8.000
SG09558,SG09559,9.000
SG09559,SG09560,10.000
SG09560,SG09561,11.000
SG09561,SG09562,4.000
SG09562,SG09563,5.000
SG09563,SG09564,6.000
SG09564,SG09565,7.000
SG09565,SG09566,8.000
SG09566,SG09567,9.000
SG09567,SG09568,10.000
SG09568,SG09569,11.000
SG09569,SG09570,4.000
SG09570,SG09571,5.000
SG09571,SG09572,6.000
SG09572,SG09573,7.000
SG09573,SG09574,8.000
SG09574,SG09575,9.000
SG09575,SG09576,10.000
SG09576,SG09577,11.000
SG09577,SG09578,4.000
SG09578,SG09579,5.000
SG09579,SG09580,6.000
SG09580,SG09581,7.000
SG09581,SG09582,8.000
SG09582,SG09583,9.000
SG09583,SG09584,10.000
SG09584,SG09585,11.000
SG09585,SG09586,4.000
SG09586,SG09587,5.000
SG09587,SG09588,6.000
SG09588,SG09589,7.000
SG09589,SG09590,8.000
SG09590,SG09591,9.000
SG09591,SG09592,10.000
SG09592,SG09593,11.000
SG09593,SG09594,4.000
SG09594,SG09595,5.000
SG09595,SG09596,6.000
SG09596,SG09597,7.000
SG09597,SG09598,8.000
SG09598,SG09599,9.000
SG09599,SG09600,10.000
SG09600,SG09601,11.000
SG09601,SG09602,4.000
SG09602,SG09603,5.000
SG09603,SG09604,6.000
SG09604,SG09605,7.000
SG09605,SG09606,8.000
SG09606,SG09607,9.000
SG09607,SG09608,10.000
SG09608,SG09609,11.000
SG09609,SG09610,4.000
SG09610,SG09611,5.000
SG09611,SG09612,6.000
SG09612,SG09613,7.000
SG09613,SG09614,8.000
SG09614,SG09615,9.000
SG09615,SG09616,10.000
SG09616,SG09617,11.000
SG09617,SG09618,4.000
SG09618,SG09619,5.000
SG09619,SG09620,6.000
SG09620,SG09621,7.000
SG09621,SG09622,8.000
SG09622,SG09623,9.000
SG09623,SG09624,10.000
SG09624,SG09625,11.000
SG09625,SG09626,4.000
SG09626,SG09627,5.000
SG09627,SG09628,6.000
SG09628,SG09629,7.000
SG09629,SG09630,8.000
SG09630,SG09631,9.000
SG09631,SG09632,10.000
SG09632,SG09633,11.000
SG09633,SG09634,4.000
SG09634,SG09635,5.000
SG09635,SG09636,6.000
SG09636,SG09637,7.000
SG09637,SG09638,8.000
SG09638,SG09639,9.000
SG09639,SG09640,10.000
SG09640,SG09641,11.000
SG09641,SG09642,4.000
SG09642,SG09643,5.000
SG09643,SG09644,6.000
SG09644,SG09645,7.000
SG09645,SG09646,8.000
SG09646,SG09647,9.000
SG09647,SG09648,10.000
SG09648,SG09649,11.000
SG09649,SG09650,4.000
SG09650,SG09651,5.000
SG09651,SG09652,6.000
SG09652,SG09653,7.000
SG09653,SG09654,8.000
SG09654,SG09655,9.000
SG09655,SG09656,10.000
SG09656,SG09657,11.000
SG09657,SG09658,4.000
SG09658,SG09659,5.000
SG09659,SG09660,6.000
SG09660,SG09661,7.000
SG09661,SG09662,8.000
SG09662,SG09663,9.000
SG09663,SG09664,10.000
SG09664,SG09665,11.000
SG09665,SG09666,4.000
SG09666,SG09667,5.000
SG09667,SG09668,6.000
SG09668,SG09669,7.000
SG09669,SG09670,8.000
SG09670,SG09671,9.000
SG09671,SG09672,10.000
SG09672,SG09673,11.000
SG09673,SG09674,4.000
SG09674,SG09675,5.000
SG09675,SG09676,6.000
SG09676,SG09677,7.000
SG09677,SG09678,8.000
SG09678,SG09679,9.000
SG09679,SG09680,10.000
SG09680,SG09681,11.000
SG09681,SG09682,4.000
SG09682,SG09683,5.000
SG09683,SG09684,6.000
SG09684,SG09685,7.000
SG09685,SG09686,8.000
SG09686,SG09687,9.000
SG09687,SG09688,10.000
SG09688,SG09689,11.000
SG09689,SG09690,4.000
SG09690,SG09691,5.000
SG09691,SG09692,6.000
SG09692,SG09693,7.000
SG09693,SG09694,8.000
SG09694,SG09695,9.000
SG09695,SG09696,10.000
SG09696,SG09697,11.000
SG09697,SG09698,4.000
SG09698,SG09699,5.000
SG09699,SG09700,6.000
SG09700,SG09701,7.000
SG09701,SG09702,8.000
SG09702,SG09703,9.000
SG09703,SG09704,10.000
SG09704,SG09705,11.000
SG09705,SG09706,4.000
SG09706,SG09707,5.000
SG09707,SG09708,6.000
SG09708,SG09709,7.000
SG09709,SG09710,8.000
SG09710,SG09711,9.000
SG09711,SG09712,10.000
SG09712,SG09713,11.000
SG09713,SG09714,4.000
SG09714,SG09715,5.000
SG09715,SG09716,6.000
SG09716,SG09717,7.000
SG09717,SG09718,8.000
SG09718,SG09719,9.000
SG09719,SG09720,10.000
SG09720,SG09721,11.000
SG09721,SG09722,4.000
SG09722,SG09723,5.000
SG09723,SG09724,6.000
SG09724,SG09725,7.000
SG09725,SG09726,8.000
SG09726,SG09727,9.000
SG09727,SG09728,10.000
SG09728,SG09729,11.000
SG09729,SG09730,4.000
SG09730,SG09731,5.000
SG09731,SG09732,6.000
SG09732,SG09733,7.000
SG09733,SG09734,8.000
SG09734,SG09735,9.000
SG09735,SG09736,10.000
SG09736,SG09737,11.000
SG09737,SG09738,4.000
SG09738,SG09739,5.000
SG09739,SG09740,6.000
SG09740,SG09741,7.000
SG09741,SG09742,8.000
SG09742,SG09743,9.000
SG09743,SG09744,10.000
SG09744,SG09745,11.000
SG09745,SG09746,4.000
SG09746,SG09747,5.000
SG09747,SG09748,6.000
SG09748,SG09749,7.000
SG09749,SG09750,8.000
SG09750,SG09751,9.000
SG09751,SG09752,10.000
SG09752,SG09753,11.000
SG09753,SG09754,4.000
SG09754,SG09755,5.000
SG09755,SG09756,6.000
SG09756,SG09757,7.000
SG09757,SG09758,8.000
SG09758,SG09759,9.000
SG09759,SG09760,10.000
SG09760,SG09761,11.000
SG09761,SG09762,4.000
SG09762,SG09763,5.000
SG09763,SG09764,6.000
SG09764,SG09765,7.000
SG09765,SG09766,8.000
SG09766,SG09767,9.000
SG09767,SG09768,10.000
SG09768,SG09769,11.000
SG09769,SG09770,4.000
SG09770,SG09771,5.000
SG09771,SG09772,6.000
SG09772,SG09773,7.000
SG09773,SG09774,8.000
SG09774,SG09775,9.000
SG09775,SG09776,10.000
SG09776,SG09777,11.000
SG09777,SG09778,4.000
SG09778,SG09779,5.000
SG09779,SG09780,6.000
SG09780,SG09781,7.000
SG09781,SG09782,8.000
SG09782,SG09783,9.000
SG09783,SG09784,10.000
SG09784,SG09785,11.000
SG09785,SG09786,4.000
SG09786,SG09787,5.000
SG09787,SG09788,6.000
SG09788,SG09789,7.000
SG09789,SG09790,8.000
SG09790,SG09791,9.000
SG09791,SG09792,10.000
SG09792,SG09793,11.000
SG09793,SG09794,4.000
SG09794,SG09795,5.000
SG09795,SG09796,6.000
SG09796,SG09797,7.000
SG09797,SG09798,8.000
SG09798,SG09799,9.000
SG09799,SG09800,10.000
SG09800,SG09801,11.000
SG09801,SG09802,4.000
SG09802,SG09803,5.000
SG09803,SG09804,6.000
SG09804,SG09805,7.000
SG09805,SG09806,8.000
SG09806,SG09807,9.000
SG09807,SG09808,10.000
SG09808,SG09809,11.000
SG09809,SG09810,4.000
SG09810,SG09811,5.000
SG09811,SG09812,6.000
SG09812,SG09813,7.000
SG09813,SG09814,8.000
SG09814,SG09815,9.000
SG09815,SG09816,10.000
SG09816,SG09817,11.000
SG09817,SG09818,4.000
SG09818,SG09819,5.000
SG09819,SG09820,6.000
SG09820,SG09821,7.000
SG09821,SG09822,8.000
SG09822,SG09823,9.000
SG09823,SG09824,10.000
SG09824,SG09825,11.000
SG09825,SG09826,4.000
SG09826,SG09827,5.000
SG09827,SG09828,6.000
SG09828,SG09829,7.000
SG09829,SG09830,8.000
SG09830,SG09831,9.000
SG09831,SG09832,10.000
SG09832,SG09833,11.000
SG09833,SG09834,4.000
SG09834,SG09835,5.000
SG09835,SG09836,6.000
SG09836,SG09837,7.000
SG09837,SG09838,8.000
SG09838,SG09839,9.000
SG09839,SG09840,10.000
SG09840,SG09841,11.000
SG09841,SG09842,4.000
SG09842,SG09843,5.000
SG09843,SG09844,6.000
SG09844,SG09845,7.000
SG09845,SG09846,8.000
SG09846,SG09847,9.000
SG09847,SG09848,10.000
SG09848,SG09849,11.000
SG09849,SG09850,4.000
SG09850,SG09851,5.000
SG09851,SG09852,6.000
SG09852,SG09853,7.000
SG09853,SG09854,8.000
SG09854,SG09855,9.000
SG09855,SG09856,10.000
SG09856,SG09857,11.000
SG09857,SG09858,4.000
SG09858,SG09859,5.000
SG09859,SG09860,6.000
SG09860,SG09861,7.000
SG09861,SG09862,8.000
SG09862,SG09863,9.000
SG09863,SG09864,10.000
SG09864,SG09865,11.000
SG09865,SG09866,4.000
SG09866,SG09867,5.000
SG09867,SG09868,6.000
SG09868,SG09869,7.000
SG09869,SG09870,8.000
SG09870,SG09871,9.000
SG09871,SG09872,10.000
SG09872,SG09873,11.000
SG09873,SG09874,4.000
SG09874,SG09875,5.000
SG09875,SG09876,6.000
SG09876,SG09877,7.000
SG09877,SG09878,8.000
SG09878,SG09879,9.000
SG09879,SG09880,10.000
SG09880,SG09881,11.000
SG09881,SG09882,4.000
SG09882,SG09883,5.000
SG09883,SG09884,6.000
SG09884,SG09885,7.000
SG09885,SG09886,8.000
SG09886,SG09887,9.000
SG09887,SG09888,10.000
SG09888,SG09889,11.000
SG09889,SG09890,4.000
SG09890,SG09891,5.000
SG09891,SG09892,6.000
SG09892,SG09893,7.000
SG09893,SG09894,8.000
SG09894,SG09895,9.000
SG09895,SG09896,10.000
SG09896,SG09897,11.000
SG09897,SG09898,4.000
SG09898,SG09899,5.000
SG09899,SG09900,6.000
SG09900,SG09901,7.000
SG09901,SG09902,8.000
SG09902,SG09903,9.000
SG09903,SG09904,10.000
SG09904,SG09905,11.000
SG09905,SG09906,4.000
SG09906,SG09907,5.000
SG09907,SG09908,6.000
SG09908,SG09909,7.000
SG09909,SG09910,8.000
SG09910,SG09911,9.000
SG09911,SG09912,10.000
SG09912,SG09913,11.000
SG09913,SG09914,4.000
SG09914,SG09915,5.000
SG09915,SG09916,6.000
SG09916,SG09917,7.000
SG09917,SG09918,8.000
SG09918,SG09919,9.000
SG09919,SG09920,10.000
SG09920,SG09921,11.000
SG09921,SG09922,4.000
SG09922,SG09923,5.000
SG09923,SG09924,6.000
SG09924,SG09925,7.000
SG09925,SG09926,8.000
SG09926,SG09927,9.000
SG09927,SG09928,10.000
SG09928,SG09929,11.000
SG09929,SG09930,4.000
SG09930,SG09931,5.000
SG09931,SG09932,6.000
SG09932,SG09933,7.000
SG09933,SG09934,8.000
SG09934,SG09935,9.000
SG09935,SG09936,10.000
SG09936,SG09937,11.000
SG09937,SG09938,4.000
SG09938,SG09939,5.000
SG09939,SG09940,6.000
SG09940,SG09941,7.000
SG09941,SG09942,8.000
SG09942,SG09943,9.000
SG09943,SG09944,10.000
SG09944,SG09945,11.000
SG09945,SG09946,4.000
SG09946,SG09947,5.000
SG09947,SG09948,6.000
SG09948,SG09949,7.000
SG09949,SG09950,8.000
SG09950,SG09951,9.000
SG09951,SG09952,10.000
SG09952,SG09953,11.000
SG09953,SG09954,4.000
SG09954,SG09955,5.000
SG09955,SG09956,6.000
SG09956,SG09957,7.000
SG09957,SG09958,8.000
SG09958,SG09959,9.000
SG09959,SG09960,10.000
SG09960,SG09961,11.000
SG09961,SG09962,4.000
SG09962,SG09963,5.000
SG09963,SG09964,6.000
SG09964,SG09965,7.000
SG09965,SG09966,8.000
SG09966,SG09967,9.000
SG09967,SG09968,10.000
SG09968,SG09969,11.000
SG09969,SG09970,4.000
SG09970,SG09971,5.000
SG09971,SG09972,6.000
SG09972,SG09973,7.000
SG09973,SG09974,8.000
SG09974,SG09975,9.000
SG09975,SG09976,10.000
SG09976,SG09977,11.000
SG09977,SG09978,4.000
SG09978,SG09979,5.000
SG09979,SG09980,6.000
SG09980,SG09981,7.000
SG09981,SG09982,8.000
SG09982,SG09983,9.000
SG09983,SG09984,10.000
SG09984,SG09985,11.000
SG09985,SG09986,4.000
SG09986,SG09987,5.000
SG09987,SG09988,6.000
SG09988,SG09989,7.000
SG09989,SG09990,8.000
SG09990,SG09991,9.000
SG09991,SG09992,10.000
SG09992,SG09993,11.000
SG09993,SG09994,4.000
SG09994,SG09995,5.000
SG09995,SG09996,6.000
SG09996,SG09997,7.000
SG09997,SG09998,8.000
SG09998,SG09999,9.000
SG09999,SG10000,10.000
SG00001,SG10000,11.000
SG08939,SG08962,8.000
SG04158,SG04207,12.000
SG02088,SG02097,12.000
SG01191,SG01221,12.000
SG09749,SG09828,6.000
SG01455,SG01512,9.000
SG02247,SG02342,9.000
SG06409,SG06485,7.000
SG03722,SG03779,11.000
SG06383,SG06426,10.000
SG00445,SG00534,10.000
SG03953,SG03975,9.000
SG07602,SG07609,12.000
SG09247,SG09319,7.000
SG04748,SG04787,8.000
SG02651,SG02706,12.000
SG07940,SG07948,8.000
SG05093,SG05144,9.000
SG01418,SG01453,7.000
SG00078,SG00165,6.000
SG01853,SG01865,10.000
SG05551,SG05560,12.000
SG06659,SG06724,12.000
SG03138,SG03185,7.000
SG02835,SG02917,9.000
SG07954,SG08044,10.000
SG07388,SG07458,10.000
SG09583,SG09633,9.000
SG02705,SG02801,9.000
SG04701,SG04739,6.000
SG03393,SG03436,11.000
SG09710,SG09769,9.000
SG03305,SG03354,12.000
SG08328,SG08361,7.000
SG05701,SG05776,11.000
SG09932,SG09957,7.000
SG04010,SG04077,6.000
SG00270,SG00275,10.000
SG08520,SG08561,10.000
SG02463,SG02523,7.000
SG03674,SG03737,7.000
SG03764,SG03859,6.000
SG04584,SG04622,12.000
SG07814,SG07877,8.000
SG08093,SG08134,6.000
SG03879,SG03925,6.000
SG06248,SG06307,11.000
SG09340,SG09362,12.000
SG06572,SG06609,7.000
SG00125,SG00221,11.000
SG07188,SG07265,10.000
SG01542,SG01610,11.000
SG03706,SG03801,11.000
SG09630,SG09720,7.000
SG02028,SG02039,6.000
SG06347,SG06390,9.000
SG04951,SG05041,10.000
SG01329,SG01333,9.000
SG03760,SG03803,9.000
SG04087,SG04164,11.000
SG07097,SG07112,6.000
SG04163,SG04219,8.000
SG01285,SG01327,12.000
SG08392,SG08464,8.000
SG07219,SG07254,9.000
SG04724,SG04759,11.000
SG01930,SG01962,6.000
SG06722,SG06765,12.000
SG06212,SG06221,12.000
SG02345,SG02426,11.000
SG06273,SG06318,11.000
SG00749,SG00835,12.000
SG05503,SG05530,12.000
SG02082,SG02088,9.000
SG05133,SG05227,7.000
SG03308,SG03392,8.000
SG08020,SG08112,9.000
SG08571,SG08585,12.000
SG01057,SG01143,6.000
SG01148,SG01216,12.000
SG07036,SG07098,7.000
SG06219,SG06282,9.000
SG09152,SG09239,12.000
SG05187,SG05226,12.000
SG08958,SG08996,11.000
SG03703,SG03790,8.000
SG04614,SG04640,6.000
SG02493,SG02545,12.000
SG08669,SG08730,12.000
SG03245,SG03253,10.000
SG06781,SG06854,8.000
SG06719,SG06776,7.000
SG08511,SG08536,12.000
SG07628,SG07712,12.000
SG02070,SG02129,6.000
SG06198,SG06265,9.000
SG04506,SG04563,12.000
SG00431,SG00511,6.000
SG00627,SG00710,7.000
SG01427,SG01451,8.000
SG05907,SG05932,8.000
SG07439,SG07510,11.000
SG04050,SG04102,8.000
SG06153,SG06203,10.000
SG06667,SG06761,12.000
SG09708,SG09765,12.000
SG04017,SG04064,7.000
SG08778,SG08806,7.000
SG00017,SG09940,11.000
SG01246,SG01259,7.000
SG04162,SG04165,11.000
SG03313,SG03350,9.000
SG09175,SG09220,12.000
SG06786,SG06788,11.000
SG00052,SG00105,9.000
SG01583,SG01611,6.000
SG01927,SG02000,10.000
SG07610,SG07693,6.000
SG04600,SG04668,9.000
SG00916,SG00961,11.000
SG04965,SG04968,12.000
SG05902,SG05996,11.000
SG08766,SG08859,10.000
SG04027,SG04120,6.000
SG01772,SG01809,10.000
SG00597,SG00643,10.000
SG09877,SG09938,7.000
SG00320,SG00356,6.000
SG06027,SG06038,11.000
SG00188,SG00282,10.000
SG02424,SG02473,7.000
SG00320,SG00359,7.000
SG07173,SG07203,7.000
SG00469,SG00487,6.000
SG08675,SG08754,6.000
SG07468,SG07515,10.000
SG06659,SG06746,12.000
SG07672,SG07767,9.000
SG08939,SG08964,6.000
SG03974,SG03988,7.000
SG05943,SG05991,8.000
SG00082,SG09985,7.000
SG03835,SG03844,11.000
SG09979,SG09999,7.000
SG09862,SG09921,10.000
SG02895,SG02946,10.000
SG03413,SG03474,6.000
SG07706,SG07803,8.000
SG01457,SG01495,12.000
SG06343,SG06378,9.000
SG00454,SG00524,8.000
SG04861,SG04863,10.000
SG06846,SG06927,10.000
SG04157,SG04169,11.000
SG07809,SG07898,7.000
SG03964,SG04044,10.000
SG01233,SG01236,12.000
SG08728,SG08808,9.000
SG02117,SG02163,9.000
SG06855,SG06881,10.000
SG09669,SG09766,10.000
SG06392,SG06487,12.000
SG08738,SG08778,12.000
SG06081,SG06173,9.000
SG08625,SG08648,8.000
SG01505,SG01537,9.000
SG05256,SG05281,7.000
SG07393,SG07476,7.000
SG07000,SG07081,10.000
SG09660,SG09670,12.000
SG03384,SG03398,12.000
SG00053,SG00100,9.000
SG07647,SG07739,10.000
SG03024,SG03075,10.000
SG01628,SG01668,8.000
SG04196,SG04265,6.000
SG03002,SG03094,9.000
SG03269,SG03326,12.000
SG03541,SG03548,10.000
SG06939,SG06988,12.000
SG00928,SG00977,11.000
SG00052,SG00115,11.000
SG08920,SG08961,11.000
SG01480,SG01484,12.000
SG09348,SG09389,7.000
SG05524,SG05555,7.000
SG07785,SG07878,10.000
SG05888,SG05976,8.000
SG00781,SG00784,10.000
SG07835,SG07887,9.000
SG09482,SG09513,12.000
SG00806,SG00849,10.000
SG00354,SG00399,10.000
SG09095,SG09188,6.000
SG01764,SG01837,11.000
SG07796,SG07821,7.000
SG03404,SG03496,12.000
SG05777,SG05781,7.000
SG07178,SG07234,6.000
SG02534,SG02611,8.000
SG01243,SG01266,8.000
SG02012,SG02036,7.000
SG06618,SG06664,9.000
SG09577,SG09600,6.000
SG06204,SG06251,8.000
SG08755,SG08819,6.000
SG02372,SG02428,9.000
SG07921,SG08018,11.000
SG09532,SG09584,8.000
SG04290,SG04344,7.000
SG05521,SG05595,7.000
SG09070,SG09078,10.000
SG08247,SG08265,6.000
SG04045,SG04113,7.000
SG05028,SG05090,6.000
SG01833,SG01880,8.000
SG09541,SG09617,8.000
SG00173,SG00258,9.000
SG08351,SG08444,7.000
SG00565,SG00640,6.000
SG03831,SG03895,10.000
SG03888,SG03930,7.000
SG05946,SG06011,11.000
SG06083,SG06136,9.000
SG00033,SG00116,6.000
SG06006,SG06009,7.000
SG04479,SG04547,6.000
SG00955,SG00959,12.000
SG09185,SG09210,12.000
SG03669,SG03753,7.000
SG06111,SG06136,6.000
SG03401,SG03452,10.000
SG04974,SG04988,9.000
SG03727,SG03745,12.000
SG03689,SG03703,6.000
SG06513,SG06522,10.000
SG02296,SG02371,12.000
SG05726,SG05784,8.000
SG04181,SG04224,7.000
SG02017,SG02090,11.000
SG07419,SG07470,6.000
SG00066,SG09994,7.000
SG05223,SG05289,6.000
SG00295,SG00328,12.000
SG05855,SG05896,7.000
SG08784,SG08800,6.000
SG02087,SG02183,12.000
SG00882,SG00917,7.000
SG06526,SG06581,6.000
SG00930,SG00980,12.000
SG04946,SG04976,12.000
SG00167,SG00244,6.000
SG03331,SG03385,11.000
SG03015,SG03068,10.000
SG08763,SG08788,10.000
SG05504,SG05581,10.000
SG07690,SG07755,11.000
SG02489,SG02508,10.000
SG00641,SG00687,10.000
SG07458,SG07488,7.000
SG08175,SG08253,9.000
SG00722,SG00731,12.000
SG02005,SG02058,9.000
SG04413,SG04447,7.000
SG05808,SG05835,12.000
SG06458,SG06469,11.000
SG05426,SG05478,6.000
SG06237,SG06296,10.000
SG06137,SG06228,7.000
SG02642,SG02711,10.000
SG08452,SG08467,8.000
SG06254,SG06278,10.000
SG01662,SG01684,7.000
SG02075,SG02115,8.000
SG09294,SG09368,10.000
SG03215,SG03239,7.000
SG00723,SG00732,12.000
SG09887,SG09928,7.000
SG01687,SG01772,10.000
SG07500,SG07573,6.000
SG01434,SG01441,8.000
SG03276,SG03318,6.000
SG08790,SG08876,10.000
SG08271,SG08291,7.000
SG01762,SG01836,7.000
SG01499,SG01509,11.000
SG08469,SG08478,11.000
SG00789,SG00791,10.000
SG09339,SG09391,9.000
SG01567,SG01611,12.000
SG04792,SG04819,6.000
SG05609,SG05651,7.000
SG07110,SG07128,10.000
SG07632,SG07697,9.000
SG03092,SG03136,9.000
SG03893,SG03956,8.000
SG03393,SG03490,11.000
SG04516,SG04584,6.000
SG08438,SG08493,6.000
SG05530,SG05547,7.000
SG07472,SG07516,6.000
SG08364,SG08421,12.000
SG09861,SG09870,12.000
SG09307,SG09337,10.000
SG04291,SG04300,7.000
SG09882,SG09957,6.000
SG05167,SG05262,11.000
SG06837,SG06842,9.000
SG04354,SG04445,6.000
SG08130,SG08182,7.000
SG03700,SG03740,6.000
SG04463,SG04546,10.000
SG07427,SG07445,12.000
SG05351,SG05377,11.000
SG06882,SG06894,12.000
SG09862,SG09864,10.000
SG01133,SG01201,12.000
SG05778,SG05828,12.000
SG08881,SG08925,12.000
SG02568,SG02622,12.000
SG08026,SG08047,12.000
SG03916,SG03988,7.000
SG02251,SG02283,9.000
SG00119,SG00129,12.000
SG07258,SG07340,7.000
SG00253,SG00281,11.000
SG05882,SG05956,8.000
SG04072,SG04159,8.000
SG09407,SG09438,9.000
SG04868,SG04876,7.000
SG05118,SG05181,10.000
SG02579,SG02674,9.000
SG05577,SG05594,7.000
SG01911,SG02008,8.000
SG06364,SG06452,11.000
SG08758,SG08793,9.000
SG04368,SG04437,8.000
SG00419,SG00421,9.000
SG01051,SG01084,7.000
SG06576,SG06611,12.000
SG02782,SG02846,9.000
SG09445,SG09472,12.000
SG06279,SG06331,7.000
SG08455,SG08543,8.000
SG09701,SG09750,10.000
SG07948,SG07959,8.000
SG02005,SG02096,9.000
SG01330,SG01342,11.000
SG02986,SG03004,7.000
SG02447,SG02491,7.000
SG07099,SG07183,12.000
SG00375,SG00413,6.000
SG03828,SG03888,8.000
SG07870,SG07965,12.000
SG09121,SG09206,8.000
SG02104,SG02136,7.000
SG04420,SG04435,6.000
SG09595,SG09625,7.000
SG05171,SG05173,7.000
SG01087,SG01147,10.000
SG07559,SG07641,6.000
SG07136,SG07215,9.000
SG03638,SG03707,6.000
SG06978,SG06987,6.000
SG09260,SG09296,12.000
SG02455,SG02547,10.000
SG09203,SG09256,11.000
SG01095,SG01133,9.000
SG07984,SG08065,10.000
SG08351,SG08375,12.000
SG05940,SG06020,7.000
SG04251,SG04262,10.000
SG06573,SG06648,12.000
SG04918,SG04931,8.000
SG05859,SG05946,11.000
SG00064,SG00088,12.000
SG05480,SG05502,11.000
SG04519,SG04570,9.000
SG02723,SG02798,10.000
SG00472,SG00492,7.000
SG08394,SG08434,7.000
SG08260,SG08332,9.000
SG03500,SG03516,10.000
SG02653,SG02659,9.000
SG03852,SG03932,6.000
SG09420,SG09517,6.000
SG02286,SG02306,12.000
SG09088,SG09131,9.000
SG08926,SG08960,12.000
SG01823,SG01902,10.000
SG04034,SG04084,6.000
SG04979,SG05023,9.000
SG03591,SG03675,9.000
SG03600,SG03690,6.000
SG07952,SG07974,9.000
SG09726,SG09758,10.000
SG06858,SG06925,12.000
SG09325,SG09386,6.000
SG02895,SG02912,10.000
SG01712,SG01808,9.000
SG08263,SG08294,6.000
SG05993,SG06045,8.000
SG09609,SG09654,12.000
SG08089,SG08143,10.000
SG00822,SG00893,11.000
SG00794,SG00820,11.000
SG07155,SG07248,10.000
SG03789,SG03815,12.000
SG04021,SG04039,12.000
SG01171,SG01219,7.000
SG03379,SG03438,10.000
SG06490,SG06567,12.000
SG07962,SG08058,8.000
SG00123,SG00165,12.000
SG01747,SG01786,11.000
SG06747,SG06811,6.000
SG02238,SG02335,7.000
SG02212,SG02271,10.000
SG09410,SG09465,11.000
SG05001,SG05015,12.000
SG05637,SG05690,7.000
SG08260,SG08317,7.000
SG03825,SG03859,12.000
SG09698,SG09705,8.000
SG05275,SG05305,8.000
SG09194,SG09281,11.000
SG07794,SG07808,7.000
SG03229,SG03268,8.000
SG06242,SG06261,9.000
SG02009,SG02050,9.000
SG05244,SG05269,6.000
SG04910,SG04941,10.000
SG05361,SG05379,9.000
SG03321,SG03411,11.000
SG02612,SG02639,6.000
SG02722,SG02749,10.000
SG05157,SG05239,10.000
SG08473,SG08528,8.000
SG03164,SG03254,11.000
SG08029,SG08074,11.000
SG06611,SG06696,12.000
SG06668,SG06715,8.000
SG04099,SG04186,11.000
SG00020,SG09994,11.000
SG01825,SG01914,6.000
SG05101,SG05174,10.000
SG08781,SG08869,12.000
SG08912,SG09000,11.000
SG00157,SG00205,10.000
SG07547,SG07602,9.000
SG08939,SG08965,6.000
SG00177,SG00216,12.000
SG03948,SG04025,11.000
SG05382,SG05393,11.000
SG04184,SG04218,6.000
SG03099,SG03124,9.000
SG02414,SG02482,8.000
SG01510,SG01575,12.000
SG08682,SG08774,11.000
SG01300,SG01380,8.000
SG04812,SG04841,12.000
SG00149,SG00238,9.000
SG07332,SG07381,10.000
SG03896,SG03904,12.000
SG06465,SG06521,8.000
SG07966,SG08005,11.000
SG06287,SG06320,7.000
SG09189,SG09208,11.000
SG03737,SG03772,12.000
SG04511,SG04572,9.000
SG05164,SG05239,9.000
SG05094,SG05132,9.000
SG06571,SG06613,6.000
SG02428,SG02467,7.000
SG00791,SG00853,6.000
SG02999,SG03074,11.000
SG09649,SG09705,10.000
SG00414,SG00430,8.000
SG04826,SG04856,12.000
SG04308,SG04314,11.000
SG05811,SG05886,7.000
SG04385,SG04440,9.000
SG00101,SG00160,10.000
SG01359,SG01412,11.000
SG07783,SG07879,6.000
SG04827,SG04882,11.000
SG03028,SG03041,6.000
SG06944,SG07028,8.000
SG06844,SG06870,11.000
SG00796,SG00855,12.000
SG01912,SG01976,7.000
SG09157,SG09249,8.000
SG09503,SG09584,8.000
SG03543,SG03634,9.000
SG03523,SG03611,8.000
SG00781,SG00839,10.000
SG05790,SG05868,12.000
SG05214,SG05300,10.000
SG02751,SG02818,7.000
SG04936,SG04988,10.000
SG05253,SG05288,12.000
SG00621,SG00692,12.000
SG02714,SG02737,12.000
SG01198,SG01266,8.000
SG09249,SG09309,11.000
SG02529,SG02588,9.000
SG05142,SG05175,7.000
SG00634,SG00703,12.000
SG03440,SG03471,7.000
SG03386,SG03429,7.000
SG07001,SG07093,7.000
SG04433,SG04478,8.000
SG09341,SG09370,7.000
SG02904,SG02992,11.000
SG01695,SG01720,10.000
SG05598,SG05690,6.000
SG03383,SG03465,10.000
SG06557,SG06563,6.000
SG06900,SG06981,8.000
SG02429,SG02510,12.000
SG00012,SG09957,11.000
SG04564,SG04639,8.000
SG03424,SG03517,6.000
SG06776,SG06779,7.000
SG02146,SG02192,6.000
SG01461,SG01532,7.000
SG06587,SG06661,9.000
SG04587,SG04616,10.000
SG08008,SG08035,8.000
SG04903,SG04945,8.000
SG03813,SG03897,11.000
SG02926,SG03008,12.000
SG03672,SG03757,6.000
SG03656,SG03736,8.000
SG06462,SG06473,7.000
SG02028,SG02109,6.000
SG03701,SG03790,10.000
SG04623,SG04626,8.000
SG02605,SG02684,11.000
SG03507,SG03555,9.000
SG01710,SG01718,7.000
SG01248,SG01294,10.000
SG09964,SG09967,6.000
SG08287,SG08317,9.000
SG06686,SG06719,8.000
SG08138,SG08188,12.000
SG00740,SG00788,8.000
SG00379,SG00414,8.000
SG02997,SG03051,10.000
SG09253,SG09279,12.000
SG02541,SG02557,12.000
SG05068,SG05153,9.000
SG04551,SG04631,12.000
SG09498,SG09530,9.000
SG02134,SG02215,11.000
SG02626,SG02670,11.000
SG06068,SG06140,12.000
SG02075,SG02121,8.000
SG01238,SG01242,6.000
SG01135,SG01196,10.000
SG06948,SG06988,11.000
SG06424,SG06487,12.000
SG06078,SG06090,8.000
SG04508,SG04579,6.000
SG05689,SG05762,6.000
SG04110,SG04187,9.000
SG04913,SG04952,10.000
SG04321,SG04336,12.000
SG05335,SG05393,11.000
SG02483,SG02507,12.000
SG00267,SG00349,7.000
SG06529,SG06576,12.000
SG02915,SG02962,12.000
SG08478,SG08554,7.000
SG05074,SG05103,10.000
SG06669,SG06690,12.000
SG08347,SG08375,6.000
SG07375,SG07451,12.000
SG04454,SG04510,8.000
SG09645,SG09724,7.000
SG00774,SG00868,11.000
SG03878,SG03944,8.000
SG07348,SG07438,9.000
SG02688,SG02739,12.000
SG02797,SG02810,11.000
SG05355,SG05439,12.000
SG04723,SG04765,10.000
SG02581,SG02595,11.000
SG05579,SG05593,7.000
SG09571,SG09660,11.000
SG03566,SG03611,6.000
SG00745,SG00796,9.000
SG00289,SG00298,7.000
SG01776,SG01821,8.000
SG08395,SG08442,9.000
SG02283,SG02359,8.000
SG03853,SG03926,12.000
SG08480,SG08501,12.000
SG04485,SG04531,9.000
SG07572,SG07595,6.000
SG09473,SG09509,7.000
SG07755,SG07758,7.000
SG09555,SG09646,6.000
SG07493,SG07553,7.000
SG04899,SG04977,9.000
SG08425,SG08430,12.000
SG03117,SG03148,12.000
SG05906,SG05927,9.000
SG03909,SG03973,7.000
SG02965,SG02973,10.000
SG05204,SG05218,8.000
SG05446,SG05522,8.000
SG08973,SG08985,10.000
SG01477,SG01568,7.000
SG08707,SG08738,9.000
SG05250,SG05302,8.000
SG05566,SG05632,12.000
SG06558,SG06602,9.000
SG02034,SG02072,8.000
SG01697,SG01742,11.000
SG01100,SG01128,10.000
SG01438,SG01451,7.000
SG01310,SG01375,6.000
SG05760,SG05840,6.000
SG03944,SG03949,6.000
SG06202,SG06299,9.000
SG03834,SG03885,10.000
SG03067,SG03132,11.000
SG00503,SG00599,9.000
SG09450,SG09532,7.000
SG07016,SG07042,9.000
SG05255,SG05296,8.000
SG00818,SG00857,12.000
SG05252,SG05345,6.000
SG09515,SG09555,10.000
SG03721,SG03743,6.000
SG05665,SG05715,12.000
SG07718,SG07736,11.000
SG03785,SG03812,7.000
SG09356,SG09403,8.000
SG00611,SG00700,8.000
SG08044,SG08121,12.000
SG01763,SG01779,7.000
SG04363,SG04425,6.000
SG05009,SG05075,7.000
SG01372,SG01421,7.000
SG07910,SG07964,8.000
SG04745,SG04775,11.000
SG06388,SG06402,9.000
SG03310,SG03374,11.000
SG06317,SG06337,11.000
SG04563,SG04582,8.000
SG03212,SG03309,10.000
SG08448,SG08488,11.000
SG01113,SG01195,11.000
SG05554,SG05608,6.000
SG01480,SG01576,7.000
SG05724,SG05763,7.000
SG01871,SG01884,11.000
SG08206,SG08299,8.000
SG03131,SG03157,7.000
SG07986,SG08014,9.000
SG08254,SG08333,7.000
SG02878,SG02945,12.000
SG06726,SG06757,6.000
SG05568,SG05580,10.000
SG00599,SG00640,8.000
SG02067,SG02071,10.000
SG03369,SG03396,10.000
SG06268,SG06307,8.000
SG05673,SG05761,9.000
SG07408,SG07442,12.000
SG03349,SG03398,7.000
SG06525,SG06556,7.000
SG09311,SG09401,12.000
SG07506,SG07568,8.000
SG01455,SG01462,9.000
SG01172,SG01227,11.000
SG00157,SG00251,11.000
SG05194,SG05279,6.000
SG01448,SG01505,10.000
SG01597,SG01653,12.000
SG01229,SG01247,7.000
SG05298,SG05347,8.000
SG02651,SG02681,7.000
SG04650,SG04683,7.000
SG08526,SG08601,11.000
SG06532,SG06613,10.000
SG04121,SG04178,6.000
SG07150,SG07229,9.000
SG08389,SG08437,11.000
SG03578,SG03590,9.000
SG04389,SG04397,9.000
SG03334,SG03417,9.000
SG07849,SG07872,9.000
SG07979,SG08042,7.000
SG07211,SG07232,7.000
SG05080,SG05092,9.000
SG04667,SG04758,8.000
SG08917,SG08932,11.000
SG06328,SG06420,10.000
SG07268,SG07284,12.000
SG06287,SG06337,6.000
SG07483,SG07509,6.000
SG04676,SG04752,9.000
SG03105,SG03114,6.000
SG09434,SG09441,7.000
SG00521,SG00612,10.000
SG06038,SG06076,6.000
SG06764,SG06773,12.000
SG04553,SG04647,12.000
SG02651,SG02741,12.000
SG09588,SG09645,9.000
SG03185,SG03266,6.000
SG01832,SG01878,12.000
SG07555,SG07648,9.000
SG00309,SG00349,6.000
SG07378,SG07452,9.000
SG08006,SG08086,12.000
SG02130,SG02221,6.000
SG00749,SG00791,8.000
SG08066,SG08109,6.000
SG05677,SG05694,6.000
SG09592,SG09638,7.000
SG02082,SG02145,12.000
SG03023,SG03088,8.000
SG09361,SG09429,6.000
SG00126,SG00179,7.000
SG04942,SG05001,8.000
SG05944,SG05950,10.000
SG04984,SG05060,7.000
SG00188,SG00197,11.000
SG03010,SG03071,12.000
SG07191,SG07209,11.000
SG02036,SG02133,6.000
SG04034,SG04115,12.000
SG04801,SG04812,7.000
SG03261,SG03311,6.000
SG00123,SG00175,9.000
SG03581,SG03636,7.000
SG01644,SG01689,12.000
SG02315,SG02392,12.000
SG04110,SG04113,10.000
SG05201,SG05278,12.000
SG02305,SG02321,12.000
SG05622,SG05674,11.000
SG04594,SG04600,11.000
SG04515,SG04565,11.000
SG07235,SG07308,11.000
SG07247,SG07324,6.000
SG02915,SG03003,11.000
SG02816,SG02846,8.000
SG07900,SG07909,6.000
SG06839,SG06883,6.000
SG02429,SG02432,6.000
SG01188,SG01213,8.000
SG09173,SG09258,6.000
SG02862,SG02917,8.000
SG00254,SG00303,10.000
SG00920,SG00947,12.000
SG05246,SG05295,12.000
SG06098,SG06155,12.000
SG06222,SG06278,10.000
SG01328,SG01399,10.000
SG02044,SG02100,11.000
SG05791,SG05837,6.000
SG08236,SG08318,12.000
SG08542,SG08619,10.000
SG01589,SG01662,12.000
SG03251,SG03258,7.000
SG05777,SG05835,11.000
SG01393,SG01437,8.000
SG06313,SG06390,11.000
SG00277,SG00297,9.000
SG05744,SG05810,8.000
SG02959,SG03002,6.000
SG03754,SG03827,10.000
SG02236,SG02268,10.000
SG07389,SG07458,9.000
SG08891,SG08938,7.000
SG04633,SG04726,6.000
SG08151,SG08229,6.000
SG05524,SG05578,7.000
SG06088,SG06136,8.000
SG09767,SG09774,10.000
SG02620,SG02627,9.000
SG03747,SG03770,10.000
SG07836,SG07895,11.000
SG03781,SG03820,12.000
SG06941,SG06961,6.000
SG01899,SG01992,7.000
SG03993,SG04029,6.000
SG06105,SG06136,9.000
SG09262,SG09343,10.000
SG04458,SG04535,12.000
SG07315,SG07352,11.000
SG02210,SG02237,8.000
SG06105,SG06132,7.000
SG09110,SG09120,9.000
SG09523,SG09527,8.000
SG00561,SG00654,10.000
SG00116,SG00136,8.000
SG07199,SG07284,8.000
SG03192,SG03233,9.000
SG03241,SG03301,7.000
SG01380,SG01434,12.000
SG00281,SG00337,9.000
SG08074,SG08118,6.000
SG00744,SG00773,10.000
SG02138,SG02174,9.000
SG09500,SG09509,10.000
SG02930,SG02991,11.000
SG03866,SG03949,10.000
SG07266,SG07309,10.000
SG07007,SG07089,11.000
SG06477,SG06496,11.000
SG08200,SG08280,7.000
SG05337,SG05385,7.000
SG01140,SG01174,6.000
SG03541,SG03592,9.000
SG09181,SG09233,7.000
SG07633,SG07725,8.000
SG09573,SG09623,8.000
SG05007,SG05009,8.000
SG08156,SG08248,10.000
SG04937,SG04984,8.000
SG07177,SG07247,7.000
SG02661,SG02729,10.000
SG02450,SG02490,7.000
SG04449,SG04462,6.000
SG07786,SG07824,8.000
SG02522,SG02576,12.000
SG04894,SG04984,10.000
SG01676,SG01714,6.000
SG01602,SG01632,11.000
SG02748,SG02766,9.000
SG00784,SG00865,6.000
SG04636,SG04723,11.000
SG02450,SG02492,11.000
SG04723,SG04731,8.000
SG02743,SG02758,8.000
SG00219,SG00250,7.000
SG01613,SG01675,8.000
SG08406,SG08411,10.000
SG06449,SG06496,11.000
SG05051,SG05110,11.000
SG07447,SG07492,9.000
SG05543,SG05567,7.000
SG02704,SG02782,12.000
SG05703,SG05797,8.000
SG02519,SG02538,9.000
SG06836,SG06927,10.000
SG03805,SG03833,8.000
SG05591,SG05686,9.000
SG02458,SG02521,6.000
SG01656,SG01658,11.000
SG04695,SG04769,9.000
SG08405,SG08473,9.000
SG03269,SG03317,9.000
SG01407,SG01480,8.000
SG01858,SG01942,11.000
SG00422,SG00500,12.000
SG06299,SG06387,10.000
SG00116,SG00169,12.000
SG05422,SG05499,11.000
SG06534,SG06548,11.000
SG02601,SG02615,10.000
SG08360,SG08393,11.000
SG02448,SG02458,7.000
SG07340,SG07343,9.000
SG00888,SG00892,11.000
SG09117,SG09138,7.000
SG01872,SG01886,8.000
SG07152,SG07189,7.000
SG05821,SG05882,10.000
SG06628,SG06654,6.000
SG04057,SG04065,9.000
SG05245,SG05292,11.000
SG05832,SG05893,11.000
SG01880,SG01942,11.000
SG00441,SG00477,8.000
SG05211,SG05285,7.000
SG02206,SG02298,10.000
SG00786,SG00847,8.000
SG01240,SG01279,9.000
SG09748,SG09771,9.000
SG03646,SG03739,6.000
SG03666,SG03745,6.000
SG01673,SG01725,8.000
SG00728,SG00746,6.000
SG03031,SG03035,7.000
SG07126,SG07128,10.000
SG09686,SG09757,6.000
SG06904,SG06942,9.000
SG05591,SG05637,11.000
SG01913,SG01942,12.000
SG00635,SG00699,12.000
SG04073,SG04165,7.000
SG00220,SG00316,6.000
SG02859,SG02897,7.000
SG06902,SG06970,11.000
SG05067,SG05113,8.000
SG08137,SG08161,12.000
SG09495,SG09532,12.000
SG02912,SG02965,12.000
SG09390,SG09414,12.000
SG05625,SG05644,7.000
SG08433,SG08450,7.000
SG08520,SG08528,6.000
SG04867,SG04915,8.000
SG00055,SG00074,11.000
SG01110,SG01159,11.000
SG06230,SG06312,10.000
SG06135,SG06149,10.000
SG00927,SG00941,9.000
SG02987,SG03015,6.000
SG00230,SG00259,6.000
SG07320,SG07358,11.000
SG00132,SG00142,7.000
SG02794,SG02846,12.000
SG07697,SG07748,7.000
SG08752,SG08767,6.000
SG08165,SG08178,11.000
SG02923,SG02954,7.000
SG05342,SG05373,10.000
SG00055,SG00072,7.000
SG05508,SG05549,10.000
SG04553,SG04577,8.000
SG06680,SG06737,11.000
SG04459,SG04494,7.000
SG00888,SG00962,7.000
SG03607,SG03676,7.000
SG07966,SG08034,12.000
SG01672,SG01730,10.000
SG00647,SG00649,6.000
SG06131,SG06203,7.000
SG03298,SG03306,9.000
SG09168,SG09182,6.000
SG05930,SG05956,11.000
SG04192,SG04200,10.000
SG01823,SG01836,6.000
SG04220,SG04255,12.000
SG06918,SG06971,6.000
SG05890,SG05900,7.000
SG02544,SG02593,6.000
SG01531,SG01568,6.000
SG05814,SG05871,7.000
SG05568,SG05616,11.000
SG04675,SG04686,9.000
SG03805,SG03892,12.000
SG02817,SG02893,9.000
SG02827,SG02914,9.000
SG04029,SG04072,6.000
SG05102,SG05132,11.000
SG01782,SG01820,9.000
SG01433,SG01520,8.000
SG08390,SG08399,11.000
SG09318,SG09392,11.000
SG04805,SG04873,6.000
SG01707,SG01802,7.000
SG07358,SG07414,7.000
SG08636,SG08723,12.000
SG07441,SG07510,11.000
SG02498,SG02554,6.000
SG04619,SG04699,7.000
SG09293,SG09339,10.000
SG08772,SG08808,10.000
SG01328,SG01339,7.000
SG03120,SG03211,6.000
SG04504,SG04580,7.000
SG03049,SG03107,9.000
SG03806,SG03870,10.000
SG06109,SG06118,12.000
SG06886,SG06891,12.000
SG02126,SG02192,9.000
SG05905,SG05984,12.000
SG09514,SG09571,11.000
SG05234,SG05309,10.000
SG00407,SG00452,12.000
SG05186,SG05255,8.000
SG03633,SG03699,8.000
SG02980,SG03077,7.000
SG06510,SG06593,11.000
SG09584,SG09612,8.000
SG04591,SG04634,12.000
SG08185,SG08273,9.000
SG08395,SG08419,7.000
SG04822,SG04861,7.000
SG08551,SG08625,7.000
SG07416,SG07513,7.000
SG01141,SG01223,6.000
SG04075,SG04098,9.000
SG04129,SG04185,8.000
SG08333,SG08347,10.000
SG09122,SG09162,9.000
SG05955,SG05970,9.000
SG00996,SG01045,11.000
SG08349,SG08441,9.000
SG06775,SG06815,8.000
SG09420,SG09509,7.000
SG05128,SG05201,12.000
SG09193,SG09236,11.000
SG04700,SG04778,9.000
SG06708,SG06803,12.000
SG03676,SG03772,8.000
SG09729,SG09804,10.000
SG00294,SG00308,12.000
SG07873,SG07895,10.000
SG04927,SG04954,11.000
SG01864,SG01927,8.000
SG04649,SG04674,11.000
SG03033,SG03063,11.000
SG01314,SG01366,11.000
SG06904,SG06970,9.000
SG09927,SG09946,11.000
SG00915,SG00984,6.000
SG05958,SG05971,8.000
SG02189,SG02259,7.000
SG03927,SG04018,10.000
SG04789,SG04869,8.000
SG05702,SG05726,11.000
SG00353,SG00355,6.000
SG01083,SG01174,7.000
SG09392,SG09476,6.000
SG06108,SG06158,12.000
SG06057,SG06120,11.000
SG01577,SG01651,9.000
SG04935,SG04983,11.000
SG06387,SG06472,10.000
SG07540,SG07605,8.000
SG02822,SG02853,12.000
SG06774,SG06801,6.000
SG04724,SG04784,11.000
SG02817,SG02902,10.000
SG00007,SG00038,10.000
SG01860,SG01911,12.000
SG06980,SG06990,9.000
SG02894,SG02901,10.000
SG04940,SG04947,8.000
SG05542,SG05638,10.000
SG04227,SG04295,10.000
SG06818,SG06851,11.000
SG04894,SG04968,9.000
SG04830,SG04882,6.000
SG07088,SG07178,10.000
SG05919,SG05986,9.000
SG05686,SG05760,10.000
SG06703,SG06784,12.000
SG07361,SG07416,6.000
SG07084,SG07181,8.000
SG05706,SG05763,7.000
SG02562,SG02620,10.000
SG09874,SG09935,9.000
SG07416,SG07434,10.000
SG00103,SG00168,9.000
SG02422,SG02507,9.000
SG00066,SG00090,6.000
SG05100,SG05197,8.000
SG06862,SG06864,6.000
SG04924,SG04976,10.000
SG05239,SG05317,8.000
SG03846,SG03848,8.000
SG08988,SG09022,12.000
SG01786,SG01873,10.000
SG09969,SG09975,10.000
SG00734,SG00769,10.000
SG09503,SG09539,9.000
SG07758,SG07772,9.000
SG08631,SG08715,12.000
SG09809,SG09875,11.000
SG08490,SG08508,9.000
SG09693,SG09785,7.000
SG00512,SG00606,9.000
SG06279,SG06297,8.000
SG03897,SG03914,7.000
SG00830,SG00881,9.000
SG05481,SG05559,11.000
SG08645,SG08699,7.000
SG00317,SG00377,7.000
SG08860,SG08953,8.000
SG00690,SG00718,10.000
SG08620,SG08673,8.000
SG02466,SG02476,8.000
SG08904,SG08955,7.000
SG01258,SG01281,7.000
SG01171,SG01187,7.000
SG02579,SG02607,10.000
SG04960,SG05002,9.000
SG00430,SG00488,7.000
SG09531,SG09612,6.000
SG03438,SG03508,12.000
SG05942,SG05956,10.000
SG07156,SG07236,11.000
SG02531,SG02544,9.000
SG01254,SG01335,7.000
SG04886,SG04903,8.000
SG01581,SG01589,7.000
SG04085,SG04152,7.000
SG05124,SG05129,8.000
SG02428,SG02436,7.000
SG01397,SG01490,7.000
SG07180,SG07243,11.000
SG02276,SG02352,7.000
SG08138,SG08145,11.000
SG04538,SG04550,10.000
SG07206,SG07259,6.000
SG00824,SG00913,10.000
SG05815,SG05846,6.000
SG06174,SG06252,11.000
SG01987,SG02041,9.000
SG04251,SG04337,9.000
SG01330,SG01333,6.000
SG00489,SG00514,9.000
SG08330,SG08394,7.000
SG04347,SG04368,11.000
SG04104,SG04179,7.000
SG00200,SG00255,9.000
SG07467,SG07550,11.000
SG01797,SG01856,12.000
SG05833,SG05911,6.000
SG09284,SG09316,6.000
SG04203,SG04275,6.000
SG06170,SG06244,10.000
SG02537,SG02634,11.000
SG06896,SG06914,7.000
SG07138,SG07228,6.000
SG09505,SG09526,8.000
SG08533,SG08541,12.000
SG02930,SG02942,6.000
SG09794,SG09813,8.000
SG00214,SG00240,9.000
SG03427,SG03520,6.000
SG08202,SG08226,7.000
SG04996,SG05023,9.000
SG06536,SG06607,8.000
SG05717,SG05761,6.000
SG04717,SG04732,6.000
SG07344,SG07423,9.000
SG01243,SG01324,8.000
SG09103,SG09183,8.000
SG04004,SG04032,11.000
SG01128,SG01201,12.000
SG01830,SG01904,7.000
SG00088,SG00146,8.000
SG03959,SG04044,12.000
SG03527,SG03542,9.000
SG02895,SG02943,8.000
SG07986,SG08078,9.000
SG07199,SG07232,7.000
SG05434,SG05478,12.000
SG09947,SG09954,11.000
SG00900,SG00941,9.000
SG06368,SG06385,6.000
SG04750,SG04786,11.000
SG06333,SG06368,11.000
SG03791,SG03866,9.000
SG04377,SG04457,10.000
SG09492,SG09504,10.000
SG07534,SG07626,12.000
SG07217,SG07245,9.000
SG00048,SG00057,11.000
SG00565,SG00631,12.000
SG09522,SG09595,10.000
SG07844,SG07924,12.000
SG02124,SG02199,11.000
SG06529,SG06541,7.000
SG00414,SG00461,6.000
SG04306,SG04341,12.000
SG07118,SG07120,10.000
SG05216,SG05252,7.000
SG07132,SG07137,9.000
SG04538,SG04623,8.000
SG08965,SG08995,9.000
SG09534,SG09626,7.000
SG01297,SG01349,10.000
SG03142,SG03231,9.000
SG00958,SG00964,6.000
SG07305,SG07341,12.000
SG01065,SG01101,10.000
SG09905,SG09908,8.000
SG02916,SG02962,7.000
SG07483,SG07522,8.000
SG08127,SG08190,8.000
SG03050,SG03133,10.000
SG09078,SG09156,10.000
SG07586,SG07621,10.000
SG01606,SG01613,9.000
SG03315,SG03405,7.000
SG04669,SG04711,9.000
SG09699,SG09713,8.000
SG03041,SG03102,6.000
SG07462,SG07471,7.000
SG01618,SG01651,10.000
SG04882,SG04930,8.000
SG09205,SG09214,10.000
SG02298,SG02308,11.000
SG06401,SG06481,6.000
SG08329,SG08426,12.000
SG01960,SG01966,6.000
SG02809,SG02825,12.000
SG05464,SG05523,7.000
SG00128,SG00189,9.000
SG06873,SG06970,8.000
SG00499,SG00515,6.000
SG06208,SG06267,8.000
SG08951,SG09023,7.000
SG04807,SG04862,10.000
SG00529,SG00610,7.000
SG03998,SG04009,7.000
SG08540,SG08556,9.000
SG03214,SG03218,6.000
SG08746,SG08780,7.000
SG08163,SG08172,6.000
SG09305,SG09344,9.000
SG06341,SG06429,10.000
SG02203,SG02282,9.000
SG02467,SG02550,12.000
SG09908,SG09947,8.000
SG06075,SG06148,9.000
SG09253,SG09339,9.000
SG08001,SG08034,8.000
SG06147,SG06167,6.000
SG07630,SG07717,7.000
SG07820,SG07860,11.000
SG08983,SG09048,6.000
SG07011,SG07060,6.000
SG06824,SG06887,11.000
SG02942,SG02997,11.000
SG04424,SG04508,7.000
SG00229,SG00232,12.000
SG08132,SG08140,9.000
SG07163,SG07201,10.000
SG01136,SG01213,9.000
SG02166,SG02168,11.000
SG05254,SG05303,8.000
SG09895,SG09922,10.000
SG06039,SG06104,8.000
SG09409,SG09455,7.000
SG08416,SG08445,8.000
SG04317,SG04401,11.000
SG08249,SG08328,7.000
SG01889,SG01975,12.000
SG05108,SG05164,9.000
SG02925,SG02991,8.000
SG03912,SG03962,9.000
SG09875,SG09918,12.000
SG03499,SG03501,9.000
SG05311,SG05326,8.000
SG09244,SG09332,7.000
SG09692,SG09707,6.000
SG00231,SG00292,11.000
SG04279,SG04370,10.000
SG09758,SG09818,10.000
SG05504,SG05532,10.000
SG06813,SG06860,7.000
SG08877,SG08957,8.000
SG06140,SG06174,8.000
SG07001,SG07009,12.000
SG01349,SG01414,8.000
SG05457,SG05501,12.000
SG09742,SG09798,10.000
SG05344,SG05398,12.000
SG04792,SG04861,12.000
SG00335,SG00406,7.000
SG03171,SG03208,12.000
SG02199,SG02293,6.000
SG03472,SG03536,9.000
SG00165,SG00234,11.000
SG03920,SG03982,8.000
SG09216,SG09242,12.000
SG02090,SG02112,9.000
SG08608,SG08621,8.000
SG01538,SG01579,12.000
SG07790,SG07833,11.000
SG03919,SG04003,10.000
SG00391,SG00408,8.000
SG01289,SG01315,8.000
SG01446,SG01521,7.000
SG07417,SG07481,11.000
SG06359,SG06442,12.000
SG09773,SG09822,9.000
SG05698,SG05730,10.000
SG00972,SG00992,8.000
SG05599,SG05624,11.000
SG00480,SG00484,8.000
SG02720,SG02736,10.000
SG00008,SG00027,11.000
SG03248,SG03301,6.000
SG09743,SG09751,8.000
SG00681,SG00692,9.000
SG03153,SG03172,7.000
SG05056,SG05089,10.000
SG06061,SG06142,10.000
SG00068,SG00089,12.000
SG06710,SG06781,12.000
SG02324,SG02419,12.000
SG08262,SG08276,8.000
SG01875,SG01967,8.000
SG09126,SG09214,11.000
SG03282,SG03362,6.000
SG00470,SG00509,9.000
SG04962,SG05058,11.000
SG09699,SG09792,9.000
SG09533,SG09575,12.000
SG04346,SG04405,8.000
SG02462,SG02483,8.000
SG08225,SG08286,9.000
SG08623,SG08657,9.000
SG01577,SG01586,12.000
SG09554,SG09640,10.000
SG04817,SG04834,12.000
SG06359,SG06365,9.000
SG02076,SG02089,11.000
SG07464,SG07525,11.000
SG01604,SG01639,6.000
SG04951,SG05039,6.000
SG05865,SG05871,6.000
SG01027,SG01057,6.000
SG00538,SG00626,12.000
SG05580,SG05622,11.000
SG09103,SG09107,6.000
SG09659,SG09756,7.000
SG04019,SG04029,6.000
SG06485,SG06505,7.000
SG07240,SG07311,7.000
SG04078,SG04164,12.000
SG07562,SG07609,11.000
SG00159,SG00170,9.000
SG00759,SG00834,11.000
SG03625,SG03666,9.000
SG06226,SG06230,9.000
SG05748,SG05836,10.000
SG01465,SG01515,12.000
SG01520,SG01550,9.000
SG09021,SG09039,6.000
SG05255,SG05273,9.000
SG09812,SG09863,12.000
SG07907,SG07918,10.000
SG08009,SG08047,6.000
SG04632,SG04647,9.000
SG06215,SG06302,6.000
SG03018,SG03074,10.000
SG01327,SG01367,8.000
SG03358,SG03361,12.000
SG01831,SG01854,10.000
SG05313,SG05391,10.000
SG01837,SG01862,7.000
SG08602,SG08686,12.000
SG06765,SG06848,7.000
SG01937,SG01941,9.000
SG05635,SG05693,7.000
SG02552,SG02646,8.000
SG06186,SG06267,8.000
SG01328,SG01394,6.000
SG07133,SG07143,9.000
SG04021,SG04061,12.000
SG07298,SG07350,10.000
SG00332,SG00404,12.000
SG00012,SG09928,7.000
SG07903,SG07922,11.000
SG02667,SG02760,11.000
SG00660,SG00745,8.000
SG05183,SG05196,9.000
SG08597,SG08608,11.000
SG07836,SG07861,6.000
SG02043,SG02102,6.000
SG01738,SG01798,9.000
SG05968,SG06013,9.000
SG03730,SG03804,7.000
SG01906,SG01962,7.000
SG04663,SG04715,10.000
SG04958,SG05043,12.000
SG06799,SG06881,9.000
SG03934,SG04018,10.000
SG01484,SG01566,8.000
SG02432,SG02450,7.000
SG02370,SG02389,7.000
SG00346,SG00402,7.000
SG07787,SG07829,7.000
SG07352,SG07446,10.000
SG09191,SG09221,10.000
SG05244,SG05279,10.000
SG06433,SG06461,11.000
SG02874,SG02905,7.000
SG05615,SG05669,7.000
SG08861,SG08917,10.000
SG07088,SG07157,11.000
SG01469,SG01541,7.000
SG00408,SG00480,7.000
SG05068,SG05088,8.000
SG05297,SG05335,10.000
SG06648,SG06693,8.000
SG03647,SG03679,8.000
SG06975,SG07055,7.000
SG02820,SG02880,8.000
SG07393,SG07438,12.000
SG05670,SG05727,9.000
SG07965,SG07973,7.000
SG03441,SG03453,12.000
SG03896,SG03988,10.000
SG04552,SG04588,10.000
SG08023,SG08076,8.000
SG00983,SG01007,12.000
SG05675,SG05699,11.000
SG05080,SG05106,9.000
SG07683,SG07690,12.000
SG08727,SG08777,12.000
SG05690,SG05697,7.000
SG04684,SG04721,10.000
SG04448,SG04519,9.000
SG01979,SG02049,6.000
SG06532,SG06626,10.000
SG04308,SG04404,12.000
SG09022,SG09034,12.000
SG07977,SG07988,6.000
SG07287,SG07308,12.000
SG04669,SG04738,12.000
SG01211,SG01273,10.000
SG09885,SG09916,12.000
SG02169,SG02202,11.000
SG00900,SG00904,11.000
SG07808,SG07900,8.000
SG04064,SG04078,10.000
SG04517,SG04546,10.000
SG01019,SG01062,10.000
SG07342,SG07417,6.000
SG02361,SG02388,8.000
SG02235,SG02324,11.000
SG06212,SG06233,10.000
SG09001,SG09065,6.000
SG03626,SG03683,7.000
SG03298,SG03301,12.000
SG03384,SG03466,11.000
SG05602,SG05649,7.000
SG01171,SG01226,12.000
SG02388,SG02423,11.000
SG02966,SG03034,10.000
SG02926,SG02999,10.000
SG05405,SG05408,8.000
SG02272,SG02309,9.000
SG07420,SG07429,11.000
SG00282,SG00285,8.000
SG03340,SG03369,8.000
SG06004,SG06053,11.000
SG08437,SG08456,9.000
SG09628,SG09712,12.000
SG09215,SG09239,8.000
SG08562,SG08572,8.000
SG03283,SG03311,8.000
SG03113,SG03147,6.000
SG02930,SG02939,9.000
SG08991,SG09063,7.000
SG03260,SG03292,11.000
SG01352,SG01444,8.000
SG05529,SG05601,10.000
SG06665,SG06685,6.000
SG09757,SG09838,8.000
SG07317,SG07344,11.000
SG03440,SG03457,6.000
SG07748,SG07778,11.000
SG05861,SG05910,9.000
SG03149,SG03156,6.000
SG05693,SG05790,10.000
SG00460,SG00523,11.000
SG03991,SG04007,10.000
SG09769,SG09804,9.000
SG00838,SG00871,10.000
SG00232,SG00299,11.000
SG02522,SG02609,11.000
SG01605,SG01679,12.000
SG02771,SG02827,7.000
SG08347,SG08440,8.000
SG06879,SG06935,11.000
SG01294,SG01320,9.000
SG07208,SG07271,11.000
SG00161,SG00169,7.000
SG03058,SG03143,11.000
SG01700,SG01792,7.000
SG03002,SG03097,7.000
SG01503,SG01506,6.000
SG04050,SG04118,10.000
SG05084,SG05150,11.000
SG05034,SG05040,8.000
SG04336,SG04422,7.000
SG02130,SG02198,7.000
SG01784,SG01823,8.000
SG07898,SG07943,8.000
SG05279,SG05361,8.000
SG02490,SG02586,10.000
SG03237,SG03320,11.000
SG02095,SG02165,12.000
SG03093,SG03126,9.000
SG06175,SG06228,12.000
SG06686,SG06761,7.000
SG06953,SG06995,8.000
SG03703,SG03747,12.000
SG02791,SG02858,8.000
SG01431,SG01496,10.000
SG06997,SG07021,10.000
SG03874,SG03888,12.000
SG05968,SG06046,11.000
SG08943,SG08963,7.000
SG00985,SG01075,6.000
SG07117,SG07192,7.000
SG07021,SG07026,6.000
SG01713,SG01737,8.000
SG05324,SG05384,10.000
SG07928,SG07941,12.000
SG04805,SG04877,10.000
SG08155,SG08203,8.000
SG06100,SG06165,10.000
SG02946,SG03013,9.000
SG02216,SG02299,7.000
SG03421,SG03434,8.000
SG06417,SG06424,11.000
SG00136,SG00146,8.000
SG02308,SG02353,11.000
SG08467,SG08546,10.000
SG08285,SG08293,9.000
SG09577,SG09580,10.000
SG09506,SG09541,12.000
SG02219,SG02229,7.000
SG00772,SG00837,12.000
SG01959,SG02020,11.000
SG03865,SG03878,12.000
SG04172,SG04269,11.000
SG08619,SG08622,9.000
SG03375,SG03444,9.000
SG08862,SG08895,6.000
SG07275,SG07317,11.000
SG08071,SG08149,9.000
SG07511,SG07603,6.000
SG05681,SG05737,10.000
SG03445,SG03486,7.000
SG09113,SG09156,10.000
SG08817,SG08909,12.000
SG09460,SG09525,10.000
SG06547,SG06624,10.000
SG05837,SG05871,7.000
SG02761,SG02852,10.000
SG05468,SG05487,6.000
SG00194,SG00227,9.000
SG09177,SG09249,10.000
SG01756,SG01798,11.000
SG05685,SG05694,8.000
SG00203,SG00273,6.000
SG08702,SG08778,10.000
SG07855,SG07865,12.000
SG08751,SG08763,11.000
SG04046,SG04135,6.000
SG02710,SG02806,7.000
SG05807,SG05871,10.000
SG08749,SG08778,6.000
SG02164,SG02220,12.000
SG08321,SG08330,9.000
SG02567,SG02633,9.000
SG00800,SG00872,11.000
SG08447,SG08523,12.000
SG05812,SG05907,6.000
SG01859,SG01892,10.000
SG03933,SG03970,9.000
SG09772,SG09787,11.000
SG03889,SG03923,7.000
SG04873,SG04952,10.000
SG04193,SG04248,10.000
SG06896,SG06904,8.000
SG05127,SG05131,7.000
SG00709,SG00780,9.000
SG03468,SG03522,12.000
SG01585,SG01658,9.000
SG03300,SG03332,12.000
SG02646,SG02716,8.000
SG01995,SG02025,12.000
SG07299,SG07313,7.000
SG06806,SG06873,12.000
SG08830,SG08852,12.000
SG05019,SG05037,12.000
SG03290,SG03385,12.000
SG04922,SG04993,12.000
SG08488,SG08583,8.000
SG06568,SG06604,9.000
SG04449,SG04522,12.000
SG06096,SG06113,10.000
SG07249,SG07331,11.000
SG05816,SG05833,8.000
SG01750,SG01836,10.000
SG00036,SG10000,11.000
SG07672,SG07757,8.000
SG04007,SG04064,12.000
SG00634,SG00719,11.000
SG07559,SG07618,10.000
SG03567,SG03651,8.000
SG02396,SG02455,9.000
SG07173,SG07257,8.000
SG05683,SG05688,7.000
SG09220,SG09294,9.000
SG04194,SG04227,6.000
SG04365,SG04371,8.000
SG07091,SG07142,10.000
SG05972,SG06046,8.000
SG03398,SG03493,11.000
SG08674,SG08709,11.000
SG00102,SG00156,10.000
SG06488,SG06573,9.000
SG07231,SG07261,10.000
SG07467,SG07480,11.000
SG07096,SG07164,11.000
SG03433,SG03470,7.000
SG06324,SG06417,9.000
SG09513,SG09535,8.000
SG02560,SG02585,6.000
SG01027,SG01039,8.000
SG08883,SG08939,12.000
SG02277,SG02292,12.000
SG04214,SG04290,9.000
SG03965,SG03991,9.000
SG00441,SG00505,8.000
SG07474,SG07497,11.000
SG04555,SG04604,9.000
SG05665,SG05719,10.000
SG00135,SG00214,7.000
SG06794,SG06822,12.000
SG04944,SG04993,9.000
SG01293,SG01316,12.000
SG03508,SG03523,10.000
SG06094,SG06181,11.000
SG03344,SG03367,8.000
SG08530,SG08592,8.000
SG04198,SG04250,9.000
SG07236,SG07243,11.000
SG09288,SG09371,12.000
SG01556,SG01589,8.000
SG09340,SG09374,7.000
SG09327,SG09385,11.000
SG02179,SG02220,12.000
SG06208,SG06249,12.000
SG06034,SG06131,7.000
SG03548,SG03616,11.000
SG01515,SG01526,7.000
SG06801,SG06839,12.000
SG08727,SG08748,7.000
SG08319,SG08360,6.000
SG00130,SG00207,6.000
SG07552,SG07600,10.000
SG09836,SG09929,7.000
SG03991,SG03998,7.000
SG04046,SG04127,7.000
SG04107,SG04188,8.000
SG08479,SG08527,8.000
SG08811,SG08883,8.000
SG05033,SG05103,11.000
SG03113,SG03137,10.000
SG04634,SG04721,8.000
SG00356,SG00402,9.000
SG04465,SG04472,8.000
SG00326,SG00417,6.000
SG08592,SG08597,9.000
SG09169,SG09239,10.000
SG09569,SG09577,7.000
SG00202,SG00245,6.000
SG08026,SG08116,7.000
SG03807,SG03831,6.000
SG05660,SG05700,10.000
SG02459,SG02482,6.000
SG07542,SG07613,7.000
SG09031,SG09080,9.000
SG00458,SG00476,6.000
SG03571,SG03584,12.000
SG08034,SG08050,12.000
SG01341,SG01356,6.000
SG09077,SG09111,10.000
SG03651,SG03685,11.000
SG05703,SG05782,6.000
SG08589,SG08619,8.000
SG00785,SG00871,8.000
SG01722,SG01800,8.000
SG03080,SG03148,10.000
SG02881,SG02940,11.000
SG01117,SG01166,10.000
SG04809,SG04817,10.000
SG06887,SG06893,12.000
SG08489,SG08516,12.000
SG05452,SG05512,11.000
SG08845,SG08939,11.000
SG00098,SG00119,7.000
SG08992,SG09058,9.000
SG02637,SG02640,11.000
SG01852,SG01933,9.000
SG08019,SG08035,11.000
SG00361,SG00377,12.000
SG09748,SG09796,11.000
SG02367,SG02456,6.000
SG00761,SG00852,12.000
SG09217,SG09313,6.000
SG01594,SG01691,7.000
SG08579,SG08617,9.000
SG06921,SG06925,9.000
SG07966,SG08050,8.000
SG01049,SG01107,8.000
SG06147,SG06235,12.000
SG05835,SG05881,7.000
SG01044,SG01075,10.000
SG08805,SG08898,8.000
SG05169,SG05252,10.000
SG08237,SG08274,11.000
SG08980,SG09048,7.000
SG03646,SG03666,8.000
SG09274,SG09330,6.000
SG07665,SG07751,6.000
SG09498,SG09503,9.000
SG06833,SG06875,12.000
SG02297,SG02311,11.000
SG07473,SG07569,6.000
SG07390,SG07442,12.000
SG06690,SG06703,6.000
SG00510,SG00582,12.000
SG00772,SG00827,9.000
SG07352,SG07405,6.000
SG01997,SG02046,10.000
SG00885,SG00935,10.000
SG03164,SG03222,11.000
SG06529,SG06598,6.000
SG05266,SG05278,10.000
SG08341,SG08385,6.000
SG00593,SG00646,6.000
SG05968,SG05981,10.000
SG09513,SG09572,8.000
SG07468,SG07533,12.000
SG07172,SG07190,7.000
SG02718,SG02798,9.000
SG04598,SG04629,11.000
SG06666,SG06702,10.000
SG00327,SG00369,6.000
SG06764,SG06772,9.000
SG01752,SG01767,9.000
SG05196,SG05292,11.000
SG03096,SG03192,6.000
SG09553,SG09579,6.000
SG07364,SG07441,8.000
SG06100,SG06151,12.000
SG05925,SG06008,7.000
SG03300,SG03325,12.000
SG09630,SG09667,10.000
SG00451,SG00465,8.000
SG02821,SG02916,7.000
SG02803,SG02859,7.000
SG04155,SG04165,9.000
SG00916,SG00941,7.000
SG09186,SG09241,6.000
SG03996,SG04067,10.000
SG07114,SG07138,8.000
SG05093,SG05190,10.000
SG01186,SG01278,10.000
SG05938,SG06003,8.000
SG07042,SG07133,7.000
SG01594,SG01651,8.000
SG08996,SG09088,10.000
SG05473,SG05478,8.000
SG08867,SG08897,7.000
SG04334,SG04424,6.000
SG08772,SG08782,9.000
SG06278,SG06357,6.000
SG06277,SG06363,12.000
SG03011,SG03091,6.000
SG00678,SG00702,9.000
SG06511,SG06552,10.000
SG01003,SG01072,8.000
SG00231,SG00255,11.000
SG02826,SG02854,12.000
SG01778,SG01821,10.000
SG00122,SG00133,11.000
SG08249,SG08305,11.000
SG03473,SG03496,12.000
SG02648,SG02712,6.000
SG04975,SG05003,7.000
SG00808,SG00821,10.000
SG06300,SG06370,10.000
SG08423,SG08495,11.000
SG07788,SG07815,6.000
SG08024,SG08115,10.000
SG06148,SG06206,12.000
SG01389,SG01392,8.000
SG04590,SG04653,10.000
SG04804,SG04881,10.000
SG05021,SG05057,6.000
SG08260,SG08277,11.000
SG05522,SG05558,7.000
SG05752,SG05764,11.000
SG00725,SG00789,7.000
SG08045,SG08115,6.000
SG06141,SG06174,7.000
SG02042,SG02133,11.000
SG02980,SG03052,11.000
SG08045,SG08106,9.000
SG05794,SG05864,6.000
SG08225,SG08254,6.000
SG04337,SG04425,10.000
SG02204,SG02243,6.000
SG01673,SG01685,8.000
SG09426,SG09483,6.000
SG05758,SG05797,8.000
SG08529,SG08582,12.000
SG09632,SG09728,12.000
SG01925,SG02009,6.000
SG09205,SG09290,10.000
SG04813,SG04840,7.000
SG05368,SG05389,7.000
SG02561,SG02574,12.000
SG02060,SG02149,10.000
SG04352,SG04425,6.000
SG02061,SG02087,9.000
SG04954,SG05041,10.000
SG00749,SG00823,10.000
SG05900,SG05925,9.000
SG03054,SG03126,9.000
SG02999,SG03078,11.000
SG03389,SG03438,9.000
SG04572,SG04591,8.000
SG00686,SG00704,9.000
SG04598,SG04600,6.000
SG03816,SG03859,10.000
SG02908,SG02977,8.000
SG04848,SG04858,7.000
SG01114,SG01158,11.000
SG01836,SG01843,9.000
SG03824,SG03860,8.000
SG07385,SG07401,11.000
SG00503,SG00551,11.000
SG07035,SG07055,9.000
SG09665,SG09680,12.000
SG00911,SG00957,9.000
SG04593,SG04635,10.000
SG06001,SG06096,11.000
SG04087,SG04154,6.000
SG03139,SG03205,10.000
SG03489,SG03558,6.000
SG05297,SG05389,9.000
SG05970,SG06037,9.000
SG00338,SG00372,10.000
SG02559,SG02570,8.000
SG05030,SG05058,8.000
SG07095,SG07154,10.000
SG05975,SG06033,6.000
SG00075,SG09982,11.000
SG00361,SG00455,6.000
SG07807,SG07842,8.000
SG03171,SG03191,7.000
SG05317,SG05364,12.000
SG00792,SG00841,8.000
SG07360,SG07409,9.000
SG02044,SG02097,6.000
SG02072,SG02119,6.000
SG09587,SG09616,7.000
SG08191,SG08204,6.000
SG05534,SG05545,7.000
SG09727,SG09742,10.000
SG08161,SG08168,9.000
SG05824,SG05870,12.000
SG09819,SG09858,10.000
SG03199,SG03280,11.000
SG02786,SG02849,12.000
SG08627,SG08712,7.000
SG07893,SG07943,6.000
SG00198,SG00260,11.000
SG03446,SG03468,10.000
SG04140,SG04223,10.000
SG07421,SG07497,8.000
SG09459,SG09524,9.000
SG07207,SG07288,11.000
SG01200,SG01208,8.000
SG06447,SG06452,10.000
SG05308,SG05402,11.000
SG00923,SG00977,11.000
SG09569,SG09635,7.000
SG03065,SG03130,9.000
SG06537,SG06601,9.000
SG00637,SG00722,11.000
SG01294,SG01326,9.000
SG07635,SG07668,8.000
SG00052,SG00111,11.000
SG07510,SG07516,7.000
SG00513,SG00585,11.000
SG08638,SG08643,9.000
SG02269,SG02355,6.000
SG02634,SG02687,12.000
SG00928,SG00995,12.000
SG05776,SG05779,10.000
SG03715,SG03782,10.000
SG05558,SG05628,6.000
SG02664,SG02732,7.000
SG06395,SG06448,7.000
SG04823,SG04868,7.000
SG03883,SG03935,11.000
SG02724,SG02809,6.000
SG03831,SG03893,10.000
SG03364,SG03417,9.000
SG03766,SG03843,11.000
SG05780,SG05859,7.000
SG08784,SG08815,12.000
SG06508,SG06552,10.000
SG03674,SG03696,6.000
SG04492,SG04510,11.000
SG07287,SG07363,12.000
SG02970,SG03029,9.000
SG06231,SG06280,10.000
SG01092,SG01153,7.000
SG01396,SG01473,8.000
SG03208,SG03227,10.000
SG05511,SG05600,8.000
SG04450,SG04474,12.000
SG01170,SG01182,12.000
SG08156,SG08207,6.000
SG09608,SG09643,12.000
SG09328,SG09362,7.000
SG09041,SG09101,6.000
SG09441,SG09521,7.000
SG00838,SG00907,6.000
SG07061,SG07128,11.000
SG00183,SG00245,8.000
SG06568,SG06632,8.000
SG08408,SG08413,12.000
SG09365,SG09380,11.000
SG04943,SG05000,6.000
SG09040,SG09058,11.000
SG00900,SG00990,12.000
SG09500,SG09551,9.000
SG01965,SG02050,6.000
SG03869,SG03959,9.000
SG08415,SG08503,6.000
SG07508,SG07525,6.000
SG03066,SG03132,6.000
SG01466,SG01469,10.000
SG06718,SG06723,12.000
SG08740,SG08771,8.000
SG03482,SG03500,7.000
SG05362,SG05443,11.000
SG08228,SG08313,12.000
SG07392,SG07437,11.000
SG03565,SG03580,10.000
SG03739,SG03789,7.000
SG07198,SG07225,8.000
SG09271,SG09296,7.000
SG00533,SG00546,8.000
SG03235,SG03327,9.000
SG08930,SG08941,10.000
SG00508,SG00567,11.000
SG01358,SG01419,11.000
SG07995,SG08004,10.000
SG05361,SG05424,8.000
SG01437,SG01532,8.000
SG00392,SG00481,7.000
SG09432,SG09492,12.000
SG01879,SG01887,12.000
SG07358,SG07382,9.000
SG07826,SG07867,8.000
SG04672,SG04724,6.000
SG02695,SG02759,8.000
SG00403,SG00428,10.000
SG07567,SG07652,9.000
SG04150,SG04247,11.000
SG04629,SG04656,11.000
SG09229,SG09266,7.000
SG05638,SG05704,11.000
SG01320,SG01370,7.000
SG01642,SG01692,12.000
SG05744,SG05784,7.000
SG02687,SG02689,6.000
SG00003,SG09960,11.000
SG04971,SG05017,12.000
SG00599,SG00650,11.000
SG06699,SG06777,11.000
SG07030,SG07055,6.000
SG06197,SG06286,8.000
SG01658,SG01717,10.000
SG04513,SG04572,7.000
SG01553,SG01565,8.000
SG03101,SG03154,8.000
SG02162,SG02221,12.000
SG03224,SG03303,12.000
SG02496,SG02562,7.000
SG00643,SG00684,12.000
SG07809,SG07811,10.000
SG05077,SG05167,12.000
SG01109,SG01117,10.000
SG01914,SG01996,9.000
SG04478,SG04548,8.000
SG01938,SG02016,9.000
SG05698,SG05772,7.000
SG06404,SG06434,9.000
SG00790,SG00848,10.000
SG07941,SG08034,9.000
SG09298,SG09343,11.000
SG05422,SG05435,6.000
SG02257,SG02325,10.000
SG01401,SG01448,11.000
SG03211,SG03238,10.000
SG07026,SG07035,7.000
SG06212,SG06301,12.000
SG09588,SG09605,11.000
SG01894,SG01909,11.000
SG05294,SG05303,7.000
SG09255,SG09301,6.000
SG02457,SG02529,6.000
SG07137,SG07208,8.000
SG01284,SG01339,12.000
SG01421,SG01481,11.000
SG03927,SG03969,9.000
SG02029,SG02095,7.000
SG05529,SG05569,11.000
SG03805,SG03834,8.000
SG01805,SG01834,9.000
SG07665,SG07741,8.000
SG04409,SG04447,9.000
SG08838,SG08916,6.000
SG00025,SG09937,12.000
SG08059,SG08106,7.000
SG05243,SG05283,8.000
SG04967,SG05032,10.000
SG08702,SG08742,12.000
SG01253,SG01330,12.000
SG07446,SG07469,7.000
SG09921,SG09936,10.000
SG02422,SG02429,6.000
SG07060,SG07101,8.000
SG09593,SG09615,10.000
SG09308,SG09330,10.000
SG04788,SG04854,8.000
SG04439,SG04522,12.000
SG04737,SG04787,10.000
SG09756,SG09844,9.000
SG05903,SG05972,9.000
SG03951,SG04013,9.000
SG08817,SG08869,8.000
SG08302,SG08332,11.000
SG07029,SG07108,8.000
SG03273,SG03275,10.000
SG09519,SG09588,8.000
SG02274,SG02339,10.000
SG01628,SG01640,9.000
SG06241,SG06312,6.000
SG05401,SG05494,9.000
SG06359,SG06400,7.000
SG03800,SG03858,12.000
SG08377,SG08456,6.000
SG07662,SG07679,6.000
SG06090,SG06182,12.000
SG07706,SG07727,9.000
SG04396,SG04422,6.000
SG09373,SG09456,11.000
SG09474,SG09522,6.000
SG04075,SG04152,8.000
SG05626,SG05653,9.000
SG09522,SG09576,7.000
SG00964,SG01022,12.000
SG02375,SG02451,9.000
SG07840,SG07888,11.000
SG01722,SG01801,7.000
SG04509,SG04595,10.000
SG09761,SG09783,8.000
SG02457,SG02460,10.000
SG09918,SG09994,12.000
SG04896,SG04900,8.000
SG00381,SG00460,6.000
SG06574,SG06629,6.000
SG05939,SG06002,7.000
SG09094,SG09127,8.000
SG01137,SG01212,11.000
SG09808,SG09887,7.000
SG06242,SG06300,6.000
SG01838,SG01861,6.000
SG02495,SG02576,11.000
SG08418,SG08501,8.000
SG07688,SG07781,9.000
SG02151,SG02208,8.000
SG05437,SG05498,11.000
SG09667,SG09704,6.000
SG04690,SG04754,8.000
SG00036,SG00097,11.000
SG08150,SG08185,12.000
SG01891,SG01965,8.000
SG02594,SG02620,11.000
SG05052,SG05141,7.000
SG08544,SG08584,12.000
SG08265,SG08318,6.000
SG04611,SG04628,6.000
SG00993,SG01061,8.000
SG01198,SG01232,6.000
SG04700,SG04768,8.000
SG02167,SG02235,11.000
SG03390,SG03432,11.000
SG09815,SG09861,7.000
SG04878,SG04948,6.000
SG00996,SG01013,12.000
SG09056,SG09104,6.000
SG08801,SG08879,9.000
SG07861,SG07910,12.000
SG07840,SG07867,12.000
SG09387,SG09408,10.000
SG00033,SG00060,7.000
SG06265,SG06323,11.000
SG05077,SG05103,8.000
SG01640,SG01723,7.000
SG03443,SG03479,9.000
SG05451,SG05458,6.000
SG03139,SG03207,9.000
SG04917,SG04937,10.000
SG02478,SG02545,8.000
SG06723,SG06750,10.000
SG03059,SG03154,7.000
SG00057,SG00115,10.000
SG08062,SG08156,6.000
SG00004,SG09973,8.000
SG03977,SG04048,11.000
SG05163,SG05165,9.000
SG07127,SG07183,12.000
SG03773,SG03837,7.000
SG02978,SG03049,7.000
SG00988,SG01016,9.000
SG04318,SG04378,11.000
SG03355,SG03409,8.000
SG07070,SG07086,8.000
SG02888,SG02932,12.000
SG07978,SG07996,7.000
SG09468,SG09479,6.000
SG09680,SG09700,8.000
SG08570,SG08578,11.000
SG03975,SG03991,8.000
SG03570,SG03572,6.000
SG06481,SG06509,11.000
SG03345,SG03432,10.000
SG03502,SG03582,7.000
SG07326,SG07374,12.000
SG07924,SG07971,10.000
SG07113,SG07130,10.000
SG03414,SG03431,10.000
SG06884,SG06964,12.000
SG08288,SG08384,6.000
SG09796,SG09845,9.000
SG00214,SG00261,6.000
SG04890,SG04941,11.000
SG03617,SG03673,7.000
SG04436,SG04454,8.000
SG01271,SG01355,10.000
SG05724,SG05743,8.000
SG03375,SG03413,9.000
SG09673,SG09689,6.000
SG09373,SG09424,10.000
SG01910,SG01944,9.000
SG03165,SG03228,8.000
SG05836,SG05863,7.000
SG09197,SG09209,11.000
SG02178,SG02273,12.000
SG08355,SG08357,9.000
SG01347,SG01381,10.000
SG06806,SG06853,8.000
SG04151,SG04204,8.000
SG00957,SG01024,12.000
SG08675,SG08692,12.000
SG05746,SG05792,6.000
SG07111,SG07168,10.000
SG04606,SG04658,7.000
SG01538,SG01608,8.000
SG05858,SG05941,12.000
SG02830,SG02867,10.000
SG04969,SG05047,12.000
SG07597,SG07682,11.000
SG03385,SG03415,12.000
SG04917,SG04923,12.000
SG05446,SG05461,9.000
SG03336,SG03392,7.000
SG03468,SG03476,12.000
SG09671,SG09704,12.000
SG00494,SG00506,7.000
SG00365,SG00394,11.000
SG08634,SG08726,9.000
SG03885,SG03944,12.000
SG01421,SG01458,11.000
SG04856,SG04865,11.000
SG09363,SG09400,7.000
SG07591,SG07600,9.000
SG01998,SG02010,11.000
SG04329,SG04394,6.000
SG05325,SG05420,10.000
SG02198,SG02237,7.000
SG03724,SG03781,10.000
SG08517,SG08552,9.000
SG08387,SG08473,8.000
SG07007,SG07067,11.000
SG03099,SG03165,8.000
SG03515,SG03585,7.000
SG00987,SG01036,12.000
SG09554,SG09620,9.000
SG05739,SG05830,11.000
SG00943,SG00972,10.000
SG05949,SG06016,11.000
SG07770,SG07846,11.000
SG04678,SG04733,10.000
SG06337,SG06410,7.000
SG06362,SG06412,8.000
SG04409,SG04424,11.000
SG02710,SG02807,9.000
SG03488,SG03519,11.000
SG06595,SG06687,8.000
SG06724,SG06737,9.000
SG01101,SG01154,10.000
SG03941,SG03984,12.000
SG08041,SG08071,12.000
SG06852,SG06924,8.000
SG09530,SG09611,9.000
SG03391,SG03472,8.000
SG05710,SG05725,7.000
SG00889,SG00891,7.000
SG04582,SG04591,6.000
SG09167,SG09218,12.000
SG04223,SG04226,7.000
SG07102,SG07165,12.000
SG06663,SG06733,11.000
SG05554,SG05607,8.000
SG04342,SG04376,11.000
SG06272,SG06279,8.000
SG07657,SG07706,12.000
SG06141,SG06166,10.000
SG03603,SG03617,6.000
SG09621,SG09687,9.000
SG04185,SG04225,10.000
SG04942,SG04999,7.000
SG07151,SG07202,6.000
SG02295,SG02389,11.000
SG03797,SG03877,11.000
SG00486,SG00550,7.000
SG07383,SG07397,6.000
SG02871,SG02960,12.000
SG03953,SG04042,6.000
SG09612,SG09657,12.000
SG03479,SG03572,7.000
SG01861,SG01912,9.000
SG06131,SG06140,8.000
SG00168,SG00233,11.000
SG04413,SG04427,8.000
SG04678,SG04749,6.000
SG09897,SG09988,7.000
SG04363,SG04438,12.000
SG01557,SG01627,6.000
SG07032,SG07128,9.000
SG04305,SG04331,8.000
SG06955,SG07052,8.000
SG09446,SG09509,10.000
SG03229,SG03234,12.000
SG06438,SG06514,9.000
SG05019,SG05097,9.000
SG05822,SG05836,12.000
SG00338,SG00424,9.000
SG09464,SG09539,10.000
SG08509,SG08593,12.000
SG04530,SG04570,9.000
SG03694,SG03787,7.000
SG05031,SG05114,10.000
SG03324,SG03409,6.000
SG07373,SG07417,10.000
SG01714,SG01803,11.000
SG07354,SG07398,10.000
SG01103,SG01155,9.000
SG03517,SG03536,11.000
SG00475,SG00539,6.000
SG08835,SG08907,7.000
SG02473,SG02527,9.000
SG07538,SG07575,9.000
SG01055,SG01089,6.000
SG09556,SG09576,8.000
SG02956,SG03017,6.000
SG09701,SG09777,10.000
SG05071,SG05135,6.000
SG05501,SG05585,6.000
SG03266,SG03325,6.000
SG04577,SG04664,9.000
SG06404,SG06462,9.000
SG02836,SG02850,8.000
SG08204,SG08235,9.000
SG06578,SG06670,8.000
SG09578,SG09612,12.000
SG08097,SG08159,8.000
SG00882,SG00965,8.000
SG03510,SG03605,10.000
SG07754,SG07779,8.000
SG06633,SG06665,10.000
SG01483,SG01509,8.000
SG01737,SG01784,11.000
SG05810,SG05890,10.000
SG04145,SG04167,7.000
SG02284,SG02361,8.000
SG09056,SG09100,11.000
SG06487,SG06514,7.000
SG08659,SG08664,12.000
SG03151,SG03190,8.000
SG03864,SG03896,8.000
SG00046,SG00057,9.000
SG02791,SG02876,6.000
SG04243,SG04339,9.000
SG01719,SG01799,12.000
SG00432,SG00492,11.000
SG08631,SG08693,11.000
SG05121,SG05174,12.000
SG02888,SG02961,6.000
SG03396,SG03451,9.000
SG00100,SG00180,11.000
SG01996,SG02032,9.000
SG06978,SG07013,12.000
SG04546,SG04554,9.000
SG00125,SG00218,12.000
SG07331,SG07407,10.000
SG03236,SG03297,8.000
SG07803,SG07877,9.000
SG02469,SG02535,9.000
SG08517,SG08543,8.000
SG07618,SG07711,10.000
SG07224,SG07276,10.000
SG00561,SG00592,10.000
SG04832,SG04899,10.000
SG00221,SG00285,11.000
SG07662,SG07715,11.000
SG08176,SG08222,11.000
SG04423,SG04450,12.000
SG09172,SG09212,9.000
SG02234,SG02274,11.000
SG09302,SG09398,6.000
SG05502,SG05536,10.000
SG09556,SG09634,7.000
SG07065,SG07108,9.000
SG07043,SG07064,9.000
SG08501,SG08596,6.000
SG08502,SG08537,10.000
SG06274,SG06330,6.000
SG03892,SG03933,9.000
SG08386,SG08408,8.000
SG00055,SG09990,6.000
SG02674,SG02716,6.000
SG08233,SG08235,7.000
SG08859,SG08899,7.000
SG05497,SG05561,7.000
SG02155,SG02196,12.000
SG04403,SG04474,10.000
SG02662,SG02738,6.000
SG09066,SG09071,11.000
SG02215,SG02308,6.000
SG06163,SG06241,10.000
SG04705,SG04742,12.000
SG07891,SG07946,11.000
SG07611,SG07642,11.000
SG05922,SG05933,11.000
SG07232,SG07328,6.000
SG02013,SG02053,12.000
SG08599,SG08631,8.000
SG04554,SG04609,7.000
SG08749,SG08806,10.000
SG09222,SG09231,7.000
SG09731,SG09770,6.000
SG09155,SG09199,10.000
SG00932,SG00986,11.000
SG03756,SG03811,10.000
SG09673,SG09703,7.000
SG08591,SG08607,11.000
SG00229,SG00284,7.000
SG09898,SG09936,11.000
SG05021,SG05085,11.000
SG09156,SG09234,7.000
SG03378,SG03383,7.000
SG04051,SG04081,9.000
SG03584,SG03604,12.000
SG05221,SG05287,8.000
SG08564,SG08606,7.000
SG01400,SG01427,7.000
SG05084,SG05111,7.000
SG02182,SG02206,9.000
SG06426,SG06502,7.000
SG05747,SG05767,6.000
SG09779,SG09785,6.000
SG01572,SG01616,9.000
SG07634,SG07676,6.000
SG03607,SG03670,11.000
SG07930,SG07967,10.000
SG00676,SG00712,11.000
SG06263,SG06321,7.000
SG06175,SG06206,7.000
SG05627,SG05660,8.000
SG01491,SG01541,6.000
SG00676,SG00709,8.000
SG05241,SG05255,7.000
SG04908,SG04910,6.000
SG06372,SG06402,11.000
SG06126,SG06152,7.000
SG01658,SG01674,10.000
SG08662,SG08740,10.000
SG00216,SG00278,12.000
SG05819,SG05879,9.000
SG07447,SG07519,9.000
SG01522,SG01555,7.000
SG09633,SG09725,10.000
SG05148,SG05204,10.000
SG04458,SG04533,10.000
SG07168,SG07174,10.000
SG02230,SG02272,7.000
SG00489,SG00543,11.000
SG04344,SG04348,7.000
SG08256,SG08260,10.000
SG04759,SG04791,7.000
SG06988,SG07057,6.000
SG00119,SG00180,10.000
SG06867,SG06921,7.000
SG06896,SG06939,8.000
SG03571,SG03618,11.000
SG07356,SG07425,12.000
SG06061,SG06065,9.000
SG08415,SG08462,9.000
SG08798,SG08809,6.000
SG03407,SG03476,7.000
SG07980,SG08009,11.000
SG02023,SG02068,11.000
SG07794,SG07805,12.000
SG08854,SG08923,10.000
SG07385,SG07411,8.000
SG01672,SG01750,11.000
SG00487,SG00566,10.000
SG07485,SG07533,12.000
SG00482,SG00494,6.000
SG03066,SG03147,8.000
SG02224,SG02285,6.000
SG07769,SG07858,10.000
SG01369,SG01449,10.000
SG05593,SG05642,11.000
SG00390,SG00441,11.000
SG01286,SG01383,11.000
SG00955,SG00994,8.000
SG07379,SG07453,12.000
SG03093,SG03165,11.000
SG06099,SG06174,10.000
SG05701,SG05742,7.000
SG07704,SG07706,9.000
SG08531,SG08615,11.000
SG05514,SG05582,6.000
SG06003,SG06056,11.000
SG03492,SG03520,8.000
SG06124,SG06193,11.000
SG05219,SG05270,6.000
SG06598,SG06625,10.000
SG09082,SG09106,11.000
SG03006,SG03071,6.000
SG04258,SG04309,10.000
SG03795,SG03886,10.000
SG01018,SG01038,7.000
SG01978,SG02022,11.000
SG07812,SG07880,6.000
SG06912,SG06984,12.000
SG02066,SG02124,12.000
SG09499,SG09534,12.000
SG02248,SG02282,10.000
SG03734,SG03786,10.000
SG01175,SG01247,11.000
SG04832,SG04894,11.000
SG05428,SG05523,12.000
SG02358,SG02392,12.000
SG08604,SG08681,8.000
SG03916,SG03951,12.000
SG07716,SG07782,12.000
SG04249,SG04346,8.000
SG07940,SG07949,9.000
SG04075,SG04169,9.000
SG01672,SG01698,9.000
SG05871,SG05916,8.000
SG09211,SG09264,8.000
SG08148,SG08204,12.000
SG00898,SG00970,8.000
SG08715,SG08756,10.000
SG09828,SG09890,8.000
SG09134,SG09173,11.000
SG01004,SG01022,11.000
SG00088,SG00142,6.000
SG02563,SG02566,7.000
SG08955,SG08957,7.000
SG08155,SG08233,6.000
SG09492,SG09539,12.000
SG02293,SG02308,12.000
SG07420,SG07466,9.000
SG03181,SG03264,9.000
SG07948,SG08041,10.000
SG05712,SG05723,7.000
SG00011,SG09983,9.000
SG01715,SG01797,11.000
SG00097,SG00134,12.000
SG00754,SG00822,11.000
SG05407,SG05480,6.000
SG03312,SG03401,11.000
SG01431,SG01453,7.000
SG04920,SG04971,11.000
SG06897,SG06936,7.000
SG05049,SG05105,8.000
SG05496,SG05512,7.000
SG04250,SG04291,12.000
SG02829,SG02854,10.000
SG07540,SG07636,11.000
SG08405,SG08407,11.000
SG07134,SG07203,9.000
SG05642,SG05682,6.000
SG03865,SG03933,8.000
SG00519,SG00581,9.000
SG09716,SG09718,9.000
SG00002,SG00095,7.000
SG04354,SG04384,12.000
SG07613,SG07671,7.000
SG02067,SG02121,10.000
SG03831,SG03859,12.000
SG02727,SG02778,12.000
SG06407,SG06500,9.000
SG06885,SG06906,11.000
SG08278,SG08318,10.000
SG01520,SG01593,9.000
SG01773,SG01860,6.000
SG04916,SG05004,8.000
SG05258,SG05328,10.000
SG07305,SG07391,11.000
SG05479,SG05541,11.000
SG03818,SG03904,7.000
SG03615,SG03651,8.000
SG08641,SG08661,10.000
SG08812,SG08820,9.000
SG09702,SG09795,11.000
SG07534,SG07547,6.000
SG02244,SG02282,8.000
SG03921,SG03937,7.000
SG03050,SG03057,6.000
SG03278,SG03329,12.000
SG05340,SG05356,12.000
SG01222,SG01287,10.000
SG03236,SG03270,12.000
SG02847,SG02900,9.000
SG04660,SG04752,11.000
SG02712,SG02733,6.000
SG08374,SG08450,9.000
SG05662,SG05684,7.000
SG05068,SG05134,9.000
SG03538,SG03575,6.000
SG09705,SG09720,9.000
SG01851,SG01926,11.000
SG03261,SG03322,6.000
SG06658,SG06703,7.000
SG02242,SG02305,9.000
SG03245,SG03281,6.000
SG04540,SG04606,10.000
SG07944,SG07972,11.000
SG05893,SG05956,6.000
SG00674,SG00716,11.000
SG03095,SG03175,6.000
SG01566,SG01645,11.000
SG03789,SG03819,7.000
SG08655,SG08680,8.000
SG08791,SG08836,11.000
SG08005,SG08078,7.000
SG07015,SG07108,11.000
SG01062,SG01078,8.000
SG05917,SG05993,8.000
SG09535,SG09567,10.000
SG07488,SG07556,10.000
SG03879,SG03935,7.000
SG01860,SG01922,8.000
SG00521,SG00600,12.000
SG03182,SG03221,7.000
SG03631,SG03712,10.000
SG06189,SG06221,9.000
SG02374,SG02438,8.000
SG02428,SG02438,6.000
SG02577,SG02617,6.000
SG03100,SG03132,8.000
SG05508,SG05524,11.000
SG06498,SG06565,9.000
SG04264,SG04355,11.000
SG02702,SG02798,6.000
SG03145,SG03151,8.000
SG02213,SG02310,10.000
SG05539,SG05572,8.000
SG09110,SG09172,9.000
SG04304,SG04366,9.000
SG08765,SG08769,12.000
SG03613,SG03694,12.000
SG05816,SG05864,8.000
SG05830,SG05921,10.000
SG05495,SG05573,7.000
SG09256,SG09310,10.000
SG01295,SG01350,8.000
SG05797,SG05837,6.000
SG09831,SG09922,10.000
SG09743,SG09768,7.000
SG00337,SG00374,12.000
SG03127,SG03130,11.000
SG07119,SG07148,11.000
SG07618,SG07628,6.000
SG09049,SG09053,8.000
SG00784,SG00841,8.000
SG06549,SG06632,10.000
SG03890,SG03964,8.000
SG04012,SG04025,7.000
SG02365,SG02462,10.000
SG00001,SG09907,8.000
SG06741,SG06753,9.000
SG08562,SG08604,7.000
SG04450,SG04493,8.000
SG02370,SG02432,6.000
SG09350,SG09383,6.000
SG01647,SG01694,10.000
SG09547,SG09629,6.000
SG07057,SG07076,7.000
SG02915,SG02937,10.000
SG07256,SG07288,12.000
SG06973,SG06994,11.000
SG07559,SG07644,11.000
SG03487,SG03580,6.000
SG04857,SG04872,10.000
SG01520,SG01573,6.000
SG05170,SG05175,6.000
SG03678,SG03758,6.000
SG03843,SG03898,10.000
SG02253,SG02296,8.000
SG00030,SG00119,10.000
SG02874,SG02903,6.000
SG07434,SG07505,9.000
SG06268,SG06325,8.000
SG07904,SG07920,11.000
SG02015,SG02082,11.000
SG04009,SG04071,11.000
SG04773,SG04859,10.000
SG06815,SG06894,12.000
SG01553,SG01595,9.000
SG06345,SG06354,6.000
SG01325,SG01402,7.000
SG00250,SG00274,10.000
SG03682,SG03717,11.000
SG01720,SG01761,6.000
SG04571,SG04574,11.000
SG06154,SG06160,7.000
SG02420,SG02488,10.000
SG08353,SG08438,11.000
SG00327,SG00417,12.000
SG03437,SG03479,9.000
SG07657,SG07734,11.000
SG06158,SG06172,6.000
SG00354,SG00360,7.000
SG00207,SG00211,6.000
SG01740,SG01791,6.000
SG02263,SG02312,7.000
SG07669,SG07736,12.000
SG00455,SG00506,10.000
SG09713,SG09716,6.000
SG04280,SG04350,6.000
SG00724,SG00772,10.000
SG08396,SG08441,11.000
SG06782,SG06815,11.000
SG06790,SG06827,10.000
SG01310,SG01348,9.000
SG02209,SG02300,7.000
SG09117,SG09197,6.000
SG09000,SG09044,8.000
SG03531,SG03568,11.000
SG01368,SG01412,8.000
SG06579,SG06639,12.000
SG04061,SG04102,11.000
SG03679,SG03689,12.000
SG04301,SG04355,11.000
SG08455,SG08504,9.000
SG02998,SG03085,10.000
SG03361,SG03453,12.000
SG05588,SG05642,6.000
SG05818,SG05903,7.000
SG08732,SG08821,7.000
SG00727,SG00771,10.000
SG04423,SG04451,11.000
SG06579,SG06650,12.000
SG08155,SG08171,6.000
SG07133,SG07226,7.000
SG08550,SG08597,10.000
SG01849,SG01929,9.000
SG02734,SG02806,6.000
SG09090,SG09181,11.000
SG00395,SG00450,8.000
SG04684,SG04730,12.000
SG00608,SG00657,8.000
SG07837,SG07888,8.000
SG04620,SG04691,8.000
SG04825,SG04879,9.000
SG05646,SG05722,7.000
SG01386,SG01465,12.000
SG08808,SG08867,7.000
SG05508,SG05592,8.000
SG01438,SG01456,6.000
SG06384,SG06433,8.000
SG01500,SG01596,9.000
SG00959,SG01027,6.000
SG00690,SG00764,8.000
SG09628,SG09675,7.000
SG04308,SG04347,8.000
SG05650,SG05682,9.000
SG02977,SG03043,9.000
SG01589,SG01641,12.000
SG07315,SG07347,11.000
SG08916,SG08999,6.000
SG06351,SG06383,11.000
SG06771,SG06824,7.000
SG09493,SG09553,7.000
SG01028,SG01086,12.000
SG00740,SG00762,12.000
SG08275,SG08325,8.000
SG08333,SG08356,7.000
SG09319,SG09403,10.000
SG03628,SG03676,8.000
SG06378,SG06416,11.000
SG05445,SG05477,9.000
SG05446,SG05531,9.000
SG00984,SG01040,7.000
SG03505,SG03574,6.000
SG07301,SG07348,8.000
SG07392,SG07417,10.000
SG08897,SG08934,10.000
SG00413,SG00440,7.000
SG02880,SG02924,10.000
SG02297,SG02305,9.000
SG03895,SG03918,12.000
SG00938,SG00983,6.000
SG02410,SG02484,10.000
SG08716,SG08788,6.000
SG02415,SG02437,7.000
SG05160,SG05164,9.000
SG03927,SG03936,11.000
SG09387,SG09389,8.000
SG02392,SG02469,10.000
SG03307,SG03342,7.000
SG06887,SG06903,11.000
SG08119,SG08197,12.000
SG02436,SG02507,11.000
SG05266,SG05303,11.000
SG04527,SG04590,10.000
SG06881,SG06963,9.000
SG06563,SG06642,8.000
SG03025,SG03028,11.000
SG09209,SG09249,9.000
SG01688,SG01712,12.000
SG04958,SG05039,11.000
SG05907,SG05968,11.000
SG07463,SG07538,7.000
SG08383,SG08421,11.000
SG03724,SG03803,9.000
SG00919,SG00970,10.000
SG03941,SG03944,8.000
SG01904,SG01992,11.000
SG09097,SG09150,11.000
SG03084,SG03102,10.000
SG06011,SG06021,6.000
SG05129,SG05187,12.000
SG04100,SG04168,8.000
SG03080,SG03102,9.000
SG03203,SG03220,9.000
SG05902,SG05943,9.000
SG08080,SG08114,6.000
SG02039,SG02077,11.000
SG08222,SG08297,8.000
SG03316,SG03328,12.000
SG02136,SG02181,11.000
SG05848,SG05873,6.000
SG08760,SG08800,11.000
SG06865,SG06959,10.000
SG05866,SG05940,12.000
SG03797,SG03809,10.000
SG01815,SG01904,7.000
SG04548,SG04627,8.000
SG03432,SG03448,11.000
SG08914,SG08973,6.000
SG04735,SG04754,8.000
SG08526,SG08546,8.000
SG09394,SG09423,6.000
SG09836,SG09911,7.000
SG09714,SG09785,7.000
SG09413,SG09459,11.000
SG07296,SG07325,7.000
SG06553,SG06620,11.000
SG00950,SG00974,6.000
SG02812,SG02823,9.000
SG06454,SG06513,10.000
SG04879,SG04972,6.000
SG06193,SG06241,7.000
SG04179,SG04225,10.000
SG04935,SG04976,9.000
SG06980,SG07029,8.000
SG06891,SG06958,8.000
SG00604,SG00610,12.000
SG09182,SG09198,6.000
SG03660,SG03702,11.000
SG00621,SG00677,8.000
SG03257,SG03267,7.000
SG09826,SG09860,11.000
SG06297,SG06394,9.000
SG05620,SG05697,9.000
SG03179,SG03273,7.000
SG00732,SG00825,7.000
SG00052,SG00081,11.000
SG08969,SG09041,8.000
SG04308,SG04324,11.000
SG01749,SG01762,9.000
SG02377,SG02460,9.000
SG01433,SG01496,6.000
SG02262,SG02345,6.000
SG06101,SG06146,10.000
SG06870,SG06949,6.000
SG03983,SG03989,12.000
SG00329,SG00357,9.000
SG00161,SG00182,8.000
SG03645,SG03706,6.000
SG01601,SG01660,11.000
SG08834,SG08918,11.000
SG02055,SG02062,7.000
SG07824,SG07913,6.000
SG04151,SG04213,10.000
SG04443,SG04529,6.000
SG05086,SG05165,6.000
SG00391,SG00475,6.000
SG02936,SG02995,10.000
SG09874,SG09886,6.000
SG05813,SG05858,9.000
SG08116,SG08198,6.000
SG04014,SG04086,7.000
SG06960,SG06993,6.000
SG09136,SG09233,8.000
SG01768,SG01813,11.000
SG01884,SG01965,8.000
SG08567,SG08651,8.000
SG05221,SG05232,9.000
SG04340,SG04434,6.000
SG09615,SG09688,9.000
SG07310,SG07353,8.000
SG05621,SG05641,8.000
SG03504,SG03576,10.000
SG04039,SG04051,9.000
SG01544,SG01638,12.000
SG08424,SG08505,11.000
SG05009,SG05058,7.000
SG07073,SG07112,7.000
SG01605,SG01631,11.000
SG04780,SG04812,12.000
SG06248,SG06270,8.000
SG06784,SG06810,11.000
SG01756,SG01810,8.000
SG01653,SG01747,8.000
SG01708,SG01804,11.000
SG04284,SG04372,11.000
SG05821,SG05854,10.000
SG08130,SG08171,6.000
SG04528,SG04561,12.000
SG05046,SG05112,6.000
SG06967,SG06981,11.000
SG05147,SG05241,8.000
SG00872,SG00936,9.000
SG05741,SG05775,12.000
SG04606,SG04608,11.000
SG00955,SG01039,8.000
SG06348,SG06433,6.000
SG00185,SG00262,10.000
SG03880,SG03970,7.000
SG07195,SG07271,8.000
SG06186,SG06231,6.000
SG00489,SG00573,11.000
SG05714,SG05745,9.000
SG02903,SG02927,10.000
SG03395,SG03421,11.000
SG02010,SG02084,8.000
SG07879,SG07930,8.000
SG06304,SG06360,9.000
SG01616,SG01624,10.000
SG03194,SG03213,8.000
SG00063,SG00153,9.000
SG06726,SG06782,7.000
SG01887,SG01950,8.000
SG03908,SG03921,7.000
SG08399,SG08483,8.000
SG01492,SG01506,10.000
SG05057,SG05120,10.000
SG08345,SG08442,7.000
SG07421,SG07487,6.000
SG05125,SG05158,11.000
SG04032,SG04112,10.000
SG01112,SG01162,10.000
SG09929,SG09986,10.000
SG00706,SG00790,7.000
SG02614,SG02645,8.000
SG07578,SG07627,9.000
SG07712,SG07729,10.000
SG05740,SG05823,9.000
SG00118,SG00206,9.000
SG02087,SG02136,6.000
SG08624,SG08679,11.000
SG07364,SG07387,12.000
SG03504,SG03564,8.000
SG07950,SG08028,7.000
SG04247,SG04286,11.000
SG01233,SG01324,9.000
SG03037,SG03078,6.000
SG04560,SG04643,10.000
SG05024,SG05105,6.000
SG05579,SG05643,8.000
SG06386,SG06435,9.000
SG04799,SG04815,6.000
SG05597,SG05670,11.000
SG02599,SG02612,7.000
SG05548,SG05581,11.000
SG09597,SG09689,10.000
SG00176,SG00184,11.000
SG01486,SG01500,11.000
SG04634,SG04684,6.000
SG02754,SG02807,6.000
SG03365,SG03401,10.000
SG07539,SG07550,10.000
SG07344,SG07346,11.000
SG00880,SG00909,8.000
SG03164,SG03197,8.000
SG05436,SG05446,10.000
SG00832,SG00903,6.000
SG07953,SG07956,11.000
SG07230,SG07244,6.000
SG02068,SG02147,9.000
SG06180,SG06272,6.000
SG09961,SG09976,12.000
SG07222,SG07290,9.000
SG00613,SG00674,9.000
SG01587,SG01676,7.000
SG07608,SG07671,12.000
SG08588,SG08647,10.000
SG00107,SG00139,12.000
SG06847,SG06900,12.000
SG07539,SG07614,11.000
SG05646,SG05678,10.000
SG07197,SG07218,12.000
SG00224,SG00299,7.000
SG05064,SG05068,8.000
SG04275,SG04362,7.000
SG09322,SG09365,8.000
SG01313,SG01334,6.000
SG03839,SG03926,8.000
SG07089,SG07118,7.000
SG01020,SG01027,12.000
SG05982,SG06072,8.000
SG00485,SG00510,6.000
SG08423,SG08431,7.000
SG07591,SG07597,10.000
SG01984,SG02051,10.000
SG04602,SG04653,7.000
SG08974,SG08981,6.000
SG02838,SG02852,7.000
SG06342,SG06432,6.000
SG07157,SG07161,9.000
SG02447,SG02461,12.000
SG00090,SG00130,6.000
SG08090,SG08116,9.000
SG02708,SG02710,11.000
SG09042,SG09086,10.000
SG08241,SG08336,7.000
SG02473,SG02506,12.000
SG03430,SG03457,11.000
SG03141,SG03195,9.000
SG07013,SG07024,10.000
SG05196,SG05218,12.000
SG05424,SG05475,6.000
SG05016,SG05041,12.000
SG08172,SG08220,10.000
SG07811,SG07896,6.000
SG00267,SG00351,7.000
SG08918,SG08952,12.000
SG01906,SG01998,11.000
SG07843,SG07862,8.000
SG07272,SG07347,6.000
SG02394,SG02425,6.000
SG00087,SG00122,9.000
SG09750,SG09813,10.000
SG04435,SG04517,12.000
SG04157,SG04233,8.000
SG00639,SG00699,7.000
SG05303,SG05371,7.000
SG08528,SG08625,9.000
SG00372,SG00399,7.000
SG09726,SG09761,8.000
SG04477,SG04515,11.000
SG07312,SG07393,6.000
SG01690,SG01747,8.000
SG00987,SG00997,12.000
SG00470,SG00539,10.000
SG09340,SG09382,10.000
SG05881,SG05957,6.000
SG03519,SG03571,12.000
SG04910,SG04989,8.000
SG09316,SG09394,9.000
SG03403,SG03471,7.000
SG02853,SG02949,10.000
SG01873,SG01892,12.000
SG09477,SG09557,8.000
SG05758,SG05792,10.000
SG01614,SG01626,11.000
SG01782,SG01785,11.000
SG09971,SG09985,11.000
SG08970,SG09036,8.000
SG09104,SG09163,7.000
SG08808,SG08891,11.000
SG03698,SG03754,9.000
SG07038,SG07105,8.000
SG01524,SG01548,6.000
SG07833,SG07923,6.000
SG03584,SG03590,7.000
SG02704,SG02760,10.000
SG07036,SG07116,6.000
SG09604,SG09689,7.000
SG02750,SG02840,9.000
SG05374,SG05443,9.000
SG02412,SG02463,10.000
SG05139,SG05216,11.000
SG00558,SG00586,9.000
SG08544,SG08586,11.000
SG00464,SG00548,6.000
SG03008,SG03074,7.000
SG00048,SG09987,8.000
SG01575,SG01671,12.000
SG00030,SG09987,12.000
SG05558,SG05640,9.000
SG04323,SG04332,10.000
SG03153,SG03179,12.000
SG02436,SG02515,12.000
SG02695,SG02775,10.000
SG03618,SG03697,9.000
SG06281,SG06363,11.000
SG02036,SG02086,8.000
SG04305,SG04389,6.000
SG03897,SG03951,12.000
SG07154,SG07227,12.000
SG08576,SG08664,10.000
SG04910,SG05000,8.000
SG04576,SG04602,12.000
SG02749,SG02842,8.000
SG04572,SG04603,8.000
SG06655,SG06747,8.000
SG02066,SG02097,8.000
SG04483,SG04515,7.000
SG01045,SG01119,11.000
SG09223,SG09286,7.000
SG00017,SG00107,6.000
SG07777,SG07837,6.000
SG08614,SG08638,6.000
SG07760,SG07783,9.000
SG09196,SG09238,12.000
SG09871,SG09959,10.000
SG03134,SG03161,6.000
SG02420,SG02491,11.000
SG02438,SG02516,7.000
SG00742,SG00780,8.000
SG07590,SG07609,12.000
SG05605,SG05680,8.000
SG02665,SG02727,6.000
SG04448,SG04472,8.000
SG04476,SG04521,6.000
SG05514,SG05530,10.000
SG04424,SG04436,9.000
SG00771,SG00820,8.000
SG05362,SG05454,12.000
SG07078,SG07119,11.000
SG01922,SG01924,7.000
SG09474,SG09540,6.000
SG06887,SG06982,9.000
SG03882,SG03910,11.000
SG09022,SG09094,7.000
SG02034,SG02104,10.000
SG04880,SG04926,9.000
SG07171,SG07244,10.000
SG09171,SG09246,6.000
SG08193,SG08255,7.000
SG00833,SG00894,12.000
SG00525,SG00535,12.000
SG05732,SG05741,8.000
SG07160,SG07233,6.000
SG07458,SG07549,8.000
SG01304,SG01320,9.000
SG05679,SG05729,10.000
SG05818,SG05870,7.000
SG02517,SG02562,12.000
SG02456,SG02509,12.000
SG02133,SG02143,11.000
SG08781,SG08811,10.000
SG02679,SG02737,12.000
SG00774,SG00857,10.000
SG03708,SG03779,12.000
SG07631,SG07669,10.000
SG01594,SG01680,8.000
SG00211,SG00291,8.000
SG01126,SG01203,10.000
SG09200,SG09258,12.000
SG08919,SG08968,6.000
SG01329,SG01338,12.000
SG04079,SG04140,11.000
SG05216,SG05298,6.000
SG09511,SG09559,7.000
SG00489,SG00578,12.000
SG08184,SG08237,12.000
SG04501,SG04593,11.000
SG04869,SG04898,6.000
SG09347,SG09373,6.000
SG00816,SG00903,10.000
SG08475,SG08540,8.000
SG01908,SG02002,8.000
SG07956,SG08047,6.000
SG08883,SG08923,6.000
SG09474,SG09557,7.000
SG04266,SG04307,9.000
SG02619,SG02716,9.000
SG09811,SG09819,11.000
SG01039,SG01053,9.000
SG03895,SG03987,12.000
SG02174,SG02232,6.000
SG01872,SG01881,7.000
SG08011,SG08091,6.000
SG01317,SG01339,6.000
SG01980,SG02009,6.000
SG01322,SG01344,8.000
SG00316,SG00332,9.000
SG08699,SG08714,12.000
SG05613,SG05648,11.000
SG07316,SG07404,11.000
SG01441,SG01451,12.000
SG07820,SG07885,7.000
SG00556,SG00623,9.000
SG06948,SG07036,6.000
SG00826,SG00892,7.000
SG06526,SG06621,7.000
SG03354,SG03405,9.000
SG05270,SG05274,7.000
SG01898,SG01929,11.000
SG09766,SG09805,11.000
SG02197,SG02230,8.000
SG07615,SG07643,10.000
SG09950,SG09973,10.000
SG03799,SG03861,12.000
SG07404,SG07452,12.000
SG04089,SG04125,10.000
SG06600,SG06609,12.000
SG04671,SG04698,8.000
SG02783,SG02838,10.000
SG08557,SG08610,10.000
SG00030,SG00087,10.000
SG04549,SG04637,6.000
SG03315,SG03348,8.000
SG06977,SG06987,6.000
SG02751,SG02783,12.000
SG02019,SG02107,9.000
SG07160,SG07254,11.000
SG02426,SG02430,9.000
SG01078,SG01116,9.000
SG04923,SG04930,8.000
SG02429,SG02506,6.000
SG06653,SG06726,12.000
SG03068,SG03114,9.000
SG06842,SG06877,11.000
SG01700,SG01771,11.000
SG00518,SG00594,8.000
SG04116,SG04155,10.000
SG00821,SG00896,11.000
SG09753,SG09793,11.000
SG08143,SG08223,9.000
SG01935,SG01979,10.000
SG06413,SG06491,12.000
SG02480,SG02504,11.000
SG02132,SG02199,7.000
SG05145,SG05215,9.000
SG08660,SG08670,7.000
SG07451,SG07469,11.000
SG09698,SG09790,11.000
SG02178,SG02230,11.000
SG00077,SG00112,12.000
SG09094,SG09099,8.000
SG02045,SG02071,12.000
SG09730,SG09798,7.000
SG09261,SG09313,6.000
SG03968,SG04000,10.000
SG01840,SG01911,7.000
SG02468,SG02557,7.000
SG02194,SG02276,8.000
SG04088,SG04100,9.000
SG06126,SG06211,10.000
SG08217,SG08294,8.000
SG04856,SG04870,9.000
SG08776,SG08825,6.000
SG04524,SG04616,7.000
SG05348,SG05368,10.000
SG08218,SG08290,12.000
SG08012,SG08057,12.000
SG05056,SG05118,7.000
SG01574,SG01580,7.000
SG09230,SG09298,12.000
SG02741,SG02768,9.000
SG02438,SG02490,7.000
SG05888,SG05944,7.000
SG03891,SG03904,6.000
SG00112,SG00202,11.000
SG06193,SG06272,9.000
SG07853,SG07914,11.000
SG00981,SG01078,8.000
SG04125,SG04214,12.000
SG08416,SG08512,8.000
SG00960,SG01050,9.000
SG07573,SG07641,6.000
SG04634,SG04685,6.000
SG03547,SG03623,12.000
SG09282,SG09372,7.000
SG09903,SG09910,11.000
SG00202,SG00252,6.000
SG04983,SG05018,10.000
SG09138,SG09210,6.000
SG05689,SG05770,12.000
SG02756,SG02833,10.000
SG05887,SG05941,9.000
SG00042,SG09980,6.000
SG06506,SG06564,7.000
SG04510,SG04547,11.000
SG04023,SG04102,6.000
SG01233,SG01300,11.000
SG01302,SG01379,11.000
SG00150,SG00226,8.000
SG02972,SG03062,9.000
SG04296,SG04357,6.000
SG04645,SG04679,9.000
SG09714,SG09791,6.000
SG04569,SG04650,11.000
SG01435,SG01458,12.000
SG05810,SG05895,9.000
SG00166,SG00173,9.000
SG09904,SG09915,6.000
SG05772,SG05825,6.000
SG07283,SG07345,10.000
SG06111,SG06117,11.000
SG08727,SG08807,11.000
SG09100,SG09183,11.000
SG03779,SG03848,10.000
SG02637,SG02662,8.000
SG09613,SG09703,8.000
SG06737,SG06765,9.000
SG05382,SG05470,12.000
SG05741,SG05819,6.000
SG05714,SG05753,12.000
SG01145,SG01169,10.000
SG00882,SG00939,11.000
SG08314,SG08387,6.000
SG03457,SG03522,12.000
SG08520,SG08550,9.000
SG09912,SG09943,11.000
SG02145,SG02218,9.000
SG04025,SG04048,8.000
SG05082,SG05099,7.000
SG04979,SG05064,10.000
SG08928,SG09009,11.000
SG09958,SG09994,9.000
SG02286,SG02354,12.000
SG06985,SG07026,8.000
SG01733,SG01771,6.000
SG02662,SG02691,10.000
SG00316,SG00359,10.000
SG02869,SG02966,10.000
SG01653,SG01729,6.000
SG00508,SG00518,6.000
SG06121,SG06214,10.000
SG04750,SG04788,11.000
SG04898,SG04928,9.000
SG04161,SG04228,7.000
SG04846,SG04866,12.000
SG06495,SG06566,6.000
SG00076,SG00154,10.000
SG09052,SG09089,7.000
SG01634,SG01690,11.000
SG01966,SG01972,10.000
SG04117,SG04144,10.000
SG03278,SG03298,9.000
SG00681,SG00749,7.000
SG01070,SG01115,9.000
SG08864,SG08918,7.000
SG09893,SG09914,11.000
SG07141,SG07216,10.000
SG06851,SG06890,7.000
SG09189,SG09241,7.000
SG02660,SG02727,7.000
SG07668,SG07740,11.000
SG05317,SG05407,6.000
SG04989,SG05079,6.000
SG04454,SG04493,12.000
SG03202,SG03276,12.000
SG03485,SG03512,9.000
SG01906,SG01990,6.000
SG00061,SG00155,6.000
SG00081,SG00093,7.000
SG03606,SG03683,10.000
SG08108,SG08187,7.000
SG07573,SG07576,11.000
SG08079,SG08129,10.000
SG04042,SG04060,12.000
SG06976,SG07055,8.000
SG05112,SG05176,11.000
SG06455,SG06492,6.000
SG09759,SG09819,10.000
SG08050,SG08125,10.000
SG02090,SG02129,12.000
SG01625,SG01698,12.000
SG07913,SG07921,7.000
SG01062,SG01105,8.000
SG06730,SG06803,9.000
SG02527,SG02590,7.000
SG06486,SG06494,11.000
SG00417,SG00450,7.000
SG04066,SG04152,11.000
SG02294,SG02308,6.000
SG06454,SG06508,10.000
SG00012,SG09951,12.000
SG01140,SG01155,7.000
SG07314,SG07366,10.000
SG00444,SG00503,11.000
SG00318,SG00402,9.000
SG08617,SG08662,12.000
SG07279,SG07316,12.000
SG03356,SG03391,9.000
SG03847,SG03941,10.000
SG00530,SG00607,10.000
SG02313,SG02322,11.000
SG02918,SG02940,9.000
SG04219,SG04312,8.000
SG06384,SG06397,10.000
SG05773,SG05824,11.000
SG00639,SG00654,8.000
SG00790,SG00813,11.000
SG02328,SG02406,9.000
SG03822,SG03902,7.000
SG06132,SG06208,9.000
SG09930,SG09974,8.000
SG00620,SG00631,12.000
SG05355,SG05379,6.000
SG00275,SG00335,8.000
SG08197,SG08229,7.000
SG09104,SG09137,11.000
SG08391,SG08470,7.000
SG05181,SG05226,6.000
SG04707,SG04792,7.000
SG04908,SG04997,11.000
SG01503,SG01520,11.000
SG01436,SG01524,10.000
SG02532,SG02618,12.000
SG09099,SG09124,7.000
SG01399,SG01476,12.000
SG05591,SG05647,8.000
SG01481,SG01546,8.000
SG01495,SG01514,12.000
SG00232,SG00270,9.000
SG03360,SG03393,12.000
SG07097,SG07139,9.000
SG07373,SG07432,10.000
SG08748,SG08789,6.000
SG06501,SG06574,11.000
SG03217,SG03288,6.000
SG00264,SG00293,12.000
SG03851,SG03933,11.000
SG03852,SG03897,7.000
SG07951,SG08046,9.000
SG07588,SG07591,6.000
SG01689,SG01741,11.000
SG09475,SG09508,9.000
SG05393,SG05465,10.000
SG08318,SG08400,6.000
SG09854,SG09950,9.000
SG03402,SG03443,8.000
SG07953,SG07995,9.000
SG04407,SG04477,10.000
SG04776,SG04821,6.000
SG02929,SG02949,9.000
SG06605,SG06687,10.000
SG00197,SG00293,11.000
SG02931,SG02962,6.000
SG04934,SG04993,11.000
SG08932,SG08957,12.000
SG06520,SG06572,8.000
SG06932,SG06975,6.000
SG02197,SG02274,11.000
SG07296,SG07309,11.000
SG08720,SG08764,12.000
SG00105,SG00112,10.000
SG09174,SG09238,7.000
SG01975,SG02067,12.000
SG00302,SG00362,11.000
SG05654,SG05662,6.000
SG05210,SG05263,11.000
SG06616,SG06656,7.000
SG06445,SG06492,12.000
SG08990,SG09085,9.000
SG05647,SG05718,7.000
SG05848,SG05942,7.000
SG04082,SG04179,6.000
SG04335,SG04418,6.000
SG03806,SG03858,7.000
SG07397,SG07473,8.000
SG07765,SG07817,9.000
SG09183,SG09193,11.000
SG09300,SG09314,11.000
SG03542,SG03564,9.000
SG03053,SG03150,10.000
SG02716,SG02788,9.000
SG00663,SG00717,10.000
SG09264,SG09327,7.000
SG01616,SG01697,10.000
SG06772,SG06832,6.000
SG02745,SG02770,12.000
SG06933,SG06947,11.000
SG04796,SG04833,10.000
SG00455,SG00532,11.000
SG01859,SG01897,10.000
SG09861,SG09889,8.000
SG04824,SG04894,12.000
SG01975,SG02054,9.000
SG04133,SG04202,8.000
SG09584,SG09614,10.000
SG05432,SG05463,8.000
SG03831,SG03919,8.000
SG05053,SG05100,9.000
SG04208,SG04212,8.000
SG06063,SG06134,12.000
SG09901,SG09906,9.000
SG00648,SG00652,6.000
SG07657,SG07720,11.000
SG06401,SG06429,11.000
SG05566,SG05622,9.000
SG03298,SG03384,10.000
SG02181,SG02184,8.000
SG00449,SG00514,6.000
SG04434,SG04511,9.000
SG07630,SG07670,9.000
SG08956,SG08978,12.000
SG01862,SG01922,11.000
SG07775,SG07844,11.000
SG04469,SG04518,12.000
SG04120,SG04164,12.000
SG04756,SG04786,11.000
SG05251,SG05329,10.000
SG03319,SG03404,6.000
SG00099,SG00147,11.000
SG06722,SG06816,7.000
SG08040,SG08094,12.000
SG06327,SG06395,12.000
SG04556,SG04598,6.000
SG03250,SG03252,12.000
SG07951,SG07972,10.000
SG09226,SG09309,10.000
SG01809,SG01832,12.000
SG05288,SG05343,8.000
SG08609,SG08672,7.000
SG07197,SG07212,9.000
SG04068,SG04108,7.000
SG04160,SG04176,9.000
SG07324,SG07405,7.000
SG06134,SG06221,9.000
SG02329,SG02421,11.000
SG00546,SG00569,6.000
SG08720,SG08800,10.000
SG02282,SG02289,10.000
SG09265,SG09279,9.000
SG06766,SG06797,12.000
SG03732,SG03777,7.000
SG05710,SG05786,10.000
SG08969,SG09059,9.000
SG04060,SG04092,7.000
SG00051,SG00081,9.000
SG05593,SG05664,12.000
SG00887,SG00908,8.000
SG09111,SG09139,12.000
SG02624,SG02644,12.000
SG07762,SG07858,12.000
SG07774,SG07849,12.000
SG06501,SG06535,10.000
SG05293,SG05374,7.000
SG07510,SG07536,12.000
SG00041,SG00057,10.000
SG06344,SG06437,7.000
SG07172,SG07261,10.000
SG03100,SG03138,12.000
SG01313,SG01363,9.000
SG08799,SG08850,8.000
SG09852,SG09944,8.000
SG07963,SG08041,6.000
SG02553,SG02566,6.000
SG09686,SG09780,10.000
SG04032,SG04105,11.000
SG02039,SG02068,12.000
SG04600,SG04635,6.000
SG03923,SG03927,11.000
SG06668,SG06684,8.000
SG05243,SG05338,10.000
SG01450,SG01459,7.000
SG06014,SG06028,6.000
SG02231,SG02289,6.000
SG08516,SG08595,6.000
SG09138,SG09225,7.000
SG09280,SG09299,7.000
SG04171,SG04205,12.000
SG00433,SG00492,8.000
SG07562,SG07622,10.000
SG08083,SG08158,10.000
SG05180,SG05258,6.000
SG09839,SG09893,10.000
SG05084,SG05176,6.000
SG09742,SG09778,8.000
SG07349,SG07361,10.000
SG07472,SG07552,11.000
SG08259,SG08287,12.000
SG05361,SG05434,8.000
SG05809,SG05887,6.000
SG02057,SG02112,8.000
SG01543,SG01635,6.000
SG01301,SG01369,7.000
SG01952,SG01984,7.000
SG08829,SG08874,12.000
SG04301,SG04351,10.000
SG05495,SG05537,6.000
SG04828,SG04911,8.000
SG00955,SG01018,12.000
SG04987,SG05069,11.000
SG05345,SG05414,9.000
SG01811,SG01861,6.000
SG06823,SG06893,11.000
SG04819,SG04827,9.000
SG06402,SG06438,11.000
SG02118,SG02202,6.000
SG08676,SG08770,11.000
SG05798,SG05862,8.000
SG03561,SG03625,10.000
SG09294,SG09348,7.000
SG00547,SG00570,8.000
SG00424,SG00440,6.000
SG08982,SG09062,10.000
SG01238,SG01262,6.000
SG05969,SG06063,7.000
SG02935,SG02987,9.000
SG03460,SG03527,8.000
SG08875,SG08903,6.000
SG08433,SG08467,11.000
SG04433,SG04522,6.000
SG00460,SG00475,6.000
SG07063,SG07142,6.000
SG00056,SG00114,9.000
SG06725,SG06759,7.000
SG04534,SG04622,6.000
SG03833,SG03852,11.000
SG06431,SG06508,10.000
SG02229,SG02295,7.000
SG08349,SG08436,12.000
SG06548,SG06630,10.000
SG08130,SG08214,11.000
SG09787,SG09876,7.000
SG05029,SG05040,10.000
SG06081,SG06102,10.000
SG01822,SG01880,11.000
SG08736,SG08795,10.000
SG05041,SG05119,10.000
SG02611,SG02618,7.000
SG06479,SG06546,7.000
SG06068,SG06145,7.000
SG09347,SG09390,8.000
SG09110,SG09164,10.000
SG02647,SG02686,11.000
SG04031,SG04039,11.000
SG03021,SG03078,7.000
SG01148,SG01224,11.000
SG05228,SG05238,10.000
SG08016,SG08066,8.000
SG06078,SG06161,12.000
SG04067,SG04125,11.000
SG02770,SG02865,10.000
SG07068,SG07111,8.000
SG00708,SG00758,11.000
SG01168,SG01177,10.000
SG08711,SG08773,6.000
SG01869,SG01919,8.000
SG06649,SG06680,6.000
SG08952,SG09034,9.000
SG02559,SG02577,8.000
SG07538,SG07586,8.000
SG08917,SG08994,12.000
SG08056,SG08063,10.000
SG01469,SG01495,9.000
SG01079,SG01137,12.000
SG04600,SG04687,6.000
SG00942,SG01035,12.000
SG05193,SG05203,12.000
SG05847,SG05889,10.000
SG07953,SG08035,8.000
SG09957,SG09969,7.000
SG09868,SG09905,9.000
SG07847,SG07932,9.000
SG05491,SG05551,9.000
SG01841,SG01921,9.000
SG08602,SG08658,6.000
SG01224,SG01260,12.000
SG05323,SG05351,11.000
SG07291,SG07323,10.000
SG09349,SG09374,12.000
SG02796,SG02837,11.000
SG07423,SG07441,9.000
SG06657,SG06726,11.000
SG03017,SG03024,12.000
SG07949,SG07995,10.000
SG04076,SG04150,7.000
SG05388,SG05471,10.000
SG07295,SG07374,9.000
SG02765,SG02796,11.000
SG05295,SG05343,9.000
SG04159,SG04230,12.000
SG09709,SG09768,8.000
SG01771,SG01833,12.000
SG00250,SG00298,10.000
SG01531,SG01594,9.000
SG06723,SG06762,10.000
SG07090,SG07146,11.000
SG07388,SG07472,12.000
SG02049,SG02140,7.000
SG02078,SG02132,11.000
SG00061,SG00106,9.000
SG07437,SG07449,10.000
SG04441,SG04475,9.000
SG09814,SG09863,7.000
SG07249,SG07307,10.000
SG00240,SG00315,6.000
SG05437,SG05532,8.000
SG03126,SG03204,10.000
SG04912,SG04932,6.000
SG04080,SG04123,8.000
SG02719,SG02739,12.000
SG05527,SG05555,6.000
SG08730,SG08811,10.000
SG09904,SG09972,8.000
SG01861,SG01878,10.000
SG02144,SG02233,6.000
SG07444,SG07483,12.000
SG04019,SG04072,6.000
SG02734,SG02753,10.000
SG05983,SG06040,10.000
SG02144,SG02238,8.000
SG05382,SG05403,9.000
SG03336,SG03360,9.000
SG06504,SG06544,9.000
SG05392,SG05394,7.000
SG06058,SG06129,7.000
SG01532,SG01557,9.000
SG00360,SG00397,6.000
SG06935,SG06983,8.000
SG05946,SG05989,10.000
SG07657,SG07661,8.000
SG06637,SG06663,9.000
SG05197,SG05215,10.000
SG05362,SG05389,12.000
SG03455,SG03543,7.000
SG01433,SG01462,6.000
SG06285,SG06294,9.000
SG01589,SG01654,12.000
SG05333,SG05382,8.000
SG09138,SG09228,12.000
SG04724,SG04794,10.000
SG07961,SG07990,12.000
SG02383,SG02400,6.000
SG00239,SG00304,9.000
SG02638,SG02718,10.000
SG06600,SG06695,11.000
SG02150,SG02156,9.000
SG08001,SG08092,10.000
SG06597,SG06647,10.000
SG08387,SG08452,7.000
SG09612,SG09688,7.000
SG08875,SG08895,7.000
SG03852,SG03870,11.000
SG06261,SG06357,10.000
SG07349,SG07370,9.000
SG03967,SG03976,6.000
SG02167,SG02223,8.000
SG00441,SG00448,7.000
SG07347,SG07423,9.000
SG01414,SG01424,10.000
SG00057,SG09980,7.000
SG06673,SG06727,7.000
SG07439,SG07487,11.000
SG02012,SG02023,8.000
SG06101,SG06114,10.000
SG01076,SG01167,6.000
SG07820,SG07851,9.000
SG02945,SG03029,9.000
SG00670,SG00685,6.000
SG07705,SG07772,11.000
SG05628,SG05700,8.000
SG06947,SG06951,10.000
SG01597,SG01627,10.000
SG07406,SG07476,10.000
SG08043,SG08123,7.000
SG06747,SG06810,7.000
SG03194,SG03288,9.000
SG09068,SG09108,8.000
SG06883,SG06950,12.000
SG07150,SG07244,6.000
SG06225,SG06298,6.000
SG06851,SG06939,9.000
SG00170,SG00226,6.000
SG09576,SG09582,6.000
SG01095,SG01142,7.000
SG09513,SG09580,12.000
SG08613,SG08694,8.000
SG06424,SG06478,8.000
SG08388,SG08397,9.000
SG00389,SG00426,12.000
SG07503,SG07541,7.000
SG05087,SG05148,8.000
SG03473,SG03519,9.000
SG09157,SG09206,10.000
SG06976,SG07036,6.000
SG03975,SG04063,10.000
SG04416,SG04418,12.000
SG08951,SG09012,8.000
SG06107,SG06180,11.000
SG05376,SG05461,11.000
SG04880,SG04897,10.000
SG04934,SG05022,12.000
SG08817,SG08914,9.000
SG02516,SG02536,12.000
SG06278,SG06324,7.000
SG02925,SG02946,9.000
SG02055,SG02085,10.000
SG00645,SG00722,10.000
SG05851,SG05939,6.000
SG09162,SG09181,10.000
SG09221,SG09245,11.000
SG04501,SG04570,9.000
SG09926,SG09963,9.000
SG04801,SG04811,7.000
SG04303,SG04351,12.000
SG07000,SG07004,6.000
SG04055,SG04120,10.000
SG01250,SG01257,11.000
SG04701,SG04704,10.000
SG06480,SG06531,8.000
SG04254,SG04288,10.000
SG04925,SG04946,7.000
SG03187,SG03251,8.000
SG02366,SG02421,6.000
SG06072,SG06105,6.000
SG02520,SG02610,7.000
SG02004,SG02096,6.000
SG01576,SG01647,11.000
SG00692,SG00703,8.000
SG00392,SG00485,9.000
SG04538,SG04576,11.000
SG00529,SG00623,11.000
SG09798,SG09880,10.000
SG04153,SG04179,9.000
SG02548,SG02578,9.000
SG00093,SG00117,9.000
SG03419,SG03500,10.000
SG07054,SG07137,6.000
SG09433,SG09450,11.000
SG03308,SG03329,9.000
SG07469,SG07483,10.000
SG08267,SG08359,7.000
SG02475,SG02482,11.000
SG08248,SG08260,9.000
SG00204,SG00223,6.000
SG04656,SG04674,8.000
SG09565,SG09605,6.000
SG00843,SG00850,7.000
SG09315,SG09400,11.000
SG02116,SG02190,6.000
SG08340,SG08378,6.000
SG05023,SG05067,8.000
SG03871,SG03898,11.000
SG05101,SG05175,11.000
SG08239,SG08304,8.000
SG00015,SG00019,6.000
SG07838,SG07842,9.000
SG05411,SG05500,8.000
SG08416,SG08437,11.000
SG07148,SG07238,7.000
SG04386,SG04413,9.000
SG03837,SG03907,8.000
SG06994,SG07026,12.000
SG00993,SG01074,6.000
SG02711,SG02733,7.000
SG00772,SG00831,11.000
SG09629,SG09662,9.000
SG02206,SG02282,8.000
SG01577,SG01587,7.000
SG04362,SG04402,6.000
SG07846,SG07892,11.000
SG01894,SG01945,9.000
SG06312,SG06404,11.000
SG07302,SG07368,10.000
SG00118,SG00191,7.000
SG09862,SG09903,12.000
SG08469,SG08527,8.000
SG05869,SG05895,11.000
SG01163,SG01179,6.000
SG01582,SG01591,10.000
SG09868,SG09922,12.000
SG07285,SG07318,9.000
SG07416,SG07439,9.000
SG01221,SG01278,8.000
SG05249,SG05329,12.000
SG04004,SG04085,11.000
SG09158,SG09246,11.000
SG00584,SG00645,11.000
SG00239,SG00243,9.000
SG06013,SG06100,9.000
SG02259,SG02289,7.000
SG06306,SG06318,11.000
SG03862,SG03953,6.000
SG04751,SG04833,8.000
SG05013,SG05073,11.000
SG00135,SG00150,12.000
SG07316,SG07381,6.000
SG04730,SG04795,12.000
SG08023,SG08075,9.000
SG09664,SG09681,8.000
SG03218,SG03315,6.000
SG01449,SG01476,6.000
SG07621,SG07688,11.000
SG09340,SG09423,10.000
SG02053,SG02101,9.000
SG06712,SG06788,10.000
SG05776,SG05784,12.000
SG04099,SG04110,10.000
SG05036,SG05090,12.000
SG04923,SG04980,6.000
SG01963,SG02015,12.000
SG00476,SG00481,10.000
SG05113,SG05160,9.000
SG06463,SG06483,6.000
SG04969,SG05026,12.000
SG02524,SG02613,8.000
SG00308,SG00316,7.000
SG06747,SG06835,6.000
SG05097,SG05133,12.000
SG02401,SG02451,6.000
SG06151,SG06213,12.000
SG02039,SG02109,6.000
SG09739,SG09776,11.000
SG07944,SG07960,6.000
SG06389,SG06401,11.000
SG05636,SG05672,11.000
SG07786,SG07815,7.000
SG02103,SG02165,9.000
SG03714,SG03800,10.000
SG00500,SG00508,12.000
SG00847,SG00944,7.000
SG01558,SG01610,12.000
SG04712,SG04752,11.000
SG06948,SG06995,12.000
SG01740,SG01814,12.000
SG04367,SG04451,8.000
SG05768,SG05839,9.000
SG06479,SG06484,12.000
SG03231,SG03234,9.000
SG08995,SG09087,7.000
SG09128,SG09190,10.000
SG05332,SG05384,12.000
SG02485,SG02512,8.000
SG09564,SG09650,6.000
SG00853,SG00927,8.000
SG03887,SG03954,9.000
SG09196,SG09212,10.000
SG04665,SG04685,9.000
SG04870,SG04885,9.000
SG00480,SG00488,9.000
SG07867,SG07909,12.000
SG09575,SG09608,8.000
SG09854,SG09948,7.000
SG00736,SG00796,10.000
SG07217,SG07291,10.000
SG04239,SG04260,6.000
SG08142,SG08181,10.000
SG06019,SG06069,12.000
SG02165,SG02195,10.000
SG01830,SG01927,6.000
SG08411,SG08496,10.000
SG07083,SG07117,10.000
SG06377,SG06432,10.000
SG05260,SG05335,7.000
SG06337,SG06360,8.000
SG01522,SG01590,6.000
SG05840,SG05849,6.000
SG01475,SG01543,11.000
SG09943,SG09986,10.000
SG06112,SG06174,9.000
SG06423,SG06497,7.000
SG05867,SG05960,6.000
SG08875,SG08967,7.000
SG07642,SG07702,10.000
SG00909,SG00917,12.000
SG01669,SG01729,9.000
SG09299,SG09380,7.000
SG08326,SG08423,8.000
SG03450,SG03486,11.000
SG01654,SG01748,9.000
SG08666,SG08692,12.000
SG04380,SG04389,6.000
SG01935,SG02031,6.000
SG01999,SG02025,12.000
SG07036,SG07133,10.000
SG08878,SG08899,11.000
SG01210,SG01305,10.000
SG00649,SG00714,6.000
SG04203,SG04296,12.000
SG02654,SG02710,11.000
SG05025,SG05121,10.000
SG04323,SG04420,11.000
SG08014,SG08100,7.000
SG08046,SG08118,11.000
SG06423,SG06477,9.000
SG02276,SG02323,7.000
SG07863,SG07888,6.000
SG08218,SG08266,6.000
SG00945,SG00950,12.000
SG08468,SG08493,6.000
SG04652,SG04665,6.000
SG09448,SG09514,12.000
SG09313,SG09356,8.000
SG01310,SG01332,9.000
SG09431,SG09480,8.000
SG03066,SG03122,12.000
SG00391,SG00412,6.000
SG09068,SG09114,8.000
SG03078,SG03102,8.000
SG06242,SG06277,12.000
SG05786,SG05837,8.000
SG05332,SG05400,9.000
SG09657,SG09688,10.000
SG04422,SG04458,7.000
SG05345,SG05441,6.000
SG04790,SG04838,6.000
SG02773,SG02822,8.000
SG08392,SG08469,12.000
SG05914,SG05935,11.000
SG08560,SG08613,11.000
SG08560,SG08576,6.000
SG01415,SG01511,12.000
SG08183,SG08218,11.000
SG00769,SG00861,8.000
SG01358,SG01454,6.000
SG04439,SG04514,7.000
SG08980,SG09010,10.000
SG00618,SG00641,11.000
SG00698,SG00708,6.000
SG09823,SG09852,9.000
SG08842,SG08853,8.000
SG06639,SG06699,6.000
SG00674,SG00721,11.000
SG06557,SG06595,12.000
SG07213,SG07303,12.000
SG02375,SG02445,7.000
SG05305,SG05402,6.000
SG02448,SG02485,6.000
SG00115,SG00183,12.000
SG05184,SG05257,9.000
SG05976,SG06016,12.000
SG01236,SG01326,9.000
SG07636,SG07725,12.000
SG02411,SG02492,9.000
SG09551,SG09629,12.000
SG05109,SG05141,7.000
SG01067,SG01136,6.000
SG08260,SG08348,6.000
SG05592,SG05604,11.000
SG02052,SG02127,9.000
SG04107,SG04152,12.000
SG04934,SG05007,10.000
SG08266,SG08301,10.000
SG08577,SG08661,10.000
SG03475,SG03544,11.000
SG09712,SG09794,12.000
SG09302,SG09357,11.000
SG05149,SG05170,6.000
SG03359,SG03421,9.000
SG06783,SG06861,8.000
SG04263,SG04287,6.000
SG07010,SG07067,7.000
SG01159,SG01237,9.000
SG02281,SG02285,11.000
SG02158,SG02222,8.000
SG00727,SG00754,11.000
SG06917,SG06949,12.000
SG06904,SG06910,10.000
SG00200,SG00204,6.000
SG06005,SG06014,8.000
SG09076,SG09087,8.000
SG09380,SG09418,7.000
SG07255,SG07317,8.000
SG06059,SG06154,12.000
SG01352,SG01363,12.000
SG09336,SG09358,7.000
SG06431,SG06441,12.000
SG06399,SG06414,9.000
SG07420,SG07438,6.000
SG00708,SG00729,11.000
SG09797,SG09808,11.000
SG04366,SG04421,6.000
SG02645,SG02707,6.000
SG09239,SG09257,11.000
SG00682,SG00727,10.000
SG04262,SG04293,9.000
SG04574,SG04635,9.000
SG00202,SG00255,10.000
SG01534,SG01609,11.000
SG05424,SG05447,9.000
SG06402,SG06493,8.000
SG04906,SG04968,9.000
SG07801,SG07854,6.000
SG03073,SG03141,10.000
SG00138,SG00228,12.000
SG07108,SG07161,6.000
SG00815,SG00863,7.000
SG04299,SG04352,7.000
SG08690,SG08736,12.000
SG02900,SG02972,10.000
SG05125,SG05131,10.000
SG04008,SG04050,7.000
SG08580,SG08607,12.000
SG00184,SG00275,10.000
SG08276,SG08344,8.000
SG08194,SG08224,7.000
SG07511,SG07516,12.000
SG06315,SG06398,7.000
SG03478,SG03514,6.000
SG04359,SG04412,10.000
SG03515,SG03524,11.000
SG05019,SG05077,9.000
SG08149,SG08161,8.000
SG01438,SG01444,10.000
SG04881,SG04934,6.000
SG06163,SG06197,6.000
SG03794,SG03799,9.000
SG04076,SG04123,12.000
SG02605,SG02640,10.000
SG04488,SG04492,8.000
SG05191,SG05260,6.000
SG08586,SG08596,6.000
SG09554,SG09598,7.000
SG05887,SG05933,8.000
SG09357,SG09439,6.000
SG00441,SG00461,7.000
SG03090,SG03178,12.000
SG02323,SG02335,12.000
SG07249,SG07258,10.000
SG05650,SG05660,10.000
SG00355,SG00373,9.000
SG08994,SG09023,10.000
SG03682,SG03769,8.000
SG00850,SG00926,7.000
SG07937,SG07971,10.000
SG09813,SG09885,10.000
SG03436,SG03443,8.000
SG09459,SG09483,8.000
SG00148,SG00173,11.000
SG09822,SG09886,9.000
SG04000,SG04026,7.000
SG03743,SG03804,6.000
SG02618,SG02702,11.000
SG05625,SG05688,7.000
SG07946,SG08013,8.000
SG00428,SG00451,11.000
SG07423,SG07451,9.000
SG00387,SG00463,11.000
SG07637,SG07657,8.000
SG02513,SG02600,8.000
SG08761,SG08780,10.000
SG09487,SG09530,7.000
SG01692,SG01720,9.000
SG06531,SG06585,6.000
SG02574,SG02653,9.000
SG00508,SG00535,7.000
SG08300,SG08334,10.000
SG00938,SG00988,10.000
SG04624,SG04652,11.000
SG06336,SG06418,11.000
SG05787,SG05840,7.000
SG03476,SG03481,6.000
SG07919,SG07926,6.000
SG00079,SG09985,9.000
SG04041,SG04064,9.000
SG07796,SG07866,11.000
SG04222,SG04256,12.000
SG07023,SG07059,9.000
SG03554,SG03642,7.000
SG02432,SG02471,8.000
SG01224,SG01247,9.000
SG08399,SG08436,10.000
SG09131,SG09197,8.000
SG08854,SG08900,11.000
SG06490,SG06521,6.000
SG06644,SG06700,10.000
SG00595,SG00628,10.000
SG07805,SG07840,6.000
SG01767,SG01785,6.000
SG00906,SG00937,11.000
SG05343,SG05371,11.000
SG05649,SG05704,12.000
SG03741,SG03814,12.000
SG08791,SG08857,9.000
SG00084,SG00091,6.000
SG04952,SG05022,9.000
SG09851,SG09931,7.000
SG05484,SG05521,11.000
SG01620,SG01708,10.000
SG06008,SG06041,6.000
SG00239,SG00331,12.000
SG03109,SG03146,9.000
SG08995,SG09070,10.000
SG08527,SG08552,12.000
SG09440,SG09496,11.000
SG05807,SG05870,9.000
SG01870,SG01952,12.000
SG05210,SG05223,9.000
SG03899,SG03918,11.000
SG08486,SG08578,7.000
SG02461,SG02481,7.000
SG01436,SG01462,12.000
SG03916,SG03993,10.000
SG09737,SG09810,12.000
SG00883,SG00930,10.000
SG07755,SG07817,11.000
SG01108,SG01202,7.000
SG01854,SG01925,6.000
SG06252,SG06290,10.000
SG04437,SG04449,12.000
SG04975,SG05011,10.000
SG03449,SG03472,11.000
SG08374,SG08433,8.000
SG09770,SG09772,8.000
SG04682,SG04719,7.000
SG02626,SG02713,10.000
SG07383,SG07427,7.000
SG06347,SG06397,6.000
SG04630,SG04661,11.000
SG01175,SG01193,10.000
SG01151,SG01169,8.000
SG02037,SG02113,12.000
SG04930,SG04972,12.000
SG02759,SG02807,11.000
SG02840,SG02932,11.000
SG04886,SG04940,8.000
SG00351,SG00397,6.000
SG00573,SG00596,8.000
SG03408,SG03479,8.000
SG03642,SG03704,11.000
SG03861,SG03921,7.000
SG02427,SG02511,11.000
SG06441,SG06517,12.000
SG08141,SG08206,12.000
SG03329,SG03351,12.000
SG03729,SG03815,6.000
SG05140,SG05172,6.000
SG06258,SG06351,9.000
SG02506,SG02541,12.000
SG01342,SG01375,11.000
SG03811,SG03877,11.000
SG06656,SG06687,11.000
SG09860,SG09890,11.000
SG03773,SG03782,11.000
SG08694,SG08696,7.000
SG09041,SG09061,10.000
SG01366,SG01422,11.000
SG05676,SG05699,8.000
SG05492,SG05515,6.000
SG06146,SG06199,6.000
SG05855,SG05924,7.000
SG07124,SG07139,11.000
SG03427,SG03519,6.000
SG04162,SG04172,10.000
SG03987,SG04027,8.000
SG00629,SG00649,11.000
SG08172,SG08217,7.000
SG00838,SG00866,6.000
SG04481,SG04532,9.000
SG01369,SG01466,9.000
SG08507,SG08510,6.000
SG02958,SG03019,6.000
SG03659,SG03742,11.000
SG08607,SG08690,12.000
SG04038,SG04044,12.000
SG07433,SG07485,7.000
SG06922,SG06924,8.000
SG08749,SG08819,8.000
SG03825,SG03827,12.000
SG02706,SG02786,11.000
SG03241,SG03299,10.000
SG03032,SG03103,8.000
SG08260,SG08357,10.000
SG09701,SG09733,6.000
SG06262,SG06322,12.000
SG05288,SG05324,6.000
SG09044,SG09081,11.000
SG04032,SG04076,11.000
SG08110,SG08186,11.000
SG07777,SG07828,8.000
SG04596,SG04688,12.000
SG03691,SG03742,12.000
SG04500,SG04510,8.000
SG05535,SG05557,7.000
SG00760,SG00814,6.000
SG08933,SG08969,10.000
SG02234,SG02327,10.000
SG02222,SG02291,6.000
SG09119,SG09121,10.000
SG03574,SG03608,6.000
SG02687,SG02753,10.000
SG02934,SG02953,10.000
SG07801,SG07883,6.000
SG09430,SG09510,12.000
SG07373,SG07376,8.000
SG01940,SG01977,7.000
SG02078,SG02099,10.000
SG08105,SG08187,7.000
SG04185,SG04217,10.000
SG05826,SG05889,11.000
SG04642,SG04728,11.000
SG06849,SG06897,11.000
SG05402,SG05425,10.000
SG05005,SG05053,12.000
SG07871,SG07912,12.000
SG07715,SG07725,8.000
SG01057,SG01061,8.000
SG09064,SG09116,8.000
SG02948,SG03007,6.000
SG01719,SG01757,9.000
SG03760,SG03791,11.000
SG03923,SG03957,12.000
SG03160,SG03250,12.000
SG02227,SG02249,8.000
SG03574,SG03593,6.000
SG01262,SG01336,8.000
SG01244,SG01323,8.000
SG04300,SG04347,11.000
SG04026,SG04081,11.000
SG03196,SG03239,11.000
SG03094,SG03147,10.000
SG09192,SG09215,6.000
SG02859,SG02955,7.000
SG07664,SG07757,11.000
SG02704,SG02739,9.000
SG05739,SG05765,8.000
SG03616,SG03629,12.000
SG02499,SG02557,9.000
SG05666,SG05686,9.000
SG02856,SG02922,7.000
SG06642,SG06734,9.000
SG08645,SG08697,7.000
SG01075,SG01151,10.000
SG09843,SG09846,11.000
SG00608,SG00626,9.000
SG05496,SG05534,6.000
SG04195,SG04221,6.000
SG03750,SG03765,12.000
SG08148,SG08193,8.000
SG03825,SG03920,10.000
SG04713,SG04771,10.000
SG05484,SG05578,9.000
SG01694,SG01730,6.000
SG04265,SG04357,7.000
SG07932,SG07958,8.000
SG08906,SG08956,9.000
SG08114,SG08150,9.000
SG01820,SG01879,12.000
SG08755,SG08765,9.000
SG09624,SG09642,12.000
SG03247,SG03256,8.000
SG09365,SG09368,6.000
SG00788,SG00813,6.000
SG02695,SG02697,8.000
SG09917,SG09983,8.000
SG05613,SG05658,9.000
SG05414,SG05485,8.000
SG00970,SG01003,8.000
SG05530,SG05536,9.000
SG05513,SG05548,12.000
SG08190,SG08262,12.000
SG08290,SG08309,7.000
SG07844,SG07876,6.000
SG03547,SG03613,9.000
SG02391,SG02398,7.000
SG04251,SG04281,12.000
SG00011,SG00084,11.000
SG02897,SG02935,10.000
SG02064,SG02077,12.000
SG09762,SG09821,7.000
SG08474,SG08562,11.000
SG05950,SG05958,9.000
SG09424,SG09452,10.000
SG05116,SG05163,11.000
SG09820,SG09824,8.000
SG04109,SG04138,8.000
SG03939,SG04016,6.000
SG04787,SG04819,7.000
SG05188,SG05247,7.000
SG07378,SG07381,8.000
SG02951,SG02976,11.000
SG05670,SG05767,10.000
SG03315,SG03391,7.000
SG06699,SG06726,7.000
SG06173,SG06235,12.000
SG07993,SG08025,9.000
SG05814,SG05824,7.000
SG04487,SG04560,11.000
SG08906,SG08919,7.000
SG00615,SG00686,9.000
SG00790,SG00849,12.000
SG01365,SG01387,8.000
SG01319,SG01350,7.000
SG04921,SG04979,11.000
SG03378,SG03428,6.000
SG09531,SG09613,7.000
SG03638,SG03697,11.000
SG04040,SG04046,9.000
SG04293,SG04355,7.000
SG05758,SG05823,9.000
SG09593,SG09678,11.000
SG06613,SG06626,10.000
SG00055,SG10000,8.000
SG09478,SG09490,10.000
SG02950,SG03009,9.000
SG06811,SG06864,11.000
SG00578,SG00608,6.000
SG03917,SG03921,11.000
SG04490,SG04503,9.000
SG04834,SG04901,11.000
SG03898,SG03954,8.000
SG00763,SG00838,7.000
SG09269,SG09334,7.000
SG04609,SG04644,7.000
SG07177,SG07205,9.000
SG01325,SG01346,9.000
SG06506,SG06549,7.000
SG07903,SG07943,11.000
SG09532,SG09602,11.000
SG09654,SG09741,11.000
SG06941,SG07016,10.000
SG06573,SG06620,9.000
SG01602,SG01648,10.000
SG05596,SG05642,7.000
SG05002,SG05019,10.000
SG07164,SG07185,12.000
SG00859,SG00882,7.000
SG08250,SG08275,6.000
SG05645,SG05722,10.000
SG04586,SG04667,7.000
SG03668,SG03758,8.000
SG02783,SG02843,8.000
SG08177,SG08238,6.000
SG04074,SG04170,11.000
SG07725,SG07796,10.000
SG06101,SG06138,8.000
SG01940,SG01991,9.000
SG03170,SG03181,7.000
SG00941,SG00946,7.000
SG09308,SG09362,7.000
SG01176,SG01239,8.000
SG07918,SG07984,12.000
SG05374,SG05427,6.000
SG07456,SG07459,10.000
SG08929,SG08954,10.000
SG00019,SG00062,11.000
SG07313,SG07376,6.000
SG09526,SG09535,11.000
SG02322,SG02385,6.000
SG04146,SG04152,12.000
SG07085,SG07104,10.000
SG04133,SG04217,7.000
SG04056,SG04139,9.000
SG07147,SG07239,8.000
SG04704,SG04724,10.000
SG08905,SG08911,11.000
SG07472,SG07502,9.000
SG03345,SG03386,7.000
SG00016,SG09934,10.000
SG04014,SG04068,9.000
SG05021,SG05072,9.000
SG02669,SG02671,7.000
SG07880,SG07892,7.000
SG02833,SG02911,10.000
SG02492,SG02568,7.000
SG00820,SG00825,6.000
SG03681,SG03764,8.000
SG05168,SG05176,7.000
SG03824,SG03921,10.000
SG03200,SG03242,10.000
SG02410,SG02414,6.000
SG01059,SG01147,8.000
SG03869,SG03919,10.000
SG06816,SG06864,6.000
SG02780,SG02823,12.000
SG05596,SG05638,11.000
SG08932,SG08972,9.000
SG06884,SG06913,7.000
SG05733,SG05761,7.000
SG07742,SG07773,8.000
SG07438,SG07493,12.000
SG07352,SG07414,6.000
SG01520,SG01548,9.000
SG08603,SG08662,7.000
SG05574,SG05635,6.000
SG07049,SG07128,6.000
SG01362,SG01389,9.000
SG07142,SG07206,11.000
SG05239,SG05290,11.000
SG05693,SG05758,11.000
SG02282,SG02314,12.000
SG03791,SG03875,11.000
SG04158,SG04182,6.000
SG06477,SG06555,10.000
SG06206,SG06212,9.000
SG04926,SG04928,8.000
SG00496,SG00592,11.000
SG04432,SG04499,6.000
SG06927,SG06980,8.000
SG03686,SG03722,8.000
SG06814,SG06818,10.000
SG02315,SG02327,8.000
SG01020,SG01110,12.000
SG05099,SG05185,6.000
SG00722,SG00783,8.000
SG08211,SG08246,11.000
SG01310,SG01390,11.000
SG05978,SG05987,10.000
SG02059,SG02066,11.000
SG01596,SG01674,6.000
SG03979,SG03981,11.000
SG02567,SG02620,8.000
SG08953,SG09022,7.000
SG07056,SG07069,7.000
SG02914,SG03002,12.000
SG01396,SG01399,7.000
SG07597,SG07629,7.000
SG07394,SG07403,9.000
SG01319,SG01383,11.000
SG03099,SG03133,12.000
SG00345,SG00395,6.000
SG01612,SG01644,10.000
SG07203,SG07278,7.000
SG01229,SG01312,9.000
SG05603,SG05626,6.000
SG07453,SG07456,8.000
SG08234,SG08258,7.000
SG03428,SG03446,11.000
SG01399,SG01490,7.000
SG03557,SG03608,6.000
SG06316,SG06355,6.000
SG09902,SG09961,9.000
SG02335,SG02346,10.000
SG07336,SG07362,9.000
SG02517,SG02609,7.000
SG08169,SG08233,7.000
SG02693,SG02752,11.000
SG08189,SG08277,12.000
SG02052,SG02104,8.000
SG06874,SG06939,9.000
SG01950,SG02013,11.000
SG03124,SG03128,8.000
SG00754,SG00813,9.000
SG07245,SG07332,7.000
SG01697,SG01703,9.000
SG08374,SG08385,12.000
SG08504,SG08596,6.000
SG07008,SG07028,11.000
SG05708,SG05721,6.000
SG03081,SG03150,12.000
SG07601,SG07613,10.000
SG04125,SG04136,10.000
SG07344,SG07399,7.000
SG03666,SG03678,8.000
SG06529,SG06559,6.000
SG00188,SG00270,10.000
SG01048,SG01065,6.000
SG00025,SG09960,11.000
SG02089,SG02155,9.000
SG05808,SG05861,11.000
SG07115,SG07150,7.000
SG06694,SG06758,7.000
SG05375,SG05397,8.000
SG02864,SG02938,11.000
SG01486,SG01549,8.000
SG06454,SG06501,12.000
SG09556,SG09585,7.000
SG00926,SG00932,7.000
SG04758,SG04822,9.000
SG02673,SG02726,11.000
SG00002,SG09926,10.000
SG07722,SG07741,6.000
SG07149,SG07186,9.000
SG03772,SG03866,6.000
SG09210,SG09263,8.000
SG05976,SG05996,12.000
SG08625,SG08677,10.000
SG02040,SG02049,10.000
SG03572,SG03593,6.000
SG01472,SG01525,6.000
SG05918,SG05976,6.000
SG03334,SG03378,9.000
SG07310,SG07391,8.000
SG09675,SG09758,8.000
SG00639,SG00689,12.000
SG06216,SG06275,7.000
SG06704,SG06793,6.000
SG00769,SG00785,7.000
SG05216,SG05245,12.000
SG01596,SG01600,11.000
SG05975,SG06045,7.000
SG05439,SG05490,10.000
SG05881,SG05891,9.000
SG06494,SG06588,9.000
SG00840,SG00925,6.000
SG06255,SG06306,11.000
SG04402,SG04433,6.000
SG08003,SG08092,6.000
SG07617,SG07693,6.000
SG01990,SG01994,6.000
SG02808,SG02904,10.000
SG06051,SG06071,9.000
SG08363,SG08391,7.000
SG04728,SG04737,12.000
SG07802,SG07833,6.000
SG06059,SG06135,9.000
SG05000,SG05060,10.000
SG02089,SG02181,11.000
SG04093,SG04118,7.000
SG05082,SG05100,6.000
SG07903,SG07956,11.000
SG09435,SG09497,7.000
SG08361,SG08409,11.000
SG07530,SG07558,12.000
SG06925,SG06952,12.000
SG09385,SG09430,11.000
SG08084,SG08099,7.000
SG09064,SG09100,6.000
SG05321,SG05376,9.000
SG08488,SG08517,10.000
SG01921,SG01935,10.000
SG09763,SG09817,10.000
SG09536,SG09629,11.000
SG03402,SG03484,12.000
SG00902,SG00989,10.000
SG00142,SG00201,11.000
SG00339,SG00373,7.000
SG01410,SG01501,7.000
SG02121,SG02126,8.000
SG06140,SG06216,8.000
SG03256,SG03258,8.000
SG02639,SG02693,8.000
SG09152,SG09169,12.000
SG01641,SG01643,7.000
SG08783,SG08875,11.000
SG03799,SG03834,11.000
SG05925,SG05990,8.000
SG09652,SG09736,6.000
SG05344,SG05369,7.000
SG05806,SG05879,12.000
SG03259,SG03307,11.000
SG05703,SG05786,12.000
SG00455,SG00520,7.000
SG00125,SG00203,7.000
SG09779,SG09793,9.000
SG09593,SG09605,10.000
SG08079,SG08142,11.000
SG01175,SG01224,6.000
SG01442,SG01473,11.000
SG04046,SG04103,6.000
SG02626,SG02686,12.000
SG04645,SG04669,12.000
SG06381,SG06385,6.000
SG01392,SG01398,11.000
SG02570,SG02590,9.000
SG04061,SG04110,9.000
SG04293,SG04299,6.000
SG01857,SG01942,7.000
SG09160,SG09215,8.000
SG00448,SG00457,7.000
SG02087,SG02094,8.000
SG09556,SG09575,11.000
SG08186,SG08213,10.000
SG02432,SG02469,6.000
SG00003,SG00084,12.000
SG04795,SG04868,8.000
SG05262,SG05276,11.000
SG06623,SG06673,8.000
SG04940,SG04983,10.000
SG03747,SG03842,8.000
SG07619,SG07632,7.000
SG00632,SG00679,9.000
SG00192,SG00201,11.000
SG09136,SG09207,10.000
SG07844,SG07868,12.000
SG03549,SG03584,7.000
SG03320,SG03339,8.000
SG07980,SG08054,10.000
SG07564,SG07644,6.000
SG01243,SG01279,12.000
SG06379,SG06470,11.000
SG01524,SG01613,7.000
SG06317,SG06368,12.000
SG05220,SG05237,12.000
SG02949,SG03021,8.000
SG05031,SG05074,7.000
SG05063,SG05135,9.000
SG07073,SG07120,11.000
SG02886,SG02907,6.000
SG00247,SG00289,6.000
SG06269,SG06273,11.000
SG08153,SG08244,12.000
SG01473,SG01487,11.000
SG09275,SG09329,10.000
SG09209,SG09304,9.000
SG05483,SG05552,8.000
SG02893,SG02973,11.000
SG04532,SG04596,9.000
SG00670,SG00726,7.000
SG09674,SG09720,7.000
SG07076,SG07106,12.000
SG09357,SG09365,10.000
SG03353,SG03379,8.000
SG07862,SG07908,6.000
SG07644,SG07699,12.000
SG04340,SG04425,10.000
SG00499,SG00560,11.000
SG08537,SG08600,8.000
SG05678,SG05765,10.000
SG07327,SG07367,10.000
SG04073,SG04093,8.000
SG02471,SG02476,12.000
SG07908,SG07947,12.000
SG07574,SG07647,11.000
SG06364,SG06380,11.000
SG06470,SG06522,9.000
SG00427,SG00450,12.000
SG07031,SG07117,9.000
SG07333,SG07341,12.000
SG09167,SG09227,12.000
SG01510,SG01528,8.000
SG04198,SG04272,7.000
SG02552,SG02637,6.000
SG00575,SG00630,12.000
SG09644,SG09695,11.000
SG08549,SG08602,7.000
SG09093,SG09157,9.000
SG09619,SG09676,11.000
SG05348,SG05376,11.000
SG05981,SG06057,9.000
SG09191,SG09200,7.000
SG06362,SG06403,6.000
SG07897,SG07933,9.000
SG08248,SG08264,7.000
SG04037,SG04086,10.000
SG08150,SG08214,12.000
SG00524,SG00550,10.000
SG02544,SG02639,10.000
SG01393,SG01470,11.000
SG00204,SG00217,11.000
SG04470,SG04538,11.000
SG02425,SG02511,7.000
SG03197,SG03265,8.000
SG00613,SG00671,9.000
SG08995,SG09080,7.000
SG03428,SG03496,6.000
SG09567,SG09662,11.000
SG09352,SG09402,12.000
SG08838,SG08931,8.000
SG05079,SG05108,6.000
SG09406,SG09456,9.000
SG03041,SG03091,6.000
SG09269,SG09305,10.000
SG03760,SG03832,12.000
SG06018,SG06037,11.000
SG06351,SG06364,7.000
SG03189,SG03253,7.000
SG06487,SG06530,8.000
SG00344,SG00378,6.000
SG03604,SG03683,12.000
SG01654,SG01677,11.000
SG01217,SG01226,6.000
SG02643,SG02720,12.000
SG04004,SG04016,6.000
SG02138,SG02201,12.000
SG06030,SG06113,8.000
SG01839,SG01860,9.000
SG04103,SG04184,6.000
SG00023,SG00078,6.000
SG02037,SG02114,9.000
SG04254,SG04283,7.000
SG03609,SG03698,11.000
SG01254,SG01321,10.000
SG07343,SG07354,6.000
SG05944,SG05952,10.000
SG03103,SG03147,7.000
SG06658,SG06705,12.000
SG01932,SG01953,8.000
SG05357,SG05371,10.000
SG04783,SG04878,12.000
SG00874,SG00901,11.000
SG05791,SG05834,8.000
SG05530,SG05608,12.000
SG09820,SG09825,12.000
SG01372,SG01469,6.000
SG05135,SG05208,11.000
SG07552,SG07585,12.000
SG08411,SG08470,10.000
SG05533,SG05628,12.000
SG04074,SG04086,11.000
SG09498,SG09589,11.000
SG01138,SG01210,6.000
SG06252,SG06270,8.000
SG01562,SG01578,9.000
SG07565,SG07653,7.000
SG02718,SG02805,8.000
SG09028,SG09030,10.000
SG05964,SG05991,8.000
SG08620,SG08650,6.000
SG01739,SG01787,12.000
SG06032,SG06091,9.000
SG02112,SG02155,10.000
SG05892,SG05903,11.000
SG02473,SG02536,12.000
SG05094,SG05103,12.000
SG08153,SG08182,11.000
SG02004,SG02045,8.000
SG07369,SG07404,9.000
SG04093,SG04114,7.000
SG02079,SG02106,8.000
SG06087,SG06138,12.000
SG01307,SG01347,11.000
SG03719,SG03780,6.000
SG00237,SG00317,6.000
SG04182,SG04247,6.000
SG01222,SG01299,8.000
SG04075,SG04110,9.000
SG02701,SG02706,11.000
SG04653,SG04741,6.000
SG07169,SG07222,11.000
SG03075,SG03107,9.000
SG02821,SG02847,6.000
SG02827,SG02865,10.000
SG03455,SG03460,8.000
SG07132,SG07157,8.000
SG00820,SG00857,9.000
SG01580,SG01668,8.000
SG00895,SG00936,8.000
SG07076,SG07163,6.000
SG03750,SG03840,9.000
SG07092,SG07158,8.000
SG03821,SG03873,6.000
SG04797,SG04866,6.000
SG06683,SG06715,8.000
SG01489,SG01540,9.000
SG07908,SG07963,8.000
SG08562,SG08590,12.000
SG02461,SG02524,6.000
SG06577,SG06582,12.000
SG07433,SG07469,11.000
SG07484,SG07502,12.000
SG09855,SG09949,7.000
SG05414,SG05456,12.000
SG03045,SG03138,6.000
SG08111,SG08117,7.000
SG02471,SG02474,11.000
SG00912,SG01000,9.000
SG03651,SG03738,12.000
SG08602,SG08611,6.000
SG03264,SG03340,12.000
SG03204,SG03215,7.000
SG08504,SG08542,6.000
SG08465,SG08485,9.000
SG01975,SG01997,10.000
SG00062,SG09982,10.000
SG08093,SG08126,7.000
SG04307,SG04359,9.000
SG05367,SG05402,12.000
SG04919,SG04997,7.000
SG04596,SG04616,6.000
SG02578,SG02608,10.000
SG04758,SG04821,6.000
SG07769,SG07810,6.000
SG08870,SG08896,10.000
SG00447,SG00531,12.000
SG02628,SG02645,10.000
SG05558,SG05638,8.000
SG09387,SG09427,11.000
SG06155,SG06169,9.000
SG08767,SG08803,11.000
SG09349,SG09365,8.000
SG05674,SG05765,9.000
SG07025,SG07114,6.000
SG08401,SG08403,11.000
SG03648,SG03668,10.000
SG04940,SG05015,12.000
SG09825,SG09912,10.000
SG00179,SG00262,12.000
SG00545,SG00607,9.000
SG03835,SG03913,10.000
SG04410,SG04424,10.000
SG05493,SG05540,12.000
SG02825,SG02872,10.000
SG09508,SG09587,9.000
SG09062,SG09071,12.000
SG04523,SG04564,7.000
SG04621,SG04705,10.000
SG00448,SG00502,9.000
SG07360,SG07381,8.000
SG05733,SG05767,6.000
SG00708,SG00762,11.000
SG00059,SG00153,10.000
SG08923,SG08935,9.000
SG08028,SG08038,6.000
SG08037,SG08111,6.000
SG08459,SG08515,6.000
SG08880,SG08928,7.000
SG07303,SG07400,7.000
SG05597,SG05642,6.000
SG00453,SG00480,11.000
SG03402,SG03450,9.000
SG01586,SG01667,9.000
SG01202,SG01208,12.000
SG00160,SG00208,11.000
SG01138,SG01161,10.000
SG01515,SG01538,8.000
SG06297,SG06306,9.000
SG05256,SG05277,11.000
SG02912,SG02966,12.000
SG05343,SG05388,12.000
SG02369,SG02410,9.000
SG06309,SG06316,7.000
SG04508,SG04539,9.000
SG00215,SG00300,9.000
SG05071,SG05076,6.000
SG09169,SG09177,12.000
SG09894,SG09963,7.000
SG03913,SG03957,8.000
SG04640,SG04692,10.000
SG04737,SG04792,7.000
SG03808,SG03830,12.000
SG03709,SG03763,10.000
SG02092,SG02142,6.000
SG02539,SG02574,12.000
SG02218,SG02269,11.000
SG06106,SG06134,8.000
SG01430,SG01521,7.000
SG08242,SG08306,6.000
SG09911,SG09940,12.000
SG02730,SG02769,7.000
SG09801,SG09838,10.000
SG06653,SG06674,11.000
SG01953,SG01957,9.000
SG03108,SG03111,10.000
SG05096,SG05127,8.000
SG05522,SG05577,6.000
SG02632,SG02720,10.000
SG03707,SG03798,9.000
SG00263,SG00359,9.000
SG05629,SG05664,12.000
SG08676,SG08700,9.000
SG06624,SG06703,9.000
SG00219,SG00257,7.000
SG02706,SG02755,7.000
SG02472,SG02521,11.000
SG04714,SG04736,9.000
SG05565,SG05624,11.000
SG08559,SG08631,10.000
SG09524,SG09549,11.000
SG01781,SG01864,12.000
SG03585,SG03605,12.000
SG01218,SG01273,8.000
SG06850,SG06935,8.000
SG08902,SG08913,11.000
SG09476,SG09504,9.000
SG06462,SG06491,8.000
SG01550,SG01642,7.000
SG00491,SG00577,12.000
SG03303,SG03362,12.000
SG05572,SG05653,9.000
SG01257,SG01322,7.000
SG06196,SG06242,6.000
SG00627,SG00719,11.000
SG06638,SG06692,11.000
SG00690,SG00747,10.000
SG07213,SG07277,11.000
SG07293,SG07324,7.000
SG09288,SG09295,9.000
SG01033,SG01096,12.000
SG08123,SG08173,11.000
SG01323,SG01415,12.000
SG05151,SG05244,10.000
SG01352,SG01379,6.000
SG07839,SG07890,7.000
SG07412,SG07435,11.000
SG08935,SG09025,10.000
SG03772,SG03857,6.000
SG05757,SG05760,11.000
SG01973,SG02044,7.000
SG07431,SG07486,9.000
SG06632,SG06658,7.000
SG01707,SG01710,6.000
SG09202,SG09218,7.000
SG06303,SG06389,8.000
SG02343,SG02401,8.000
SG00797,SG00882,9.000
SG01153,SG01247,9.000
SG07010,SG07053,11.000
SG09153,SG09157,11.000
SG06739,SG06795,11.000
SG07256,SG07330,8.000
SG08691,SG08739,12.000
SG08551,SG08555,7.000
SG09762,SG09800,7.000
SG01286,SG01374,7.000
SG02372,SG02426,12.000
SG02528,SG02548,7.000
SG07696,SG07717,8.000
SG06216,SG06299,11.000
SG07326,SG07365,12.000
SG07405,SG07494,9.000
SG01320,SG01408,9.000
SG09952,SG09965,6.000
SG01936,SG01962,8.000
SG03453,SG03476,10.000
SG07575,SG07613,8.000
SG07396,SG07399,12.000
SG03907,SG03988,12.000
SG02027,SG02109,10.000
SG06734,SG06769,7.000
SG06822,SG06868,12.000
SG07162,SG07196,6.000
SG04422,SG04515,10.000
SG02113,SG02194,8.000
SG01026,SG01077,7.000
SG05275,SG05342,12.000
SG09179,SG09229,6.000
SG03436,SG03526,9.000
SG06216,SG06262,9.000
SG03780,SG03838,9.000
SG07062,SG07155,10.000
SG07425,SG07475,9.000
SG04123,SG04178,9.000
SG06201,SG06213,12.000
SG05410,SG05477,6.000
SG01728,SG01800,6.000
SG05286,SG05372,10.000
SG01147,SG01244,10.000
SG06104,SG06169,11.000
SG00768,SG00823,7.000
SG03990,SG04065,11.000
SG00309,SG00383,10.000
SG03841,SG03937,7.000
SG04606,SG04668,12.000
SG07825,SG07898,6.000
SG09724,SG09768,6.000
SG03968,SG04003,12.000
SG04426,SG04464,12.000
SG07332,SG07345,8.000
SG09115,SG09162,10.000
SG01559,SG01617,6.000
SG00709,SG00712,10.000
SG03702,SG03756,10.000
SG06687,SG06689,7.000
SG05982,SG06073,11.000
SG02723,SG02797,8.000
SG05007,SG05017,7.000
SG09196,SG09263,12.000
SG07653,SG07708,11.000
SG00391,SG00462,6.000
SG03919,SG04002,9.000
SG09653,SG09733,7.000
SG06218,SG06269,8.000
SG02158,SG02160,9.000
SG02395,SG02405,7.000
SG07487,SG07511,12.000
SG01859,SG01879,9.000
SG04925,SG04929,11.000
SG01294,SG01314,8.000
SG08537,SG08582,6.000
SG03959,SG04042,7.000
SG04668,SG04692,11.000
SG05392,SG05425,8.000
SG04692,SG04775,12.000
SG03841,SG03938,6.000
SG08820,SG08881,7.000
SG06771,SG06797,8.000
SG05534,SG05626,10.000
SG00790,SG00837,10.000
SG04014,SG04078,9.000
SG02038,SG02123,7.000
SG06832,SG06844,6.000
SG03094,SG03155,8.000
SG05280,SG05348,11.000
SG01356,SG01395,8.000
SG03220,SG03245,7.000
SG08308,SG08391,10.000
SG05294,SG05381,11.000
SG09752,SG09763,8.000
SG04912,SG04921,7.000
SG09469,SG09522,7.000
SG04768,SG04781,12.000
SG03668,SG03711,6.000
SG00789,SG00831,8.000
SG06469,SG06479,11.000
SG07577,SG07627,7.000
SG08216,SG08257,7.000
SG02712,SG02749,6.000
SG04325,SG04373,6.000
SG06714,SG06777,12.000
SG03131,SG03218,9.000
SG08400,SG08425,11.000
SG02545,SG02614,11.000
SG09669,SG09710,12.000
SG07859,SG07885,12.000
SG02709,SG02795,10.000
SG02312,SG02396,9.000
SG04332,SG04346,11.000
SG08777,SG08809,7.000
SG09668,SG09713,8.000
SG00720,SG00722,10.000
SG08995,SG09039,10.000
SG03988,SG04042,12.000
SG00114,SG00119,7.000
SG03764,SG03840,10.000
SG02574,SG02668,10.000
SG03683,SG03698,11.000
SG02260,SG02311,6.000
SG02303,SG02346,12.000
SG03614,SG03708,12.000
SG06526,SG06554,10.000
SG05047,SG05106,8.000
SG07734,SG07738,8.000
SG09202,SG09236,10.000
SG05028,SG05097,9.000
SG06630,SG06727,8.000
SG06567,SG06627,11.000
SG07354,SG07413,11.000
SG05390,SG05442,7.000
SG02824,SG02832,9.000
SG05645,SG05725,6.000
SG08989,SG09071,8.000
SG09775,SG09842,8.000
SG02873,SG02919,12.000
SG02214,SG02240,8.000
SG08075,SG08162,9.000
SG01482,SG01555,10.000
SG02377,SG02436,8.000
SG05564,SG05600,11.000
SG01042,SG01128,6.000
SG05984,SG06058,9.000
SG05709,SG05803,11.000
SG09465,SG09555,11.000
SG09055,SG09072,9.000
SG03313,SG03351,7.000
SG02799,SG02853,12.000
SG07107,SG07129,7.000
SG09249,SG09279,10.000
SG09741,SG09802,11.000
SG07583,SG07589,9.000
SG02775,SG02825,10.000
SG03502,SG03538,12.000
SG09247,SG09322,11.000
SG08009,SG08057,8.000
SG06966,SG07012,7.000
SG05859,SG05863,6.000
SG07719,SG07755,11.000
SG09899,SG09939,9.000
SG04174,SG04232,6.000
SG02190,SG02287,6.000
SG05375,SG05414,9.000
SG09548,SG09634,8.000
SG05061,SG05136,8.000
SG08175,SG08254,12.000
SG05362,SG05366,10.000
SG02375,SG02469,10.000
SG07230,SG07289,9.000
SG04221,SG04233,12.000
SG09008,SG09050,10.000
SG07493,SG07519,9.000
SG01318,SG01328,6.000
SG08383,SG08472,11.000
SG00691,SG00753,9.000
SG00521,SG00589,7.000
SG01638,SG01714,11.000
SG00912,SG00948,10.000
SG07799,SG07853,8.000
SG09503,SG09597,8.000
SG03070,SG03112,12.000
SG06497,SG06503,8.000
SG03742,SG03780,11.000
SG01250,SG01331,11.000
SG08439,SG08532,9.000
SG02809,SG02819,11.000
SG04492,SG04511,10.000
SG07986,SG08035,8.000
SG03086,SG03099,9.000
SG06437,SG06457,11.000
SG01619,SG01649,7.000
SG06603,SG06676,9.000
SG05856,SG05870,8.000
SG09817,SG09873,6.000
SG07287,SG07378,12.000
SG05394,SG05432,7.000
SG08221,SG08244,6.000
SG05228,SG05285,6.000
SG09182,SG09188,10.000
SG05605,SG05642,7.000
SG05759,SG05849,12.000
SG04471,SG04489,6.000
SG05842,SG05880,10.000
SG07636,SG07695,6.000
SG08698,SG08745,6.000
SG05318,SG05388,7.000
SG05354,SG05374,8.000
SG04250,SG04267,12.000
SG00758,SG00828,11.000
SG08314,SG08384,9.000
SG02891,SG02911,6.000
SG05626,SG05686,12.000
SG08003,SG08026,10.000
SG00038,SG00085,9.000
SG05055,SG05120,6.000
SG03601,SG03662,10.000
SG01915,SG01987,10.000
SG01415,SG01495,10.000
SG01492,SG01550,11.000
SG04948,SG05036,11.000
SG03420,SG03429,9.000
SG02167,SG02192,6.000
SG06759,SG06821,7.000
SG06025,SG06067,7.000
SG07083,SG07172,12.000
SG05001,SG05034,8.000
SG07896,SG07993,8.000
SG03651,SG03668,11.000
SG07179,SG07222,10.000
SG05633,SG05644,8.000
SG05682,SG05742,9.000
SG09544,SG09552,10.000
SG09876,SG09923,6.000
SG07224,SG07302,12.000
SG00043,SG00059,11.000
SG08166,SG08256,10.000
SG08234,SG08309,9.000
SG00344,SG00358,8.000
SG02583,SG02671,12.000
SG00320,SG00332,8.000
SG09251,SG09295,7.000
SG02042,SG02049,8.000
SG01687,SG01729,7.000
SG07348,SG07429,6.000
SG04664,SG04739,11.000
SG00126,SG00197,8.000
SG08205,SG08246,9.000
SG03258,SG03348,12.000
SG09730,SG09820,12.000
SG01234,SG01316,6.000
SG02137,SG02187,12.000
SG04645,SG04694,6.000
SG06705,SG06731,11.000
SG03807,SG03904,10.000
SG03330,SG03396,9.000
SG00734,SG00742,8.000
SG02237,SG02257,7.000
SG09538,SG09579,9.000
SG01630,SG01671,7.000
SG08391,SG08472,6.000
SG00397,SG00491,9.000
SG09411,SG09434,8.000
SG04465,SG04489,12.000
SG09456,SG09478,12.000
SG05560,SG05619,6.000
SG02908,SG02944,10.000
SG02330,SG02402,10.000
SG00225,SG00227,10.000
SG01864,SG01870,9.000
SG01484,SG01525,12.000
SG05145,SG05187,10.000
SG05442,SG05501,10.000
SG08448,SG08474,8.000
SG09906,SG09942,9.000
SG04943,SG04969,7.000
SG01631,SG01728,11.000
SG02217,SG02269,10.000
SG01543,SG01622,6.000
SG02873,SG02900,9.000
SG07123,SG07129,8.000
SG02318,SG02379,7.000
SG06210,SG06221,9.000
SG00970,SG01058,7.000
SG08609,SG08665,7.000
SG03079,SG03119,6.000
SG01650,SG01711,9.000
SG01677,SG01766,9.000
SG06577,SG06638,10.000
SG04600,SG04678,9.000
SG02253,SG02265,9.000
SG00573,SG00666,9.000
SG04466,SG04563,7.000
SG02740,SG02807,10.000
SG01110,SG01176,6.000
SG00290,SG00310,6.000
SG08883,SG08955,7.000
SG02699,SG02768,7.000
SG03983,SG04067,7.000
SG06073,SG06130,11.000
SG00735,SG00754,7.000
SG02931,SG02954,9.000
SG06298,SG06318,10.000
SG05964,SG06023,8.000
SG09602,SG09690,12.000
SG08588,SG08593,11.000
SG06750,SG06821,10.000
SG01071,SG01140,12.000
SG06218,SG06266,12.000
SG06231,SG06261,6.000
SG03606,SG03672,6.000
SG03898,SG03956,9.000
SG00381,SG00385,11.000
SG04019,SG04025,10.000
SG02319,SG02337,8.000
SG05194,SG05215,8.000
SG04154,SG04247,12.000
SG04090,SG04098,6.000
SG05519,SG05589,12.000
SG02301,SG02311,8.000
SG02685,SG02709,11.000
SG06365,SG06381,7.000
SG09006,SG09090,11.000
SG04465,SG04499,8.000
SG07509,SG07540,9.000
SG05482,SG05563,7.000
SG09811,SG09817,6.000
SG03075,SG03117,6.000
SG09652,SG09682,9.000
SG05085,SG05115,8.000
SG04939,SG05033,9.000
SG07303,SG07360,11.000
SG02400,SG02428,8.000
SG06186,SG06191,8.000
SG01873,SG01923,8.000
SG08120,SG08172,12.000
SG06073,SG06132,9.000
SG08815,SG08838,10.000
SG04446,SG04486,11.000
SG06139,SG06210,9.000
SG09633,SG09700,10.000
SG08684,SG08707,12.000
SG00161,SG00173,9.000
SG01272,SG01315,11.000
SG06498,SG06566,11.000
SG03078,SG03125,12.000
SG07566,SG07594,12.000
SG04664,SG04692,7.000
SG04373,SG04469,9.000
SG02690,SG02758,10.000
SG04768,SG04794,7.000
SG05861,SG05872,11.000
SG01468,SG01505,8.000
SG08629,SG08652,11.000
SG02685,SG02707,7.000
SG00702,SG00726,9.000
SG03935,SG03975,8.000
SG06303,SG06394,9.000
SG09126,SG09212,10.000
SG07890,SG07948,7.000
SG01867,SG01903,9.000
SG00417,SG00508,8.000
SG02299,SG02391,11.000
SG04705,SG04715,7.000
SG03706,SG03766,8.000
SG07784,SG07790,9.000
SG04830,SG04904,8.000
SG04849,SG04894,10.000
SG01404,SG01455,8.000
SG07179,SG07263,10.000
SG01901,SG01978,9.000
SG03871,SG03892,9.000
SG01182,SG01184,9.000
SG07957,SG08032,11.000
SG09585,SG09666,6.000
SG00147,SG00201,7.000
SG07221,SG07282,6.000
SG01647,SG01675,8.000
SG01990,SG02018,12.000
SG01895,SG01941,12.000
SG08143,SG08193,7.000
SG03239,SG03286,11.000
SG08283,SG08341,8.000
SG03170,SG03180,8.000
SG08619,SG08692,12.000
SG01395,SG01453,11.000
SG03212,SG03300,10.000
SG04337,SG04367,11.000
SG00941,SG01035,10.000
SG09288,SG09374,8.000
SG07199,SG07254,8.000
SG04963,SG04969,6.000
SG03917,SG03932,7.000
SG00301,SG00329,11.000
SG04617,SG04691,12.000
SG09619,SG09710,6.000
SG08918,SG08926,9.000
SG05287,SG05350,10.000
SG01320,SG01396,9.000
SG09543,SG09627,8.000
SG05430,SG05502,9.000
SG00637,SG00690,6.000
SG05050,SG05089,7.000
SG05647,SG05650,12.000
SG00951,SG01037,11.000
SG08840,SG08909,12.000
SG04788,SG04831,6.000
SG00829,SG00869,8.000
SG02577,SG02593,7.000
SG05784,SG05869,11.000
SG07660,SG07727,10.000
SG02055,SG02109,10.000
SG00121,SG00208,12.000
SG01501,SG01548,10.000
SG04480,SG04528,6.000
SG05199,SG05235,11.000
SG03110,SG03142,6.000
SG03573,SG03613,9.000
SG07537,SG07611,9.000
SG08078,SG08088,10.000
SG06503,SG06568,8.000
SG04930,SG05015,9.000
SG06704,SG06740,10.000
SG09681,SG09766,8.000
SG02469,SG02530,9.000
SG00247,SG00252,10.000
SG02476,SG02569,11.000
SG06045,SG06079,11.000
SG08084,SG08086,11.000
SG07665,SG07672,10.000
SG07024,SG07097,12.000
SG05752,SG05793,10.000
SG01263,SG01326,12.000
SG05052,SG05096,9.000
SG06860,SG06948,7.000
SG00506,SG00600,6.000
SG09808,SG09881,10.000
SG02527,SG02543,8.000
SG03209,SG03249,8.000
SG08779,SG08795,9.000
SG00876,SG00918,12.000
SG05456,SG05533,7.000
SG08675,SG08738,8.000
SG02972,SG03046,8.000
SG00745,SG00749,12.000
SG04650,SG04709,6.000
SG01308,SG01317,9.000
SG03075,SG03120,12.000
SG07197,SG07233,6.000
SG02980,SG03018,9.000
SG09645,SG09721,8.000
SG02290,SG02307,6.000
SG09380,SG09402,9.000
SG00126,SG00168,8.000
SG04847,SG04895,8.000
SG02582,SG02661,10.000
SG02475,SG02530,7.000
SG09673,SG09678,9.000
SG08494,SG08568,11.000
SG00636,SG00642,8.000
SG07033,SG07066,11.000
SG05291,SG05325,11.000
SG07157,SG07183,6.000
SG07179,SG07276,12.000
SG05300,SG05382,12.000
SG05194,SG05228,7.000
SG05140,SG05219,9.000
SG09403,SG09409,11.000
SG06621,SG06677,7.000
SG06820,SG06831,8.000
SG04618,SG04684,9.000
SG08709,SG08739,9.000
SG04531,SG04592,11.000
SG01169,SG01258,11.000
SG05127,SG05203,9.000
SG06234,SG06263,11.000
SG01261,SG01314,11.000
SG06245,SG06334,8.000
SG08081,SG08091,6.000
SG06416,SG06452,11.000
SG06338,SG06418,6.000
SG00550,SG00560,9.000
SG04994,SG05091,12.000
SG09112,SG09143,9.000
SG08181,SG08222,8.000
SG03365,SG03462,12.000
SG09364,SG09397,6.000
SG07165,SG07209,11.000
SG01904,SG01920,7.000
SG07316,SG07319,9.000
SG02702,SG02724,11.000
SG07375,SG07418,12.000
SG09947,SG09983,10.000
SG06464,SG06494,6.000
SG07686,SG07755,12.000
SG07217,SG07241,11.000
SG04738,SG04795,6.000
SG03494,SG03591,7.000
SG03897,SG03924,10.000
SG02165,SG02193,9.000
SG05127,SG05196,10.000
SG02124,SG02203,7.000
SG04120,SG04172,9.000
SG00947,SG00990,8.000
SG00787,SG00792,9.000
SG03303,SG03395,6.000
SG01659,SG01734,12.000
SG08590,SG08650,7.000
SG01321,SG01404,11.000
SG06302,SG06391,6.000
SG01656,SG01678,7.000
SG09582,SG09592,6.000
SG09276,SG09335,12.000
SG08297,SG08392,12.000
SG01869,SG01874,6.000
SG06019,SG06087,12.000
SG08805,SG08808,6.000
SG08526,SG08609,10.000
SG00881,SG00942,8.000
SG08052,SG08108,7.000
SG04170,SG04205,9.000
SG05623,SG05646,6.000
SG04210,SG04255,11.000
SG06501,SG06525,6.000
SG04819,SG04900,10.000
SG09220,SG09244,8.000
SG01290,SG01369,7.000
SG00067,SG09971,12.000
SG06266,SG06273,6.000
SG09408,SG09471,6.000
SG08785,SG08789,12.000
SG01306,SG01395,7.000
SG08461,SG08527,8.000
SG00155,SG00222,8.000
SG08217,SG08314,6.000
SG00744,SG00767,7.000
SG05909,SG05987,9.000
SG05272,SG05348,10.000
SG08362,SG08393,6.000
SG05593,SG05635,12.000
SG06218,SG06305,10.000
SG08022,SG08061,10.000
SG05395,SG05487,12.000
SG08796,SG08856,11.000
SG06328,SG06348,9.000
SG07964,SG08045,10.000
SG06247,SG06314,8.000
SG01205,SG01217,8.000
SG08116,SG08189,10.000
SG01130,SG01218,12.000
SG03142,SG03196,12.000
SG04929,SG05025,12.000
SG07606,SG07670,9.000
SG02123,SG02176,10.000
SG09783,SG09865,7.000
SG07585,SG07604,6.000
SG04503,SG04531,7.000
SG09233,SG09315,9.000
SG02165,SG02243,12.000
SG09801,SG09850,12.000
SG01265,SG01295,7.000
SG06166,SG06193,8.000
SG09464,SG09531,7.000
SG00820,SG00865,10.000
SG03443,SG03532,7.000
SG06477,SG06552,6.000
SG02995,SG03002,10.000
SG09533,SG09617,7.000
SG05484,SG05554,11.000
SG09301,SG09316,7.000
SG03687,SG03733,10.000
SG00808,SG00872,7.000
SG08750,SG08835,11.000
SG07476,SG07483,9.000
SG01050,SG01113,7.000
SG09436,SG09457,11.000
SG00936,SG00997,8.000
SG01657,SG01680,9.000
SG09120,SG09149,6.000
SG06553,SG06585,6.000
SG08637,SG08682,8.000
SG06507,SG06594,6.000
SG07312,SG07379,6.000
SG05872,SG05920,11.000
SG07257,SG07278,11.000
SG07557,SG07626,12.000
SG06700,SG06789,11.000
SG09580,SG09603,9.000
SG04996,SG05005,7.000
SG09842,SG09867,11.000
SG04640,SG04676,12.000
SG06229,SG06276,10.000
SG00131,SG00166,10.000
SG01893,SG01918,12.000
SG03253,SG03334,11.000
SG05480,SG05522,8.000
SG03298,SG03315,9.000
SG01188,SG01284,6.000
SG09701,SG09739,12.000
SG07030,SG07059,10.000
SG09009,SG09079,8.000
SG09646,SG09684,11.000
SG08741,SG08811,11.000
SG03579,SG03655,6.000
SG03119,SG03198,7.000
SG00269,SG00271,10.000
SG00530,SG00612,8.000
SG00164,SG00210,9.000
SG05447,SG05497,12.000
SG08518,SG08600,11.000
SG09132,SG09147,6.000
SG04727,SG04737,12.000
SG09297,SG09327,10.000
SG04520,SG04566,11.000
SG09715,SG09747,8.000
SG07236,SG07301,12.000
SG02070,SG02088,7.000
SG04698,SG04714,12.000
SG04895,SG04956,12.000
SG07220,SG07301,7.000
SG03706,SG03746,9.000
SG03916,SG03919,7.000
SG03202,SG03242,9.000
SG02055,SG02140,10.000
SG02163,SG02250,7.000
SG01743,SG01755,11.000
SG05126,SG05222,8.000
SG00842,SG00878,9.000
SG07659,SG07709,9.000
SG08915,SG08934,11.000
SG04732,SG04767,10.000
SG01233,SG01254,11.000
SG09887,SG09962,10.000
SG02596,SG02642,12.000
SG07288,SG07292,10.000
SG09031,SG09106,9.000
SG04935,SG04990,7.000
SG01537,SG01609,11.000
SG05898,SG05926,9.000
SG02921,SG02942,7.000
SG01115,SG01120,6.000
SG04717,SG04768,7.000
SG02586,SG02636,9.000
SG09173,SG09196,9.000
SG05432,SG05509,8.000
SG09563,SG09577,10.000
SG01827,SG01870,6.000
SG03659,SG03741,7.000
SG04902,SG04986,11.000
SG08349,SG08440,12.000
SG06962,SG07004,6.000
SG01023,SG01119,8.000
SG09445,SG09474,11.000
SG03857,SG03866,7.000
SG02493,SG02495,12.000
SG03361,SG03449,10.000
SG05569,SG05583,7.000
SG07903,SG07953,12.000
SG07714,SG07777,6.000
SG03243,SG03322,8.000
SG02565,SG02603,11.000
SG08816,SG08825,12.000
SG09646,SG09654,10.000
SG08419,SG08428,12.000
SG05425,SG05518,9.000
SG06469,SG06473,6.000
SG05748,SG05828,9.000
SG08071,SG08083,10.000
SG01213,SG01292,6.000
SG05946,SG05958,7.000
SG09374,SG09463,12.000
SG02931,SG02986,12.000
SG08100,SG08195,12.000
SG03454,SG03477,11.000
SG03442,SG03501,11.000
SG04120,SG04173,7.000
SG08784,SG08857,9.000
SG00558,SG00589,8.000
SG00284,SG00354,8.000
SG08060,SG08075,12.000
SG02512,SG02571,9.000
SG05344,SG05418,10.000
SG08147,SG08167,9.000
SG07286,SG07304,7.000
SG02430,SG02485,6.000
SG01596,SG01669,10.000
SG07312,SG07360,11.000
SG09513,SG09520,8.000
SG07462,SG07549,10.000
SG09589,SG09612,9.000
SG01304,SG01328,8.000
SG09800,SG09833,7.000
SG00462,SG00511,10.000
SG04583,SG04611,7.000
SG01156,SG01186,6.000
SG03147,SG03165,8.000
SG06838,SG06877,7.000
SG01616,SG01650,9.000
SG03196,SG03287,8.000
SG07389,SG07469,12.000
SG00374,SG00382,9.000
SG07695,SG07736,12.000
SG03336,SG03423,9.000
SG08698,SG08782,11.000
SG05467,SG05534,9.000
SG04964,SG04974,10.000
SG03314,SG03370,12.000
SG04575,SG04656,12.000
SG07500,SG07533,10.000
SG00964,SG00995,10.000
SG06876,SG06931,11.000
SG01639,SG01682,9.000
SG05571,SG05652,12.000
SG04551,SG04643,12.000
SG06354,SG06381,10.000
SG08088,SG08131,7.000
SG04287,SG04376,9.000
SG08599,SG08673,8.000
SG02613,SG02647,9.000
SG03156,SG03166,8.000
SG03860,SG03916,10.000
SG03052,SG03073,6.000
SG03839,SG03855,6.000
SG08412,SG08463,11.000
SG00200,SG00292,12.000
SG04436,SG04464,9.000
SG01130,SG01184,7.000
SG08259,SG08306,6.000
SG09247,SG09279,12.000
SG00418,SG00450,9.000
SG01365,SG01433,6.000
SG09453,SG09494,6.000
SG02247,SG02313,9.000
SG00512,SG00543,12.000
SG00317,SG00374,9.000
SG02009,SG02084,12.000
SG01190,SG01200,6.000
SG06512,SG06548,11.000
SG01474,SG01527,6.000
SG06328,SG06422,9.000
SG06136,SG06139,6.000
SG08765,SG08797,9.000
SG08551,SG08557,9.000
SG03876,SG03911,8.000
SG08650,SG08657,8.000
SG06865,SG06914,6.000
SG02144,SG02188,7.000
SG01289,SG01317,8.000
SG08047,SG08130,7.000
SG05858,SG05878,7.000
SG03507,SG03535,12.000
SG00215,SG00217,6.000
SG09689,SG09701,7.000
SG01570,SG01621,7.000
SG00917,SG00988,8.000
SG07761,SG07855,11.000
SG07036,SG07048,8.000
SG01128,SG01175,10.000
SG06593,SG06596,7.000
SG04875,SG04950,6.000
SG01679,SG01683,11.000
SG07289,SG07338,11.000
SG04643,SG04728,8.000
SG02513,SG02603,10.000
SG08066,SG08144,8.000
SG07658,SG07739,10.000
SG03005,SG03057,6.000
SG07931,SG07950,6.000
SG02146,SG02213,10.000
SG02392,SG02435,12.000
SG04848,SG04904,7.000
SG05950,SG06026,7.000
SG05652,SG05714,10.000
SG06482,SG06525,9.000
SG07411,SG07508,10.000
SG02535,SG02565,10.000
SG00231,SG00317,9.000
SG05216,SG05219,11.000
SG08733,SG08826,9.000
SG00530,SG00605,7.000
SG08147,SG08214,9.000
SG03902,SG03958,9.000
SG05263,SG05285,6.000
SG09899,SG09910,7.000
SG08781,SG08788,10.000
SG05456,SG05495,8.000
SG05796,SG05822,6.000
SG07307,SG07335,8.000
SG02636,SG02708,9.000
SG01943,SG01959,10.000
SG09727,SG09785,11.000
SG02400,SG02456,9.000
SG07068,SG07155,6.000
SG08672,SG08681,8.000
SG00075,SG00142,12.000
SG00603,SG00693,11.000
SG00471,SG00513,8.000
SG01925,SG01967,7.000
SG04246,SG04295,12.000
SG04812,SG04837,10.000
SG04122,SG04177,8.000
SG03931,SG04014,8.000
SG08021,SG08089,7.000
SG00794,SG00810,9.000
SG03416,SG03446,11.000
SG01162,SG01223,7.000
SG00716,SG00802,10.000
SG03659,SG03703,11.000
SG02699,SG02791,8.000
SG04563,SG04638,12.000
SG01995,SG02045,8.000
SG05234,SG05278,7.000
SG02786,SG02860,12.000
SG03302,SG03327,11.000
SG04696,SG04785,12.000
SG03875,SG03930,12.000
SG02051,SG02069,10.000
SG09386,SG09482,7.000
SG07295,SG07305,10.000
SG05069,SG05152,9.000
SG08697,SG08744,8.000
SG07870,SG07955,9.000
SG08517,SG08537,8.000
SG02253,SG02290,12.000
SG03043,SG03129,10.000
SG07361,SG07439,9.000
SG03535,SG03581,11.000
SG03508,SG03546,10.000
SG05637,SG05728,12.000
SG07042,SG07087,9.000
SG04281,SG04322,7.000
SG01807,SG01845,8.000
SG09488,SG09517,11.000
SG03233,SG03318,10.000
SG08993,SG09087,11.000
SG03199,SG03248,10.000
SG04388,SG04461,7.000
SG00882,SG00972,12.000
SG01572,SG01643,12.000
SG02349,SG02446,12.000
SG01897,SG01961,10.000
SG00457,SG00482,8.000
SG00605,SG00645,7.000
SG02147,SG02201,10.000
SG02100,SG02105,6.000
SG03207,SG03275,8.000
SG00377,SG00404,12.000
SG06614,SG06643,8.000
SG05730,SG05767,7.000
SG00256,SG00270,6.000
SG08746,SG08751,7.000
SG08811,SG08894,10.000
SG07735,SG07785,8.000
SG03515,SG03533,6.000
SG09191,SG09261,10.000
SG07979,SG08076,10.000
SG00908,SG00946,7.000
SG08859,SG08894,8.000
SG06903,SG06918,6.000
SG02631,SG02664,11.000
SG00646,SG00702,10.000
SG04550,SG04606,11.000
SG01250,SG01287,12.000
SG08800,SG08837,12.000
SG04452,SG04507,7.000
SG00379,SG00385,8.000
SG09462,SG09475,12.000
SG05182,SG05184,6.000
SG02271,SG02328,6.000
SG05481,SG05484,12.000
SG08882,SG08964,7.000
SG09378,SG09462,6.000
SG06240,SG06261,11.000
SG05307,SG05384,8.000
SG07627,SG07651,8.000
SG01953,SG01991,8.000
SG00963,SG00974,11.000
SG00711,SG00721,6.000
SG05994,SG06018,6.000
SG07549,SG07601,12.000
SG07897,SG07958,11.000
SG04630,SG04712,9.000
SG03469,SG03547,9.000
SG04744,SG04788,8.000
SG09936,SG09958,8.000
SG04313,SG04363,9.000
SG08671,SG08764,6.000
SG08899,SG08936,8.000
SG04806,SG04874,7.000
SG09582,SG09671,12.000
SG02084,SG02091,6.000
SG04698,SG04770,9.000
SG08339,SG08432,9.000
SG00086,SG00107,7.000
SG03910,SG03920,7.000
SG07604,SG07641,6.000
SG01244,SG01306,11.000
SG07013,SG07023,9.000
SG01896,SG01950,12.000
SG05951,SG06046,11.000
SG05455,SG05530,11.000
SG07241,SG07317,9.000
SG06476,SG06503,11.000
SG07892,SG07936,6.000
SG08646,SG08707,7.000
SG00384,SG00401,10.000
SG03068,SG03073,11.000
SG09911,SG09981,12.000
SG08027,SG08122,10.000
SG01708,SG01724,7.000
SG03879,SG03895,7.000
SG06137,SG06153,7.000
SG06989,SG07057,7.000
SG06388,SG06410,11.000
SG04048,SG04052,9.000
SG00158,SG00224,9.000
SG00708,SG00750,6.000
SG03069,SG03124,10.000
SG09483,SG09534,10.000
SG03572,SG03591,8.000
SG09304,SG09360,11.000
SG07200,SG07251,9.000
SG06235,SG06315,11.000
SG07976,SG08064,12.000
SG09632,SG09643,7.000
SG07119,SG07211,8.000
SG03736,SG03813,7.000
SG09629,SG09702,7.000
SG09316,SG09375,7.000
SG08343,SG08425,12.000
SG06774,SG06791,12.000
SG08497,SG08579,6.000
SG09113,SG09195,11.000
SG04047,SG04099,9.000
SG03522,SG03544,11.000
SG05902,SG05972,11.000
SG02200,SG02270,7.000
SG02187,SG02275,6.000
SG09475,SG09519,12.000
SG07489,SG07494,11.000
SG01474,SG01487,6.000
SG02246,SG02324,11.000
SG09646,SG09710,7.000
SG00740,SG00797,12.000
SG08473,SG08524,6.000
SG07069,SG07100,9.000
SG03852,SG03894,7.000
SG08748,SG08835,7.000
SG00077,SG09992,9.000
SG07747,SG07822,12.000
SG02438,SG02513,7.000
SG04462,SG04483,6.000
SG01004,SG01044,12.000
SG02039,SG02104,6.000
SG02293,SG02349,7.000
SG02135,SG02231,8.000
SG04973,SG05011,10.000
SG09276,SG09331,11.000
SG05481,SG05574,8.000
SG05191,SG05240,8.000
SG05150,SG05219,8.000
SG07234,SG07243,10.000
SG05354,SG05445,8.000
SG02219,SG02256,8.000
SG02952,SG02976,8.000
SG07470,SG07539,7.000
SG05326,SG05398,6.000
SG02017,SG02109,7.000
SG09870,SG09964,9.000
SG05176,SG05235,8.000
SG07561,SG07625,6.000
SG09018,SG09057,9.000
SG08531,SG08548,6.000
SG02191,SG02249,10.000
SG08629,SG08709,10.000
SG04849,SG04865,9.000
SG05864,SG05880,10.000
SG07029,SG07097,11.000
SG00615,SG00694,10.000
SG02259,SG02279,8.000
SG01466,SG01491,9.000
SG06625,SG06706,7.000
SG07939,SG07968,10.000
SG08538,SG08561,8.000
SG07082,SG07110,11.000
SG08978,SG09070,9.000
SG08253,SG08344,9.000
SG04342,SG04400,9.000
SG00341,SG00346,8.000
SG07182,SG07218,10.000
SG03512,SG03529,12.000
SG02262,SG02295,11.000
SG04208,SG04262,12.000
SG09675,SG09753,12.000
SG02920,SG02989,8.000
SG01210,SG01238,7.000
SG00115,SG00185,6.000
SG04052,SG04099,6.000
SG01988,SG02050,8.000
SG05245,SG05287,7.000
SG05243,SG05318,9.000
SG04283,SG04299,6.000
SG04410,SG04476,11.000
SG07903,SG08000,8.000
SG06922,SG06978,8.000
SG03689,SG03702,7.000
SG05978,SG06025,9.000
SG05645,SG05724,11.000
SG09623,SG09692,9.000
SG08512,SG08568,11.000
SG02267,SG02310,10.000
SG06511,SG06599,12.000
SG02500,SG02579,12.000
SG09417,SG09477,11.000
SG04281,SG04315,8.000
SG02567,SG02636,9.000
SG07965,SG08039,9.000
SG00790,SG00802,7.000
SG08816,SG08870,12.000
SG07250,SG07339,9.000
SG04251,SG04305,6.000
SG00155,SG00159,8.000
SG02722,SG02808,12.000
SG01196,SG01293,9.000
SG07442,SG07534,11.000
SG02559,SG02633,7.000
SG02812,SG02837,6.000
SG02653,SG02670,9.000
SG00928,SG00958,6.000
SG07279,SG07288,7.000
SG05619,SG05680,8.000
SG01062,SG01149,8.000
SG02773,SG02791,6.000
SG06685,SG06712,6.000
SG03721,SG03728,11.000
SG04905,SG04962,9.000
SG03938,SG03994,7.000
SG09600,SG09664,8.000
SG07870,SG07939,11.000
SG07424,SG07503,12.000
SG02852,SG02938,6.000
SG04010,SG04085,12.000
SG06616,SG06630,11.000
SG06283,SG06324,6.000
SG04281,SG04376,12.000
SG06466,SG06541,8.000
SG07671,SG07708,10.000
SG05787,SG05805,12.000
SG02985,SG03078,12.000
SG08013,SG08087,6.000
SG07712,SG07755,7.000
SG02737,SG02825,10.000
SG05104,SG05153,12.000
SG09000,SG09024,9.000
SG09855,SG09890,12.000
SG09530,SG09566,6.000
SG02769,SG02858,7.000
SG07608,SG07686,8.000
SG00512,SG00589,11.000
SG00583,SG00585,8.000
SG09887,SG09902,8.000
SG09447,SG09525,9.000
SG09854,SG09951,8.000
SG00678,SG00751,9.000
SG08057,SG08120,8.000
SG02589,SG02648,8.000
SG06333,SG06347,9.000
SG06253,SG06340,7.000
SG08661,SG08744,12.000
SG08292,SG08318,10.000
SG03778,SG03842,11.000
SG07712,SG07768,7.000
SG00017,SG00024,12.000
SG02985,SG03040,9.000
SG09640,SG09737,7.000
SG05397,SG05493,6.000
SG01708,SG01779,9.000
SG06200,SG06245,11.000
SG02922,SG02977,11.000
SG03091,SG03107,6.000
SG06709,SG06718,10.000
SG00239,SG00246,7.000
SG09377,SG09429,12.000
SG07150,SG07195,8.000
SG01595,SG01650,6.000
SG00852,SG00936,12.000
SG01872,SG01896,7.000
SG03679,SG03685,6.000
SG09205,SG09296,9.000
SG01043,SG01083,12.000
SG02829,SG02907,6.000
SG00658,SG00666,9.000
SG01129,SG01197,12.000
SG02236,SG02249,9.000
SG07333,SG07429,7.000
SG05451,SG05505,11.000
SG09850,SG09898,10.000
SG09513,SG09601,12.000
SG08024,SG08032,8.000
SG00695,SG00742,9.000
SG02893,SG02957,7.000
SG00139,SG00185,9.000
SG05331,SG05424,6.000
SG04022,SG04079,10.000
SG03808,SG03829,12.000
SG07098,SG07171,6.000
SG09178,SG09263,8.000
SG09591,SG09665,8.000
SG07357,SG07423,11.000
SG01861,SG01934,7.000
SG00729,SG00777,8.000
SG01892,SG01904,7.000
SG08722,SG08797,7.000
SG03100,SG03167,12.000
SG05274,SG05288,10.000
SG04797,SG04821,8.000
SG09102,SG09181,7.000
SG00561,SG00588,9.000
SG09862,SG09918,12.000
SG02515,SG02535,6.000
SG05834,SG05885,9.000
SG01753,SG01794,11.000
SG02063,SG02124,7.000
SG01181,SG01239,7.000
SG04215,SG04258,10.000
SG06301,SG06332,12.000
SG02813,SG02863,9.000
SG09302,SG09351,9.000
SG04400,SG04440,9.000
SG05348,SG05367,10.000
SG04251,SG04297,9.000
SG07598,SG07625,12.000
SG05211,SG05234,10.000
SG09737,SG09785,7.000
SG09256,SG09324,7.000
SG03437,SG03533,7.000
SG01088,SG01091,7.000
SG02025,SG02035,7.000
SG05764,SG05854,11.000
SG03910,SG03966,12.000
SG00559,SG00608,7.000
SG07995,SG08013,7.000
SG05651,SG05656,12.000
SG01679,SG01687,11.000
SG04403,SG04445,7.000
SG08063,SG08108,10.000
SG02610,SG02689,12.000
SG05962,SG05970,11.000
SG02736,SG02740,10.000
SG02169,SG02212,12.000
SG04492,SG04588,6.000
SG03485,SG03545,11.000
SG02721,SG02807,7.000
SG04250,SG04313,7.000
SG08081,SG08085,9.000
SG06742,SG06751,6.000
SG01146,SG01192,7.000
SG04884,SG04981,6.000
SG06761,SG06771,7.000
SG09428,SG09518,12.000
SG08561,SG08599,12.000
SG03207,SG03271,9.000
SG04063,SG04085,10.000
SG01358,SG01376,7.000
SG04215,SG04219,8.000
SG01684,SG01699,9.000
SG08545,SG08608,8.000
SG07742,SG07764,6.000
SG03494,SG03498,10.000
SG09840,SG09903,10.000
SG07972,SG08053,10.000
SG00146,SG00162,7.000
SG02100,SG02102,7.000
SG05541,SG05591,7.000
SG03287,SG03345,10.000
SG08986,SG09056,6.000
SG03665,SG03685,7.000
SG04912,SG04973,8.000
SG05309,SG05349,7.000
SG09900,SG09968,10.000
SG00035,SG00052,6.000
SG04497,SG04503,9.000
SG09656,SG09731,8.000
SG08841,SG08867,8.000
SG05946,SG06003,10.000
SG01743,SG01757,7.000
SG07845,SG07867,8.000
SG03230,SG03282,7.000
SG02290,SG02371,6.000
SG02418,SG02420,10.000
SG05041,SG05083,8.000
SG09025,SG09075,10.000
SG04716,SG04807,10.000
SG06033,SG06039,12.000
SG07431,SG07459,12.000
SG06037,SG06047,10.000
SG06764,SG06853,12.000
SG02888,SG02983,7.000
SG04675,SG04688,11.000
SG06339,SG06407,8.000
SG09262,SG09338,11.000
SG08813,SG08850,10.000
SG05428,SG05478,6.000
SG03123,SG03210,7.000
SG00201,SG00266,9.000
SG06216,SG06218,12.000
SG06376,SG06462,9.000
SG09831,SG09924,10.000
SG01806,SG01882,8.000
SG02519,SG02535,6.000
SG07771,SG07810,8.000
SG01920,SG01952,11.000
SG04026,SG04052,10.000
SG09577,SG09655,12.000
SG00926,SG00989,8.000
SG06092,SG06112,12.000
SG06157,SG06254,7.000
SG00189,SG00234,12.000
SG05647,SG05729,10.000
SG04345,SG04350,8.000
SG00814,SG00833,10.000
SG00267,SG00358,11.000
SG08060,SG08070,8.000
SG02673,SG02724,6.000
SG06988,SG07083,6.000
SG07789,SG07824,6.000
SG01808,SG01847,6.000
SG06781,SG06786,8.000
SG01378,SG01431,12.000
SG02098,SG02115,7.000
SG08090,SG08165,10.000
SG09629,SG09656,11.000
SG09742,SG09800,6.000
SG09665,SG09670,8.000
SG02500,SG02568,10.000
SG08183,SG08190,7.000
SG02481,SG02573,10.000
SG04903,SG04983,10.000
SG09151,SG09197,11.000
SG09184,SG09241,8.000
SG01155,SG01229,9.000
SG07112,SG07206,6.000
SG05028,SG05068,6.000
SG06307,SG06385,11.000
SG05181,SG05229,6.000
SG07175,SG07193,10.000
SG00073,SG00168,9.000
SG03528,SG03579,9.000
SG00408,SG00495,12.000
SG00073,SG00078,9.000
SG00934,SG00959,12.000
SG02068,SG02119,12.000
SG03794,SG03825,12.000
SG01831,SG01928,6.000
SG08875,SG08889,11.000
SG00732,SG00804,11.000
SG00909,SG00936,7.000
SG01971,SG02059,12.000
SG04806,SG04857,6.000
SG02016,SG02042,12.000
SG05481,SG05493,9.000
SG05095,SG05101,8.000
SG06888,SG06905,8.000
SG08792,SG08868,10.000
SG02693,SG02705,6.000
SG07650,SG07679,11.000
SG08715,SG08797,11.000
SG08947,SG09012,9.000
SG00467,SG00507,6.000
SG08512,SG08586,10.000
SG08499,SG08536,8.000
SG07796,SG07881,6.000
SG05445,SG05498,8.000
SG04452,SG04488,6.000
SG02271,SG02294,10.000
SG00629,SG00660,10.000
SG02879,SG02940,10.000
SG04086,SG04167,9.000
SG06525,SG06536,12.000
SG00220,SG00253,10.000
SG02161,SG02192,11.000
SG06416,SG06440,12.000
SG08308,SG08354,9.000
SG06661,SG06721,11.000
SG02208,SG02212,6.000
SG02536,SG02543,8.000
SG03205,SG03211,10.000
SG09343,SG09388,8.000
SG03417,SG03455,6.000
SG01605,SG01651,6.000
SG04192,SG04273,6.000
SG03450,SG03481,8.000
SG05406,SG05448,6.000
SG04689,SG04698,7.000
SG06827,SG06911,11.000
SG05789,SG05798,6.000
SG02277,SG02307,6.000
SG02551,SG02614,8.000
SG08752,SG08763,9.000
SG07318,SG07368,8.000
SG09594,SG09658,6.000
SG05990,SG06015,6.000
SG03967,SG03974,8.000
SG02199,SG02261,9.000
SG09818,SG09855,10.000
SG09830,SG09833,9.000
SG04844,SG04931,12.000
SG05734,SG05760,12.000
SG05403,SG05499,11.000
SG04137,SG04192,6.000
SG07365,SG07392,10.000
SG06021,SG06094,12.000
SG01282,SG01344,7.000
SG08766,SG08792,11.000
SG07530,SG07556,6.000
SG06669,SG06741,7.000
SG00944,SG00971,9.000
SG09842,SG09906,11.000
SG09422,SG09498,6.000
SG00428,SG00476,10.000
SG02854,SG02926,7.000
SG09247,SG09263,10.000
SG07890,SG07957,9.000
SG06071,SG06166,12.000
SG06391,SG06473,12.000
SG00724,SG00810,8.000
SG01317,SG01352,8.000
SG03364,SG03371,9.000
SG09065,SG09113,12.000
SG08682,SG08733,7.000
SG02450,SG02482,10.000
SG03481,SG03494,7.000
SG09200,SG09239,7.000
SG08311,SG08349,8.000
SG07753,SG07799,9.000
SG04706,SG04724,10.000
SG00819,SG00852,7.000
SG08071,SG08075,12.000
SG08249,SG08308,11.000
SG05753,SG05784,8.000
SG09947,SG09996,11.000
SG07334,SG07405,11.000
SG01563,SG01652,7.000
SG04044,SG04103,11.000
SG01204,SG01227,6.000
SG03516,SG03524,6.000
SG08915,SG08924,11.000
SG08794,SG08796,7.000
SG03242,SG03331,12.000
SG08555,SG08626,6.000
SG01692,SG01708,10.000
SG08970,SG09025,6.000
SG06987,SG07038,7.000
SG03979,SG04041,9.000
SG08151,SG08183,10.000
SG02580,SG02613,12.000
SG00072,SG00092,6.000
SG01426,SG01436,9.000
SG05040,SG05099,11.000
SG00034,SG00062,10.000
SG04892,SG04917,12.000
SG04803,SG04810,6.000
SG05901,SG05983,6.000
SG02531,SG02573,6.000
SG08482,SG08567,11.000
SG04716,SG04809,8.000
SG03411,SG03445,9.000
SG06402,SG06434,9.000
SG03528,SG03613,6.000
SG08145,SG08221,8.000
SG08094,SG08137,9.000
SG02606,SG02668,7.000
SG04122,SG04128,9.000
SG08828,SG08890,6.000
SG08262,SG08357,9.000
SG03127,SG03152,9.000
SG02342,SG02359,9.000
SG06336,SG06344,9.000
SG08508,SG08567,11.000
SG08458,SG08490,10.000
SG04256,SG04318,9.000
SG04290,SG04363,11.000
SG06620,SG06652,11.000
SG02922,SG03012,11.000
SG06445,SG06490,6.000
SG00696,SG00742,12.000
SG01241,SG01308,11.000
SG07023,SG07064,12.000
SG06639,SG06727,8.000
SG05880,SG05928,10.000
SG05123,SG05185,9.000
SG08565,SG08629,9.000
SG04557,SG04560,10.000
SG05961,SG06016,12.000
SG01325,SG01397,7.000
SG06740,SG06799,12.000
SG01540,SG01549,8.000
SG02370,SG02406,11.000
SG02190,SG02238,11.000
SG05926,SG05934,6.000
SG00086,SG00126,12.000
SG00344,SG00349,9.000
SG03452,SG03534,6.000
SG08386,SG08432,8.000
SG06867,SG06878,12.000
SG01899,SG01913,8.000
SG08313,SG08325,7.000
SG07616,SG07708,9.000
SG05324,SG05417,7.000
SG01221,SG01232,8.000
SG08833,SG08930,11.000
SG06540,SG06576,12.000
SG06438,SG06463,12.000
SG02967,SG02982,11.000
SG04477,SG04509,9.000
SG07271,SG07342,8.000
SG08771,SG08800,12.000
SG06434,SG06450,7.000
SG00172,SG00235,8.000
SG01678,SG01698,11.000
SG01362,SG01367,7.000
SG01058,SG01145,12.000
SG08699,SG08707,6.000
SG04448,SG04534,12.000
SG05586,SG05676,7.000
SG01230,SG01308,10.000
SG04780,SG04845,10.000
SG02885,SG02968,9.000
SG04555,SG04559,11.000
SG00883,SG00977,7.000
SG00700,SG00747,10.000
SG00155,SG00169,9.000
SG01163,SG01248,6.000
SG00819,SG00841,10.000
SG05799,SG05895,8.000
SG01194,SG01257,12.000
SG08372,SG08448,11.000
SG04256,SG04286,8.000
SG04695,SG04743,9.000
SG03004,SG03044,6.000
SG07823,SG07861,7.000
SG08553,SG08625,11.000
SG01559,SG01634,12.000
SG03551,SG03587,8.000
SG05373,SG05454,10.000
SG03585,SG03652,11.000
SG00312,SG00317,8.000
SG05987,SG06053,7.000
SG04648,SG04718,8.000
SG09739,SG09822,9.000
SG03061,SG03070,8.000
SG07407,SG07442,10.000
SG02208,SG02284,9.000
SG00997,SG01057,8.000
SG01637,SG01719,11.000
SG03878,SG03936,7.000
SG00420,SG00514,12.000
SG01073,SG01116,11.000
SG09578,SG09602,8.000
SG05931,SG05952,7.000
SG06627,SG06660,12.000
SG03082,SG03133,12.000
SG04379,SG04446,7.000
SG01263,SG01350,7.000
SG09706,SG09797,10.000
SG05695,SG05728,6.000
SG02390,SG02453,6.000
SG03849,SG03887,6.000
SG07620,SG07675,12.000
SG01264,SG01283,9.000
SG01164,SG01195,7.000
SG01189,SG01252,7.000
SG02047,SG02063,11.000
SG03874,SG03899,6.000
SG06637,SG06652,10.000
SG03911,SG03972,6.000
SG08677,SG08687,8.000
SG07798,SG07854,8.000
SG04954,SG05039,8.000
SG04443,SG04476,6.000
SG04289,SG04370,8.000
SG09319,SG09413,9.000
SG01301,SG01312,10.000
SG03980,SG03997,7.000
SG04175,SG04217,11.000
SG07391,SG07481,6.000
SG00586,SG00676,11.000
SG09456,SG09528,11.000
SG06030,SG06127,12.000
SG01109,SG01190,10.000
SG07307,SG07389,10.000
SG04748,SG04821,10.000
SG08888,SG08917,6.000
SG04448,SG04468,7.000
SG04448,SG04451,7.000
SG02826,SG02882,7.000
SG08194,SG08255,9.000
SG01255,SG01315,10.000
SG03761,SG03838,8.000
SG08071,SG08120,8.000
SG00626,SG00636,6.000
SG05944,SG06018,7.000
SG02263,SG02341,7.000
SG00475,SG00479,10.000
SG04731,SG04810,12.000
SG07881,SG07939,8.000
SG02298,SG02314,6.000
SG05942,SG05994,10.000
SG05998,SG06036,8.000
SG09916,SG09962,6.000
SG05012,SG05082,9.000
SG09422,SG09430,6.000
SG07440,SG07451,8.000
SG04032,SG04039,9.000
SG09569,SG09581,8.000
SG00072,SG00117,12.000
SG09293,SG09336,8.000
SG09589,SG09593,11.000
SG02976,SG03004,6.000
SG00190,SG00245,9.000
SG03919,SG03997,9.000
SG02113,SG02120,6.000
SG07840,SG07900,6.000
SG02113,SG02177,8.000
SG04500,SG04580,10.000
SG03121,SG03183,8.000
SG07906,SG07992,6.000
SG09829,SG09849,8.000
SG08639,SG08674,12.000
SG03939,SG03987,10.000
SG03728,SG03799,6.000
SG04491,SG04526,8.000
SG00435,SG00449,6.000
SG08973,SG09067,11.000
SG03310,SG03328,8.000
SG05572,SG05596,10.000
SG07145,SG07226,8.000
SG06427,SG06470,9.000
SG05054,SG05111,8.000
SG01875,SG01927,7.000
SG09013,SG09082,12.000
SG06905,SG06955,7.000
SG02878,SG02974,7.000
SG09109,SG09119,7.000
SG03376,SG03417,9.000
SG02898,SG02988,10.000
SG05823,SG05898,12.000
SG03265,SG03329,8.000
SG06625,SG06664,10.000
SG04597,SG04609,10.000
SG07019,SG07106,9.000
SG01493,SG01561,10.000
SG00120,SG00124,11.000
SG00016,SG00104,12.000
SG09330,SG09376,11.000
SG04710,SG04728,11.000
SG08657,SG08706,12.000
SG09895,SG09987,7.000
SG07535,SG07557,6.000
SG08662,SG08726,8.000
SG02581,SG02674,6.000
SG00342,SG00402,7.000
SG09391,SG09487,6.000
SG02642,SG02731,10.000
SG07125,SG07185,6.000
SG08687,SG08758,11.000
SG00409,SG00476,6.000
SG07598,SG07628,12.000
SG05087,SG05141,12.000
SG00521,SG00538,6.000
SG09699,SG09791,11.000
SG07846,SG07865,7.000
SG01432,SG01499,7.000
SG08389,SG08415,6.000
SG06724,SG06787,11.000
SG03100,SG03144,8.000
SG00905,SG00908,11.000
SG05089,SG05142,10.000
SG01302,SG01398,10.000
SG00048,SG00121,11.000
SG02262,SG02268,11.000
SG07075,SG07103,11.000
SG01708,SG01783,7.000
SG05185,SG05191,9.000
SG05198,SG05221,10.000
SG05906,SG05987,7.000
SG08211,SG08220,10.000
SG03128,SG03191,11.000
SG08586,SG08636,11.000
SG08221,SG08286,12.000
SG01900,SG01944,11.000
SG07122,SG07184,9.000
SG01095,SG01157,7.000
SG07216,SG07295,7.000
SG01129,SG01166,12.000
SG00966,SG01037,10.000
SG07803,SG07858,8.000
SG01073,SG01157,11.000
SG00443,SG00501,11.000
SG04076,SG04129,12.000
SG08889,SG08913,9.000
SG06330,SG06414,12.000
SG09308,SG09364,8.000
SG03898,SG03908,12.000
SG08997,SG09057,6.000
SG06646,SG06717,11.000
SG00505,SG00517,7.000
SG02392,SG02487,11.000
SG08366,SG08422,6.000
SG09935,SG09947,10.000
SG00526,SG00620,12.000
SG05813,SG05845,6.000
SG09328,SG09354,9.000
SG09344,SG09405,6.000
SG06816,SG06907,8.000
SG09494,SG09580,11.000
SG04251,SG04332,7.000
SG06027,SG06030,7.000
SG09199,SG09287,9.000
SG01864,SG01909,10.000
SG03542,SG03613,12.000
SG04206,SG04284,7.000
SG05343,SG05398,12.000
SG04411,SG04476,12.000
SG04783,SG04879,9.000
SG01469,SG01483,12.000
SG02603,SG02696,10.000
SG06810,SG06896,12.000
SG06608,SG06628,7.000
SG09779,SG09799,6.000
SG01077,SG01095,7.000
SG08936,SG08999,12.000
SG03412,SG03509,8.000
SG05176,SG05205,12.000
SG05236,SG05289,6.000
SG03980,SG04074,10.000
SG09479,SG09517,7.000
SG06612,SG06654,7.000
SG03955,SG03993,12.000
SG09393,SG09430,12.000
SG03628,SG03641,9.000
SG06923,SG06927,9.000
SG01298,SG01313,12.000
SG04862,SG04914,8.000
SG07978,SG07984,10.000
SG01376,SG01392,11.000
SG02900,SG02941,10.000
SG09051,SG09128,7.000
SG06906,SG06924,7.000
SG01779,SG01814,12.000
SG05290,SG05304,12.000
SG09319,SG09331,7.000
SG04814,SG04874,7.000
SG06614,SG06693,11.000
SG07992,SG07994,11.000
SG01140,SG01151,10.000
SG03782,SG03879,9.000
SG00164,SG00244,7.000
SG00755,SG00764,11.000
SG06429,SG06440,6.000
SG04712,SG04793,8.000
SG06108,SG06154,9.000
SG00757,SG00828,12.000
SG08051,SG08137,9.000
SG03536,SG03629,7.000
SG07123,SG07190,12.000
SG05948,SG06005,12.000
SG02682,SG02738,7.000
SG05878,SG05904,9.000
SG02591,SG02681,10.000
SG07915,SG07933,11.000
SG04093,SG04103,9.000
SG05694,SG05780,6.000
SG04698,SG04724,11.000
SG00402,SG00412,11.000
SG05399,SG05455,11.000
SG00803,SG00889,10.000
SG01296,SG01323,10.000
SG04895,SG04960,7.000
SG07322,SG07368,7.000
SG09718,SG09759,6.000
SG07763,SG07836,11.000
SG07802,SG07819,7.000
SG05720,SG05750,11.000
SG06863,SG06921,9.000
SG05752,SG05830,7.000
SG09322,SG09336,8.000
SG07758,SG07763,11.000
SG00524,SG00557,12.000
SG05808,SG05842,7.000
SG04981,SG05042,10.000
SG00317,SG00410,10.000
SG09017,SG09056,6.000
SG08711,SG08765,8.000
SG01548,SG01621,6.000
SG06729,SG06805,6.000
SG03045,SG03049,7.000
SG02885,SG02945,6.000
SG01562,SG01637,12.000
SG00441,SG00478,9.000
SG04693,SG04753,9.000
SG07710,SG07782,6.000
SG03176,SG03245,8.000
SG06693,SG06725,6.000
SG06048,SG06095,9.000
SG05092,SG05121,8.000
SG04546,SG04579,8.000
SG05808,SG05820,8.000
SG02911,SG02981,7.000
SG04121,SG04175,7.000
SG04471,SG04546,6.000
SG04189,SG04270,6.000
SG01558,SG01607,6.000
SG06177,SG06225,11.000
SG03527,SG03554,12.000
SG01611,SG01667,8.000
SG09031,SG09082,9.000
SG00313,SG00356,12.000
SG02381,SG02454,9.000
SG05910,SG05998,10.000
SG09923,SG09953,8.000
SG01267,SG01327,6.000
SG06533,SG06565,7.000
SG08655,SG08674,9.000
SG05122,SG05185,12.000
SG04946,SG05040,9.000
SG09190,SG09262,11.000
SG07902,SG07952,9.000
SG00495,SG00535,6.000
SG08723,SG08792,7.000
SG06490,SG06537,8.000
SG06621,SG06681,7.000
SG05959,SG05993,10.000
SG06392,SG06427,6.000
SG01801,SG01817,12.000
SG07891,SG07893,11.000
SG07939,SG08019,9.000
SG00125,SG00173,8.000
SG08312,SG08325,7.000
SG00454,SG00466,9.000
SG00644,SG00699,8.000
SG04276,SG04311,10.000
SG01631,SG01696,9.000
SG00728,SG00754,9.000
SG04166,SG04225,10.000
SG08373,SG08457,9.000
SG06615,SG06628,8.000
SG09868,SG09948,11.000
SG09849,SG09888,8.000
SG09143,SG09233,7.000
SG05143,SG05222,7.000
SG06966,SG07038,6.000
SG05895,SG05954,8.000
SG03918,SG03921,8.000
SG04058,SG04118,9.000
SG01991,SG02017,9.000
SG08695,SG08775,6.000
SG00253,SG00285,6.000
SG04995,SG05048,6.000
SG04558,SG04633,6.000
SG07831,SG07897,9.000
SG09119,SG09128,7.000
SG00307,SG00377,8.000
SG07121,SG07198,7.000
SG05238,SG05308,11.000
SG01496,SG01572,7.000
SG01821,SG01872,6.000
SG03683,SG03759,6.000
SG01478,SG01491,11.000
SG00724,SG00760,7.000
SG01627,SG01719,9.000
SG07616,SG07631,7.000
SG04600,SG04624,8.000
SG05440,SG05515,7.000
SG06633,SG06658,10.000
SG04692,SG04755,9.000
SG09569,SG09609,11.000
SG00472,SG00486,9.000
SG01093,SG01146,6.000
SG08706,SG08755,9.000
SG05494,SG05575,7.000
SG03842,SG03936,9.000
SG09187,SG09197,9.000
SG06130,SG06158,9.000
SG03828,SG03922,8.000
SG09434,SG09484,11.000
SG09620,SG09630,10.000
SG01662,SG01711,11.000
SG06202,SG06297,10.000
SG04921,SG04969,8.000
SG04214,SG04228,6.000
SG02158,SG02173,6.000
SG06834,SG06899,12.000
SG06493,SG06548,9.000
SG09868,SG09870,11.000
SG00747,SG00796,7.000
SG01664,SG01720,9.000
SG02674,SG02736,11.000
SG09594,SG09654,8.000
SG06932,SG07008,7.000
SG01095,SG01165,7.000
SG03322,SG03403,6.000
SG02607,SG02698,10.000
SG03036,SG03092,10.000
SG02076,SG02164,8.000
SG06139,SG06211,10.000
SG08365,SG08440,12.000
SG04947,SG04979,7.000
SG06877,SG06912,9.000
SG04895,SG04933,10.000
SG03164,SG03175,12.000
SG07646,SG07699,11.000
SG08397,SG08417,10.000
SG06120,SG06191,6.000
SG00365,SG00453,12.000
SG08472,SG08531,12.000
SG04345,SG04358,11.000
SG03446,SG03502,7.000
SG07870,SG07940,7.000
SG03607,SG03627,9.000
SG05147,SG05176,12.000
SG01337,SG01357,8.000
SG08921,SG08931,7.000
SG05734,SG05813,10.000
SG02913,SG02925,6.000
SG02434,SG02453,8.000
SG04822,SG04826,7.000
SG03357,SG03442,9.000
SG01319,SG01397,6.000
SG05201,SG05217,6.000
SG00682,SG00769,7.000
SG04725,SG04766,11.000
SG08728,SG08784,7.000
SG01136,SG01176,9.000
SG07768,SG07802,8.000
SG01863,SG01892,11.000
SG09425,SG09512,6.000
SG03220,SG03288,12.000
SG08563,SG08593,6.000
SG02639,SG02682,7.000
SG00273,SG00303,10.000
SG09860,SG09921,6.000
SG03122,SG03138,7.000
SG01371,SG01439,10.000
SG02666,SG02724,12.000
SG01023,SG01064,9.000
SG07822,SG07873,7.000
SG00924,SG00928,10.000
SG02100,SG02142,10.000
SG05785,SG05881,6.000
SG00098,SG00129,12.000
SG01771,SG01809,7.000
SG00220,SG00284,7.000
SG03016,SG03080,6.000
SG05258,SG05355,12.000
SG05976,SG06013,6.000
SG06681,SG06765,9.000
SG09422,SG09503,6.000
SG03974,SG04000,8.000
SG06597,SG06646,11.000
SG00663,SG00668,6.000
SG01655,SG01711,9.000
SG01535,SG01577,8.000
SG05438,SG05520,12.000
SG04394,SG04420,7.000
SG01712,SG01797,10.000
SG02474,SG02510,11.000
SG04650,SG04660,9.000
SG03513,SG03599,12.000
SG07353,SG07450,8.000
SG06631,SG06710,10.000
SG00137,SG00193,6.000
SG01626,SG01681,11.000
SG01735,SG01764,12.000
SG05286,SG05309,6.000
SG07237,SG07295,11.000
SG08895,SG08905,9.000
SG09004,SG09021,6.000
SG08414,SG08478,7.000
SG01644,SG01668,6.000
SG07002,SG07009,11.000
SG05048,SG05095,8.000
SG06695,SG06714,9.000
SG01049,SG01099,9.000
SG05336,SG05382,11.000
SG05136,SG05151,8.000
SG04339,SG04352,6.000
SG05456,SG05480,10.000
SG05743,SG05755,11.000
SG02658,SG02737,9.000
SG01346,SG01418,8.000
SG06654,SG06701,7.000
SG05683,SG05720,7.000
SG05690,SG05709,9.000
SG06274,SG06309,9.000
SG09805,SG09814,10.000
SG02144,SG02180,12.000
SG00602,SG00604,12.000
SG03129,SG03142,9.000
SG02620,SG02683,7.000
SG01144,SG01148,7.000
SG04420,SG04504,12.000
SG08448,SG08521,8.000
SG00092,SG00115,7.000
SG00182,SG00227,12.000
SG00170,SG00217,11.000
SG07192,SG07283,6.000
SG05258,SG05289,7.000
SG03460,SG03491,12.000
SG01921,SG02016,12.000
SG08526,SG08567,6.000
SG08945,SG08955,8.000
SG02245,SG02293,6.000
SG08740,SG08777,7.000
SG05080,SG05159,10.000
SG03994,SG04084,11.000
SG05192,SG05207,6.000
SG09284,SG09314,12.000
SG01806,SG01866,7.000
SG01902,SG01952,8.000
SG05987,SG06069,9.000
SG01245,SG01298,12.000
SG02992,SG03008,9.000
SG02369,SG02405,11.000
SG08144,SG08185,6.000
SG02368,SG02385,7.000
SG08550,SG08574,10.000
SG08720,SG08755,10.000
SG09310,SG09379,7.000
SG02261,SG02278,7.000
SG03170,SG03259,9.000
SG04655,SG04709,10.000
SG09906,SG09956,8.000
SG06709,SG06790,12.000
SG04422,SG04467,12.000
SG00312,SG00372,6.000
SG03469,SG03479,10.000
SG08725,SG08763,10.000
SG08411,SG08464,11.000
SG08103,SG08142,9.000
SG08517,SG08553,11.000
SG03041,SG03104,10.000
SG04073,SG04105,12.000
SG01298,SG01364,8.000
SG04301,SG04344,6.000
SG03270,SG03325,12.000
SG09706,SG09783,9.000
SG00815,SG00911,9.000
SG05264,SG05277,10.000
SG03451,SG03458,8.000
SG07835,SG07884,8.000
SG08198,SG08200,10.000
SG01582,SG01657,8.000
SG08196,SG08243,11.000
SG06996,SG07075,10.000
SG05239,SG05256,10.000
SG05595,SG05624,10.000
SG08159,SG08205,9.000
SG01544,SG01548,8.000
SG03231,SG03240,7.000
SG06507,SG06549,11.000
SG00054,SG00082,6.000
SG03064,SG03081,6.000
SG07291,SG07327,11.000
SG08166,SG08216,11.000
SG02916,SG02989,6.000
SG09493,SG09510,8.000
SG03757,SG03819,9.000
SG07296,SG07330,7.000
SG04864,SG04892,8.000
SG00543,SG00632,11.000
SG01099,SG01178,8.000
SG02006,SG02092,10.000
SG07034,SG07112,12.000
SG00505,SG00531,11.000
SG07330,SG07355,7.000
SG02925,SG03014,11.000
SG03955,SG04006,12.000
SG02056,SG02139,8.000
SG09377,SG09471,6.000
SG01812,SG01895,10.000
SG02036,SG02106,9.000
SG07130,SG07200,7.000
SG02385,SG02410,7.000
SG04977,SG05016,11.000
SG00428,SG00448,12.000
SG03475,SG03543,11.000
SG09419,SG09453,9.000
SG01364,SG01426,7.000
SG00937,SG01023,7.000
SG07971,SG07980,6.000
SG04543,SG04631,9.000
SG07630,SG07715,8.000
SG06248,SG06333,9.000
SG00310,SG00351,11.000
SG04722,SG04781,8.000
SG05073,SG05097,8.000
SG08143,SG08224,6.000
SG03134,SG03136,9.000
SG08548,SG08638,7.000
SG05755,SG05835,12.000
SG00007,SG09957,8.000
SG07218,SG07277,8.000
SG02228,SG02230,9.000
SG07645,SG07647,7.000
SG00069,SG09979,7.000
SG02801,SG02851,7.000
SG05824,SG05855,8.000
SG01153,SG01170,11.000
SG05016,SG05045,12.000
SG00643,SG00728,7.000
SG05201,SG05213,8.000
SG01874,SG01952,6.000
SG05844,SG05930,11.000
SG08929,SG08940,6.000
SG07660,SG07705,9.000
SG06905,SG07000,7.000
SG04575,SG04614,8.000
SG01719,SG01798,12.000
SG04561,SG04621,11.000
SG09983,SG09990,12.000
SG00075,SG00087,9.000
SG04016,SG04079,6.000
SG09855,SG09924,10.000
SG02020,SG02023,11.000
SG09438,SG09476,9.000
SG08796,SG08868,6.000
SG00559,SG00648,11.000
SG03896,SG03953,6.000
SG09346,SG09443,8.000
SG07959,SG08037,7.000
SG01217,SG01307,11.000
SG09283,SG09331,11.000
SG04101,SG04177,7.000
SG02128,SG02214,12.000
SG04936,SG04977,7.000
SG09360,SG09390,8.000
SG05470,SG05543,7.000
SG05719,SG05770,7.000
SG05302,SG05372,10.000
SG09582,SG09633,11.000
SG01015,SG01102,12.000
SG01465,SG01525,12.000
SG03272,SG03315,6.000
SG02084,SG02131,9.000
SG07000,SG07033,9.000
SG02377,SG02430,8.000
SG06376,SG06431,7.000
SG07938,SG07993,10.000
SG04476,SG04492,7.000
SG01605,SG01698,11.000
SG05984,SG06027,10.000
SG09633,SG09657,11.000
SG03169,SG03203,6.000
SG03640,SG03721,7.000
SG07452,SG07492,7.000
SG02010,SG02097,10.000
SG09020,SG09039,7.000
SG05334,SG05411,10.000
SG08090,SG08175,8.000
SG06663,SG06668,6.000
SG00421,SG00449,10.000
SG04335,SG04416,7.000
SG02025,SG02095,8.000
SG08884,SG08910,11.000
SG04094,SG04170,8.000
SG09159,SG09186,7.000
SG04068,SG04073,9.000
SG02555,SG02561,9.000
SG06110,SG06187,7.000
SG04971,SG05007,6.000
SG09689,SG09728,7.000
SG05747,SG05755,6.000
SG09002,SG09063,7.000
SG04609,SG04635,8.000
SG04374,SG04450,9.000
SG09642,SG09647,6.000
SG00045,SG00058,11.000
SG00686,SG00776,7.000
SG06583,SG06652,8.000
SG09386,SG09470,8.000
SG01201,SG01258,9.000
SG08587,SG08651,6.000
SG01034,SG01065,8.000
SG07951,SG08047,8.000
SG03674,SG03698,8.000
SG02725,SG02766,9.000
SG01532,SG01558,6.000
SG06617,SG06710,10.000
SG02555,SG02586,8.000
SG00891,SG00902,11.000
SG05045,SG05129,10.000
SG08151,SG08242,11.000
SG09523,SG09533,10.000
SG04043,SG04087,7.000
SG01271,SG01347,12.000
SG01294,SG01342,8.000
SG04076,SG04124,11.000
SG01380,SG01408,7.000
SG04398,SG04409,6.000
SG07629,SG07714,9.000
SG06250,SG06270,8.000
SG03039,SG03055,10.000
SG06278,SG06348,12.000
SG04448,SG04516,8.000
SG06302,SG06326,9.000
SG05268,SG05344,9.000
SG02737,SG02774,11.000
SG09688,SG09757,11.000
SG09329,SG09382,12.000
SG05409,SG05471,8.000
SG07242,SG07304,9.000
SG07547,SG07554,7.000
SG05285,SG05379,8.000
SG06542,SG06602,8.000
SG08633,SG08710,6.000
SG07362,SG07436,11.000
SG04129,SG04217,8.000
SG02154,SG02196,9.000
SG08884,SG08950,9.000
SG04219,SG04264,11.000
SG09505,SG09519,7.000
SG05486,SG05494,12.000
SG01407,SG01444,11.000
SG04008,SG04072,12.000
SG07557,SG07604,12.000
SG04018,SG04052,7.000
SG03087,SG03144,12.000
SG00683,SG00710,8.000
SG08441,SG08504,12.000
SG02054,SG02080,10.000
SG03797,SG03805,11.000
SG05545,SG05550,7.000
SG05667,SG05708,9.000
SG09195,SG09278,12.000
SG03757,SG03779,12.000
SG09511,SG09561,7.000
SG05413,SG05466,9.000
SG03602,SG03621,10.000
SG04498,SG04568,6.000
SG04052,SG04133,10.000
SG04401,SG04403,12.000
SG06365,SG06394,10.000
SG09231,SG09317,8.000
SG01292,SG01375,10.000
SG06179,SG06274,7.000
SG03686,SG03765,7.000
SG03757,SG03790,8.000
SG06219,SG06275,8.000
SG08154,SG08251,12.000
SG06118,SG06147,6.000
SG01466,SG01497,8.000
SG06487,SG06573,11.000
SG04231,SG04247,8.000
SG06547,SG06580,7.000
SG08557,SG08647,8.000
SG07777,SG07790,10.000
SG00374,SG00412,7.000
SG01168,SG01181,7.000
SG08051,SG08077,8.000
SG05177,SG05257,12.000
SG02969,SG02979,12.000
SG00144,SG00156,8.000
SG03692,SG03776,6.000
SG03561,SG03639,6.000
SG02297,SG02369,10.000
SG07195,SG07267,11.000
SG07346,SG07369,6.000
SG02433,SG02477,8.000
SG05991,SG05998,8.000
SG09806,SG09851,10.000
SG05966,SG05999,6.000
SG03193,SG03263,11.000
SG09800,SG09815,9.000
SG04306,SG04373,9.000
SG06742,SG06759,6.000
SG09315,SG09355,10.000
SG05512,SG05559,12.000
SG02506,SG02521,12.000
SG01515,SG01603,10.000
SG02386,SG02435,12.000
SG08383,SG08449,11.000
SG09131,SG09213,11.000
SG04049,SG04077,6.000
SG09489,SG09571,7.000
SG08905,SG08951,8.000
SG01766,SG01844,12.000
SG06261,SG06268,6.000
SG09885,SG09917,10.000
SG06272,SG06310,7.000
SG07529,SG07620,12.000
SG02004,SG02093,8.000
SG01477,SG01508,9.000
SG03371,SG03455,8.000
SG03185,SG03196,12.000
SG09483,SG09569,12.000
SG00018,SG00038,12.000
SG05653,SG05748,12.000
SG07937,SG08023,9.000
SG05915,SG05959,11.000
SG06525,SG06622,6.000
SG08730,SG08818,9.000
SG00590,SG00665,9.000
SG00516,SG00588,9.000
SG00885,SG00947,9.000
SG02025,SG02113,12.000
SG05328,SG05418,9.000
SG04414,SG04448,9.000
SG02100,SG02126,8.000
SG08341,SG08378,7.000
SG02811,SG02849,10.000
SG08576,SG08582,11.000
SG08164,SG08224,12.000
SG01679,SG01695,7.000
SG05806,SG05869,8.000
SG03350,SG03363,7.000
SG01013,SG01063,7.000
SG08146,SG08185,8.000
SG01089,SG01183,12.000
SG05709,SG05725,7.000
SG04546,SG04622,12.000
SG07310,SG07356,10.000
SG01816,SG01883,6.000
SG02798,SG02851,9.000
SG06161,SG06195,12.000
SG03834,SG03905,8.000
SG07098,SG07146,8.000
SG02867,SG02884,8.000
SG04792,SG04804,6.000
SG01739,SG01763,7.000
SG07988,SG08028,11.000
SG07198,SG07271,11.000
SG00903,SG00912,6.000
SG06136,SG06200,9.000
SG01602,SG01607,8.000
SG09105,SG09200,10.000
SG06419,SG06491,9.000
SG09774,SG09862,9.000
SG07598,SG07619,10.000
SG08613,SG08663,10.000
SG05053,SG05103,11.000
SG04244,SG04286,10.000
SG03726,SG03819,11.000
SG03903,SG03926,8.000
SG06006,SG06022,9.000
SG08189,SG08281,11.000
SG09663,SG09744,11.000
SG03118,SG03170,7.000
SG06501,SG06503,9.000
SG07353,SG07380,10.000
SG00866,SG00931,12.000
SG02623,SG02666,9.000
SG01128,SG01202,6.000
SG03829,SG03867,10.000
SG06650,SG06684,9.000
SG00314,SG00394,7.000
SG08460,SG08556,9.000
SG04329,SG04421,7.000
SG09211,SG09245,12.000
SG05074,SG05086,7.000
SG07917,SG07983,12.000
SG09841,SG09930,8.000
SG02820,SG02914,10.000
SG05959,SG05972,10.000
SG02338,SG02394,8.000
SG01501,SG01588,12.000
SG04896,SG04943,10.000
SG07218,SG07314,9.000
SG04243,SG04326,10.000
SG00030,SG00083,8.000
SG03190,SG03265,7.000
SG07736,SG07774,7.000
SG06233,SG06301,11.000
SG08581,SG08670,7.000
SG05783,SG05795,7.000
SG05992,SG06021,12.000
SG08523,SG08580,9.000
SG01338,SG01418,9.000
SG03127,SG03140,10.000
SG04134,SG04166,9.000
SG09052,SG09097,6.000
SG02707,SG02750,12.000
SG03856,SG03860,8.000
SG07254,SG07260,8.000
SG04156,SG04175,9.000
SG04450,SG04515,12.000
SG08558,SG08649,8.000
SG06464,SG06469,10.000
SG00263,SG00336,6.000
SG00606,SG00637,8.000
SG08258,SG08317,12.000
SG06864,SG06915,9.000
SG09581,SG09598,7.000
SG02527,SG02591,12.000
SG06812,SG06893,10.000
SG03995,SG04066,6.000
SG05258,SG05285,8.000
SG08896,SG08919,11.000
SG08935,SG09000,11.000
SG04876,SG04937,7.000
SG03959,SG04012,10.000
SG08055,SG08147,9.000
SG08085,SG08179,7.000
SG02212,SG02246,11.000
SG06357,SG06436,6.000
SG02494,SG02556,8.000
SG00917,SG01009,7.000
SG02868,SG02917,10.000
SG08483,SG08538,6.000
SG07834,SG07913,10.000
SG07530,SG07608,7.000
SG04208,SG04253,6.000
SG09423,SG09509,8.000
SG01168,SG01193,12.000
SG09222,SG09274,11.000
SG04388,SG04393,11.000
SG03313,SG03384,7.000
SG06078,SG06137,7.000
SG07973,SG08032,9.000
SG05194,SG05209,11.000
SG06113,SG06173,6.000
SG04197,SG04210,11.000
SG04379,SG04381,8.000
SG08528,SG08586,7.000
SG00131,SG00144,8.000
SG05644,SG05681,11.000
SG03248,SG03328,7.000
SG00131,SG00213,7.000
SG01745,SG01838,6.000
SG03172,SG03200,7.000
SG08583,SG08630,12.000
SG06627,SG06687,12.000
SG00327,SG00332,12.000
SG07393,SG07400,12.000
SG02168,SG02188,7.000
SG04501,SG04539,12.000
SG08797,SG08828,6.000
SG02905,SG02992,12.000
SG02474,SG02509,12.000
SG02089,SG02136,12.000
SG08810,SG08902,9.000
SG07667,SG07689,9.000
SG03110,SG03183,12.000
SG08184,SG08192,6.000
SG06025,SG06055,6.000
SG00480,SG00490,10.000
SG02534,SG02630,10.000
SG03339,SG03371,8.000
SG03435,SG03505,11.000
SG09234,SG09288,12.000
SG02477,SG02547,10.000
SG03213,SG03309,10.000
SG02416,SG02436,8.000
SG09121,SG09135,12.000
SG09891,SG09978,9.000
SG00067,SG00092,9.000
SG08322,SG08347,10.000
SG04320,SG04356,11.000
SG00227,SG00315,7.000
SG01541,SG01577,11.000
SG00029,SG09963,9.000
SG05115,SG05130,12.000
SG01552,SG01606,8.000
SG03264,SG03296,8.000
SG09868,SG09923,10.000
SG09232,SG09325,12.000
SG09093,SG09112,12.000
SG09583,SG09592,10.000
SG02517,SG02570,12.000
SG05201,SG05209,7.000
SG00744,SG00770,12.000
SG02583,SG02662,8.000
SG04106,SG04163,7.000
SG09011,SG09051,7.000
SG07934,SG07972,6.000
SG04926,SG04989,8.000
SG09166,SG09202,7.000
SG05768,SG05820,8.000
SG07953,SG08022,6.000
SG04516,SG04538,11.000
SG01367,SG01404,12.000
SG00589,SG00596,9.000
SG06321,SG06415,10.000
SG01419,SG01494,6.000
SG08356,SG08442,8.000
SG05436,SG05473,7.000
SG00305,SG00346,9.000
SG00048,SG00093,9.000
SG02973,SG03044,6.000
SG01125,SG01168,9.000
SG07171,SG07218,12.000
SG02042,SG02058,11.000
SG05684,SG05693,6.000
SG06210,SG06230,8.000
SG03263,SG03356,9.000
SG07840,SG07843,9.000
SG05588,SG05676,10.000
SG06977,SG07058,6.000
SG02511,SG02514,11.000
SG07400,SG07447,12.000
SG09817,SG09903,12.000
SG05257,SG05322,11.000
SG05452,SG05479,10.000
SG03038,SG03080,12.000
SG03704,SG03779,11.000
SG03284,SG03363,9.000
SG02365,SG02443,11.000
SG06534,SG06581,12.000
SG07308,SG07367,11.000
SG06609,SG06697,12.000
SG01707,SG01803,10.000
SG00243,SG00303,11.000
SG04188,SG04236,8.000
SG06764,SG06839,10.000
SG03245,SG03272,9.000
SG00894,SG00898,12.000
SG07685,SG07778,10.000
SG08657,SG08707,10.000
SG00888,SG00973,9.000
SG05287,SG05339,9.000
SG03667,SG03727,6.000
SG00884,SG00911,8.000
SG08299,SG08392,8.000
SG07532,SG07548,12.000
SG05954,SG06006,11.000
SG09903,SG09927,7.000
SG04284,SG04334,11.000
SG02938,SG02968,10.000
SG07007,SG07052,9.000
SG03308,SG03387,8.000
SG03590,SG03621,8.000
SG09070,SG09149,7.000
SG02364,SG02394,7.000
SG03568,SG03594,7.000
SG06292,SG06374,9.000
SG02886,SG02942,7.000
SG07411,SG07493,11.000
SG02181,SG02249,9.000
SG02668,SG02750,10.000
SG01941,SG01943,12.000
SG02215,SG02264,12.000
SG05313,SG05361,7.000
SG00548,SG00579,7.000
SG06090,SG06117,9.000
SG05874,SG05934,10.000
SG03861,SG03890,11.000
SG04687,SG04783,12.000
SG01632,SG01724,12.000
SG03363,SG03454,8.000
SG03558,SG03638,11.000
SG04240,SG04302,11.000
SG00856,SG00860,12.000
SG08318,SG08332,12.000
SG03022,SG03059,11.000
SG03482,SG03539,12.000
SG04838,SG04870,7.000
SG04147,SG04213,11.000
SG07982,SG08064,10.000
SG08589,SG08660,9.000
SG04835,SG04890,11.000
SG02069,SG02085,10.000
SG02150,SG02233,6.000
SG00324,SG00391,8.000
SG09006,SG09094,7.000
SG07163,SG07218,10.000
SG07721,SG07817,11.000
SG04985,SG05003,12.000
SG03679,SG03763,11.000
SG06041,SG06060,7.000
SG00951,SG00959,10.000
SG08437,SG08525,11.000
SG00864,SG00948,7.000
SG02211,SG02306,6.000
SG00799,SG00884,9.000
SG00594,SG00649,6.000
SG06260,SG06351,11.000
SG07752,SG07816,6.000
SG01092,SG01098,6.000
SG00172,SG00236,12.000
SG04448,SG04471,7.000
SG02371,SG02452,11.000
SG09183,SG09264,12.000
SG02085,SG02112,6.000
SG00508,SG00549,9.000
SG03456,SG03463,7.000
SG06575,SG06666,12.000
SG02295,SG02302,6.000
SG09761,SG09773,12.000
SG03201,SG03246,7.000
SG09472,SG09549,6.000
SG07489,SG07580,7.000
SG09877,SG09970,6.000
SG01410,SG01435,6.000
SG09735,SG09812,6.000
SG09408,SG09448,8.000
SG02043,SG02122,7.000
SG05063,SG05125,6.000
SG09203,SG09251,11.000
SG06178,SG06218,8.000
SG00432,SG00476,11.000
SG08254,SG08316,7.000
SG02856,SG02925,12.000
SG05491,SG05505,11.000
SG01676,SG01735,12.000
SG08570,SG08641,10.000
SG08782,SG08786,10.000
SG06969,SG06995,10.000
SG08568,SG08575,8.000
SG08530,SG08595,11.000
SG05420,SG05445,12.000
SG03570,SG03612,6.000
SG04713,SG04763,6.000
SG03161,SG03234,11.000
SG09048,SG09110,6.000
SG04358,SG04451,6.000
SG09345,SG09353,6.000
SG07313,SG07332,9.000
SG06981,SG06994,12.000
SG03509,SG03539,11.000
SG04028,SG04103,7.000
SG08802,SG08865,11.000
SG04454,SG04533,12.000
SG02871,SG02915,7.000
SG05458,SG05509,11.000
SG05978,SG06070,6.000
SG05654,SG05685,9.000
SG07932,SG07968,9.000
SG01094,SG01108,10.000
SG00808,SG00859,6.000
SG01873,SG01956,8.000
SG09548,SG09588,10.000
SG06823,SG06889,10.000
SG01079,SG01094,10.000
SG02244,SG02278,10.000
SG06259,SG06355,9.000
SG08387,SG08484,9.000
SG07793,SG07890,12.000
SG05037,SG05087,12.000
SG04547,SG04553,10.000
SG00792,SG00825,8.000
SG06370,SG06379,10.000
SG09985,SG09988,12.000
SG06880,SG06901,7.000
SG02410,SG02444,10.000
SG02743,SG02801,10.000
SG04591,SG04607,9.000
SG09876,SG09922,11.000
SG02996,SG03081,9.000
SG07935,SG08010,10.000
SG09916,SG09954,9.000
SG07446,SG07451,10.000
SG07348,SG07395,12.000
SG07218,SG07238,10.000
SG03779,SG03790,7.000
SG06246,SG06298,8.000
SG08808,SG08829,12.000
SG02451,SG02523,11.000
SG01875,SG01878,7.000
SG03287,SG03334,10.000
SG09346,SG09404,8.000
SG08675,SG08731,12.000
SG09750,SG09785,11.000
SG08052,SG08086,10.000
SG05431,SG05476,11.000
SG08578,SG08657,8.000
SG01121,SG01182,8.000
SG03953,SG04046,9.000
SG01409,SG01426,8.000
SG00914,SG01007,8.000
SG00497,SG00555,9.000
SG06481,SG06515,7.000
SG04615,SG04663,11.000
SG01467,SG01560,8.000
SG00580,SG00674,12.000
SG07886,SG07929,7.000
SG08929,SG08939,7.000
SG07659,SG07727,8.000
SG07408,SG07460,8.000
SG00739,SG00822,6.000
SG05997,SG06026,12.000
SG00397,SG00421,11.000
SG08714,SG08727,8.000
SG05209,SG05213,8.000
SG05840,SG05912,7.000
SG09249,SG09343,8.000
SG03457,SG03507,6.000
SG07408,SG07431,7.000
SG01064,SG01073,8.000
SG09540,SG09616,9.000
SG03020,SG03117,11.000
SG08646,SG08667,9.000
SG01394,SG01463,7.000
SG02470,SG02524,7.000
SG07008,SG07055,7.000
SG07930,SG07993,6.000
SG07746,SG07775,12.000
SG01844,SG01928,12.000
SG09150,SG09168,10.000
SG02567,SG02621,8.000
SG07563,SG07613,9.000
SG03500,SG03563,6.000
SG01248,SG01274,12.000
SG04204,SG04235,11.000
SG05626,SG05663,11.000
SG06046,SG06048,8.000
SG05656,SG05670,7.000
SG00149,SG00155,8.000
SG07067,SG07159,10.000
SG03981,SG04055,9.000
SG09251,SG09263,8.000
SG02324,SG02363,10.000
SG01787,SG01822,7.000
SG06809,SG06822,10.000
SG04365,SG04431,12.000
SG08679,SG08681,6.000
SG02025,SG02064,12.000
SG00225,SG00295,8.000
SG04655,SG04717,12.000
SG04433,SG04469,9.000
SG07268,SG07292,11.000
SG07985,SG08066,12.000
SG06368,SG06442,12.000
SG02963,SG03011,11.000
SG03235,SG03318,9.000
SG05533,SG05594,7.000
SG07975,SG08065,10.000
SG08701,SG08797,12.000
SG04161,SG04187,9.000
SG08999,SG09065,11.000
SG03647,SG03705,7.000
SG06873,SG06901,11.000
SG00075,SG00154,6.000
SG05645,SG05742,12.000
SG08535,SG08554,12.000
SG07432,SG07520,11.000
SG03322,SG03409,8.000
SG04363,SG04419,12.000
SG06322,SG06326,6.000
SG03016,SG03067,10.000
SG01026,SG01118,10.000
SG07315,SG07401,12.000
SG02027,SG02070,12.000
SG03294,SG03361,7.000
SG02714,SG02779,11.000
SG06310,SG06325,11.000
SG05515,SG05551,7.000
SG00523,SG00599,10.000
SG04834,SG04896,6.000
SG00009,SG00015,7.000
SG03693,SG03765,7.000
SG03676,SG03724,9.000
SG06369,SG06455,7.000
SG00559,SG00590,12.000
SG01854,SG01884,7.000
SG00973,SG01050,9.000
SG02278,SG02299,12.000
SG00734,SG00767,11.000
SG07138,SG07196,8.000
SG03167,SG03200,9.000
SG03977,SG03979,6.000
SG05200,SG05275,7.000
SG09589,SG09627,9.000
SG02429,SG02496,12.000
SG08577,SG08591,9.000
SG01978,SG02061,7.000
SG08757,SG08830,7.000
SG04162,SG04242,8.000
SG01105,SG01108,11.000
SG02706,SG02768,7.000
SG06339,SG06398,11.000
SG01611,SG01690,11.000
SG06417,SG06509,9.000
SG02794,SG02848,10.000
SG07800,SG07825,12.000
SG05590,SG05644,11.000
SG00033,SG00076,7.000
SG05069,SG05082,10.000
SG08467,SG08508,12.000
SG04187,SG04199,10.000
SG09602,SG09693,6.000
SG02994,SG03045,8.000
SG02051,SG02130,9.000
SG09775,SG09870,6.000
SG01222,SG01251,8.000
SG02064,SG02092,12.000
SG02070,SG02075,6.000
SG03192,SG03203,9.000
SG07333,SG07410,12.000
SG00472,SG00530,9.000
SG09140,SG09196,9.000
SG07412,SG07500,6.000
SG05401,SG05476,6.000
SG02632,SG02708,6.000
SG09604,SG09609,10.000
SG05570,SG05601,12.000
SG09109,SG09198,8.000
SG01658,SG01749,12.000
SG03472,SG03478,11.000
SG00672,SG00726,11.000
SG06282,SG06362,12.000
SG09395,SG09476,7.000
SG02129,SG02155,9.000
SG06841,SG06882,8.000
SG00254,SG00314,9.000
SG05088,SG05151,9.000
SG08792,SG08841,8.000
SG04436,SG04447,10.000
SG03903,SG03945,12.000
SG06291,SG06295,9.000
SG07180,SG07187,6.000
SG03897,SG03978,9.000
SG08072,SG08087,7.000
SG08104,SG08154,12.000
SG06363,SG06417,9.000
SG05649,SG05737,8.000
SG08590,SG08669,8.000
SG09336,SG09378,9.000
SG02264,SG02348,10.000
SG05918,SG06007,8.000
SG08620,SG08665,12.000
SG06682,SG06755,8.000
SG08778,SG08795,11.000
SG00798,SG00817,10.000
SG05546,SG05581,8.000
SG00513,SG00564,9.000
SG03981,SG04078,6.000
SG03414,SG03485,7.000
SG04115,SG04200,11.000
SG08375,SG08456,8.000
SG09391,SG09475,11.000
SG01522,SG01554,8.000
SG00069,SG00113,7.000
SG04779,SG04821,12.000
SG02766,SG02850,6.000
SG05395,SG05430,8.000
SG00959,SG01006,9.000
SG08392,SG08435,10.000
SG07379,SG07412,12.000
SG08337,SG08406,9.000
SG03390,SG03486,10.000
SG00206,SG00302,7.000
SG03269,SG03314,6.000
SG04663,SG04736,7.000
SG08390,SG08430,11.000
SG08796,SG08831,6.000
SG08420,SG08454,7.000
SG02497,SG02514,11.000
SG09139,SG09224,12.000
SG01241,SG01251,9.000
SG00340,SG00352,9.000
SG01230,SG01255,8.000
SG07763,SG07848,6.000
SG00826,SG00875,12.000
SG01009,SG01094,9.000
SG05972,SG06062,7.000
SG00431,SG00447,7.000
SG05092,SG05182,6.000
SG00661,SG00723,11.000
SG03861,SG03912,9.000
SG02448,SG02457,11.000
SG00350,SG00357,11.000
SG08385,SG08451,7.000
SG09551,SG09565,6.000
SG07586,SG07597,10.000
SG01241,SG01273,9.000
SG00056,SG09984,10.000
SG09742,SG09756,10.000
SG08360,SG08444,7.000
SG06437,SG06495,7.000
SG06093,SG06106,7.000
SG09078,SG09174,12.000
SG06467,SG06472,6.000
SG04081,SG04107,11.000
SG06004,SG06074,10.000
SG02273,SG02343,9.000
SG05113,SG05133,8.000
SG03055,SG03078,8.000
SG05168,SG05195,10.000
SG09801,SG09839,12.000
SG07443,SG07539,6.000
SG08676,SG08703,8.000
SG06859,SG06915,8.000
SG06987,SG07050,8.000
SG07793,SG07847,6.000
SG03899,SG03993,7.000
SG00942,SG00982,11.000
SG08859,SG08873,7.000
SG04981,SG04994,10.000
SG09649,SG09656,9.000
SG05245,SG05276,12.000
SG05590,SG05618,8.000
SG09363,SG09455,12.000
SG00336,SG00338,10.000
SG07476,SG07545,9.000
SG05883,SG05958,12.000
SG07861,SG07872,9.000
SG03193,SG03201,11.000
SG08169,SG08231,11.000
SG08133,SG08210,6.000
SG03691,SG03782,8.000
SG02483,SG02499,8.000
SG07624,SG07664,7.000
SG01726,SG01810,9.000
SG00012,SG00023,10.000
SG02210,SG02232,6.000
SG02313,SG02402,7.000
SG03300,SG03356,10.000
SG09200,SG09234,10.000
SG03402,SG03425,6.000
SG08712,SG08727,12.000
SG05323,SG05418,12.000
SG01984,SG02056,10.000
SG04569,SG04624,10.000
SG05035,SG05084,8.000
SG06832,SG06845,6.000
SG03147,SG03226,10.000
SG06428,SG06490,9.000
SG03845,SG03910,6.000
SG08668,SG08680,6.000
SG03030,SG03110,11.000
SG04494,SG04509,6.000
SG00989,SG01020,7.000
SG08065,SG08125,6.000
SG06526,SG06545,6.000
SG05618,SG05711,8.000
SG08849,SG08930,7.000
SG09919,SG09993,6.000
SG03826,SG03905,6.000
SG07079,SG07164,12.000
SG04368,SG04444,8.000
SG04600,SG04688,9.000
SG09593,SG09662,12.000
SG09321,SG09376,9.000
SG04818,SG04911,10.000
SG04630,SG04677,10.000
SG09810,SG09834,6.000
SG05920,SG05962,9.000
SG06781,SG06788,6.000
SG05095,SG05116,6.000
SG08019,SG08114,6.000
SG06884,SG06916,10.000
SG06309,SG06354,9.000
SG05108,SG05119,6.000
SG05146,SG05224,10.000
SG03879,SG03902,8.000
SG00744,SG00800,9.000
SG00187,SG00215,12.000
SG09670,SG09750,7.000
SG08470,SG08510,9.000
SG05143,SG05219,12.000
SG07888,SG07927,7.000
SG07313,SG07348,11.000
SG06971,SG07024,12.000
SG08803,SG08889,10.000
SG01527,SG01543,11.000
SG02006,SG02090,12.000
SG08009,SG08018,9.000
SG09839,SG09904,6.000
SG09345,SG09385,10.000
SG02322,SG02389,7.000
SG01375,SG01429,6.000
SG08281,SG08364,11.000
SG08955,SG09005,7.000
SG00111,SG00207,12.000
SG09276,SG09340,6.000
SG00676,SG00748,12.000
SG09420,SG09448,10.000
SG00553,SG00566,7.000
SG03570,SG03624,9.000
SG01647,SG01661,9.000
SG05792,SG05840,7.000
SG05342,SG05398,11.000
SG05084,SG05122,12.000
SG00377,SG00418,9.000
SG03478,SG03546,10.000
SG03224,SG03312,6.000
SG03599,SG03618,10.000
SG02513,SG02606,8.000
SG02255,SG02271,12.000
SG04610,SG04666,10.000
SG09613,SG09666,10.000
SG00413,SG00419,6.000
SG02288,SG02365,7.000
SG09477,SG09519,12.000
SG01454,SG01528,7.000
SG07256,SG07279,10.000
SG07000,SG07055,6.000
SG00280,SG00315,6.000
SG03857,SG03900,11.000
SG02940,SG02989,9.000
SG00125,SG00201,8.000
SG04094,SG04120,9.000
SG06587,SG06643,12.000
SG02265,SG02360,10.000
SG06795,SG06817,11.000
SG00699,SG00741,8.000
SG04200,SG04264,9.000
SG08357,SG08446,12.000
SG01006,SG01100,6.000
SG05838,SG05934,8.000
SG00549,SG00590,6.000
SG06806,SG06814,10.000
SG04306,SG04338,6.000
SG01349,SG01438,10.000
SG04112,SG04130,8.000
SG08488,SG08578,12.000
SG03042,SG03087,11.000
SG06416,SG06502,12.000
SG02750,SG02843,8.000
SG01528,SG01553,10.000
SG04022,SG04059,11.000
SG06624,SG06708,7.000
SG08977,SG09046,6.000
SG05394,SG05396,6.000
SG00920,SG00959,6.000
SG00071,SG00103,7.000
SG09347,SG09388,11.000
SG02573,SG02623,12.000
SG06291,SG06337,7.000
SG02230,SG02266,12.000
SG04040,SG04135,12.000
SG05804,SG05839,11.000
SG06507,SG06576,6.000
SG03794,SG03809,6.000
SG05253,SG05260,11.000
SG01333,SG01405,7.000
SG09493,SG09506,9.000
SG08216,SG08266,10.000
SG05480,SG05498,6.000
SG01173,SG01257,9.000
SG07581,SG07628,7.000
SG08167,SG08232,9.000
SG09278,SG09372,10.000
SG09813,SG09886,9.000
SG00333,SG00395,8.000
SG02626,SG02640,8.000
SG04613,SG04647,11.000
SG03369,SG03426,6.000
SG04687,SG04771,9.000
SG08827,SG08888,6.000
SG02386,SG02458,6.000
SG01630,SG01680,12.000
SG02254,SG02258,6.000
SG05773,SG05807,8.000
SG05214,SG05309,7.000
SG05977,SG06014,7.000
SG06118,SG06172,9.000
SG08551,SG08638,6.000
SG09087,SG09117,8.000
SG08634,SG08713,12.000
SG01985,SG02041,8.000
SG05145,SG05236,7.000
SG03966,SG04021,9.000
SG01236,SG01327,10.000
SG01019,SG01097,12.000
SG09981,SG09984,7.000
SG01942,SG02015,10.000
SG03156,SG03172,10.000
SG04208,SG04290,9.000
SG00928,SG00981,12.000
SG04032,SG04054,11.000
SG02597,SG02613,10.000
SG00617,SG00625,7.000
SG08953,SG09005,7.000
SG09208,SG09240,10.000
SG05875,SG05971,11.000
SG04350,SG04385,9.000
SG02165,SG02231,7.000
SG01761,SG01803,6.000
SG02905,SG02975,7.000
SG07581,SG07595,6.000
SG08468,SG08480,11.000
SG05591,SG05626,7.000
SG09317,SG09342,9.000
SG09499,SG09572,6.000
SG03527,SG03575,10.000
SG06506,SG06584,8.000
SG08210,SG08217,8.000
SG03495,SG03578,8.000
SG03283,SG03340,8.000
SG06140,SG06173,9.000
SG06976,SG06998,6.000
SG07451,SG07505,8.000
SG02719,SG02761,7.000
SG03575,SG03663,10.000
SG07199,SG07264,10.000
SG04469,SG04510,9.000
SG05119,SG05184,6.000
SG03255,SG03260,8.000
SG08059,SG08130,8.000
SG03878,SG03927,9.000
SG08506,SG08571,10.000
SG00304,SG00322,6.000
SG06253,SG06309,9.000
SG04870,SG04892,8.000
SG08509,SG08564,7.000
SG06823,SG06892,6.000
SG07858,SG07916,10.000
SG07615,SG07657,12.000
SG05262,SG05345,6.000
SG00137,SG00171,7.000
SG09174,SG09202,8.000
SG07258,SG07297,12.000
SG07482,SG07507,9.000
SG03744,SG03785,6.000
SG04085,SG04150,8.000
SG02761,SG02820,7.000
SG00566,SG00568,6.000
SG08299,SG08321,11.000
SG01946,SG01966,7.000
SG01533,SG01571,11.000
SG03007,SG03064,8.000
SG06793,SG06865,8.000
SG06838,SG06850,10.000
SG05056,SG05110,6.000
SG07339,SG07402,12.000
SG06811,SG06874,11.000
SG05950,SG06017,9.000
SG05579,SG05668,6.000
SG07822,SG07917,11.000
SG09025,SG09063,6.000
SG07221,SG07295,7.000
SG02027,SG02108,7.000
SG04276,SG04358,11.000
SG05927,SG05936,8.000
SG08376,SG08443,11.000
SG06060,SG06092,7.000
SG05636,SG05687,8.000
SG06282,SG06311,8.000
SG02169,SG02248,12.000
SG00027,SG00047,9.000
SG09352,SG09443,10.000
SG03261,SG03278,6.000
SG05197,SG05203,8.000
SG01021,SG01082,9.000
SG05205,SG05258,10.000
SG06721,SG06765,9.000
SG00123,SG00167,12.000
SG07754,SG07832,6.000
SG04640,SG04721,12.000
SG02604,SG02621,12.000
SG03647,SG03716,12.000
SG09479,SG09568,6.000
SG09217,SG09241,8.000
SG04932,SG04964,7.000
SG05077,SG05173,10.000
SG08661,SG08692,9.000
SG04260,SG04289,11.000
SG08349,SG08417,10.000
SG02831,SG02880,11.000
SG01639,SG01706,9.000
SG06308,SG06331,9.000
SG01691,SG01743,11.000
SG08739,SG08813,9.000
SG03977,SG04059,10.000
SG05458,SG05496,12.000
SG05556,SG05641,11.000
SG02451,SG02501,12.000
SG09733,SG09824,6.000
SG06195,SG06221,11.000
SG09326,SG09402,12.000
SG00832,SG00882,10.000
SG06365,SG06435,10.000
SG02801,SG02889,6.000
SG05632,SG05693,8.000
SG09663,SG09758,7.000
SG09486,SG09582,11.000
SG07939,SG08034,12.000
SG02713,SG02733,12.000
SG07504,SG07530,10.000
SG04195,SG04201,12.000
SG05503,SG05590,9.000
SG07643,SG07686,8.000
SG04058,SG04136,11.000
SG02201,SG02232,11.000
SG01331,SG01394,8.000
SG05901,SG05989,8.000
SG07878,SG07965,11.000
SG06449,SG06456,7.000
SG07873,SG07899,6.000
SG05243,SG05279,12.000
SG00768,SG00819,6.000
SG07481,SG07578,10.000
SG01406,SG01416,12.000
SG04353,SG04450,9.000
SG08714,SG08735,9.000
SG08245,SG08275,6.000
SG02892,SG02929,7.000
SG09236,SG09270,8.000
SG01694,SG01787,8.000
SG06564,SG06575,9.000
SG06075,SG06135,10.000
SG02823,SG02892,9.000
SG07207,SG07255,12.000
SG06995,SG07059,8.000
SG08907,SG08989,7.000
SG05759,SG05840,7.000
SG04865,SG04901,9.000
SG06290,SG06367,10.000
SG06894,SG06984,6.000
SG08845,SG08941,9.000
SG09177,SG09191,8.000
SG09463,SG09484,9.000
SG00090,SG00165,10.000
SG01916,SG01932,11.000
SG03688,SG03723,6.000
SG02942,SG02971,8.000
SG01860,SG01896,6.000
SG01735,SG01795,7.000
SG07739,SG07787,10.000
SG06243,SG06324,7.000
SG06081,SG06164,8.000
SG03693,SG03712,10.000
SG01195,SG01285,12.000
SG07840,SG07894,6.000
SG07962,SG07972,10.000
SG03209,SG03237,11.000
SG00128,SG00195,10.000
SG05150,SG05225,10.000
SG01219,SG01226,10.000
SG03985,SG04044,10.000
SG02494,SG02506,7.000
SG09885,SG09921,12.000
SG00262,SG00328,10.000
SG05677,SG05753,12.000
SG06941,SG06953,6.000
SG05502,SG05576,10.000
SG07307,SG07367,9.000
SG01379,SG01405,7.000
SG08976,SG09016,7.000
SG05310,SG05353,11.000
SG04894,SG04953,6.000
SG04767,SG04791,6.000
SG01200,SG01264,9.000
SG02358,SG02376,11.000
SG06774,SG06786,10.000
SG09242,SG09310,6.000
SG06834,SG06868,9.000
SG04673,SG04750,11.000
SG02629,SG02679,11.000
SG03922,SG04009,11.000
SG08259,SG08317,11.000
SG01966,SG01987,6.000
SG04607,SG04617,11.000
SG03822,SG03888,9.000
SG04778,SG04838,10.000
SG02369,SG02387,8.000
SG06123,SG06179,12.000
SG04068,SG04135,9.000
SG06330,SG06355,7.000
SG00337,SG00427,9.000
SG05913,SG05995,10.000
SG00484,SG00510,8.000
SG02369,SG02451,6.000
SG09264,SG09310,7.000
SG02791,SG02815,8.000
SG01407,SG01447,6.000
SG07631,SG07679,10.000
SG04947,SG04998,8.000
SG09098,SG09148,11.000
SG08061,SG08110,7.000
SG08993,SG09019,11.000
SG08461,SG08477,8.000
SG03297,SG03324,8.000
SG03338,SG03370,10.000
SG00169,SG00176,9.000
SG09558,SG09616,7.000
SG04681,SG04740,6.000
SG01337,SG01400,7.000
SG03440,SG03459,12.000
SG04181,SG04270,8.000
SG05681,SG05695,9.000
SG02495,SG02546,11.000
SG00141,SG00211,10.000
SG02169,SG02215,7.000
SG09721,SG09793,8.000
SG01653,SG01746,12.000
SG04130,SG04160,6.000
SG03780,SG03803,9.000
SG05102,SG05164,11.000
SG08917,SG08982,11.000
SG04958,SG04968,11.000
SG06089,SG06144,11.000
SG07882,SG07947,7.000
SG05634,SG05636,11.000
SG00015,SG09945,12.000
SG02884,SG02981,9.000
SG09211,SG09297,12.000
SG00344,SG00383,7.000
SG06901,SG06954,7.000
SG04136,SG04225,6.000
SG05112,SG05185,12.000
SG02048,SG02112,7.000
SG01695,SG01782,7.000
SG03649,SG03689,8.000
SG09144,SG09209,6.000
SG00630,SG00658,11.000
SG07398,SG07459,6.000
SG05965,SG06028,10.000
SG00954,SG01013,8.000
SG06785,SG06830,11.000
SG04213,SG04251,12.000
SG06150,SG06206,7.000
SG06147,SG06241,9.000
SG06289,SG06319,11.000
SG01923,SG01973,6.000
SG05480,SG05490,6.000
SG05963,SG06036,8.000
SG09061,SG09092,11.000
SG02891,SG02946,7.000
SG03818,SG03908,10.000
SG01164,SG01256,8.000
SG05528,SG05546,8.000
SG09572,SG09652,11.000
SG01846,SG01918,12.000
SG07158,SG07181,9.000
SG07880,SG07954,8.000
SG06444,SG06464,6.000
SG05982,SG05992,8.000
SG09214,SG09295,11.000
SG08994,SG09030,12.000
SG04494,SG04553,10.000
SG04481,SG04509,12.000
SG08759,SG08771,11.000
SG06345,SG06433,11.000
SG00209,SG00221,10.000
SG00185,SG00275,11.000
SG05441,SG05525,7.000
SG05603,SG05646,12.000
SG06011,SG06099,8.000
SG02891,SG02953,9.000
SG07449,SG07535,6.000
SG08764,SG08858,12.000
SG02298,SG02376,10.000
SG06814,SG06881,9.000
SG04924,SG04930,8.000
SG08551,SG08646,7.000
SG07186,SG07224,6.000
SG01095,SG01118,7.000
SG03812,SG03865,7.000
SG03285,SG03288,6.000
SG02554,SG02623,12.000
SG03846,SG03903,11.000
SG00073,SG09995,9.000
SG08963,SG08986,8.000
SG07484,SG07507,11.000
SG02683,SG02729,9.000
SG06060,SG06110,10.000
SG07741,SG07798,10.000
SG02680,SG02721,8.000
SG07218,SG07245,11.000
SG05526,SG05600,6.000
SG04557,SG04590,8.000
SG01976,SG01990,7.000
SG01498,SG01569,6.000
SG01893,SG01987,10.000
SG06111,SG06205,11.000
SG09507,SG09594,8.000
SG06822,SG06885,12.000
SG02348,SG02381,10.000
SG08911,SG08952,8.000
SG03659,SG03692,7.000
SG07948,SG07995,12.000
SG05615,SG05673,6.000
SG01375,SG01452,9.000
SG08125,SG08216,10.000
SG08798,SG08857,8.000
SG01375,SG01417,9.000
SG08910,SG08974,11.000
SG00937,SG01020,9.000
SG00540,SG00599,6.000
SG04423,SG04512,8.000
SG07649,SG07729,7.000
SG09420,SG09435,7.000
SG00382,SG00478,8.000
SG07590,SG07673,11.000
SG06054,SG06120,8.000
SG05424,SG05468,11.000
SG06627,SG06700,11.000
SG00034,SG10000,7.000
SG01355,SG01372,9.000
SG04691,SG04766,9.000
SG07570,SG07599,7.000
SG00645,SG00666,9.000
SG07069,SG07162,6.000
SG05608,SG05651,8.000
SG03432,SG03445,9.000
SG08066,SG08149,7.000
SG04940,SG05033,7.000
SG02116,SG02199,12.000
SG01714,SG01760,12.000
SG02853,SG02885,8.000
SG02405,SG02434,9.000
SG03734,SG03743,6.000
SG08287,SG08365,11.000
SG02189,SG02235,11.000
SG09160,SG09244,11.000
SG08179,SG08210,9.000
SG09092,SG09170,6.000
SG08154,SG08205,11.000
SG08939,SG08942,12.000
SG04530,SG04574,9.000
SG09769,SG09859,7.000
SG04002,SG04054,6.000
SG05090,SG05159,6.000
SG07426,SG07489,6.000
SG03074,SG03152,11.000
SG05143,SG05189,7.000
SG01044,SG01091,11.000
SG05260,SG05308,7.000
SG06426,SG06436,12.000
SG04036,SG04115,8.000
SG09265,SG09274,8.000
SG07828,SG07918,11.000
SG04416,SG04467,10.000
SG00718,SG00722,9.000
SG04791,SG04832,6.000
SG01416,SG01462,8.000
SG03639,SG03663,12.000
SG03190,SG03229,7.000
SG01937,SG01955,6.000
SG01783,SG01788,12.000
SG09678,SG09733,8.000
SG04365,SG04437,11.000
SG05274,SG05325,8.000
SG08019,SG08078,11.000
SG08596,SG08607,12.000
SG04820,SG04859,9.000
SG08464,SG08513,12.000
SG02732,SG02766,12.000
SG07767,SG07816,9.000
SG07055,SG07058,6.000
SG06555,SG06569,10.000
SG03402,SG03434,11.000
SG07455,SG07504,10.000
SG03821,SG03899,11.000
SG07410,SG07464,8.000
SG04604,SG04609,7.000
SG06762,SG06794,7.000
SG07744,SG07777,10.000
SG07536,SG07596,9.000
SG06305,SG06398,9.000
SG08133,SG08164,9.000
SG00237,SG00332,11.000
SG03713,SG03715,11.000
SG05918,SG05974,6.000
SG04644,SG04665,9.000
SG04693,SG04764,10.000
SG08681,SG08735,11.000
SG01057,SG01127,7.000
SG06370,SG06419,7.000
SG07958,SG07965,12.000
SG04197,SG04215,6.000
SG08164,SG08207,8.000
SG01791,SG01799,8.000
SG04824,SG04841,8.000
SG08724,SG08764,9.000
SG04390,SG04450,11.000
SG08745,SG08816,10.000
SG09130,SG09158,9.000
SG05197,SG05251,7.000
SG07566,SG07624,7.000
SG06637,SG06717,6.000
SG07575,SG07584,8.000
SG06850,SG06925,7.000
SG01623,SG01656,6.000
SG04123,SG04174,10.000
SG04817,SG04835,12.000
SG01574,SG01651,11.000
SG07284,SG07288,6.000
SG08994,SG09041,7.000
SG00978,SG01008,10.000
SG07753,SG07756,8.000
SG00394,SG00398,9.000
SG09484,SG09558,6.000
SG05129,SG05202,8.000
SG07086,SG07109,8.000
SG02708,SG02765,6.000
SG08696,SG08740,8.000
SG00855,SG00857,6.000
SG02318,SG02335,6.000
SG02511,SG02584,6.000
SG06398,SG06415,7.000
SG02493,SG02568,9.000
SG00386,SG00449,8.000
SG04876,SG04916,7.000
SG04880,SG04935,9.000
SG03143,SG03215,12.000
SG03930,SG03937,9.000
SG03939,SG03978,8.000
SG08109,SG08152,9.000
SG08033,SG08128,11.000
SG06640,SG06676,12.000
SG02014,SG02107,12.000
SG05888,SG05983,6.000
SG09344,SG09393,6.000
SG00410,SG00499,12.000
SG02899,SG02927,7.000
SG07250,SG07288,8.000
SG01084,SG01139,10.000
SG04773,SG04844,6.000
SG09210,SG09269,6.000
SG09793,SG09875,12.000
SG05100,SG05185,9.000
SG01570,SG01584,7.000
SG06103,SG06128,7.000
SG04185,SG04248,9.000
SG01831,SG01880,10.000
SG00343,SG00419,9.000
SG06202,SG06270,12.000
SG05553,SG05630,11.000
SG01889,SG01917,12.000
SG02400,SG02444,7.000
SG03107,SG03135,11.000
SG05974,SG06019,9.000
SG07065,SG07074,9.000
SG04036,SG04065,10.000
SG03297,SG03329,6.000
SG04790,SG04816,8.000
SG01851,SG01869,8.000
SG01874,SG01906,10.000
SG08794,SG08868,7.000
SG05961,SG05967,10.000
SG09076,SG09123,12.000
SG05786,SG05807,7.000
SG05416,SG05467,10.000
SG04185,SG04247,10.000
SG05741,SG05789,11.000
SG07384,SG07464,6.000
SG03975,SG04000,10.000
SG03989,SG04080,9.000
SG07661,SG07693,11.000
SG04521,SG04542,11.000
SG04257,SG04269,12.000
SG08516,SG08531,9.000
SG03995,SG04084,12.000
SG04801,SG04858,10.000
SG04125,SG04206,8.000
SG07240,SG07244,12.000
SG05262,SG05302,12.000
SG03537,SG03613,10.000
SG08596,SG08606,12.000
SG04301,SG04361,7.000
SG00938,SG00979,8.000
SG04155,SG04180,6.000
SG06233,SG06238,11.000
SG01703,SG01756,9.000
SG05227,SG05270,6.000
SG01489,SG01533,12.000
SG02696,SG02750,9.000
SG04081,SG04090,11.000
SG02100,SG02176,7.000
SG00946,SG00965,7.000
SG03788,SG03821,11.000
SG04259,SG04323,9.000
SG03196,SG03274,12.000
SG09017,SG09058,9.000
SG02858,SG02878,7.000
SG01319,SG01329,10.000
SG04674,SG04689,6.000
SG03078,SG03123,12.000
SG09880,SG09889,6.000
SG05398,SG05411,9.000
SG01617,SG01661,8.000
SG00989,SG01038,10.000
SG02082,SG02124,12.000
SG05930,SG06021,7.000
SG01081,SG01146,11.000
SG03415,SG03434,8.000
SG08433,SG08458,9.000
SG02559,SG02615,8.000
SG07375,SG07457,7.000
SG04376,SG04407,12.000
SG02866,SG02958,7.000
SG00432,SG00494,12.000
SG05677,SG05701,8.000
SG07967,SG07983,12.000
SG03558,SG03608,8.000
SG04096,SG04157,7.000
SG02563,SG02651,12.000
SG01741,SG01824,10.000
SG08119,SG08212,6.000
SG06723,SG06794,9.000
SG04572,SG04597,8.000
SG09697,SG09776,9.000
SG07036,SG07128,10.000
SG03866,SG03958,8.000
SG08361,SG08374,8.000
SG00368,SG00400,11.000
SG00208,SG00299,12.000
SG03484,SG03576,9.000
SG08583,SG08627,9.000
SG07956,SG08003,6.000
SG03924,SG03963,11.000
SG06442,SG06536,11.000
SG02051,SG02109,12.000
SG07002,SG07037,10.000
SG08123,SG08213,6.000
SG04206,SG04266,9.000
SG09305,SG09381,7.000
SG03541,SG03635,8.000
SG06282,SG06308,7.000
SG02959,SG03005,11.000
SG07154,SG07183,9.000
SG08225,SG08267,10.000
SG02771,SG02816,11.000
SG05844,SG05927,9.000
SG08311,SG08351,8.000
SG09378,SG09420,12.000
SG05030,SG05120,11.000
SG07572,SG07576,6.000
SG06691,SG06712,11.000
SG06447,SG06517,10.000
SG00395,SG00485,11.000
SG08090,SG08164,12.000
SG09480,SG09546,9.000
SG06831,SG06889,6.000
SG00004,SG09932,7.000
SG04550,SG04570,12.000
SG09570,SG09643,12.000
SG01533,SG01551,6.000
SG04116,SG04182,10.000
SG03281,SG03298,11.000
SG04440,SG04467,11.000
SG07636,SG07662,11.000
SG07696,SG07752,11.000
SG05992,SG06047,6.000
SG00096,SG00101,6.000
SG08042,SG08134,8.000
SG03600,SG03650,7.000
SG06922,SG06959,8.000
SG01146,SG01175,12.000
SG01460,SG01476,10.000
SG08207,SG08290,10.000
SG00160,SG00214,12.000
SG00612,SG00649,9.000
SG08106,SG08117,7.000
SG02852,SG02933,6.000
SG08841,SG08905,6.000
SG05579,SG05627,7.000
SG09083,SG09086,10.000
SG08883,SG08913,8.000
SG00453,SG00466,9.000
SG07257,SG07324,11.000
SG09918,SG09989,6.000
SG06135,SG06172,10.000
SG04964,SG05019,9.000
SG06569,SG06622,8.000
SG01208,SG01218,8.000
SG07154,SG07166,12.000
SG04989,SG05013,8.000
SG08851,SG08866,6.000
SG01861,SG01881,7.000
SG02012,SG02052,10.000
SG09719,SG09721,8.000
SG03747,SG03786,9.000
SG02893,SG02977,6.000
SG01069,SG01142,12.000
SG06824,SG06831,11.000
SG08914,SG08983,6.000
SG02248,SG02338,12.000
SG05513,SG05570,10.000
SG09063,SG09091,11.000
SG08615,SG08676,8.000
SG03613,SG03632,10.000
SG08026,SG08057,9.000
SG04793,SG04811,7.000
SG00796,SG00881,12.000
SG04696,SG04725,12.000
SG08429,SG08461,10.000
SG04134,SG04204,12.000
SG08747,SG08840,8.000
SG02938,SG02998,8.000
SG01627,SG01669,6.000
SG04970,SG05008,10.000
SG05939,SG05973,8.000
SG09120,SG09216,9.000
SG07730,SG07800,6.000
SG05531,SG05563,12.000
SG05116,SG05185,11.000
SG01847,SG01858,9.000
SG06658,SG06727,7.000
SG02763,SG02810,10.000
SG05268,SG05354,7.000
SG08359,SG08414,6.000
SG02108,SG02120,6.000
SG08210,SG08218,9.000
SG02539,SG02584,12.000
SG09659,SG09667,10.000
SG02196,SG02279,7.000
SG05623,SG05696,9.000
SG03700,SG03717,6.000
SG00414,SG00452,8.000
SG06644,SG06653,10.000
SG07017,SG07036,8.000
SG03254,SG03313,8.000
SG06594,SG06663,8.000
SG02838,SG02857,11.000
SG06392,SG06424,7.000
SG07781,SG07849,6.000
SG06328,SG06414,7.000
SG05604,SG05619,7.000
SG02841,SG02848,9.000
SG03617,SG03633,7.000
SG01950,SG02007,12.000
SG08057,SG08138,8.000
SG07260,SG07295,11.000
SG06447,SG06526,9.000
SG03676,SG03684,7.000
SG03352,SG03439,8.000
SG09385,SG09394,6.000
SG03928,SG03973,11.000
SG07920,SG07980,12.000
SG09684,SG09729,6.000
SG04360,SG04450,12.000
SG04912,SG04982,6.000
SG05687,SG05724,6.000
SG03396,SG03473,12.000
SG00575,SG00605,8.000
SG01381,SG01383,9.000
SG09022,SG09057,10.000
SG07511,SG07565,9.000
SG02978,SG03068,12.000
SG01679,SG01740,6.000
SG05992,SG06077,9.000
SG05558,SG05603,12.000
SG08583,SG08661,9.000
SG06135,SG06177,9.000
SG07155,SG07208,10.000
SG03021,SG03048,6.000
SG03399,SG03449,7.000
SG08677,SG08765,8.000
SG08994,SG09066,12.000
SG01261,SG01318,10.000
SG02484,SG02486,9.000
SG00517,SG00550,9.000
SG02286,SG02383,7.000
SG01248,SG01329,7.000
SG07366,SG07427,8.000
SG04522,SG04558,7.000
SG05864,SG05961,7.000
SG06955,SG06990,8.000
SG07526,SG07595,9.000
SG01343,SG01384,9.000
SG08758,SG08837,6.000
SG00752,SG00806,7.000
SG05175,SG05192,12.000
SG00907,SG00957,12.000
SG06164,SG06235,6.000
SG05651,SG05696,9.000
SG05040,SG05131,10.000
SG05369,SG05418,9.000
SG07224,SG07311,6.000
SG01729,SG01758,10.000
SG03384,SG03481,9.000
SG02107,SG02196,12.000
SG05088,SG05128,8.000
SG06597,SG06661,7.000
SG02963,SG03026,7.000
SG07864,SG07932,12.000
SG02204,SG02277,10.000
SG02237,SG02299,8.000
SG03160,SG03243,7.000
SG07622,SG07689,11.000
SG06339,SG06401,7.000
SG03065,SG03153,9.000
SG06992,SG07017,12.000
SG04311,SG04372,7.000
SG05268,SG05332,6.000
SG02556,SG02607,9.000
SG09236,SG09325,11.000
SG07937,SG08027,6.000
SG00621,SG00647,10.000
SG08274,SG08282,12.000
SG02360,SG02447,9.000
SG05231,SG05294,6.000
SG03847,SG03858,12.000
SG07664,SG07707,10.000
SG09508,SG09541,6.000
SG03408,SG03435,8.000
SG09764,SG09828,7.000
SG09428,SG09445,9.000
SG06238,SG06293,7.000
SG04130,SG04155,12.000
SG05668,SG05724,8.000
SG07848,SG07876,7.000
SG05244,SG05291,12.000
SG06272,SG06324,8.000
SG06465,SG06506,9.000
SG09888,SG09905,9.000
SG00767,SG00775,9.000
SG08575,SG08615,6.000
SG08805,SG08859,10.000
SG07428,SG07489,6.000
SG01929,SG01936,8.000
SG05788,SG05825,6.000
SG09665,SG09700,11.000
SG09462,SG09502,9.000
SG06702,SG06778,7.000
SG04392,SG04397,8.000
SG07374,SG07378,10.000
SG01618,SG01687,8.000
SG00725,SG00822,8.000
SG06495,SG06500,11.000
SG05537,SG05613,8.000
SG02826,SG02877,7.000
SG07699,SG07714,6.000
SG02994,SG03050,9.000
SG02829,SG02838,6.000
SG01502,SG01584,9.000
SG00566,SG00583,7.000
SG09601,SG09617,12.000
SG04118,SG04131,7.000
SG06064,SG06156,8.000
SG05208,SG05219,9.000
SG01824,SG01871,6.000
SG00907,SG01001,11.000
SG07145,SG07192,6.000
SG00866,SG00954,12.000
SG07494,SG07553,9.000
SG01545,SG01625,10.000
SG01338,SG01432,6.000
SG04008,SG04035,7.000
SG07935,SG08025,8.000
SG04180,SG04222,6.000
SG08817,SG08899,7.000
SG04867,SG04905,10.000
SG01376,SG01420,7.000
SG07931,SG07989,11.000
SG09680,SG09719,11.000
SG08355,SG08445,12.000
SG04685,SG04735,9.000
SG00238,SG00268,7.000
SG06353,SG06356,11.000
SG03596,SG03666,9.000
SG02031,SG02120,10.000
SG00861,SG00953,7.000
SG01909,SG01978,7.000
SG08761,SG08840,6.000
SG01564,SG01568,7.000
SG05503,SG05556,9.000
SG06631,SG06703,12.000
SG00462,SG00557,9.000
SG03705,SG03751,6.000
SG04513,SG04521,12.000
SG07677,SG07762,7.000
SG09394,SG09471,10.000
SG07141,SG07170,6.000
SG04657,SG04694,12.000
SG09180,SG09244,6.000
SG06465,SG06556,6.000
SG01122,SG01209,6.000
SG04402,SG04498,7.000
SG02635,SG02691,7.000
SG06110,SG06134,9.000
SG05142,SG05145,10.000
SG05704,SG05801,7.000
SG09909,SG09925,6.000
SG06039,SG06105,6.000
SG09619,SG09670,11.000
SG07753,SG07755,8.000
SG03725,SG03744,11.000
SG05100,SG05133,11.000
SG03644,SG03725,10.000
SG00652,SG00690,7.000
SG02961,SG03041,9.000
SG03515,SG03517,10.000
SG08410,SG08448,12.000
SG09497,SG09555,12.000
SG02600,SG02616,12.000
SG02172,SG02181,12.000
SG07403,SG07426,9.000
SG01823,SG01870,8.000
SG00695,SG00734,7.000
SG00215,SG00278,11.000
SG06967,SG07030,6.000
SG03892,SG03931,10.000
SG07166,SG07169,6.000
SG02649,SG02669,10.000
SG03303,SG03371,7.000
SG03784,SG03861,10.000
SG01794,SG01822,9.000
SG02161,SG02188,12.000
SG04538,SG04618,11.000
SG01768,SG01838,11.000
SG01249,SG01251,10.000
SG01900,SG01981,11.000
SG08926,SG09011,7.000
SG00910,SG00925,7.000
SG07490,SG07557,8.000
SG08417,SG08454,11.000
SG02782,SG02816,12.000
SG03401,SG03424,10.000
SG02390,SG02403,10.000
SG06491,SG06588,12.000
SG04258,SG04326,7.000
SG00562,SG00644,6.000
SG05923,SG05949,10.000
SG00058,SG00143,7.000
SG01529,SG01620,9.000
SG07004,SG07007,6.000
SG07761,SG07846,11.000
SG05962,SG06053,7.000
SG06509,SG06584,12.000
SG01900,SG01913,6.000
SG04622,SG04654,12.000
SG09752,SG09815,10.000
SG07667,SG07692,11.000
SG02854,SG02945,7.000
SG08211,SG08260,8.000
SG05229,SG05252,7.000
SG08061,SG08118,12.000
SG00316,SG00405,10.000
SG01108,SG01172,7.000
SG01982,SG02053,8.000
SG07156,SG07198,12.000
SG03033,SG03062,9.000
SG00430,SG00509,6.000
SG07612,SG07680,6.000
SG07547,SG07549,6.000
SG07488,SG07577,9.000
SG01627,SG01710,9.000
SG03882,SG03928,7.000
SG00161,SG00240,6.000
SG06803,SG06883,9.000
SG07244,SG07300,8.000
SG08489,SG08512,10.000
SG04044,SG04113,10.000
SG07072,SG07169,9.000
SG08002,SG08025,11.000
SG06703,SG06744,10.000
SG09318,SG09384,8.000
SG01600,SG01693,6.000
SG06033,SG06075,11.000
SG09569,SG09592,6.000
SG04405,SG04469,12.000
SG06003,SG06087,10.000
SG02618,SG02648,10.000
SG07903,SG07906,12.000
SG01118,SG01120,8.000
SG09654,SG09701,12.000
SG05275,SG05316,9.000
SG03798,SG03808,11.000
SG03700,SG03771,11.000
SG01432,SG01445,6.000
SG01525,SG01603,9.000
SG03860,SG03878,12.000
SG00419,SG00459,6.000
SG00240,SG00282,9.000
SG09210,SG09214,9.000
SG00887,SG00922,12.000
SG08796,SG08834,12.000
SG03283,SG03339,7.000
SG05668,SG05699,6.000
SG03216,SG03270,12.000
SG08082,SG08177,8.000
SG07543,SG07572,11.000
SG00640,SG00727,10.000
SG03460,SG03524,11.000
SG05053,SG05085,9.000
SG02441,SG02522,7.000
SG00241,SG00281,11.000
SG00837,SG00914,7.000
SG01736,SG01773,7.000
SG04156,SG04215,8.000
SG01838,SG01922,11.000
SG03835,SG03894,6.000
SG06151,SG06177,6.000
SG04554,SG04587,12.000
SG02174,SG02211,11.000
SG02406,SG02444,11.000
SG09661,SG09737,8.000
SG00206,SG00282,6.000
SG03599,SG03685,7.000
SG01427,SG01463,11.000
SG07036,SG07115,6.000
SG09470,SG09523,12.000
SG05730,SG05781,6.000
SG09637,SG09692,9.000
SG07802,SG07810,12.000
SG08091,SG08120,12.000
SG02403,SG02428,8.000
SG00771,SG00782,6.000
SG00031,SG09997,10.000
SG06298,SG06355,8.000
SG06242,SG06339,8.000
SG06113,SG06190,10.000
SG09903,SG09905,8.000
SG02860,SG02873,9.000
SG05711,SG05757,10.000
SG00178,SG00203,12.000
SG03864,SG03953,7.000
SG04085,SG04092,8.000
SG01966,SG01988,8.000
SG03754,SG03777,10.000
SG00774,SG00816,10.000
SG08204,SG08265,6.000
SG05380,SG05456,9.000
SG01012,SG01066,7.000
SG06333,SG06371,6.000
SG08133,SG08166,9.000
SG04059,SG04144,9.000
SG09907,SG09999,8.000
SG02671,SG02725,9.000
SG08076,SG08129,10.000
SG09208,SG09216,9.000
SG07592,SG07680,12.000
SG09414,SG09453,10.000
SG01925,SG02019,9.000
SG04688,SG04726,8.000
SG05056,SG05145,10.000
SG04812,SG04854,12.000
SG03943,SG03994,11.000
SG00603,SG00655,11.000
SG07717,SG07728,10.000
SG08004,SG08061,6.000
SG04689,SG04748,9.000
SG03262,SG03272,11.000
SG01168,SG01256,7.000
SG06015,SG06038,12.000
SG07652,SG07726,11.000
SG06372,SG06441,9.000
SG03822,SG03854,9.000
SG01591,SG01664,11.000
SG04576,SG04585,11.000
SG00782,SG00867,7.000
SG00652,SG00660,8.000
SG00454,SG00539,10.000
SG09926,SG09938,10.000
SG02644,SG02669,7.000
SG04755,SG04793,10.000
SG09073,SG09091,10.000
SG07477,SG07563,7.000
SG02324,SG02359,10.000
SG05955,SG06002,6.000
SG06551,SG06598,11.000
SG04490,SG04531,12.000
SG08908,SG08921,9.000
SG08175,SG08265,8.000
SG06712,SG06802,6.000
SG01447,SG01534,7.000
SG07647,SG07718,10.000
SG09772,SG09808,6.000
SG08988,SG08994,8.000
SG07810,SG07829,12.000
SG00185,SG00234,11.000
SG03584,SG03618,10.000
SG09202,SG09225,9.000
SG06771,SG06822,9.000
SG09919,SG09928,11.000
SG05886,SG05909,12.000
SG03837,SG03847,10.000
SG04470,SG04524,9.000
SG07320,SG07324,12.000
SG05979,SG06026,12.000
SG03876,SG03970,9.000
SG01643,SG01645,6.000
SG02577,SG02610,11.000
SG00637,SG00706,11.000
SG06829,SG06868,12.000
SG08166,SG08226,12.000
SG05396,SG05482,11.000
SG00125,SG00150,10.000
SG08022,SG08043,11.000
SG03477,SG03498,11.000
SG04303,SG04369,12.000
SG05008,SG05042,11.000
SG04740,SG04821,11.000
SG08327,SG08329,11.000
SG00285,SG00308,9.000
SG05465,SG05561,8.000
SG09339,SG09412,9.000
SG05841,SG05895,9.000
SG02133,SG02196,8.000
SG07341,SG07351,11.000
SG09897,SG09918,7.000
SG02360,SG02440,6.000
SG03307,SG03332,10.000
SG01638,SG01698,6.000
SG09509,SG09585,12.000
SG01014,SG01053,7.000
SG02686,SG02752,9.000
SG06676,SG06739,12.000
SG07821,SG07841,12.000
SG03523,SG03606,11.000
SG04031,SG04114,9.000
SG04639,SG04705,10.000
SG00893,SG00953,9.000
SG01519,SG01552,12.000
SG06719,SG06779,10.000
SG07985,SG08017,6.000
SG04421,SG04438,11.000
SG01185,SG01265,12.000
SG03593,SG03606,7.000
SG06361,SG06403,6.000
SG07183,SG07255,11.000
SG00609,SG00702,6.000
SG00428,SG00474,12.000
SG07703,SG07708,8.000
SG06125,SG06210,7.000
SG01707,SG01761,6.000
SG08157,SG08248,9.000
SG02236,SG02247,7.000
SG08072,SG08154,8.000
SG03957,SG04054,11.000
SG05228,SG05263,8.000
SG09141,SG09219,9.000
SG02920,SG02961,10.000
SG07908,SG07950,12.000
SG06550,SG06605,8.000
SG04371,SG04386,9.000
SG06046,SG06097,7.000
SG01318,SG01404,6.000
SG08855,SG08917,9.000
SG09451,SG09480,11.000
SG02676,SG02769,8.000
SG02764,SG02827,6.000
SG04201,SG04221,11.000
SG07349,SG07409,10.000
SG02195,SG02247,12.000
SG00059,SG00095,12.000
SG05817,SG05851,6.000
SG04037,SG04098,7.000
SG02844,SG02864,8.000
SG03339,SG03406,6.000
SG03031,SG03109,12.000
SG06804,SG06821,11.000
SG09799,SG09810,6.000
SG05138,SG05192,6.000
SG04484,SG04521,10.000
SG02941,SG03004,8.000
SG02076,SG02129,10.000
SG02324,SG02356,12.000
SG01353,SG01447,10.000
SG04873,SG04885,10.000
SG06256,SG06295,8.000
SG07209,SG07251,6.000
SG04805,SG04854,10.000
SG00351,SG00386,11.000
SG07472,SG07513,9.000
SG07705,SG07723,9.000
SG04398,SG04462,11.000
SG08770,SG08829,9.000
SG00649,SG00684,9.000
SG08851,SG08943,12.000
SG06646,SG06671,11.000
SG07241,SG07266,8.000
SG07451,SG07460,12.000
SG00559,SG00643,11.000
SG05470,SG05534,9.000
SG02481,SG02558,12.000
SG06919,SG07002,12.000
SG08928,SG08996,9.000
SG08755,SG08808,6.000
SG07133,SG07219,11.000
SG00247,SG00311,6.000
SG00968,SG01031,7.000
SG07722,SG07810,8.000
SG01597,SG01613,11.000
SG02686,SG02699,6.000
SG05067,SG05080,6.000
SG08353,SG08368,7.000
SG04982,SG05019,8.000
SG08031,SG08076,6.000
SG02065,SG02139,6.000
SG06560,SG06619,12.000
SG01255,SG01332,9.000
SG03671,SG03721,9.000
SG04260,SG04292,10.000
SG01348,SG01441,9.000
SG09189,SG09194,6.000
SG06655,SG06723,12.000
SG02201,SG02218,6.000
SG02666,SG02684,10.000
SG07214,SG07294,9.000
SG03762,SG03821,11.000
SG01602,SG01641,12.000
SG03176,SG03189,6.000
SG06736,SG06747,8.000
SG01025,SG01068,12.000
SG05237,SG05332,12.000
SG05656,SG05751,8.000
SG00057,SG00140,7.000
SG00694,SG00749,11.000
SG07139,SG07174,11.000
SG00262,SG00351,12.000
SG01451,SG01486,9.000
SG06096,SG06183,9.000
SG08963,SG08999,7.000
SG08353,SG08440,11.000
SG02515,SG02567,8.000
SG07362,SG07444,8.000
SG00852,SG00907,7.000
SG02116,SG02160,11.000
SG05389,SG05394,7.000
SG03495,SG03502,10.000
SG01643,SG01653,10.000
SG01692,SG01761,9.000
SG09913,SG09919,6.000
SG08746,SG08769,6.000
SG05765,SG05847,9.000
SG04041,SG04063,10.000
SG03351,SG03418,7.000
SG03763,SG03823,6.000
SG06677,SG06733,12.000
SG00245,SG00269,11.000
SG03745,SG03830,9.000
SG04481,SG04496,7.000
SG09169,SG09173,9.000
SG00481,SG00526,10.000
SG00515,SG00612,10.000
SG05400,SG05449,6.000
SG08376,SG08418,6.000
SG08377,SG08418,12.000
SG07030,SG07056,10.000
SG01984,SG01997,9.000
SG08976,SG09001,7.000
SG03200,SG03290,8.000
SG02514,SG02585,8.000
SG07998,SG08002,10.000
SG07017,SG07024,6.000
SG00866,SG00943,10.000
SG05499,SG05548,11.000
SG06234,SG06240,10.000
SG04760,SG04812,12.000
SG02753,SG02817,12.000
SG05629,SG05699,7.000
SG02550,SG02607,6.000
SG01069,SG01112,7.000
SG03914,SG03980,9.000
SG05071,SG05098,7.000
SG00657,SG00747,11.000
SG05974,SG06059,6.000
SG02561,SG02632,12.000
SG04747,SG04842,8.000
SG02196,SG02205,8.000
SG07431,SG07510,10.000
SG01938,SG01960,8.000
SG02057,SG02064,12.000
SG04433,SG04520,8.000
SG09501,SG09505,12.000
SG08184,SG08210,10.000
SG05560,SG05595,7.000
SG00432,SG00522,11.000
SG03654,SG03713,10.000
SG00271,SG00363,6.000
SG04591,SG04619,9.000
SG09039,SG09096,10.000
SG07438,SG07479,11.000
SG00622,SG00635,12.000
SG04279,SG04323,6.000
SG04525,SG04560,9.000
SG07214,SG07264,6.000
SG07489,SG07570,6.000
SG08929,SG08981,11.000
SG08232,SG08236,7.000
SG04181,SG04204,9.000
SG02699,SG02731,11.000
SG09252,SG09325,10.000
SG07060,SG07108,11.000
SG05417,SG05449,12.000
SG00854,SG00891,12.000
SG01387,SG01395,7.000
SG06152,SG06177,9.000
SG04141,SG04197,9.000
SG08575,SG08602,12.000
SG08215,SG08218,11.000
SG05603,SG05692,6.000
SG05928,SG05992,11.000
SG04895,SG04964,10.000
SG05899,SG05963,10.000
SG03553,SG03585,10.000
SG00085,SG00108,12.000
SG06383,SG06414,11.000
SG01158,SG01166,8.000
SG00497,SG00574,6.000
SG07919,SG07961,8.000
SG03102,SG03185,6.000
SG07201,SG07266,9.000
SG02160,SG02166,11.000
SG02099,SG02134,12.000
SG03989,SG04001,10.000
SG08827,SG08902,10.000
SG00781,SG00834,11.000
SG03850,SG03868,8.000
SG02752,SG02846,11.000
SG09637,SG09695,9.000
SG07148,SG07169,6.000
SG07179,SG07270,7.000
SG07882,SG07913,11.000
SG06838,SG06881,8.000
SG08230,SG08241,9.000
SG01869,SG01887,10.000
SG02861,SG02930,11.000
SG01597,SG01670,11.000
SG09446,SG09451,11.000
SG05183,SG05190,8.000
SG05429,SG05474,8.000
SG09524,SG09602,9.000
SG08843,SG08880,9.000
SG05253,SG05308,12.000
SG05571,SG05612,8.000
SG05973,SG06060,7.000
SG00986,SG01080,7.000
SG08783,SG08855,12.000
SG04827,SG04859,12.000
SG06542,SG06605,6.000
SG04006,SG04021,11.000
SG08762,SG08801,6.000
SG03837,SG03851,7.000
SG03313,SG03324,9.000
SG05604,SG05672,12.000
SG06249,SG06335,9.000
SG04781,SG04813,7.000
SG03236,SG03318,7.000
SG06558,SG06643,9.000
SG09765,SG09815,12.000
SG06564,SG06617,12.000
SG09460,SG09522,12.000
SG07987,SG07991,11.000
SG08518,SG08520,8.000
SG09894,SG09965,8.000
SG03964,SG03982,6.000
SG06594,SG06610,9.000
SG04756,SG04772,9.000
SG09219,SG09244,11.000
SG06697,SG06709,11.000
SG08202,SG08247,11.000
SG00309,SG00352,12.000
SG02365,SG02459,11.000
SG00694,SG00734,9.000
SG05178,SG05221,11.000
SG00793,SG00798,7.000
SG04414,SG04459,7.000
SG09864,SG09941,12.000
SG06085,SG06113,8.000
SG08027,SG08033,9.000
SG00294,SG00297,6.000
SG01157,SG01190,11.000
SG03677,SG03749,12.000
SG08634,SG08648,12.000
SG03432,SG03446,11.000
SG05341,SG05414,12.000
SG09802,SG09834,12.000
SG09294,SG09336,9.000
SG00323,SG00417,12.000
SG03093,SG03103,10.000
SG08339,SG08400,9.000
SG01613,SG01648,9.000
SG03345,SG03372,12.000
SG05638,SG05723,9.000
SG09733,SG09736,8.000
SG02078,SG02143,11.000
SG06673,SG06739,8.000
SG01647,SG01726,11.000
SG03242,SG03249,9.000
SG05076,SG05156,8.000
SG02628,SG02642,6.000
SG04608,SG04673,10.000
SG05483,SG05532,11.000
SG09432,SG09489,7.000
SG08315,SG08333,6.000
SG07400,SG07403,9.000
SG06368,SG06401,8.000
SG01442,SG01486,10.000
SG04883,SG04897,7.000
SG03284,SG03360,9.000
SG06024,SG06102,11.000
SG09871,SG09890,10.000
SG04261,SG04312,10.000
SG05021,SG05108,8.000
SG08802,SG08893,11.000
SG00883,SG00962,8.000
SG00701,SG00724,12.000
SG06352,SG06399,7.000
SG02950,SG02960,8.000
SG03366,SG03413,11.000
SG06986,SG07009,12.000
SG02544,SG02579,9.000
SG07058,SG07124,9.000
SG07634,SG07671,7.000
SG07636,SG07723,10.000
SG09232,SG09311,12.000
SG06868,SG06962,6.000
SG02962,SG03014,7.000
SG03964,SG03992,6.000
SG01269,SG01356,10.000
SG08528,SG08596,9.000
SG01927,SG02023,6.000
SG08315,SG08382,10.000
SG05799,SG05865,6.000
SG06908,SG06988,10.000
SG02029,SG02122,11.000
SG07343,SG07412,12.000
SG06291,SG06319,6.000
SG00052,SG00117,8.000
SG07551,SG07622,11.000
SG06665,SG06696,7.000
SG06720,SG06781,7.000
SG03362,SG03391,12.000
SG07132,SG07190,7.000
SG01734,SG01804,8.000
SG07653,SG07661,11.000
SG09624,SG09716,8.000
SG05030,SG05127,7.000
SG02274,SG02303,11.000
SG08419,SG08474,10.000
SG03443,SG03513,8.000
SG06524,SG06581,7.000
SG00130,SG00167,6.000
SG02120,SG02206,9.000
SG01210,SG01297,8.000
SG00440,SG00443,12.000
SG02863,SG02883,6.000
SG02668,SG02684,11.000
SG00172,SG00240,7.000
SG04269,SG04338,10.000
SG07948,SG08033,12.000
SG05587,SG05644,12.000
SG02703,SG02723,11.000
SG09834,SG09894,11.000
SG04901,SG04945,8.000
SG06800,SG06819,12.000
SG04390,SG04463,12.000
SG09990,SG09998,8.000
SG05200,SG05234,9.000
SG06100,SG06114,8.000
SG06991,SG07015,11.000
SG09308,SG09327,10.000
SG02328,SG02390,11.000
SG04551,SG04607,10.000
SG09897,SG09986,6.000
SG04237,SG04246,6.000
SG06783,SG06805,7.000
SG07512,SG07553,11.000
SG06161,SG06219,9.000
SG00680,SG00704,10.000
SG03412,SG03458,7.000
SG07523,SG07554,7.000
SG01711,SG01767,7.000
SG09485,SG09556,7.000
SG00896,SG00919,10.000
SG03759,SG03834,12.000
SG08822,SG08874,9.000
SG02798,SG02892,6.000
SG05735,SG05754,11.000
SG07276,SG07296,7.000
SG07456,SG07475,12.000
SG06755,SG06778,10.000
SG05587,SG05669,10.000
SG03766,SG03800,8.000
SG00553,SG00610,9.000
SG08479,SG08511,12.000
SG09290,SG09357,6.000
SG08041,SG08073,8.000
SG01872,SG01892,6.000
SG07858,SG07945,8.000
SG03419,SG03457,11.000
SG06967,SG06997,9.000
SG07477,SG07501,11.000
SG07061,SG07096,9.000
SG07718,SG07722,11.000
SG00060,SG00105,12.000
SG04454,SG04546,11.000
SG03269,SG03310,10.000
SG04260,SG04324,8.000
SG09465,SG09545,7.000
SG02964,SG03024,11.000
SG02591,SG02668,8.000
SG03550,SG03567,9.000
SG00214,SG00279,10.000
SG05622,SG05659,11.000
SG06207,SG06216,11.000
SG00805,SG00893,11.000
SG07451,SG07472,6.000
SG07632,SG07638,10.000
SG06240,SG06258,10.000
SG03296,SG03375,12.000
SG03563,SG03615,6.000
SG08831,SG08841,11.000
SG04624,SG04678,8.000
SG01375,SG01470,8.000
SG01391,SG01468,7.000
SG02698,SG02746,10.000
SG06666,SG06711,8.000
SG03864,SG03894,8.000
SG05330,SG05404,9.000
SG02834,SG02918,12.000
SG09311,SG09376,11.000
SG00440,SG00476,6.000
SG01333,SG01359,9.000
SG01309,SG01399,9.000
SG01967,SG02032,11.000
SG05439,SG05506,10.000
SG03969,SG04003,9.000
SG09800,SG09863,7.000
SG04787,SG04837,7.000
SG09113,SG09173,6.000
SG00679,SG00738,12.000
SG06843,SG06904,6.000
SG00293,SG00353,7.000
SG03442,SG03506,10.000
SG00965,SG01005,7.000
SG08767,SG08842,8.000
SG08006,SG08010,6.000
SG04184,SG04277,11.000
SG08022,SG08058,7.000
SG07648,SG07719,6.000
SG09872,SG09916,12.000
SG00368,SG00464,9.000
SG06566,SG06593,7.000
SG03582,SG03621,7.000
SG00392,SG00453,6.000
SG09065,SG09126,12.000
SG02486,SG02501,10.000
SG00494,SG00551,6.000
SG02514,SG02552,10.000
SG02771,SG02835,9.000
SG04776,SG04858,9.000
SG05972,SG06022,10.000
SG09471,SG09542,10.000
SG07912,SG07938,12.000
SG02712,SG02792,8.000
SG07485,SG07582,10.000
SG01786,SG01812,6.000
SG08102,SG08114,9.000
SG03733,SG03784,6.000
SG09816,SG09898,7.000
SG01156,SG01158,7.000
SG08219,SG08230,8.000
SG00017,SG00051,9.000
SG01066,SG01138,8.000
SG05450,SG05471,6.000
SG07918,SG07999,9.000
SG04198,SG04218,12.000
SG07061,SG07123,11.000
SG01519,SG01589,9.000
SG05643,SG05664,11.000
SG07203,SG07220,7.000
SG06511,SG06577,12.000
SG05054,SG05067,6.000
SG06774,SG06865,11.000
SG03684,SG03747,11.000
SG01768,SG01844,9.000
SG09198,SG09270,11.000
SG01953,SG02029,8.000
SG02993,SG03001,8.000
SG02522,SG02585,11.000
SG06143,SG06234,9.000
SG04232,SG04305,12.000
SG06198,SG06215,12.000
SG02278,SG02352,9.000
SG08420,SG08480,10.000
SG06101,SG06161,9.000
SG02083,SG02101,10.000
SG00036,SG09964,10.000
SG09104,SG09176,12.000
SG00001,SG00052,9.000
SG07612,SG07669,8.000
SG01505,SG01596,6.000
SG02658,SG02680,11.000
SG08427,SG08475,10.000
SG00832,SG00867,9.000
SG08718,SG08742,7.000
SG00628,SG00689,12.000
SG02194,SG02207,7.000
SG06662,SG06714,8.000
SG05355,SG05407,9.000
SG08907,SG08942,9.000
SG07979,SG08053,6.000
SG08569,SG08660,9.000
SG02662,SG02673,9.000
SG05798,SG05843,9.000
SG08718,SG08807,9.000
SG01565,SG01573,7.000
SG09268,SG09283,12.000
SG02582,SG02594,7.000
SG02962,SG03047,12.000
SG04525,SG04595,12.000
SG02777,SG02873,7.000
SG00809,SG00850,10.000
SG01783,SG01836,11.000
SG02268,SG02328,9.000
SG02885,SG02963,8.000
SG03051,SG03061,6.000
SG04316,SG04324,10.000
SG00392,SG00422,6.000
SG08377,SG08460,9.000
SG06303,SG06329,7.000
SG05544,SG05631,8.000
SG08317,SG08329,12.000
SG02845,SG02902,10.000
SG09786,SG09818,6.000
SG02411,SG02418,12.000
SG08509,SG08578,10.000
SG06466,SG06478,8.000
SG01337,SG01392,8.000
SG06857,SG06868,8.000
SG02357,SG02424,10.000
SG03697,SG03779,7.000
SG09137,SG09154,7.000
SG06873,SG06952,12.000
SG05667,SG05700,11.000
SG09214,SG09251,8.000
SG07969,SG08031,12.000
SG09167,SG09225,12.000
SG09247,SG09285,11.000
SG06949,SG07038,6.000
SG01739,SG01823,12.000
SG09534,SG09571,8.000
SG02545,SG02570,6.000
SG09568,SG09640,10.000
SG06478,SG06509,8.000
SG09524,SG09541,9.000
SG00813,SG00855,11.000
SG08232,SG08282,10.000
SG00536,SG00540,10.000
SG00505,SG00580,10.000
SG08768,SG08839,10.000
SG04980,SG05038,8.000
SG01200,SG01255,12.000
SG08713,SG08736,9.000
SG06212,SG06277,8.000
SG02593,SG02642,8.000
SG09436,SG09520,6.000
SG07376,SG07472,8.000
SG03590,SG03606,10.000
SG09261,SG09272,9.000
SG06995,SG07078,9.000
SG04521,SG04617,9.000
SG07935,SG07971,11.000
SG07916,SG07960,10.000
SG02584,SG02604,9.000
SG07540,SG07633,8.000
SG02203,SG02228,7.000
SG02564,SG02577,6.000
SG06335,SG06376,9.000
SG08121,SG08197,12.000
SG03423,SG03455,9.000
SG06462,SG06517,8.000
SG04271,SG04314,7.000
SG03640,SG03704,6.000
SG07672,SG07724,12.000
SG09487,SG09561,12.000
SG07019,SG07043,10.000
SG03586,SG03627,11.000
SG02315,SG02344,11.000
SG04538,SG04565,10.000
SG09454,SG09470,6.000
SG02148,SG02174,7.000
SG08492,SG08511,8.000
SG05308,SG05354,7.000
SG00516,SG00607,6.000
SG00522,SG00586,8.000
SG09319,SG09388,12.000
SG00290,SG00329,8.000
SG04914,SG04981,8.000
SG05060,SG05095,8.000
SG01770,SG01789,9.000
SG00334,SG00405,8.000
SG00926,SG00962,11.000
SG09834,SG09895,8.000
SG02708,SG02779,10.000
SG09622,SG09696,6.000
SG01031,SG01064,8.000
SG04723,SG04741,12.000
SG02037,SG02112,10.000
SG02387,SG02410,6.000
SG04571,SG04585,6.000
SG02610,SG02651,11.000
SG08442,SG08502,8.000
SG00236,SG00289,9.000
SG04185,SG04243,8.000
SG01782,SG01878,7.000
SG07405,SG07474,7.000
SG00210,SG00294,8.000
SG02133,SG02203,11.000
SG09912,SG09947,7.000
SG03803,SG03806,7.000
SG09788,SG09790,11.000
SG06254,SG06299,11.000
SG01003,SG01063,8.000
SG08178,SG08204,12.000
SG09881,SG09907,9.000
SG09018,SG09062,11.000
SG03314,SG03381,7.000
SG06256,SG06352,7.000
SG05930,SG06025,9.000
SG01731,SG01742,12.000
SG03903,SG03997,6.000
SG01198,SG01224,11.000
SG00361,SG00368,7.000
SG09475,SG09525,11.000
SG08641,SG08681,8.000
SG06205,SG06273,11.000
SG07662,SG07690,12.000
SG02700,SG02782,11.000
SG09187,SG09204,11.000
SG01641,SG01725,8.000
SG05260,SG05330,11.000
SG06694,SG06754,12.000
SG06309,SG06398,11.000
SG01483,SG01518,7.000
SG01895,SG01939,12.000
SG04994,SG05046,8.000
SG07504,SG07537,10.000
SG06475,SG06572,6.000
SG07735,SG07825,11.000
SG09399,SG09419,8.000
SG03811,SG03828,6.000
SG02929,SG03022,10.000
SG09366,SG09433,7.000
SG07898,SG07912,7.000
SG05689,SG05786,6.000
SG03829,SG03926,8.000
SG09276,SG09278,12.000
SG01531,SG01534,7.000
SG01595,SG01600,10.000
SG08602,SG08629,11.000
SG08189,SG08200,10.000
SG05999,SG06035,11.000
SG01645,SG01719,7.000
SG06435,SG06531,9.000
SG02153,SG02229,7.000
SG00358,SG00405,9.000
SG00840,SG00908,7.000
SG07074,SG07129,11.000
SG05278,SG05347,10.000
SG07827,SG07918,10.000
SG06566,SG06610,11.000
SG09890,SG09954,9.000
SG01466,SG01524,7.000
SG06687,SG06772,12.000
SG04196,SG04244,6.000
SG04222,SG04263,11.000
SG08842,SG08875,10.000
SG09227,SG09239,9.000
SG08132,SG08210,12.000
SG05183,SG05210,12.000
SG05486,SG05522,6.000
SG09228,SG09314,11.000
SG08124,SG08189,9.000
SG01673,SG01694,11.000
SG07557,SG07620,6.000
SG00928,SG00939,6.000
SG03220,SG03316,12.000
SG05801,SG05821,10.000
SG03406,SG03494,8.000
SG04961,SG04965,8.000
SG08189,SG08219,11.000
SG05452,SG05491,8.000
SG09764,SG09774,12.000
SG09224,SG09318,11.000
SG09752,SG09754,8.000
SG04193,SG04219,11.000
SG08609,SG08631,7.000
SG05137,SG05181,11.000
SG02479,SG02549,12.000
SG05264,SG05318,11.000
SG05795,SG05886,12.000
SG02286,SG02361,12.000
SG06681,SG06745,7.000
SG08854,SG08858,9.000
SG05051,SG05123,11.000
SG06893,SG06899,11.000
SG03149,SG03196,11.000
SG04390,SG04416,7.000
SG03422,SG03455,12.000
SG02096,SG02110,11.000
SG02091,SG02098,12.000
SG02049,SG02127,12.000
SG06775,SG06849,12.000
SG00504,SG00593,12.000
SG06086,SG06181,9.000
SG00223,SG00297,11.000
SG06431,SG06474,8.000
SG02000,SG02007,12.000
SG09432,SG09511,11.000
SG08146,SG08190,9.000
SG00546,SG00626,11.000
SG02250,SG02254,7.000
SG08703,SG08758,10.000
SG05410,SG05460,10.000
SG06318,SG06387,8.000
SG09899,SG09904,10.000
SG01875,SG01934,11.000
SG02581,SG02589,9.000
SG01615,SG01638,10.000
SG02914,SG02944,11.000
SG05859,SG05881,6.000
SG09639,SG09681,11.000
SG07122,SG07130,6.000
SG07051,SG07106,7.000
SG04788,SG04833,6.000
SG01454,SG01502,10.000
SG02602,SG02656,7.000
SG01902,SG01997,7.000
SG03898,SG03981,8.000
SG02034,SG02041,9.000
SG03362,SG03396,8.000
SG02509,SG02586,7.000
SG06348,SG06396,8.000
SG01737,SG01786,12.000
SG05512,SG05542,7.000
SG04188,SG04237,12.000
SG01123,SG01177,11.000
SG03180,SG03252,7.000
SG06268,SG06298,11.000
SG02116,SG02209,11.000
SG06868,SG06927,10.000
SG09700,SG09728,12.000
SG06583,SG06641,9.000
SG03812,SG03826,9.000
SG02246,SG02291,9.000
SG09502,SG09559,12.000
SG02650,SG02736,6.000
SG04457,SG04525,12.000
SG05975,SG06060,6.000
SG06280,SG06328,11.000
SG01494,SG01513,8.000
SG09011,SG09034,7.000
SG01658,SG01663,7.000
SG06763,SG06803,10.000
SG06970,SG06977,8.000
SG05897,SG05924,6.000
SG06307,SG06374,8.000
SG04345,SG04359,8.000
SG02780,SG02797,6.000
SG03192,SG03216,8.000
SG07820,SG07830,12.000
SG02024,SG02042,12.000
SG07183,SG07237,10.000
SG00016,SG00078,9.000
SG05111,SG05139,12.000
SG09243,SG09287,8.000
SG00585,SG00595,10.000
SG06300,SG06384,10.000
SG06687,SG06698,6.000
SG08950,SG09005,6.000
SG07871,SG07919,11.000
SG05572,SG05593,6.000
SG01270,SG01365,7.000
SG06058,SG06081,7.000
SG02399,SG02409,6.000
SG06470,SG06546,7.000
SG04669,SG04697,8.000
SG04996,SG05088,8.000
SG06581,SG06630,10.000
SG08524,SG08606,12.000
SG00484,SG00568,7.000
SG05683,SG05696,10.000
SG03599,SG03674,9.000
SG01338,SG01356,11.000
SG06221,SG06280,11.000
SG02591,SG02685,9.000
SG09294,SG09312,11.000
SG05382,SG05474,6.000
SG04508,SG04601,10.000
SG06911,SG07005,7.000
SG00308,SG00361,11.000
SG00488,SG00509,6.000
SG07354,SG07361,11.000
SG09154,SG09202,11.000
SG02714,SG02785,8.000
SG00638,SG00735,11.000
SG03938,SG04023,12.000
SG02034,SG02045,10.000
SG07833,SG07839,10.000
SG06160,SG06224,10.000
SG05983,SG06075,10.000
SG04478,SG04517,8.000
SG06894,SG06968,7.000
SG08575,SG08605,11.000
SG02134,SG02161,7.000
SG09320,SG09372,10.000
SG02448,SG02541,12.000
SG07190,SG07241,12.000
SG00114,SG00180,8.000
SG09621,SG09708,10.000
SG08127,SG08176,8.000
SG03429,SG03506,7.000
SG00504,SG00509,6.000
SG05028,SG05102,10.000
SG07624,SG07643,11.000
SG00381,SG00446,6.000
SG04296,SG04385,7.000
SG07666,SG07725,12.000
SG06078,SG06105,7.000
SG00335,SG00416,11.000
SG04192,SG04276,10.000
SG02235,SG02238,6.000
SG09585,SG09602,6.000
SG00366,SG00458,6.000
SG05101,SG05133,12.000
SG00339,SG00400,6.000
SG09759,SG09791,9.000
SG05203,SG05238,11.000
SG03664,SG03720,11.000
SG05762,SG05832,11.000
SG04432,SG04488,8.000
SG00346,SG00412,7.000
SG09154,SG09166,11.000
SG09909,SG09968,12.000
SG08095,SG08146,11.000
SG00886,SG00921,6.000
SG00602,SG00657,10.000
SG09129,SG09219,11.000
SG08166,SG08186,12.000
SG04013,SG04051,9.000
SG07484,SG07553,7.000
SG08150,SG08189,6.000
SG05682,SG05759,9.000
SG05675,SG05680,11.000
SG03819,SG03866,8.000
SG06328,SG06394,9.000
SG01511,SG01529,6.000
SG04353,SG04382,9.000
SG08012,SG08102,11.000
SG05938,SG05988,10.000
SG01672,SG01742,8.000
SG07425,SG07437,7.000
SG03303,SG03346,6.000
SG04229,SG04238,9.000
SG07865,SG07901,8.000
SG08086,SG08090,7.000
SG06148,SG06226,7.000
SG03456,SG03497,8.000
SG01792,SG01808,8.000
SG03297,SG03344,8.000
SG02385,SG02471,8.000
SG05606,SG05632,10.000
SG04378,SG04443,10.000
SG05721,SG05799,7.000
SG03529,SG03621,7.000
SG01042,SG01103,7.000
SG03473,SG03559,11.000
SG05130,SG05151,11.000
SG08033,SG08127,11.000
SG02787,SG02799,8.000
SG06142,SG06199,12.000
SG07239,SG07307,8.000
SG04870,SG04913,9.000
SG00650,SG00708,9.000
SG04117,SG04152,12.000
SG00439,SG00524,6.000
SG09267,SG09313,9.000
SG01937,SG02021,11.000
SG03525,SG03588,11.000
SG03404,SG03442,11.000
SG02946,SG02974,12.000
SG07942,SG07985,7.000
SG02478,SG02530,11.000
SG09033,SG09042,9.000
SG03705,SG03735,9.000
SG07955,SG07999,12.000
SG02613,SG02622,7.000
SG02696,SG02718,10.000
SG01696,SG01743,10.000
SG04998,SG05044,9.000
SG03182,SG03248,9.000
SG05263,SG05309,8.000
SG02229,SG02288,10.000
SG00004,SG00069,7.000
SG08788,SG08826,12.000
SG03868,SG03911,10.000
SG07457,SG07518,7.000
SG03663,SG03714,11.000
SG04355,SG04392,9.000
SG05892,SG05978,12.000
SG07661,SG07682,9.000
SG03427,SG03437,12.000
SG04130,SG04220,12.000
SG08314,SG08319,7.000
SG09507,SG09522,7.000
SG08391,SG08435,10.000
SG03595,SG03689,12.000
SG06272,SG06328,11.000
SG07698,SG07745,12.000
SG03724,SG03772,11.000
SG02959,SG02968,12.000
SG01587,SG01639,12.000
SG06415,SG06465,9.000
SG05837,SG05842,11.000
SG06072,SG06168,11.000
SG05642,SG05651,6.000
SG01483,SG01501,7.000
SG05642,SG05691,8.000
SG01533,SG01543,12.000
SG09430,SG09493,7.000
SG01805,SG01829,10.000
SG02402,SG02473,6.000
SG00802,SG00899,7.000
SG03009,SG03085,10.000
SG03003,SG03077,10.000
SG00042,SG09986,10.000
SG07788,SG07842,6.000
SG02567,SG02622,9.000
SG02463,SG02558,9.000
SG09098,SG09165,9.000
SG05412,SG05447,12.000
SG00034,SG09975,8.000
SG07524,SG07592,10.000
SG01600,SG01658,12.000
SG07100,SG07130,8.000
SG02142,SG02186,10.000
SG01013,SG01091,6.000
SG05497,SG05592,6.000
SG03670,SG03719,6.000
SG00038,SG00124,6.000
SG00862,SG00912,12.000
SG01696,SG01790,10.000
SG08597,SG08663,7.000
SG09706,SG09753,9.000
SG03003,SG03045,11.000
SG06124,SG06198,9.000
SG07109,SG07113,8.000
SG00137,SG00179,8.000
SG09288,SG09351,12.000
SG03300,SG03366,8.000
SG07092,SG07186,11.000
SG05316,SG05353,12.000
SG04622,SG04649,6.000
SG00036,SG09961,11.000
SG02272,SG02292,9.000
SG00319,SG00322,11.000
SG00057,SG00078,11.000
SG09825,SG09867,7.000
SG00640,SG00669,9.000
SG03770,SG03815,6.000
SG01039,SG01061,11.000
SG03091,SG03154,12.000
SG03585,SG03639,12.000
SG01534,SG01594,8.000
SG02555,SG02591,8.000
SG06774,SG06856,8.000
SG03721,SG03791,9.000
SG08960,SG08996,6.000
SG05368,SG05406,12.000
SG04456,SG04502,9.000
SG01850,SG01856,7.000
SG01549,SG01645,8.000
SG00083,SG00157,10.000
SG06562,SG06636,7.000
SG06054,SG06122,6.000
SG06354,SG06377,9.000
SG08256,SG08303,8.000
SG04742,SG04775,9.000
SG08369,SG08406,6.000
SG08996,SG09093,12.000
SG02254,SG02310,8.000
SG06464,SG06520,6.000
SG07021,SG07104,8.000
SG03601,SG03650,10.000
SG08103,SG08119,12.000
SG08396,SG08485,12.000
SG04686,SG04749,9.000
SG05535,SG05576,11.000
SG08024,SG08070,6.000
SG09692,SG09748,7.000
SG05737,SG05743,8.000
SG09259,SG09287,9.000
SG01895,SG01902,9.000
SG08757,SG08776,11.000
SG07965,SG08000,12.000
SG06152,SG06184,10.000
SG09341,SG09374,10.000
SG09593,SG09641,7.000
SG06723,SG06799,12.000
SG09656,SG09681,9.000
SG06676,SG06752,6.000
SG06321,SG06333,7.000
SG01978,SG02045,12.000
SG07572,SG07668,6.000
SG05425,SG05511,12.000
SG06972,SG07062,6.000
SG01222,SG01306,10.000
SG03865,SG03876,11.000
SG00130,SG00182,10.000
SG03732,SG03745,7.000
SG04806,SG04852,11.000
SG07670,SG07766,8.000
SG00543,SG00546,12.000
SG04129,SG04174,10.000
SG06812,SG06872,6.000
SG00804,SG00862,10.000
SG02276,SG02366,9.000
SG05714,SG05751,9.000
SG05815,SG05872,9.000
SG05170,SG05253,11.000
SG00503,SG00506,8.000
SG06551,SG06590,7.000
SG00507,SG00534,12.000
SG06441,SG06530,6.000
SG05545,SG05586,6.000
SG03759,SG03817,10.000
SG04308,SG04370,9.000
SG00872,SG00880,10.000
SG05230,SG05238,6.000
SG03989,SG04068,9.000
SG03397,SG03431,12.000
SG02949,SG03045,7.000
SG04178,SG04250,7.000
SG00550,SG00639,9.000
SG00655,SG00705,8.000
SG08355,SG08391,6.000
SG01108,SG01197,9.000
SG00150,SG00161,11.000
SG07851,SG07921,6.000
SG01489,SG01581,10.000
SG07753,SG07781,9.000
SG04736,SG04769,7.000
SG00934,SG00985,10.000
SG09230,SG09256,7.000
SG05477,SG05550,7.000
SG06376,SG06396,10.000
SG05759,SG05769,7.000
SG05191,SG05226,7.000
SG08201,SG08220,8.000
SG05681,SG05766,10.000
SG04096,SG04161,11.000
SG01166,SG01216,6.000
SG02706,SG02723,6.000
SG06707,SG06717,11.000
SG02268,SG02355,11.000
SG04992,SG05064,9.000
SG09940,SG09998,7.000
SG03833,SG03839,6.000
SG07259,SG07310,6.000
SG06548,SG06581,11.000
SG03392,SG03395,6.000
SG08560,SG08639,9.000
SG07635,SG07698,10.000
SG06105,SG06110,9.000
SG03142,SG03220,6.000
SG06720,SG06788,8.000
SG09126,SG09195,6.000
SG01749,SG01796,8.000
SG06685,SG06740,12.000
SG09043,SG09096,6.000
SG07208,SG07300,12.000
SG05101,SG05181,6.000
SG00111,SG00172,9.000
SG00573,SG00576,7.000
SG01530,SG01615,6.000
SG07035,SG07044,12.000
SG05738,SG05778,10.000
SG06883,SG06901,12.000
SG09532,SG09539,10.000
SG07634,SG07661,7.000
SG04803,SG04875,8.000
SG07570,SG07579,12.000
SG09097,SG09126,7.000
SG07091,SG07130,11.000
SG06280,SG06356,7.000
SG00004,SG09989,10.000
SG02578,SG02668,12.000
SG06772,SG06782,9.000
SG05457,SG05466,12.000
SG08708,SG08756,12.000
SG07045,SG07135,8.000
SG02173,SG02198,12.000
SG08315,SG08380,12.000
SG08634,SG08685,11.000
SG08100,SG08188,9.000
SG01967,SG01977,6.000
SG00360,SG00400,12.000
SG02300,SG02344,10.000
SG07096,SG07118,11.000
SG09888,SG09924,11.000
SG00947,SG00957,6.000
SG04262,SG04313,10.000
SG04113,SG04205,7.000
SG08643,SG08712,8.000
SG06734,SG06811,10.000
SG08093,SG08108,9.000
SG01524,SG01549,8.000
SG07594,SG07641,7.000
SG00329,SG00377,8.000
SG03924,SG03948,11.000
SG05504,SG05545,8.000
SG08411,SG08439,11.000
SG02744,SG02768,6.000
SG07019,SG07057,7.000
SG05321,SG05383,11.000
SG05428,SG05458,9.000
SG00737,SG00743,11.000
SG00337,SG00407,6.000
SG02755,SG02794,11.000
SG09909,SG09919,11.000
SG02639,SG02679,9.000
SG06562,SG06618,10.000
SG06488,SG06571,12.000
SG09957,SG09981,11.000
SG08769,SG08790,12.000
SG07563,SG07597,11.000
SG08804,SG08869,8.000
SG00267,SG00300,12.000
SG05011,SG05041,11.000
SG01755,SG01760,10.000
SG04456,SG04478,12.000
SG08458,SG08552,6.000
SG00671,SG00686,10.000
SG02324,SG02380,6.000
SG04024,SG04036,8.000
SG07196,SG07273,6.000
SG04183,SG04194,12.000
SG01802,SG01864,12.000
SG06628,SG06665,7.000
SG03820,SG03897,6.000
SG02783,SG02824,7.000
SG00931,SG01017,12.000
SG09327,SG09406,10.000
SG01705,SG01742,8.000
SG04720,SG04723,12.000
SG02323,SG02385,9.000
SG03048,SG03085,9.000
SG00067,SG00149,10.000
SG05117,SG05170,10.000
SG01845,SG01865,12.000
SG07397,SG07454,7.000
SG01438,SG01484,12.000
SG09066,SG09090,7.000
SG03228,SG03322,10.000
SG09189,SG09217,11.000
SG08517,SG08526,12.000
SG08052,SG08125,6.000
SG03857,SG03897,12.000
SG02042,SG02064,6.000
SG04640,SG04648,7.000
SG08305,SG08389,9.000
SG02208,SG02286,7.000
SG06878,SG06917,9.000
SG04554,SG04564,11.000
SG02163,SG02234,6.000
SG09903,SG09944,12.000
SG05679,SG05692,7.000
SG04748,SG04826,8.000
SG06051,SG06057,9.000
SG03860,SG03896,10.000
SG03335,SG03337,8.000
SG01165,SG01212,10.000
SG06492,SG06528,6.000
SG04936,SG05002,8.000
SG05605,SG05666,7.000
SG05455,SG05459,12.000
SG04433,SG04446,7.000
SG08341,SG08409,12.000
SG06307,SG06354,8.000
SG07993,SG08014,11.000
SG08765,SG08784,9.000
SG04383,SG04389,9.000
SG07299,SG07346,12.000
SG09343,SG09379,12.000
SG02196,SG02222,9.000
SG09532,SG09554,6.000
SG02877,SG02961,11.000
SG03996,SG04024,10.000
SG01182,SG01236,11.000
SG08388,SG08448,11.000
SG02629,SG02694,12.000
SG03483,SG03497,10.000
SG03439,SG03488,7.000
SG05817,SG05910,12.000
SG06675,SG06709,6.000
SG01262,SG01285,8.000
SG03829,SG03832,7.000
SG01099,SG01187,12.000
SG04194,SG04203,10.000
SG02961,SG02987,10.000
SG04088,SG04104,7.000
SG08919,SG09009,6.000
SG06960,SG06984,6.000
SG08073,SG08157,11.000
SG04349,SG04406,6.000
SG04546,SG04568,6.000
SG02108,SG02129,10.000
SG01705,SG01790,9.000
SG06956,SG07016,7.000
SG03046,SG03079,8.000
SG00848,SG00895,8.000
SG07471,SG07511,8.000
SG05505,SG05551,7.000
SG04874,SG04934,8.000
SG02342,SG02345,9.000
SG05112,SG05184,9.000
SG04614,SG04617,8.000
SG02683,SG02752,8.000
SG04466,SG04468,12.000
SG08961,SG09029,11.000
SG08360,SG08389,12.000
SG06699,SG06765,12.000
SG05684,SG05740,7.000
SG05816,SG05890,9.000
SG07882,SG07918,9.000
SG08507,SG08568,11.000
SG04727,SG04742,12.000
SG03339,SG03384,9.000
SG01088,SG01138,10.000
SG05585,SG05651,7.000
SG07334,SG07384,12.000
SG02569,SG02616,6.000
SG00034,SG09958,8.000
SG01435,SG01523,9.000
SG01733,SG01803,7.000
SG00633,SG00697,12.000
SG03404,SG03423,6.000
SG08654,SG08691,7.000
SG07116,SG07150,6.000
SG02259,SG02334,7.000
SG06155,SG06185,11.000
SG04788,SG04836,11.000
SG01801,SG01893,9.000
SG01184,SG01268,8.000
SG06630,SG06635,9.000
SG03313,SG03349,6.000
SG00318,SG00368,10.000
SG05043,SG05087,10.000
SG09282,SG09354,8.000
SG04586,SG04662,7.000
SG01120,SG01146,11.000
SG09843,SG09917,7.000
SG09369,SG09454,9.000
SG04111,SG04114,9.000
SG09159,SG09189,6.000
SG02608,SG02615,11.000
SG00630,SG00638,11.000
SG07965,SG08025,8.000
SG00023,SG00100,8.000
SG03294,SG03351,6.000
SG08821,SG08846,10.000
SG07720,SG07808,8.000
SG04874,SG04932,11.000
SG09561,SG09623,12.000
SG06601,SG06697,11.000
SG09720,SG09792,6.000
SG07890,SG07967,12.000
SG00505,SG00584,10.000
SG07713,SG07763,8.000
SG06038,SG06124,8.000
SG00436,SG00471,6.000
SG07936,SG07996,6.000
SG00951,SG01033,7.000
SG06974,SG07062,12.000
SG08681,SG08761,7.000
SG06301,SG06371,7.000
SG06860,SG06871,12.000
SG07423,SG07487,7.000
SG03888,SG03983,11.000
SG04838,SG04908,10.000
SG02660,SG02745,8.000
SG01970,SG02019,9.000
SG07081,SG07149,7.000
SG08065,SG08079,6.000
SG06045,SG06140,6.000
SG02315,SG02361,12.000
SG03195,SG03290,8.000
SG09429,SG09503,10.000
SG02989,SG03056,6.000
SG05280,SG05315,11.000
SG05560,SG05580,8.000
SG04328,SG04403,12.000
SG09369,SG09401,6.000
SG06428,SG06466,9.000
SG05654,SG05728,10.000
SG06805,SG06849,12.000
SG03392,SG03418,8.000
SG00378,SG00424,9.000
SG03878,SG03899,8.000
SG06489,SG06546,12.000
SG03758,SG03781,11.000
SG05783,SG05844,10.000
SG01586,SG01675,8.000
SG02918,SG02954,6.000
SG08792,SG08876,7.000
SG02409,SG02492,10.000
SG09519,SG09567,6.000
SG01071,SG01078,9.000
SG08209,SG08221,11.000
SG04619,SG04622,7.000
SG07229,SG07317,7.000
SG08862,SG08945,9.000
SG02343,SG02433,6.000
SG02996,SG03066,7.000
SG09583,SG09621,12.000
SG04575,SG04672,9.000
SG06199,SG06265,7.000
SG08322,SG08394,11.000
SG08941,SG08952,8.000
SG04685,SG04688,8.000
SG08156,SG08168,10.000
SG04624,SG04700,10.000
SG04100,SG04126,9.000
SG05064,SG05146,8.000
SG05675,SG05766,6.000
SG00516,SG00566,8.000
SG09597,SG09602,6.000
SG01012,SG01091,12.000
SG02850,SG02878,9.000
SG00547,SG00554,8.000
SG01475,SG01532,8.000
SG04100,SG04117,8.000
SG07154,SG07219,6.000
SG00779,SG00840,10.000
SG08091,SG08172,11.000
SG06290,SG06330,8.000
SG05212,SG05223,11.000
SG05314,SG05376,11.000
SG07067,SG07076,9.000
SG04296,SG04346,12.000
SG00014,SG09955,10.000
SG02982,SG03061,8.000
SG01981,SG02032,7.000
SG09661,SG09665,9.000
SG03994,SG04011,7.000
SG05920,SG05928,8.000
SG04884,SG04976,9.000
SG02509,SG02560,8.000
SG06555,SG06558,11.000
SG03245,SG03310,8.000
SG09457,SG09544,9.000
SG03829,SG03894,8.000
SG03585,SG03664,11.000
SG02409,SG02421,10.000
SG08640,SG08680,6.000
SG05067,SG05164,8.000
SG04562,SG04581,11.000
SG07170,SG07249,12.000
SG07322,SG07386,9.000
SG09275,SG09340,9.000
SG06155,SG06177,7.000
SG08548,SG08604,11.000
SG00071,SG00138,9.000
SG09848,SG09871,8.000
SG06951,SG07039,7.000
SG04363,SG04380,6.000
SG07954,SG07956,12.000
SG06985,SG07077,8.000
SG01129,SG01186,8.000
SG04706,SG04783,11.000
SG01726,SG01753,9.000
SG00231,SG00260,9.000
SG08357,SG08369,9.000
SG05890,SG05912,9.000
SG04483,SG04553,7.000
SG05995,SG06027,9.000
SG09315,SG09394,11.000
SG08987,SG09004,9.000
SG01750,SG01834,8.000
SG07375,SG07438,7.000
SG01085,SG01157,7.000
SG01534,SG01586,6.000
SG09462,SG09547,6.000
SG06147,SG06209,6.000
SG09102,SG09105,9.000
SG03513,SG03564,12.000
SG02822,SG02885,6.000
SG09251,SG09258,9.000
SG04899,SG04922,7.000
SG01184,SG01236,11.000
SG01490,SG01543,7.000
SG04628,SG04655,8.000
SG01365,SG01454,6.000
SG04880,SG04951,12.000
SG09084,SG09114,11.000
SG03743,SG03809,6.000
SG09731,SG09740,11.000
SG09347,SG09382,10.000
SG07456,SG07518,12.000
SG00642,SG00659,9.000
SG04995,SG05087,11.000
SG07728,SG07761,11.000
SG08704,SG08738,7.000
SG09883,SG09940,12.000
SG09027,SG09053,7.000
SG02783,SG02858,7.000
SG00413,SG00433,11.000
SG08198,SG08247,8.000
SG03046,SG03078,12.000
SG01440,SG01466,8.000
SG02057,SG02130,6.000
SG07203,SG07297,12.000
SG03709,SG03731,6.000
SG01269,SG01291,12.000
SG03073,SG03161,8.000
SG07033,SG07116,7.000
SG09516,SG09597,6.000
SG00030,SG09970,12.000
SG05535,SG05622,10.000
SG03216,SG03305,7.000
SG06764,SG06859,12.000
SG01483,SG01562,8.000
SG06928,SG07020,10.000
SG01652,SG01746,12.000
SG06748,SG06793,7.000
SG00977,SG01061,7.000
SG09023,SG09080,8.000
SG08459,SG08545,6.000
SG04018,SG04064,6.000
SG06995,SG07015,7.000
SG08496,SG08507,8.000
SG03459,SG03537,9.000
SG00955,SG01029,11.000
SG00734,SG00827,11.000
SG03042,SG03058,11.000
SG02185,SG02200,10.000
SG03518,SG03530,11.000
SG02190,SG02257,8.000
SG01236,SG01319,11.000
SG03388,SG03421,9.000
SG06326,SG06361,8.000
SG08347,SG08410,6.000
SG02864,SG02884,10.000
SG00916,SG00946,12.000
SG01940,SG02024,8.000
SG01319,SG01357,8.000
SG04192,SG04253,8.000
SG04579,SG04626,12.000
SG03869,SG03958,11.000
SG04858,SG04931,7.000
SG05234,SG05294,7.000
SG04301,SG04341,9.000
SG04939,SG04978,11.000
SG04705,SG04739,8.000
SG03871,SG03936,11.000
SG09281,SG09328,6.000
SG07117,SG07125,9.000
SG00743,SG00832,11.000
SG04154,SG04180,8.000
SG06382,SG06390,8.000
SG01382,SG01408,9.000
SG01431,SG01441,8.000
SG08643,SG08700,6.000
SG04473,SG04477,8.000
SG08742,SG08798,11.000
SG03472,SG03522,7.000
SG07119,SG07214,10.000
SG03928,SG03956,9.000
SG05984,SG06016,10.000
SG02210,SG02246,10.000
SG06525,SG06576,10.000
SG03019,SG03104,8.000
SG02255,SG02300,7.000
SG00690,SG00759,8.000
SG09465,SG09491,9.000
SG05405,SG05414,10.000
SG05069,SG05097,6.000
SG07884,SG07902,12.000
SG01108,SG01187,8.000
SG05446,SG05449,8.000
SG06828,SG06862,8.000
SG09027,SG09120,8.000
SG06855,SG06904,6.000
SG00562,SG00567,6.000
SG05458,SG05476,8.000
SG03544,SG03557,9.000
SG05591,SG05617,10.000
SG02345,SG02435,9.000
SG05245,SG05321,10.000
SG08533,SG08604,10.000
SG05883,SG05960,8.000
SG00651,SG00701,7.000
SG06478,SG06484,11.000
SG08275,SG08289,12.000
SG04957,SG05051,12.000
SG07396,SG07434,7.000
SG04975,SG05035,8.000
SG02734,SG02797,9.000
SG02805,SG02829,6.000
SG09259,SG09329,12.000
SG05102,SG05160,7.000
SG00526,SG00563,9.000
SG06261,SG06327,8.000
SG01025,SG01058,10.000
SG02372,SG02417,12.000
SG04316,SG04394,11.000
SG00391,SG00476,12.000
SG03781,SG03849,11.000
SG04211,SG04296,9.000
SG09112,SG09168,11.000
SG07047,SG07121,6.000
SG04680,SG04716,7.000
SG00022,SG10000,11.000
SG06436,SG06485,11.000
SG02912,SG02929,8.000
SG07504,SG07599,8.000
SG03975,SG03994,10.000
SG09827,SG09891,8.000
SG01899,SG01965,10.000
SG05729,SG05739,10.000
SG07081,SG07147,7.000
SG09653,SG09679,6.000
SG09238,SG09242,9.000
SG02324,SG02338,6.000
SG06374,SG06459,12.000
SG07697,SG07757,9.000
SG07097,SG07108,9.000
SG02994,SG03035,10.000
SG03069,SG03084,10.000
SG04489,SG04507,7.000
SG04074,SG04116,9.000
SG02089,SG02100,10.000
SG02824,SG02853,9.000
SG04847,SG04923,9.000
SG03419,SG03468,7.000
SG02899,SG02939,11.000
SG04350,SG04365,9.000
SG09608,SG09654,10.000
SG06555,SG06592,9.000
SG04949,SG05021,6.000
SG03998,SG04033,12.000
SG07059,SG07093,12.000
SG06248,SG06269,7.000
SG04067,SG04090,6.000
SG05631,SG05684,9.000
SG01519,SG01565,8.000
SG05988,SG06076,11.000
SG08460,SG08518,11.000
SG07590,SG07614,11.000
SG08661,SG08745,8.000
SG05629,SG05688,10.000
SG05066,SG05139,10.000
SG04566,SG04584,10.000
SG07528,SG07585,10.000
SG06367,SG06461,9.000
SG00171,SG00207,9.000
SG02524,SG02551,9.000
SG00499,SG00538,11.000
SG05974,SG06053,7.000
SG04864,SG04877,9.000
SG08181,SG08209,10.000
SG05232,SG05298,12.000
SG08133,SG08219,9.000
SG00538,SG00600,7.000
SG01761,SG01781,12.000
SG00538,SG00551,9.000
SG00396,SG00418,7.000
SG02108,SG02205,6.000
SG00181,SG00228,6.000
SG08147,SG08188,12.000
SG04900,SG04956,9.000
SG04199,SG04268,9.000
SG01970,SG02063,12.000
SG05526,SG05538,12.000
SG09242,SG09288,12.000
SG05319,SG05366,7.000
SG04072,SG04125,12.000
SG05785,SG05795,11.000
SG03910,SG03979,8.000
SG08526,SG08540,7.000
SG02528,SG02604,12.000
SG04645,SG04685,7.000
SG06170,SG06254,11.000
SG08890,SG08971,12.000
SG02343,SG02424,12.000
SG01650,SG01661,6.000
SG09000,SG09078,6.000
SG08238,SG08266,7.000
SG06384,SG06454,9.000
SG02308,SG02392,8.000
SG06168,SG06232,8.000
SG00142,SG00212,6.000
SG05661,SG05741,10.000
SG00413,SG00435,8.000
SG07044,SG07048,11.000
SG00619,SG00708,7.000
SG05824,SG05918,8.000
SG02247,SG02329,11.000
SG07247,SG07270,7.000
SG02513,SG02547,8.000
SG07225,SG07296,8.000
SG06878,SG06900,10.000
SG03711,SG03783,12.000
SG04023,SG04054,8.000
SG08391,SG08441,12.000
SG09295,SG09341,8.000
SG05270,SG05311,12.000
SG04360,SG04446,7.000
SG05247,SG05322,6.000
SG05569,SG05606,10.000
SG02355,SG02450,9.000
SG00930,SG00968,7.000
SG01787,SG01860,7.000
SG01896,SG01973,7.000
SG03401,SG03432,9.000
SG03556,SG03646,8.000
SG00950,SG01020,7.000
SG06024,SG06035,6.000
SG02976,SG03005,10.000
SG01752,SG01802,6.000
SG04585,SG04638,9.000
SG05661,SG05671,6.000
SG00332,SG00363,7.000
SG08260,SG08273,8.000
SG02601,SG02649,7.000
SG05770,SG05826,9.000
SG00930,SG00937,9.000
SG02736,SG02762,11.000
SG06170,SG06233,12.000
SG06675,SG06693,8.000
SG04958,SG04964,6.000
SG04980,SG05003,11.000
SG03060,SG03084,6.000
SG00437,SG00466,10.000
SG08714,SG08755,9.000
SG05741,SG05787,10.000
SG01427,SG01519,7.000
SG01772,SG01826,11.000
SG03001,SG03080,9.000
SG02924,SG02941,7.000
SG02856,SG02953,11.000
SG04972,SG05041,10.000
SG02079,SG02145,6.000
SG02466,SG02492,10.000
SG08279,SG08299,12.000
SG04030,SG04068,8.000
SG09320,SG09396,10.000
SG00951,SG00957,11.000
SG06438,SG06520,7.000
SG07535,SG07575,6.000
SG09386,SG09452,10.000
SG06662,SG06702,7.000
SG05996,SG06087,10.000
SG01321,SG01401,11.000
SG09292,SG09321,7.000
SG08307,SG08340,10.000
SG04883,SG04900,6.000
SG04322,SG04372,10.000
SG03182,SG03251,10.000
SG03123,SG03160,7.000
SG02966,SG03046,9.000
SG05605,SG05691,9.000
SG08173,SG08270,10.000
SG08589,SG08686,10.000
SG06657,SG06724,10.000
SG03065,SG03087,11.000
SG01112,SG01173,6.000
SG04459,SG04474,8.000
SG06521,SG06554,10.000
SG06728,SG06772,7.000
SG08574,SG08632,7.000
SG04336,SG04383,11.000
SG01507,SG01557,7.000
SG02150,SG02216,6.000
SG04967,SG05031,10.000
SG08503,SG08586,12.000
SG05884,SG05944,11.000
SG01864,SG01916,8.000
SG06068,SG06075,12.000
SG02241,SG02284,6.000
SG07467,SG07490,6.000
SG05364,SG05382,7.000
SG07848,SG07915,6.000
SG06334,SG06349,11.000
SG08246,SG08287,7.000
SG00570,SG00647,11.000
SG02921,SG02977,9.000
SG08995,SG09035,8.000
SG00996,SG01009,11.000
SG02266,SG02321,8.000
SG09462,SG09480,8.000
SG00930,SG00982,10.000
SG07966,SG08063,11.000
SG05468,SG05520,10.000
SG00032,SG09946,7.000
SG07748,SG07763,11.000
SG00244,SG00281,10.000
SG04185,SG04196,10.000
SG09537,SG09593,7.000
SG06449,SG06486,8.000
SG08890,SG08910,7.000
SG08558,SG08635,7.000
SG06486,SG06516,10.000
SG05200,SG05284,7.000
SG01431,SG01468,10.000
SG05835,SG05889,7.000
SG09369,SG09402,7.000
SG08126,SG08202,11.000
SG09806,SG09854,6.000
SG03149,SG03238,12.000
SG08517,SG08539,10.000
SG09318,SG09346,12.000
SG08367,SG08378,6.000
SG02571,SG02628,12.000
SG01483,SG01530,11.000
SG02804,SG02834,7.000
SG03015,SG03026,7.000
SG01415,SG01452,11.000
SG04879,SG04901,11.000
SG07673,SG07716,9.000
SG05082,SG05137,7.000
SG03249,SG03302,7.000
SG07436,SG07508,6.000
SG00088,SG00128,6.000
SG06031,SG06062,11.000
SG07586,SG07674,12.000
SG01633,SG01708,10.000
SG06406,SG06441,8.000
SG01591,SG01613,11.000
SG08732,SG08775,9.000
SG03726,SG03750,12.000
SG04115,SG04196,10.000
SG06405,SG06465,7.000
SG06748,SG06841,8.000
SG04539,SG04577,12.000
SG09817,SG09866,9.000
SG06004,SG06039,8.000
SG05839,SG05913,8.000
SG05965,SG06027,7.000
SG09674,SG09689,8.000
SG09283,SG09325,6.000
SG09663,SG09708,12.000
SG00583,SG00592,11.000
SG00425,SG00518,6.000
SG07919,SG07930,7.000
SG00417,SG00470,7.000
SG06682,SG06704,10.000
SG00438,SG00535,12.000
SG00923,SG01001,11.000
SG02109,SG02166,10.000
SG00593,SG00607,7.000
SG08309,SG08386,7.000
SG08573,SG08593,9.000
SG05550,SG05617,11.000
SG00931,SG00933,12.000
SG06554,SG06629,11.000
SG08438,SG08487,7.000
SG02871,SG02921,12.000
SG02417,SG02457,11.000
SG00504,SG00578,10.000
SG04298,SG04313,6.000
SG09195,SG09206,8.000
SG01271,SG01276,8.000
SG06465,SG06562,10.000
SG00941,SG00994,8.000
SG03815,SG03871,9.000
SG01393,SG01403,11.000
SG02749,SG02786,7.000
SG00285,SG00293,6.000
SG05716,SG05810,11.000
SG03060,SG03093,7.000
SG09647,SG09725,7.000
SG06823,SG06888,7.000
SG00785,SG00858,8.000
SG08344,SG08382,7.000
SG06963,SG07051,7.000
SG02828,SG02890,8.000
SG00557,SG00640,7.000
SG09983,SG09992,11.000
SG00182,SG00230,6.000
SG06312,SG06365,8.000
SG04834,SG04859,6.000
SG08880,SG08911,11.000
SG07196,SG07220,8.000
SG03031,SG03064,9.000
SG00202,SG00265,11.000
SG03461,SG03492,11.000
SG09657,SG09704,12.000
SG01579,SG01648,7.000
SG07544,SG07560,9.000
SG08816,SG08838,10.000
SG01132,SG01192,8.000
SG07240,SG07256,10.000
SG03135,SG03169,7.000
SG06005,SG06024,6.000
SG00934,SG00970,9.000
SG08678,SG08761,6.000
SG02042,SG02137,7.000
SG05547,SG05640,9.000
SG03967,SG04030,7.000
SG01116,SG01120,8.000
SG06857,SG06869,7.000
SG08414,SG08470,10.000
SG07482,SG07570,7.000
SG01442,SG01524,10.000
SG03328,SG03399,7.000
SG01374,SG01426,6.000
SG03591,SG03682,9.000
SG06129,SG06217,12.000
SG01445,SG01478,12.000
SG04961,SG04983,12.000
SG06559,SG06570,8.000
SG08708,SG08723,9.000
SG02029,SG02100,8.000
SG05734,SG05767,8.000
SG09888,SG09985,10.000
SG01049,SG01144,8.000
SG05207,SG05277,7.000
SG08036,SG08109,9.000
SG03956,SG04027,7.000
SG07455,SG07506,12.000
SG00393,SG00434,12.000
SG02136,SG02203,6.000
SG04942,SG05032,9.000
SG06331,SG06421,6.000
SG01486,SG01524,9.000
SG06683,SG06723,10.000
SG06774,SG06820,6.000
SG02782,SG02786,10.000
SG02425,SG02503,11.000
SG00084,SG09992,7.000
SG04939,SG04944,6.000
SG01205,SG01257,6.000
SG09198,SG09243,6.000
SG08129,SG08143,9.000
SG09473,SG09497,8.000
SG02121,SG02138,6.000
SG06904,SG06985,11.000
SG00289,SG00350,11.000
SG06988,SG07067,8.000
SG09947,SG09999,8.000
SG02956,SG03024,8.000
SG04401,SG04471,8.000
SG04070,SG04097,6.000
SG00941,SG01014,7.000
SG00020,SG00098,8.000
SG08458,SG08468,6.000
SG06910,SG06914,9.000
SG03027,SG03124,12.000
SG04779,SG04848,8.000
SG05520,SG05608,7.000
SG04485,SG04555,11.000
SG01722,SG01774,8.000
SG01133,SG01214,8.000
SG02871,SG02934,10.000
SG05159,SG05203,8.000
SG08892,SG08968,12.000
SG08905,SG08925,10.000
SG08300,SG08387,7.000
SG09028,SG09119,8.000
SG03540,SG03609,10.000
SG01664,SG01711,6.000
SG08959,SG09040,12.000
SG00865,SG00874,9.000
SG06364,SG06414,11.000
SG09750,SG09784,12.000
SG00789,SG00796,6.000
SG01002,SG01023,7.000
SG02284,SG02300,11.000
SG07103,SG07129,8.000
SG08961,SG08979,9.000
SG03999,SG04001,12.000
SG07671,SG07730,12.000
SG02977,SG02990,6.000
SG02323,SG02331,7.000
SG07433,SG07448,12.000
SG01494,SG01548,12.000
SG02147,SG02188,6.000
SG07296,SG07306,11.000
SG05668,SG05743,12.000
SG02095,SG02097,10.000
SG09695,SG09777,10.000
SG09213,SG09237,12.000
SG05927,SG05984,12.000
SG03827,SG03853,9.000
SG08964,SG09023,7.000
SG01554,SG01578,10.000
SG06534,SG06559,9.000
SG00253,SG00325,7.000
SG03787,SG03849,11.000
SG06050,SG06073,9.000
SG09650,SG09655,6.000
SG03147,SG03154,12.000
SG08574,SG08642,8.000
SG09125,SG09136,7.000
SG03356,SG03383,6.000
SG08997,SG09022,8.000
SG02355,SG02357,10.000
SG02643,SG02652,11.000
SG00431,SG00508,9.000
SG05368,SG05437,7.000
SG09436,SG09523,11.000
SG03656,SG03714,11.000
SG06942,SG07005,10.000
SG09297,SG09352,11.000
SG06571,SG06626,11.000
SG00038,SG09998,7.000
SG01151,SG01166,10.000
SG04739,SG04800,8.000
SG01830,SG01912,6.000
SG08515,SG08573,9.000
SG00622,SG00686,7.000
SG02005,SG02066,11.000
SG01375,SG01448,9.000
SG09327,SG09423,7.000
SG01155,SG01240,10.000
SG03846,SG03892,12.000
SG09058,SG09123,9.000
SG03490,SG03530,11.000
SG01259,SG01305,10.000
SG01190,SG01198,11.000
SG00359,SG00362,6.000
SG06127,SG06209,12.000
SG09341,SG09412,11.000
SG05500,SG05533,7.000
SG06400,SG06448,12.000
SG07655,SG07726,9.000
SG02173,SG02205,9.000
SG03828,SG03843,10.000
SG06028,SG06057,12.000
SG00445,SG00521,6.000
SG08827,SG08898,12.000
SG05177,SG05226,7.000
SG06414,SG06508,8.000
SG00773,SG00786,10.000
SG06807,SG06901,11.000
SG09242,SG09276,8.000
SG05147,SG05210,12.000
SG08393,SG08488,8.000
SG09605,SG09673,11.000
SG01154,SG01212,7.000
SG09302,SG09382,6.000
SG08584,SG08670,10.000
SG07379,SG07467,10.000
SG08291,SG08331,12.000
SG09421,SG09436,10.000
SG04009,SG04045,9.000
SG05001,SG05062,7.000
SG07769,SG07851,6.000
SG08911,SG08968,8.000
SG06229,SG06277,10.000
SG04159,SG04203,11.000
SG05702,SG05731,6.000
SG01805,SG01814,8.000
SG09231,SG09293,12.000
SG08766,SG08852,8.000
SG01813,SG01851,7.000
SG04354,SG04422,12.000
SG09786,SG09846,10.000
SG05369,SG05428,6.000
SG05516,SG05545,11.000
SG08440,SG08489,10.000
SG02009,SG02082,12.000
SG02792,SG02821,12.000
SG02034,SG02094,11.000
SG07251,SG07254,9.000
SG05943,SG06011,10.000
SG07719,SG07789,11.000
SG09664,SG09684,12.000
SG06210,SG06306,6.000
SG02530,SG02536,11.000
SG05452,SG05543,6.000
SG01780,SG01843,7.000
SG04606,SG04652,12.000
SG09791,SG09797,9.000
SG07548,SG07554,11.000
SG09663,SG09707,7.000
SG05923,SG06003,11.000
SG07579,SG07668,8.000
SG00561,SG00640,10.000
SG04757,SG04831,11.000
SG07300,SG07308,8.000
SG00737,SG00795,8.000
SG02609,SG02706,7.000
SG01443,SG01488,10.000
SG01125,SG01169,10.000
SG03012,SG03014,12.000
SG06973,SG07004,12.000
SG03920,SG04014,11.000
SG04211,SG04250,8.000
SG06554,SG06562,11.000
SG04469,SG04498,11.000
SG03296,SG03385,10.000
SG02528,SG02550,9.000
SG04369,SG04373,12.000
SG08787,SG08836,9.000
SG03478,SG03543,7.000
SG01963,SG01977,11.000
SG01536,SG01622,10.000
SG06949,SG06972,8.000
SG08073,SG08118,8.000
SG05601,SG05611,11.000
SG06196,SG06215,6.000
SG04038,SG04063,6.000
SG00297,SG00312,10.000
SG06830,SG06880,9.000
SG02712,SG02781,9.000
SG01765,SG01852,6.000
SG08610,SG08698,11.000
SG05924,SG05984,8.000
SG06943,SG07027,10.000
SG00862,SG00950,11.000
SG03065,SG03134,11.000
SG08781,SG08814,6.000
SG01671,SG01697,6.000
SG09211,SG09244,9.000
SG04803,SG04882,11.000
SG08419,SG08457,9.000
SG05256,SG05294,6.000
SG04850,SG04867,6.000
SG05547,SG05576,7.000
SG01759,SG01851,7.000
SG07577,SG07613,6.000
SG06098,SG06161,12.000
SG05055,SG05126,6.000
SG00371,SG00423,9.000
SG09078,SG09165,9.000
SG03218,SG03299,6.000
SG01730,SG01813,12.000
SG01524,SG01551,7.000
SG07015,SG07106,12.000
SG09206,SG09221,9.000
SG04079,SG04160,10.000
SG08246,SG08280,11.000
SG02381,SG02477,7.000
SG06582,SG06601,6.000
SG05180,SG05247,9.000
SG00865,SG00947,6.000
SG04772,SG04849,10.000
SG00366,SG00385,8.000
SG03215,SG03233,7.000
SG07157,SG07180,10.000
SG04170,SG04228,9.000
SG07704,SG07752,8.000
SG07908,SG07988,8.000
SG07815,SG07836,8.000
SG00748,SG00774,9.000
SG07111,SG07127,8.000
SG05219,SG05234,6.000
SG06466,SG06469,9.000
SG06289,SG06294,7.000
SG02810,SG02868,7.000
SG05131,SG05175,8.000
SG05937,SG05978,12.000
SG03299,SG03382,11.000
SG02113,SG02181,10.000
SG09875,SG09943,11.000
SG05007,SG05072,10.000
SG00434,SG00454,11.000
SG06342,SG06353,6.000
SG02442,SG02462,7.000
SG02355,SG02404,12.000
SG05308,SG05331,10.000
SG08238,SG08268,6.000
SG07719,SG07745,10.000
SG06920,SG07004,9.000
SG08291,SG08351,10.000
SG01327,SG01414,6.000
SG01099,SG01103,7.000
SG06405,SG06476,10.000
SG03389,SG03397,8.000
SG09232,SG09252,11.000
SG01900,SG01912,8.000
SG08121,SG08169,7.000
SG04795,SG04873,6.000
SG05371,SG05458,6.000
SG01447,SG01516,9.000
SG08915,SG08977,10.000
SG00209,SG00228,11.000
SG06032,SG06087,6.000
SG08155,SG08194,11.000
SG03384,SG03456,6.000
SG04517,SG04567,12.000
SG02283,SG02301,6.000
SG04457,SG04531,6.000
SG02102,SG02189,10.000
SG09934,SG09986,12.000
SG08692,SG08789,8.000
SG02920,SG02976,7.000
SG01178,SG01190,8.000
SG09318,SG09357,7.000
SG01398,SG01406,7.000
SG00106,SG00113,7.000
SG06809,SG06847,12.000
SG03949,SG03991,12.000
SG09557,SG09620,12.000
SG06440,SG06520,9.000
SG00284,SG00286,8.000
SG00053,SG00102,8.000
SG01627,SG01630,11.000
SG00135,SG00230,9.000
SG06855,SG06909,10.000
SG08405,SG08421,11.000
SG02710,SG02777,8.000
SG00658,SG00684,11.000
SG04886,SG04899,6.000
SG02877,SG02957,8.000
SG08507,SG08523,11.000
SG04251,SG04268,8.000
SG02690,SG02753,12.000
SG07332,SG07368,7.000
SG00787,SG00807,7.000
SG00349,SG00410,8.000
SG04472,SG04520,6.000
SG05118,SG05156,11.000
SG03454,SG03498,8.000
SG01763,SG01853,10.000
SG01484,SG01523,8.000
SG09110,SG09195,8.000
SG02827,SG02892,8.000
SG06973,SG07052,8.000
SG02784,SG02842,12.000
SG08099,SG08114,10.000
SG02261,SG02284,7.000
SG06028,SG06037,6.000
SG05281,SG05301,12.000
SG05910,SG05959,9.000
SG00015,SG09933,12.000
SG03903,SG03922,8.000
SG05937,SG05958,7.000
SG04584,SG04597,9.000
SG09267,SG09318,12.000
SG08936,SG09028,7.000
SG06239,SG06334,8.000
SG04659,SG04749,10.000
SG09500,SG09526,6.000
SG08621,SG08700,6.000
SG09689,SG09753,6.000
SG03981,SG04060,12.000
SG04511,SG04539,12.000
SG00042,SG09969,7.000
SG02531,SG02590,8.000
SG03572,SG03617,7.000
SG07443,SG07478,11.000
SG07714,SG07794,12.000
SG00821,SG00884,8.000
SG02835,SG02908,8.000
SG02833,SG02866,6.000
SG06483,SG06519,7.000
SG01798,SG01831,8.000
SG01453,SG01493,10.000
SG00472,SG00517,10.000
SG05513,SG05525,11.000
SG00034,SG00039,9.000
SG07827,SG07886,6.000
SG07712,SG07725,11.000
SG07006,SG07044,9.000
SG01328,SG01378,9.000
SG06376,SG06436,10.000
SG09436,SG09449,6.000
SG01728,SG01759,7.000
SG09813,SG09828,10.000
SG08573,SG08654,6.000
SG07418,SG07479,12.000
SG07932,SG08014,10.000
SG06242,SG06271,6.000
SG05039,SG05100,9.000
SG03283,SG03310,9.000
SG02209,SG02281,7.000
SG07928,SG07949,11.000
SG08542,SG08628,8.000
SG01789,SG01812,8.000
SG03352,SG03355,10.000
SG03301,SG03353,6.000
SG00251,SG00286,8.000
SG03653,SG03670,9.000
SG02835,SG02882,12.000
SG06555,SG06587,10.000
SG04091,SG04179,7.000
SG09632,SG09663,10.000
SG07997,SG08021,11.000
SG00345,SG00356,6.000
SG06529,SG06572,10.000
SG00091,SG00111,8.000
SG06522,SG06568,6.000
SG07020,SG07073,6.000
SG01645,SG01657,8.000
SG06754,SG06822,9.000
SG03316,SG03389,11.000
SG01342,SG01385,8.000
SG03834,SG03840,8.000
SG05889,SG05934,8.000
SG03365,SG03433,9.000
SG00171,SG00212,9.000
SG02978,SG03043,11.000
SG04610,SG04696,7.000
SG06675,SG06748,10.000
SG07080,SG07121,7.000
SG09427,SG09460,8.000
SG04549,SG04567,11.000
SG03892,SG03936,12.000
SG02374,SG02448,10.000
SG08641,SG08648,7.000
SG09584,SG09600,7.000
SG03678,SG03713,12.000
SG01473,SG01529,7.000
SG07843,SG07875,6.000
SG06873,SG06960,11.000
SG05460,SG05518,7.000
SG07136,SG07208,9.000
SG09498,SG09518,11.000
SG02887,SG02923,7.000
SG03622,SG03689,7.000
SG03493,SG03554,9.000
SG09004,SG09059,7.000
SG08679,SG08731,7.000
SG01759,SG01853,6.000
SG02348,SG02382,12.000
SG06398,SG06487,9.000
SG01091,SG01162,11.000
SG08064,SG08068,9.000
SG04730,SG04758,7.000
SG04447,SG04461,10.000
SG09139,SG09160,12.000
SG05453,SG05528,8.000
SG03157,SG03166,8.000
SG07964,SG07979,6.000
SG07274,SG07297,8.000
SG02526,SG02532,12.000
SG02576,SG02615,6.000
SG01677,SG01715,8.000
SG09747,SG09836,9.000
SG03942,SG03952,11.000
SG00463,SG00467,6.000
SG06516,SG06572,10.000
SG02802,SG02897,6.000
SG01318,SG01324,12.000
SG09032,SG09069,10.000
SG06649,SG06657,11.000
SG03904,SG03995,6.000
SG08243,SG08286,12.000
SG05040,SG05059,10.000
SG02111,SG02199,10.000
SG09731,SG09764,6.000
SG05485,SG05515,11.000
SG05144,SG05148,8.000
SG04376,SG04398,6.000
SG07139,SG07160,7.000
SG05010,SG05046,6.000
SG07282,SG07299,11.000
SG04711,SG04782,11.000
SG03831,SG03910,12.000
SG03883,SG03929,7.000
SG01058,SG01111,9.000
SG07656,SG07700,7.000
SG07941,SG07973,7.000
SG01665,SG01679,7.000
SG02574,SG02589,6.000
SG04476,SG04556,10.000
SG08244,SG08330,11.000
SG07379,SG07381,9.000
SG01708,SG01801,11.000
SG03927,SG04011,6.000
SG09233,SG09282,7.000
SG04661,SG04708,6.000
SG02286,SG02307,6.000
SG00182,SG00197,6.000
SG07756,SG07802,9.000
SG06172,SG06248,9.000
SG08121,SG08199,9.000
SG00253,SG00308,6.000
SG00454,SG00482,8.000
SG00871,SG00911,10.000
SG00397,SG00483,11.000
SG05767,SG05801,11.000
SG03701,SG03737,10.000
SG00246,SG00300,7.000
SG04353,SG04368,7.000
SG06423,SG06486,7.000
SG00278,SG00281,8.000
SG02095,SG02098,7.000
SG05743,SG05758,11.000
SG04992,SG05069,10.000
SG09491,SG09530,10.000
SG02942,SG03008,11.000
SG00045,SG00134,12.000
SG06184,SG06266,8.000
SG09954,SG09985,7.000
SG02701,SG02750,12.000
SG09880,SG09935,12.000
SG04241,SG04265,12.000
SG06764,SG06808,7.000
SG07658,SG07736,6.000
SG08610,SG08663,6.000
SG06597,SG06660,8.000
SG07268,SG07274,11.000
SG00386,SG00393,6.000
SG00590,SG00680,6.000
SG03437,SG03441,11.000
SG02164,SG02187,8.000
SG07673,SG07735,6.000
SG01038,SG01123,6.000
SG05519,SG05524,7.000
SG01135,SG01181,9.000
SG00061,SG00066,8.000
SG00994,SG00998,12.000
SG05082,SG05160,9.000
SG04744,SG04837,9.000
SG09095,SG09173,9.000
SG05333,SG05383,6.000
SG07203,SG07284,11.000
SG06813,SG06899,8.000
SG00863,SG00956,10.000
SG04305,SG04393,9.000
SG01428,SG01511,11.000
SG03991,SG04062,12.000
SG06938,SG07005,12.000
SG01569,SG01599,6.000
SG06036,SG06079,9.000
SG01745,SG01773,11.000
SG06295,SG06366,8.000
SG04191,SG04216,10.000
SG09769,SG09865,9.000
SG08480,SG08559,12.000
SG04319,SG04365,6.000
SG02573,SG02601,8.000
SG08386,SG08419,10.000
SG02020,SG02093,10.000
SG07482,SG07572,9.000
SG00780,SG00807,10.000
SG05860,SG05957,12.000
SG05151,SG05218,8.000
SG04783,SG04791,6.000
SG00239,SG00324,9.000
SG02591,SG02593,10.000
SG09466,SG09531,8.000
SG09562,SG09566,7.000
SG02275,SG02349,6.000
SG05457,SG05519,12.000
SG09210,SG09300,10.000
SG07453,SG07490,11.000
SG07058,SG07110,9.000
SG09363,SG09436,6.000
SG01198,SG01279,7.000
SG02200,SG02250,10.000
SG03990,SG04009,6.000
SG04660,SG04747,12.000
SG07100,SG07189,9.000
SG05661,SG05739,6.000
SG06497,SG06558,12.000
SG08785,SG08873,11.000
SG07211,SG07293,6.000
SG02278,SG02286,7.000
SG04350,SG04413,12.000
SG05448,SG05470,6.000
SG02849,SG02943,7.000
SG08045,SG08049,10.000
SG06275,SG06307,11.000
SG05562,SG05643,9.000
SG04345,SG04423,7.000
SG00916,SG00993,11.000
SG02811,SG02843,12.000
SG07247,SG07256,8.000
SG05999,SG06090,8.000
SG08333,SG08357,9.000
SG04897,SG04920,8.000
SG07872,SG07927,10.000
SG00154,SG00175,10.000
SG07337,SG07353,12.000
SG03073,SG03091,11.000
SG09857,SG09900,9.000
SG06472,SG06488,12.000
SG05239,SG05305,9.000
SG04610,SG04636,7.000
SG04455,SG04521,10.000
SG05011,SG05103,10.000
SG01319,SG01365,11.000
SG08427,SG08486,9.000
SG00231,SG00312,6.000
SG04189,SG04204,11.000
SG02512,SG02583,12.000
SG00136,SG00141,12.000
SG05454,SG05497,6.000
SG07245,SG07340,10.000
SG08568,SG08650,6.000
SG02053,SG02132,9.000
SG06128,SG06150,9.000
SG03267,SG03280,6.000
SG04627,SG04660,10.000
SG05527,SG05601,6.000
SG03876,SG03940,6.000
SG01406,SG01413,12.000
SG01715,SG01762,8.000
SG05431,SG05508,9.000
SG00391,SG00441,9.000
SG09347,SG09396,11.000
SG08090,SG08152,9.000
SG09143,SG09214,6.000
SG07687,SG07733,9.000
SG09649,SG09702,11.000
SG06938,SG06965,6.000
SG04889,SG04966,11.000
SG05849,SG05941,7.000
SG00038,SG00082,9.000
SG08371,SG08378,8.000
SG06761,SG06791,11.000
SG02524,SG02600,12.000
SG06246,SG06271,9.000
SG06204,SG06278,7.000
SG06273,SG06310,7.000
SG00845,SG00871,8.000
SG08496,SG08554,9.000
SG02467,SG02525,12.000
SG02800,SG02859,10.000
SG05036,SG05105,10.000
SG05223,SG05266,7.000
SG05144,SG05177,7.000
SG07731,SG07744,12.000
SG05387,SG05457,11.000
SG00122,SG00188,9.000
SG07081,SG07123,9.000
SG09685,SG09742,8.000
SG06846,SG06908,6.000
SG01122,SG01191,12.000
SG06549,SG06624,11.000
SG00642,SG00714,11.000
SG07925,SG08010,7.000
SG02382,SG02419,12.000
SG02431,SG02522,10.000
SG05320,SG05399,8.000
SG09147,SG09171,10.000
SG02888,SG02901,10.000
SG09488,SG09499,6.000
SG08651,SG08734,6.000
SG02756,SG02783,11.000
SG07764,SG07772,10.000
SG01688,SG01775,11.000
SG08695,SG08765,12.000
SG07908,SG07936,11.000
SG00879,SG00910,12.000
SG04057,SG04136,8.000
SG04839,SG04874,6.000
SG08049,SG08124,8.000
SG09845,SG09924,12.000
SG06028,SG06040,7.000
SG03620,SG03669,8.000
SG09722,SG09736,6.000
SG07004,SG07065,6.000
SG01748,SG01775,11.000
SG07019,SG07040,11.000
SG04498,SG04587,7.000
SG02494,SG02518,6.000
SG05321,SG05350,9.000
SG00575,SG00620,10.000
SG08267,SG08292,8.000
SG07986,SG08024,10.000
SG01448,SG01504,10.000
SG01150,SG01245,7.000
SG04600,SG04689,6.000
SG02195,SG02253,12.000
SG04438,SG04457,9.000
SG06697,SG06702,12.000
SG01397,SG01431,12.000
SG01746,SG01768,6.000
SG01057,SG01116,8.000
SG02881,SG02956,10.000
SG02554,SG02605,7.000
SG03498,SG03581,11.000
SG05182,SG05204,8.000
SG03879,SG03912,7.000
SG08853,SG08896,8.000
SG06917,SG06952,8.000
SG04735,SG04783,9.000
SG07221,SG07303,7.000
SG04796,SG04870,12.000
SG07590,SG07668,7.000
SG03852,SG03873,9.000
SG05005,SG05023,6.000
SG00611,SG00679,11.000
SG05478,SG05491,6.000
SG05775,SG05808,7.000
SG06330,SG06400,9.000
SG01141,SG01178,8.000
SG03996,SG04027,6.000
SG04420,SG04474,12.000
SG08302,SG08384,12.000
SG05838,SG05847,9.000
SG08520,SG08560,7.000
SG05096,SG05120,8.000
SG05438,SG05521,11.000
SG06570,SG06589,11.000
SG05406,SG05464,10.000
SG07346,SG07412,8.000
SG09826,SG09851,10.000
SG02487,SG02565,9.000
SG05128,SG05149,9.000
SG05368,SG05433,8.000
SG06885,SG06977,12.000
SG03626,SG03644,11.000
SG05617,SG05664,9.000
SG04005,SG04083,10.000
SG04059,SG04128,8.000
SG07512,SG07574,10.000
SG04397,SG04421,10.000
SG00752,SG00766,10.000
SG02295,SG02365,6.000
SG05444,SG05488,6.000
SG00616,SG00704,11.000
SG06754,SG06851,8.000
SG02648,SG02682,12.000
SG07705,SG07800,7.000
SG00564,SG00627,6.000
SG02278,SG02294,12.000
SG02862,SG02893,11.000
SG09402,SG09495,9.000
SG02772,SG02803,8.000
SG04606,SG04664,8.000
SG01255,SG01348,6.000
SG01162,SG01237,7.000
SG01276,SG01343,7.000
SG08836,SG08893,7.000
SG07773,SG07795,8.000
SG01400,SG01410,6.000
SG08164,SG08180,8.000
SG04547,SG04632,8.000
SG04539,SG04590,9.000
SG09375,SG09397,6.000
SG08970,SG09030,9.000
SG03802,SG03819,6.000
SG00750,SG00828,10.000
SG00761,SG00764,12.000
SG07030,SG07085,6.000
SG08463,SG08473,9.000
SG09263,SG09284,6.000
SG09943,SG09972,9.000
SG05388,SG05434,11.000
SG07277,SG07328,11.000
SG04716,SG04750,7.000
SG05759,SG05847,12.000
SG07340,SG07427,11.000
SG05704,SG05782,10.000
SG05523,SG05618,12.000
SG09915,SG09926,10.000
SG09216,SG09219,10.000
SG03965,SG03996,12.000
SG04590,SG04657,11.000
SG09772,SG09857,6.000
SG01495,SG01545,12.000
SG01264,SG01309,6.000
SG06101,SG06177,11.000
SG09753,SG09759,8.000
SG06840,SG06919,12.000
SG06665,SG06747,9.000
SG08203,SG08248,6.000
SG08056,SG08139,11.000
SG09590,SG09634,11.000
SG03951,SG03974,9.000
SG07923,SG07999,10.000
SG06239,SG06252,7.000
SG05395,SG05482,11.000
SG05344,SG05420,9.000
SG05153,SG05171,10.000
SG05177,SG05234,7.000
SG04018,SG04044,12.000
SG07801,SG07892,11.000
SG06110,SG06201,6.000
SG03991,SG04010,8.000
SG02136,SG02222,11.000
SG04924,SG04981,8.000
SG02913,SG02915,8.000
SG05710,SG05798,12.000
SG01829,SG01844,6.000
SG05883,SG05915,6.000
SG05056,SG05136,11.000
SG05415,SG05442,7.000
SG01201,SG01235,7.000
SG00274,SG00327,8.000
SG09150,SG09214,11.000
SG07371,SG07381,12.000
SG04933,SG05023,7.000
SG07791,SG07797,12.000
SG01027,SG01099,11.000
SG07828,SG07923,9.000
SG05237,SG05311,6.000
SG02557,SG02603,9.000
SG06915,SG06966,6.000
SG04586,SG04608,12.000
SG06180,SG06208,6.000
SG04457,SG04554,11.000
SG02901,SG02925,9.000
SG06934,SG06987,12.000
SG06842,SG06904,7.000
SG02316,SG02349,8.000
SG04405,SG04413,11.000
SG02030,SG02118,10.000
SG01289,SG01307,12.000
SG06263,SG06340,6.000
SG09884,SG09900,8.000
SG06338,SG06356,12.000
SG05811,SG05900,8.000
SG09139,SG09222,11.000
SG05484,SG05532,6.000
SG03205,SG03251,9.000
SG06412,SG06486,11.000
SG09266,SG09353,6.000
SG09851,SG09891,6.000
SG00176,SG00225,6.000
SG02008,SG02080,11.000
SG09453,SG09509,7.000
SG00839,SG00854,9.000
SG02138,SG02151,11.000
SG01312,SG01357,10.000
SG09555,SG09585,7.000
SG08308,SG08376,6.000
SG08886,SG08892,9.000
SG03863,SG03910,7.000
SG02444,SG02506,12.000
SG09756,SG09849,9.000
SG08208,SG08235,9.000
SG08178,SG08222,6.000
SG05733,SG05803,12.000
SG07984,SG08077,7.000
SG08086,SG08166,9.000
SG02491,SG02500,10.000
SG04096,SG04187,9.000
SG02523,SG02571,6.000
SG04091,SG04169,7.000
SG06052,SG06092,11.000
SG09521,SG09561,8.000
SG09043,SG09104,9.000
SG00590,SG00674,9.000
SG01441,SG01515,8.000
SG09360,SG09366,6.000
SG03455,SG03539,7.000
SG06836,SG06887,8.000
SG00892,SG00950,6.000
SG04488,SG04533,7.000
SG00004,SG09930,12.000
SG01546,SG01643,8.000
SG02063,SG02155,9.000
SG02449,SG02501,9.000
SG04551,SG04604,11.000
SG02065,SG02122,9.000
SG01254,SG01278,6.000
SG02907,SG02984,8.000
SG08828,SG08916,8.000
SG06694,SG06746,7.000
SG04509,SG04571,8.000
SG05257,SG05343,9.000
SG09768,SG09855,10.000
SG01296,SG01302,12.000
SG09601,SG09626,8.000
SG00738,SG00791,7.000
SG05753,SG05835,6.000
SG03755,SG03761,10.000
SG04349,SG04439,9.000
SG03896,SG03905,9.000
SG09921,SG09972,11.000
SG02394,SG02437,10.000
SG09237,SG09259,11.000
SG00728,SG00747,12.000
SG05270,SG05281,8.000
SG06943,SG06974,11.000
SG04821,SG04824,8.000
SG03369,SG03430,7.000
SG08218,SG08268,12.000
SG03144,SG03180,12.000
SG06864,SG06938,7.000
SG03647,SG03654,6.000
SG09825,SG09857,11.000
SG04600,SG04617,12.000
SG04700,SG04736,7.000
SG00364,SG00380,7.000
SG06403,SG06438,10.000
SG07949,SG07980,11.000
SG00767,SG00780,6.000
SG07640,SG07696,12.000
SG03721,SG03759,7.000
SG00013,SG09961,10.000
SG01797,SG01825,10.000
SG04167,SG04232,12.000
SG01543,SG01625,12.000
SG07656,SG07687,11.000
SG04623,SG04639,12.000
SG05709,SG05797,6.000
SG07698,SG07736,11.000
SG05034,SG05079,6.000
SG02076,SG02152,11.000
SG05708,SG05735,11.000
SG03420,SG03480,12.000
SG02505,SG02587,12.000
SG06933,SG06992,8.000
SG01318,SG01350,9.000
SG04153,SG04193,7.000
SG07622,SG07645,8.000
SG04400,SG04471,9.000
SG04731,SG04781,9.000
SG02568,SG02630,7.000
SG08203,SG08274,6.000
SG06081,SG06141,10.000
SG02124,SG02221,9.000
SG02980,SG02995,9.000
SG01448,SG01503,9.000
SG00909,SG00942,6.000
SG05081,SG05101,7.000
SG08918,SG08961,7.000
SG05123,SG05128,12.000
SG01019,SG01087,11.000
SG01829,SG01873,9.000
SG08032,SG08059,9.000
SG09427,SG09510,11.000
SG03008,SG03101,10.000
SG08129,SG08219,9.000
SG01081,SG01099,6.000
SG00628,SG00648,11.000
SG07574,SG07659,11.000
SG00169,SG00216,10.000
SG04212,SG04277,11.000
SG00048,SG00090,6.000
SG02990,SG03012,9.000
SG04308,SG04311,7.000
SG06245,SG06294,10.000
SG04520,SG04614,12.000
SG00383,SG00406,9.000
SG01008,SG01081,12.000
SG05190,SG05235,7.000
SG06882,SG06975,6.000
SG01288,SG01327,8.000
SG02789,SG02805,12.000
SG00708,SG00734,10.000
SG07617,SG07684,10.000
SG00450,SG00518,6.000
SG08578,SG08661,7.000
SG01741,SG01822,7.000
SG01228,SG01314,11.000
SG09336,SG09352,7.000
SG09265,SG09308,11.000
SG01025,SG01117,8.000
SG03448,SG03490,9.000
SG08330,SG08355,11.000
SG01831,SG01833,11.000
SG00708,SG00781,7.000
SG07867,SG07954,7.000
SG08075,SG08138,10.000
SG01877,SG01890,10.000
SG03080,SG03106,7.000
SG02940,SG02969,7.000
SG06916,SG06939,7.000
SG04596,SG04630,12.000
SG03950,SG03995,12.000
SG02068,SG02144,10.000
SG05251,SG05335,11.000
SG08030,SG08059,8.000
SG03066,SG03129,12.000
SG05988,SG06035,10.000
SG07793,SG07811,12.000
SG01783,SG01805,7.000
SG01013,SG01060,10.000
SG09246,SG09341,7.000
SG02669,SG02724,7.000
SG08249,SG08272,11.000
SG06521,SG06594,9.000
SG02035,SG02108,7.000
SG04953,SG04999,6.000
SG07362,SG07419,11.000
SG00111,SG00204,6.000
SG06284,SG06295,8.000
SG06363,SG06429,7.000
SG08060,SG08098,10.000
SG07318,SG07413,6.000
SG04180,SG04253,9.000
SG02281,SG02338,7.000
SG04606,SG04617,6.000
SG00081,SG00151,10.000
SG09592,SG09666,8.000
SG05928,SG05953,12.000
SG04478,SG04535,9.000
SG07415,SG07458,6.000
SG05363,SG05412,7.000
SG02036,SG02073,11.000
SG07056,SG07118,7.000
SG08927,SG08949,11.000
SG01938,SG02029,7.000
SG04873,SG04908,10.000
SG04814,SG04851,11.000
SG05303,SG05346,11.000
SG07952,SG07961,8.000
SG01239,SG01314,10.000
SG08333,SG08376,11.000
SG04695,SG04781,6.000
SG05279,SG05299,11.000
SG02204,SG02229,10.000
SG09582,SG09658,11.000
SG03058,SG03129,12.000
SG06471,SG06561,8.000
SG00003,SG00020,10.000
SG01300,SG01374,10.000
SG05711,SG05747,8.000
SG00601,SG00671,6.000
SG01765,SG01822,6.000
SG05657,SG05668,8.000
SG05202,SG05289,12.000
SG06101,SG06129,7.000
SG06486,SG06552,7.000
SG02906,SG02909,8.000
SG02805,SG02825,12.000
SG06580,SG06659,6.000
SG07368,SG07419,9.000
SG05564,SG05570,12.000
SG09641,SG09720,11.000
SG04892,SG04932,12.000
SG08706,SG08742,12.000
SG04197,SG04246,8.000
SG00291,SG00298,8.000
SG09040,SG09090,11.000
SG00921,SG00959,9.000
SG05042,SG05130,7.000
SG06044,SG06113,10.000
SG04773,SG04799,9.000
SG09192,SG09201,7.000
SG06710,SG06804,11.000
SG07305,SG07314,11.000
SG00996,SG01074,7.000
SG00998,SG01005,8.000
SG05893,SG05969,7.000
SG01637,SG01697,6.000
SG08729,SG08818,9.000
SG05026,SG05067,9.000
SG09232,SG09243,12.000
SG06988,SG07026,6.000
SG00288,SG00356,6.000
SG01921,SG01934,7.000
SG03187,SG03196,11.000
SG04488,SG04583,6.000
SG07017,SG07105,8.000
SG05208,SG05223,9.000
SG05618,SG05647,10.000
SG05912,SG05991,8.000
SG06082,SG06138,7.000
SG08991,SG09070,11.000
SG00730,SG00800,7.000
SG08128,SG08135,6.000
SG05565,SG05654,12.000
SG06008,SG06032,10.000
SG02861,SG02933,12.000
SG09406,SG09460,8.000
SG09561,SG09634,11.000
SG02140,SG02196,9.000
SG07074,SG07110,12.000
SG04910,SG04915,11.000
SG07506,SG07592,6.000
SG05973,SG06006,10.000
SG07025,SG07079,9.000
SG01219,SG01291,7.000
SG04453,SG04478,7.000
SG04498,SG04522,9.000
SG03076,SG03102,9.000
SG02238,SG02254,9.000
SG01514,SG01590,11.000
SG08555,SG08572,11.000
SG06119,SG06163,9.000
SG08184,SG08205,8.000
SG04097,SG04120,9.000
SG05083,SG05122,6.000
SG06925,SG06956,8.000
SG00772,SG00801,8.000
SG07883,SG07891,8.000
SG08593,SG08674,9.000
SG01783,SG01859,10.000
SG03652,SG03675,9.000
SG08692,SG08773,9.000
SG03741,SG03833,7.000
SG07672,SG07708,12.000
SG02558,SG02583,9.000
SG07641,SG07691,12.000
SG07456,SG07468,7.000
SG00898,SG00941,11.000
SG01634,SG01684,12.000
SG03715,SG03766,10.000
SG08423,SG08425,7.000
SG05671,SG05756,6.000
SG08465,SG08558,8.000
SG03087,SG03159,9.000
SG00026,SG00065,6.000
SG05270,SG05290,10.000
SG03809,SG03882,7.000
SG03343,SG03380,8.000
SG07294,SG07365,11.000
SG03340,SG03384,8.000
SG05236,SG05262,8.000
SG06182,SG06223,12.000
SG03299,SG03345,10.000
SG00149,SG00242,10.000
SG06413,SG06503,10.000
SG04703,SG04752,6.000
SG02993,SG03055,12.000
SG01174,SG01240,7.000
SG06231,SG06273,8.000
SG03860,SG03900,9.000
SG04945,SG04953,10.000
SG07835,SG07911,10.000
SG04516,SG04598,6.000
SG05192,SG05251,7.000
SG03940,SG03977,11.000
SG02731,SG02790,12.000
SG03518,SG03607,11.000
SG09407,SG09459,12.000
SG09929,SG09983,6.000
SG04228,SG04261,8.000
SG06923,SG06973,7.000
SG02928,SG02979,6.000
SG01270,SG01342,11.000
SG07731,SG07802,7.000
SG00584,SG00667,10.000
SG06979,SG07027,6.000
SG02759,SG02830,11.000
SG03491,SG03494,7.000
SG01704,SG01734,7.000
SG00325,SG00413,8.000
SG01393,SG01484,11.000
SG03291,SG03356,11.000
SG05680,SG05722,9.000
SG09235,SG09304,9.000
SG05356,SG05373,10.000
SG00846,SG00905,12.000
SG02342,SG02438,6.000
SG00789,SG00879,6.000
SG04176,SG04205,12.000
SG03279,SG03305,12.000
SG05782,SG05877,7.000
SG08099,SG08141,11.000
SG00547,SG00615,11.000
SG03491,SG03526,11.000
SG04516,SG04571,7.000
SG08548,SG08550,12.000
SG06752,SG06767,6.000
SG05794,SG05826,8.000
SG01182,SG01186,11.000
SG08648,SG08713,9.000
SG01192,SG01221,10.000
SG09639,SG09721,8.000
SG03498,SG03575,9.000
SG01595,SG01667,11.000
SG02955,SG02972,6.000
SG08774,SG08863,8.000
SG00702,SG00706,7.000
SG06125,SG06165,10.000
SG04925,SG04947,10.000
SG05695,SG05722,11.000
SG02184,SG02254,10.000
SG07765,SG07831,11.000
SG08376,SG08461,12.000
SG03722,SG03746,10.000
SG07537,SG07629,8.000
SG06071,SG06140,6.000
SG04529,SG04581,11.000
SG01540,SG01571,8.000
SG09745,SG09830,6.000
SG03936,SG03972,8.000
SG01048,SG01105,7.000
SG07564,SG07659,11.000
SG05716,SG05783,12.000
SG07590,SG07593,10.000
SG03928,SG04012,11.000
SG03954,SG04011,12.000
SG00903,SG00940,6.000
SG08350,SG08384,11.000
SG07757,SG07812,12.000
SG02632,SG02665,12.000
SG07194,SG07224,12.000
SG09739,SG09779,11.000
SG09813,SG09866,7.000
SG08156,SG08218,7.000
SG05836,SG05909,7.000
SG06063,SG06087,6.000
SG05970,SG06026,6.000
SG04765,SG04815,9.000
SG09565,SG09567,7.000
SG01030,SG01124,11.000
SG08881,SG08978,12.000
SG07476,SG07529,8.000
SG00703,SG00767,12.000
SG07520,SG07606,6.000
SG01399,SG01466,7.000
SG09542,SG09626,12.000
SG04405,SG04412,6.000
SG02079,SG02104,11.000
SG00716,SG00764,6.000
SG01144,SG01146,12.000
SG08800,SG08836,7.000
SG00256,SG00311,8.000
SG01181,SG01221,10.000
SG06636,SG06689,12.000
SG06234,SG06271,9.000
SG01357,SG01428,10.000
SG06275,SG06293,7.000
SG00209,SG00217,6.000
SG02332,SG02342,9.000
SG03716,SG03742,12.000
SG02690,SG02705,6.000
SG02296,SG02365,10.000
SG02106,SG02203,6.000
SG04083,SG04121,11.000
SG02015,SG02060,12.000
SG01584,SG01620,11.000
SG04818,SG04827,11.000
SG07208,SG07302,11.000
SG07966,SG08062,9.000
SG09952,SG09984,9.000
SG01825,SG01865,12.000
SG04234,SG04262,9.000
SG09640,SG09702,12.000
SG00210,SG00301,6.000
SG04120,SG04178,10.000
SG00974,SG00991,12.000
SG03777,SG03850,6.000
SG08945,SG08994,7.000
SG08787,SG08844,11.000
SG09681,SG09709,9.000
SG01468,SG01557,10.000
SG09354,SG09412,10.000
SG06094,SG06152,9.000
SG00392,SG00412,6.000
SG07304,SG07341,11.000
SG01383,SG01424,9.000
SG01439,SG01530,11.000
SG00452,SG00525,10.000
SG01427,SG01494,10.000
SG09023,SG09112,10.000
SG08865,SG08901,8.000
SG03299,SG03378,6.000
SG07444,SG07505,10.000
SG07119,SG07198,6.000
SG05373,SG05468,10.000
SG00118,SG00157,6.000
SG01681,SG01696,10.000
SG02509,SG02578,10.000
SG07734,SG07816,12.000
SG00441,SG00518,10.000
SG01748,SG01760,8.000
SG06863,SG06957,7.000
SG06041,SG06129,9.000
SG00304,SG00315,8.000
SG04873,SG04891,12.000
SG01054,SG01060,12.000
SG00700,SG00782,8.000
SG09044,SG09095,11.000
SG08981,SG09044,6.000
SG03404,SG03441,10.000
SG02093,SG02182,12.000
SG08328,SG08415,8.000
SG01994,SG02058,8.000
SG06649,SG06651,10.000
SG04618,SG04620,6.000
SG09519,SG09595,6.000
SG07300,SG07377,9.000
SG00972,SG01053,10.000
SG09343,SG09378,12.000
SG07960,SG08046,12.000
SG05883,SG05971,10.000
SG02944,SG03018,11.000
SG01972,SG02036,6.000
SG05281,SG05327,7.000
SG08067,SG08155,8.000
SG02715,SG02739,7.000
SG05359,SG05425,10.000
SG03311,SG03345,8.000
SG00347,SG00411,6.000
SG04299,SG04333,6.000
SG08279,SG08318,6.000
SG05700,SG05741,10.000
SG05281,SG05317,6.000
SG06306,SG06385,8.000
SG04676,SG04704,9.000
SG05842,SG05923,11.000
SG04904,SG04915,6.000
SG02946,SG02951,6.000
SG00115,SG00168,12.000
SG02178,SG02212,9.000
SG00637,SG00652,12.000
SG07673,SG07768,9.000
SG04639,SG04643,8.000
SG04504,SG04539,11.000
SG05159,SG05206,6.000
SG04285,SG04306,7.000
SG03771,SG03809,9.000
SG04211,SG04278,12.000
SG02854,SG02931,7.000
SG01865,SG01931,6.000
SG08798,SG08876,8.000
SG00300,SG00370,8.000
SG04527,SG04554,10.000
SG07374,SG07380,6.000
SG00764,SG00779,11.000
SG07979,SG08064,10.000
SG09334,SG09346,10.000
SG06160,SG06190,11.000
SG07205,SG07207,7.000
SG01104,SG01200,6.000
SG06554,SG06595,6.000
SG07459,SG07507,9.000
SG01682,SG01766,12.000
SG07372,SG07467,11.000
SG04103,SG04140,12.000
SG09478,SG09526,12.000
SG02717,SG02752,8.000
SG04606,SG04659,10.000
SG03443,SG03505,7.000
SG00355,SG00395,10.000
SG02529,SG02551,7.000
SG09788,SG09797,11.000
SG05648,SG05694,10.000
SG01722,SG01725,9.000
SG01485,SG01499,7.000
SG04304,SG04318,12.000
SG09358,SG09440,8.000
SG08099,SG08144,6.000
SG06233,SG06307,6.000
SG02760,SG02766,7.000
SG04828,SG04834,6.000
SG00711,SG00715,6.000
SG01980,SG02057,7.000
SG05202,SG05247,12.000
SG00811,SG00845,6.000
SG06825,SG06903,6.000
SG01897,SG01960,7.000
SG05087,SG05170,6.000
SG03472,SG03557,8.000
SG08196,SG08242,9.000
SG09106,SG09124,10.000
SG07855,SG07891,7.000
SG09066,SG09158,12.000
SG04718,SG04768,9.000
SG09227,SG09268,7.000
SG07434,SG07470,7.000
SG04597,SG04608,6.000
SG01876,SG01950,6.000
SG03949,SG03980,11.000
SG00535,SG00605,12.000
SG03167,SG03258,11.000
SG03086,SG03174,7.000
SG08594,SG08602,7.000
SG01066,SG01134,6.000
SG03249,SG03285,11.000
SG00529,SG00571,10.000
SG09149,SG09181,11.000
SG09526,SG09603,12.000
SG03588,SG03667,11.000
SG00557,SG00565,7.000
SG06721,SG06766,8.000
SG04703,SG04717,10.000
SG07962,SG08028,6.000
SG02279,SG02365,6.000
SG09898,SG09969,6.000
SG07540,SG07555,12.000
SG06511,SG06590,8.000
SG00409,SG00443,6.000
SG07982,SG08076,7.000
SG09498,SG09555,12.000
SG02855,SG02868,10.000
SG05980,SG05999,11.000
SG00554,SG00562,11.000
SG00262,SG00282,6.000
SG08730,SG08762,8.000
SG01013,SG01100,8.000
SG01346,SG01401,10.000
SG02144,SG02206,8.000
SG00343,SG00390,9.000
SG05729,SG05822,12.000
SG06895,SG06977,6.000
SG01014,SG01040,11.000
SG03179,SG03186,6.000
SG09412,SG09451,7.000
SG02930,SG02938,11.000
SG06107,SG06120,12.000
SG04475,SG04518,8.000
SG08501,SG08525,10.000
SG03985,SG04051,11.000
SG03554,SG03571,11.000
SG05078,SG05085,11.000
SG08017,SG08087,10.000
SG04182,SG04268,6.000
SG00976,SG01010,9.000
SG04904,SG04986,6.000
SG04912,SG04967,10.000
SG09673,SG09765,6.000
SG02988,SG03035,7.000
SG08721,SG08768,11.000
SG04434,SG04500,9.000
SG05694,SG05775,7.000
SG00023,SG09950,6.000
SG01473,SG01534,8.000
SG03105,SG03196,7.000
SG03712,SG03768,12.000
SG04818,SG04844,10.000
SG04866,SG04890,8.000
SG04409,SG04501,11.000
SG06629,SG06679,6.000
SG05437,SG05458,10.000
SG09430,SG09486,9.000
SG05764,SG05767,8.000
SG02506,SG02529,12.000
SG02107,SG02141,12.000
SG08774,SG08819,8.000
SG07907,SG07989,9.000
SG09787,SG09867,8.000
SG02788,SG02876,10.000
SG05269,SG05363,7.000
SG00247,SG00271,8.000
SG09483,SG09562,12.000
SG00770,SG00796,6.000
SG08853,SG08919,7.000
SG08309,SG08346,12.000
SG02284,SG02369,6.000
SG02155,SG02227,9.000
SG03197,SG03287,8.000
SG01850,SG01859,11.000
SG01085,SG01107,7.000
SG02999,SG03063,9.000
SG05940,SG06032,10.000
SG04737,SG04759,8.000
SG08464,SG08491,11.000
SG02218,SG02284,12.000
SG00194,SG00228,10.000
SG08398,SG08447,11.000
SG08799,SG08830,12.000
SG03200,SG03267,9.000
SG07501,SG07582,9.000
SG08818,SG08839,8.000
SG09527,SG09556,10.000
SG03853,SG03906,7.000
SG08736,SG08792,10.000
SG04390,SG04413,6.000
SG05657,SG05725,9.000
SG06656,SG06694,7.000
SG06674,SG06731,7.000
SG03574,SG03586,12.000
SG02272,SG02358,7.000
SG00478,SG00557,6.000
SG07406,SG07445,10.000
SG06788,SG06814,7.000
SG06341,SG06353,12.000
SG06341,SG06350,9.000
SG03796,SG03886,6.000
SG09849,SG09943,11.000
SG07094,SG07110,8.000
SG04289,SG04326,12.000
SG08366,SG08378,10.000
SG06569,SG06645,6.000
SG04809,SG04847,7.000
SG08074,SG08138,12.000
SG06690,SG06763,9.000
SG03471,SG03490,8.000
SG00340,SG00377,11.000
SG06891,SG06911,10.000
SG04903,SG04921,9.000
SG02086,SG02148,6.000
SG00258,SG00271,6.000
SG05864,SG05867,9.000
SG06815,SG06843,8.000
SG04913,SG04993,6.000
SG09515,SG09576,7.000
SG03434,SG03514,10.000
SG08810,SG08816,11.000
SG09292,SG09344,10.000
SG04934,SG05029,10.000
SG03350,SG03385,8.000
SG08855,SG08945,8.000
SG09000,SG09014,10.000
SG03855,SG03896,11.000
SG08648,SG08724,6.000
SG04704,SG04758,6.000
SG06211,SG06285,6.000
SG05378,SG05381,12.000
SG01370,SG01386,11.000
SG00853,SG00891,6.000
SG02933,SG02949,12.000
SG03536,SG03604,12.000
SG01763,SG01857,10.000
SG01217,SG01247,8.000
SG01433,SG01522,9.000
SG06437,SG06522,10.000
SG05193,SG05239,11.000
SG07665,SG07682,8.000
SG04163,SG04213,6.000
SG06200,SG06266,11.000
SG01917,SG01949,12.000
SG09907,SG09977,7.000
SG08034,SG08085,11.000
SG01397,SG01482,7.000
SG05818,SG05855,7.000
SG04674,SG04681,9.000
SG00372,SG00426,8.000
SG06225,SG06239,11.000
SG00677,SG00742,6.000
SG04685,SG04719,9.000
SG06418,SG06476,12.000
SG03123,SG03137,12.000
SG05101,SG05131,9.000
SG00350,SG00397,6.000
SG00696,SG00793,10.000
SG08061,SG08139,7.000
SG09676,SG09736,7.000
SG09689,SG09702,7.000
SG07109,SG07135,8.000
SG00207,SG00264,11.000
SG02456,SG02527,7.000
SG04433,SG04441,7.000
SG05089,SG05102,12.000
SG00199,SG00250,8.000
SG01376,SG01434,12.000
SG02776,SG02866,11.000
SG01669,SG01765,6.000
SG03745,SG03814,7.000
SG04678,SG04769,7.000
SG01742,SG01808,9.000
SG01796,SG01838,9.000
SG09757,SG09773,11.000
SG02955,SG03037,8.000
SG04647,SG04688,12.000
SG01743,SG01774,9.000
SG04745,SG04771,11.000
SG08891,SG08973,6.000
SG01609,SG01667,12.000
SG02963,SG03055,11.000
SG07696,SG07741,9.000
SG03314,SG03375,9.000
SG03591,SG03613,9.000
SG06222,SG06237,12.000
SG02145,SG02208,7.000
SG08625,SG08716,11.000
SG02936,SG02953,7.000
SG08365,SG08378,8.000
SG04661,SG04717,7.000
SG03223,SG03251,8.000
SG05858,SG05897,11.000
SG06542,SG06610,11.000
SG01474,SG01490,10.000
SG03011,SG03031,6.000
SG04878,SG04943,6.000
SG07263,SG07281,6.000
SG07446,SG07495,10.000
SG08571,SG08627,10.000
SG01650,SG01674,10.000
SG00097,SG00182,9.000
SG04125,SG04133,12.000
SG09110,SG09122,7.000
SG03157,SG03203,8.000
SG08384,SG08397,6.000
SG06081,SG06109,12.000
SG06764,SG06854,10.000
SG06750,SG06788,9.000
SG01785,SG01816,7.000
SG07258,SG07307,10.000
SG07360,SG07440,6.000
SG01989,SG02049,7.000
SG08027,SG08055,12.000
SG01550,SG01557,9.000
SG06228,SG06310,8.000
SG09762,SG09787,12.000
SG03676,SG03769,10.000
SG04327,SG04336,9.000
SG00151,SG00168,10.000
SG01645,SG01703,7.000
SG06291,SG06327,7.000
SG04129,SG04216,9.000
SG09052,SG09078,11.000
SG04982,SG05054,8.000
SG02801,SG02815,9.000
SG06235,SG06283,7.000
SG03520,SG03617,11.000
SG01637,SG01687,12.000
SG01435,SG01455,11.000
SG02351,SG02391,11.000
SG06745,SG06759,6.000
SG00901,SG00928,7.000
SG07076,SG07110,12.000
SG03107,SG03177,12.000
SG01983,SG02020,9.000
SG09521,SG09571,6.000
SG02354,SG02438,8.000
SG02599,SG02626,9.000
SG09125,SG09211,10.000
SG04315,SG04336,6.000
SG09341,SG09379,12.000
SG06694,SG06717,10.000
SG06477,SG06569,7.000
SG05339,SG05395,11.000
SG09186,SG09240,12.000
SG09314,SG09364,8.000
SG06332,SG06345,10.000
SG00084,SG00129,11.000
SG09528,SG09559,11.000
SG03405,SG03490,10.000
SG05439,SG05469,9.000
SG01668,SG01723,10.000
SG02043,SG02129,8.000
SG05842,SG05894,7.000
SG03960,SG03982,7.000
SG06490,SG06535,12.000
SG04956,SG05025,6.000
SG07951,SG08013,11.000
SG09003,SG09050,7.000
SG09311,SG09374,9.000
SG07869,SG07950,11.000
SG05895,SG05903,12.000
SG01326,SG01341,9.000
SG06243,SG06295,6.000
SG08748,SG08816,8.000
SG07628,SG07652,7.000
SG06323,SG06368,11.000
SG08602,SG08694,11.000
SG05413,SG05431,7.000
SG05641,SG05730,7.000
SG02850,SG02870,12.000
SG03099,SG03142,11.000
SG06372,SG06410,12.000
SG07218,SG07260,11.000
SG06025,SG06097,12.000
SG06340,SG06400,10.000
SG08342,SG08397,7.000
SG06420,SG06461,10.000
SG02569,SG02657,9.000
SG04102,SG04131,6.000
SG00312,SG00315,6.000
SG04518,SG04543,6.000
SG09782,SG09785,12.000
SG08349,SG08360,7.000
SG06469,SG06480,7.000
SG08085,SG08164,12.000
SG01774,SG01866,10.000
SG07464,SG07546,11.000
SG02861,SG02912,6.000
SG06487,SG06583,10.000
SG09008,SG09092,6.000
SG07661,SG07742,12.000
SG05107,SG05158,9.000
SG02962,SG03003,9.000
SG09775,SG09788,11.000
SG06051,SG06145,12.000
SG07035,SG07107,7.000
SG06031,SG06034,7.000
SG04687,SG04736,6.000
SG08322,SG08338,11.000
SG02551,SG02636,7.000
SG00446,SG00504,12.000
SG07780,SG07826,12.000
SG06511,SG06566,12.000
SG05620,SG05640,10.000
SG09399,SG09438,7.000
SG00321,SG00384,8.000
SG04830,SG04888,9.000
SG02210,SG02257,10.000
SG05914,SG05942,11.000
SG04019,SG04087,10.000
SG08340,SG08380,10.000
SG04212,SG04241,12.000
SG08003,SG08044,9.000
SG07191,SG07231,11.000
SG03699,SG03767,9.000
SG08050,SG08113,11.000
SG03352,SG03387,10.000
SG02645,SG02656,11.000
SG07147,SG07216,7.000
SG08119,SG08146,8.000
SG07617,SG07644,7.000
SG01602,SG01654,8.000
SG00018,SG09976,8.000
SG02348,SG02391,9.000
SG01582,SG01605,9.000
SG09641,SG09721,6.000
SG08067,SG08100,8.000
SG09165,SG09168,6.000
SG06762,SG06831,7.000
SG02037,SG02134,7.000
SG01158,SG01182,10.000
SG00790,SG00833,6.000
SG05622,SG05626,6.000
SG00611,SG00681,12.000
SG00213,SG00288,9.000
SG08210,SG08303,12.000
SG05803,SG05810,8.000
SG09668,SG09744,9.000
SG09928,SG09977,12.000
SG09375,SG09467,8.000
SG04690,SG04694,6.000
SG01708,SG01737,8.000
SG00441,SG00529,8.000
SG04455,SG04548,6.000
SG03851,SG03940,9.000
SG01143,SG01202,12.000
SG01835,SG01886,10.000
SG06583,SG06634,10.000
SG04428,SG04469,12.000
SG09231,SG09274,10.000
SG05524,SG05575,6.000
SG03442,SG03510,8.000
SG01207,SG01292,7.000
SG07580,SG07630,12.000
SG06749,SG06769,7.000
SG08269,SG08292,10.000
SG05834,SG05872,8.000
SG00051,SG00125,12.000
SG04892,SG04913,12.000
SG01375,SG01467,6.000
SG02158,SG02193,7.000
SG05424,SG05512,9.000
SG00828,SG00867,7.000
SG05785,SG05787,8.000
SG09154,SG09180,9.000
SG05650,SG05732,10.000
SG03043,SG03093,8.000
SG03069,SG03155,6.000
SG09409,SG09437,9.000
SG07049,SG07086,10.000
SG06727,SG06758,12.000
SG07990,SG08019,8.000
SG03629,SG03644,6.000
SG04290,SG04294,12.000
SG02565,SG02644,7.000
SG03024,SG03073,9.000
SG04143,SG04166,7.000
SG09493,SG09499,7.000
SG04442,SG04492,9.000
SG06388,SG06452,6.000
SG02867,SG02957,10.000
SG01308,SG01391,9.000
SG07788,SG07799,10.000
SG09626,SG09632,11.000
SG01703,SG01775,11.000
SG01308,SG01356,8.000
SG02772,SG02854,6.000
SG03390,SG03446,7.000
SG05836,SG05889,10.000
SG07532,SG07622,8.000
SG09067,SG09122,11.000
SG02470,SG02528,10.000
SG02902,SG02910,12.000
SG07543,SG07560,12.000
SG01412,SG01429,10.000
SG03700,SG03721,10.000
SG03489,SG03548,8.000
SG05822,SG05872,11.000
SG07678,SG07766,6.000
SG02809,SG02861,8.000
SG00954,SG00975,6.000
SG02853,SG02904,12.000
SG03665,SG03751,7.000
SG08826,SG08857,9.000
SG01007,SG01038,6.000
SG05744,SG05793,10.000
SG01347,SG01403,12.000
SG07128,SG07160,8.000
SG04038,SG04056,8.000
SG02723,SG02773,8.000
SG09782,SG09808,6.000
SG04718,SG04730,11.000
SG05670,SG05739,6.000
SG06356,SG06372,8.000
SG00405,SG00477,11.000
SG03844,SG03858,8.000
SG03476,SG03542,6.000
SG02828,SG02910,7.000
SG00928,SG00988,6.000
SG02530,SG02562,12.000
SG00357,SG00375,8.000
SG07131,SG07151,11.000
SG04562,SG04574,10.000
SG03132,SG03195,10.000
SG07542,SG07547,9.000
SG06510,SG06574,11.000
SG03774,SG03797,12.000
SG02504,SG02524,6.000
SG02664,SG02700,10.000
SG06997,SG07060,10.000
SG00313,SG00368,11.000
SG09869,SG09953,8.000
SG00902,SG00952,11.000
SG00389,SG00467,6.000
SG05706,SG05727,7.000
SG00985,SG01047,11.000
SG09648,SG09674,9.000
SG01508,SG01517,9.000
SG08960,SG09016,12.000
SG09713,SG09718,11.000
SG09663,SG09740,7.000
SG08088,SG08158,9.000
SG00670,SG00766,10.000
SG00558,SG00595,11.000
SG08202,SG08279,7.000
SG08133,SG08185,12.000
SG05271,SG05315,6.000
SG08301,SG08360,9.000
SG02065,SG02158,7.000
SG02090,SG02170,10.000
SG05635,SG05713,10.000
SG03304,SG03324,9.000
SG01052,SG01103,8.000
SG09677,SG09770,9.000
SG06751,SG06790,12.000
SG03573,SG03593,9.000
SG04785,SG04848,11.000
SG03719,SG03768,10.000
SG07683,SG07766,11.000
SG07195,SG07224,12.000
SG08371,SG08449,10.000
SG05824,SG05847,10.000
SG03549,SG03592,6.000
SG01220,SG01295,11.000
SG04870,SG04924,12.000
SG01248,SG01310,6.000
SG01722,SG01761,10.000
SG05599,SG05654,7.000
SG05035,SG05055,9.000
SG02801,SG02865,7.000
SG08982,SG08985,6.000
SG03260,SG03329,11.000
SG07300,SG07331,10.000
SG06123,SG06191,9.000
SG08830,SG08879,12.000
SG09920,SG09928,6.000
SG03485,SG03504,6.000
SG01179,SG01200,11.000
SG00691,SG00748,9.000
SG09735,SG09740,6.000
SG08168,SG08223,12.000
SG07325,SG07368,12.000
SG05217,SG05295,7.000
SG05360,SG05414,6.000
SG02229,SG02253,12.000
SG01780,SG01793,8.000
SG02415,SG02494,11.000
SG03540,SG03612,8.000
SG03489,SG03534,7.000
SG03847,SG03856,11.000
SG01814,SG01900,10.000
SG09803,SG09895,10.000
SG09961,SG09977,12.000
SG09732,SG09753,11.000
SG06394,SG06472,11.000
SG08366,SG08369,9.000
SG03634,SG03674,8.000
SG05301,SG05315,7.000
SG04490,SG04549,12.000
SG05830,SG05927,9.000
SG05306,SG05379,9.000
SG06625,SG06689,8.000
SG06397,SG06491,10.000
SG09778,SG09850,8.000
SG03390,SG03405,6.000
SG00646,SG00715,7.000
SG04890,SG04908,6.000
SG05852,SG05947,12.000
SG02195,SG02274,9.000
SG00814,SG00854,7.000
SG01377,SG01459,8.000
SG09414,SG09502,11.000
SG07639,SG07654,9.000
SG05046,SG05092,7.000
SG01904,SG01911,11.000
SG00377,SG00415,6.000
SG00856,SG00899,10.000
SG05832,SG05842,10.000
SG09741,SG09794,8.000
SG02308,SG02322,12.000
SG02674,SG02701,9.000
SG04852,SG04860,11.000
SG03749,SG03820,6.000
SG09390,SG09463,10.000
SG04438,SG04494,9.000
SG06933,SG06990,10.000
SG04261,SG04285,7.000
SG07340,SG07365,7.000
SG03126,SG03208,11.000
SG00692,SG00702,10.000
SG06872,SG06924,9.000
SG01257,SG01260,7.000
SG05761,SG05858,6.000
SG07595,SG07624,11.000
SG00810,SG00904,12.000
SG04526,SG04619,9.000
SG08754,SG08784,10.000
SG08385,SG08479,6.000
SG08430,SG08433,6.000
SG02667,SG02724,12.000
SG03142,SG03178,8.000
SG08444,SG08467,6.000
SG03137,SG03192,10.000
SG01487,SG01496,10.000
SG00047,SG00092,11.000
SG01832,SG01847,12.000
SG02063,SG02095,9.000
SG06555,SG06622,9.000
SG00005,SG00085,11.000
SG08323,SG08386,7.000
SG08684,SG08747,7.000
SG01513,SG01520,10.000
SG07972,SG08010,11.000
SG00014,SG09976,9.000
SG02048,SG02091,12.000
SG06464,SG06483,11.000
SG06421,SG06457,8.000
SG08971,SG09039,9.000
SG08707,SG08711,12.000
SG04433,SG04467,9.000
SG03883,SG03941,10.000
SG00919,SG00938,8.000
SG05950,SG05985,10.000
SG06337,SG06391,12.000
SG08772,SG08786,12.000
SG00374,SG00439,7.000
SG07428,SG07485,9.000
SG07461,SG07516,11.000
SG00828,SG00856,7.000
SG07756,SG07797,12.000
SG04761,SG04784,9.000
SG00890,SG00924,9.000
SG05046,SG05082,10.000
SG09416,SG09427,8.000
SG01235,SG01258,8.000
SG05877,SG05922,7.000
SG05402,SG05471,9.000
SG05044,SG05107,12.000
SG06160,SG06222,8.000
SG01606,SG01610,11.000
SG08253,SG08327,11.000
SG09160,SG09253,7.000
SG01008,SG01098,7.000
SG09334,SG09338,10.000
SG07728,SG07749,6.000
SG05890,SG05932,9.000
SG00900,SG00985,8.000
SG08358,SG08366,10.000
SG07969,SG08023,9.000
SG08750,SG08792,9.000
SG07564,SG07641,10.000
SG03799,SG03807,9.000
SG09563,SG09628,11.000
SG09666,SG09696,12.000
SG02322,SG02352,7.000
SG06655,SG06690,7.000
SG00003,SG00006,11.000
SG03934,SG03995,6.000
SG00236,SG00256,9.000
SG09104,SG09107,6.000
SG00529,SG00599,6.000
SG00350,SG00412,10.000
SG08986,SG09065,9.000
SG00511,SG00598,6.000
SG04190,SG04255,12.000
SG08222,SG08234,8.000
SG08570,SG08577,8.000
SG02131,SG02138,8.000
SG02468,SG02499,9.000
SG05489,SG05516,7.000
SG00441,SG00467,7.000
SG00944,SG01035,9.000
SG00311,SG00396,6.000
SG04659,SG04679,7.000
SG07148,SG07151,7.000
SG05626,SG05682,11.000
SG01921,SG02017,12.000
SG05791,SG05794,10.000
SG06103,SG06112,11.000
SG00095,SG00121,7.000
SG02133,SG02153,8.000
SG08231,SG08233,6.000
SG03539,SG03622,8.000
SG02624,SG02715,6.000
SG00737,SG00802,7.000
SG05336,SG05425,10.000
SG07274,SG07360,7.000
SG00974,SG01059,12.000
SG09579,SG09593,11.000
SG08887,SG08940,6.000
SG09371,SG09448,8.000
SG06517,SG06573,10.000
SG04798,SG04890,10.000
SG02422,SG02453,9.000
SG02275,SG02285,12.000
SG02833,SG02929,10.000
SG09021,SG09076,11.000
SG05199,SG05227,8.000
SG04536,SG04544,8.000
SG06728,SG06763,12.000
SG00882,SG00893,11.000
SG01023,SG01101,12.000
SG04708,SG04780,11.000
SG02161,SG02194,10.000
SG01696,SG01759,7.000
SG08632,SG08715,10.000
SG04507,SG04543,7.000
SG00029,SG00057,8.000
SG01635,SG01681,9.000
SG02885,SG02972,10.000
SG04842,SG04864,11.000
SG09304,SG09375,6.000
SG00250,SG00283,10.000
SG08452,SG08488,7.000
SG07465,SG07514,10.000
SG08683,SG08737,10.000
SG00237,SG00295,7.000
SG04127,SG04149,12.000
SG00713,SG00716,11.000
SG03409,SG03455,11.000
SG07247,SG07303,6.000
SG04499,SG04572,10.000
SG06922,SG06988,12.000
SG09130,SG09201,8.000
SG02830,SG02885,8.000
SG06813,SG06847,12.000
SG08766,SG08803,9.000
SG07088,SG07177,12.000
SG03057,SG03075,12.000
SG01303,SG01356,7.000
SG08562,SG08628,8.000
SG03407,SG03415,11.000
SG00796,SG00823,8.000
SG05503,SG05563,11.000
SG03704,SG03712,6.000
SG06298,SG06328,6.000
SG00016,SG00092,9.000
SG02342,SG02435,10.000
SG01232,SG01293,11.000
SG09286,SG09320,10.000
SG01334,SG01390,10.000
SG01272,SG01313,7.000
SG04437,SG04443,8.000
SG06858,SG06929,10.000
SG08007,SG08072,11.000
SG00034,SG00042,11.000
SG02960,SG02968,11.000
SG00582,SG00677,9.000
SG08230,SG08237,12.000
SG09948,SG09965,6.000
SG03179,SG03231,10.000
SG02436,SG02509,9.000
SG04818,SG04899,11.000
SG07695,SG07789,8.000
SG01217,SG01263,12.000
SG04541,SG04612,8.000
SG05884,SG05964,9.000
SG09068,SG09128,10.000
SG03433,SG03474,8.000
SG07037,SG07103,11.000
SG02589,SG02607,6.000
SG02646,SG02697,11.000
SG01710,SG01752,6.000
SG08308,SG08312,12.000
SG02572,SG02640,7.000
SG03876,SG03935,12.000
SG03415,SG03481,10.000
SG04280,SG04348,6.000
SG00139,SG00186,10.000
SG02521,SG02580,9.000
SG08359,SG08427,7.000
SG06014,SG06041,11.000
SG06828,SG06886,11.000
SG08943,SG08964,12.000
SG07594,SG07634,10.000
SG07301,SG07366,12.000
SG08413,SG08464,6.000
SG07200,SG07261,7.000
SG01410,SG01481,8.000
SG06495,SG06572,12.000
SG06965,SG07047,12.000
SG05411,SG05423,7.000
SG06359,SG06393,9.000
SG09282,SG09369,9.000
SG09057,SG09078,9.000
SG06369,SG06399,11.000
SG03658,SG03732,11.000
SG01628,SG01699,9.000
SG03702,SG03764,11.000
SG03868,SG03909,8.000
SG03812,SG03815,10.000
SG04601,SG04655,6.000
SG06120,SG06195,8.000
SG02704,SG02788,12.000
SG04805,SG04851,11.000
SG05300,SG05366,12.000
SG05932,SG05980,7.000
SG02840,SG02899,9.000
SG03690,SG03738,7.000
SG00610,SG00615,7.000
SG00676,SG00719,9.000
SG03942,SG03963,8.000
SG02993,SG03007,8.000
SG09606,SG09687,6.000
SG02916,SG03008,7.000
SG03402,SG03452,10.000
SG00039,SG00049,6.000
SG09759,SG09848,9.000
SG00988,SG01072,11.000
SG00154,SG00232,10.000
SG02000,SG02080,7.000
SG09745,SG09803,7.000
SG06491,SG06505,11.000
SG06200,SG06243,9.000
SG04019,SG04086,7.000
SG05477,SG05519,9.000
SG00634,SG00707,11.000
SG01248,SG01331,10.000
SG02270,SG02342,7.000
SG05579,SG05666,8.000
SG03140,SG03172,9.000
SG01475,SG01530,7.000
SG05741,SG05824,7.000
SG01166,SG01220,6.000
SG08580,SG08665,9.000
SG00611,SG00682,7.000
SG07865,SG07875,7.000
SG08805,SG08881,9.000
SG00610,SG00646,6.000
SG03169,SG03174,12.000
SG04726,SG04744,8.000
SG07739,SG07794,12.000
SG07074,SG07157,11.000
SG02189,SG02281,9.000
SG09055,SG09150,6.000
SG04976,SG04980,8.000
SG01446,SG01488,12.000
SG06321,SG06368,7.000
SG01734,SG01755,8.000
SG04331,SG04391,10.000
SG08580,SG08599,9.000
SG03595,SG03626,9.000
SG05033,SG05126,7.000
SG08014,SG08016,8.000
SG05233,SG05326,10.000
SG01735,SG01820,9.000
SG04287,SG04347,6.000
SG01869,SG01911,10.000
SG08335,SG08391,10.000
SG07336,SG07376,7.000
SG07250,SG07285,8.000
SG07842,SG07904,7.000
SG06469,SG06552,8.000
SG08774,SG08812,11.000
SG02822,SG02844,12.000
SG09778,SG09874,11.000
SG02535,SG02590,8.000
SG00170,SG00253,8.000
SG03387,SG03432,7.000
SG01151,SG01183,8.000
SG08061,SG08068,12.000
SG06275,SG06316,11.000
SG07471,SG07545,10.000
SG05799,SG05831,7.000
SG02140,SG02186,6.000
SG00588,SG00682,9.000
SG01939,SG01981,9.000
SG05283,SG05287,10.000
SG00446,SG00485,10.000
SG01594,SG01636,10.000
SG05458,SG05515,7.000
SG08942,SG08971,11.000
SG02313,SG02380,8.000
SG04417,SG04425,8.000
SG07431,SG07445,9.000
SG05247,SG05289,6.000
SG06337,SG06409,12.000
SG07775,SG07798,12.000
SG09133,SG09135,12.000
SG05557,SG05610,11.000
SG07473,SG07496,7.000
SG08552,SG08588,10.000
SG06261,SG06331,7.000
SG03849,SG03855,8.000
SG01094,SG01141,6.000
SG08841,SG08928,9.000
SG04620,SG04679,11.000
SG01983,SG02044,7.000
SG02809,SG02838,11.000
SG03161,SG03258,9.000
SG04960,SG05010,11.000
SG08721,SG08757,8.000
SG03211,SG03229,7.000
SG01094,SG01122,9.000
SG09640,SG09654,8.000
SG06453,SG06465,12.000
SG09911,SG09966,8.000
SG08288,SG08354,9.000
SG09901,SG09982,7.000
SG03484,SG03539,9.000
SG05247,SG05296,8.000
SG00686,SG00696,9.000
SG04939,SG04989,6.000
SG09682,SG09701,11.000
SG03587,SG03650,9.000
SG04942,SG04982,12.000
SG06951,SG07030,11.000
SG07161,SG07173,10.000
SG04917,SG04973,11.000
SG09010,SG09012,12.000
SG03394,SG03443,11.000
SG06207,SG06245,12.000
SG04806,SG04894,10.000
SG07900,SG07957,12.000
SG03990,SG04034,9.000
SG01913,SG01974,7.000
SG05592,SG05640,11.000
SG06312,SG06344,8.000
SG08555,SG08576,10.000
SG09496,SG09541,7.000
SG06133,SG06158,6.000
SG02384,SG02390,8.000
SG04256,SG04295,11.000
SG08775,SG08811,9.000
SG00005,SG09964,10.000
SG09252,SG09257,9.000
SG03383,SG03400,8.000
SG00749,SG00826,7.000
SG04208,SG04240,11.000
SG03654,SG03704,9.000
SG05233,SG05290,9.000
SG01783,SG01839,9.000
SG04084,SG04169,6.000
SG03302,SG03395,7.000
SG08200,SG08271,10.000
SG03335,SG03353,7.000
SG00350,SG00387,9.000
SG07217,SG07301,6.000
SG00664,SG00740,11.000
SG07718,SG07735,10.000
SG09535,SG09586,7.000
SG05777,SG05836,6.000
SG01767,SG01808,11.000
SG02851,SG02940,12.000
SG09291,SG09341,6.000
SG09669,SG09695,10.000
SG05685,SG05713,6.000
SG01476,SG01543,7.000
SG09485,SG09581,10.000
SG05475,SG05513,6.000
SG02804,SG02823,11.000
SG06030,SG06096,6.000
SG00163,SG00260,8.000
SG05091,SG05155,11.000
SG07065,SG07126,9.000
SG08299,SG08372,12.000
SG07006,SG07026,10.000
SG00677,SG00773,11.000
SG05921,SG05992,11.000
SG00812,SG00823,10.000
SG02493,SG02522,9.000
SG04716,SG04771,10.000
SG04225,SG04230,10.000
SG05691,SG05760,8.000
SG05593,SG05661,9.000
SG09135,SG09164,11.000
SG01081,SG01166,7.000
SG02235,SG02269,10.000
SG07815,SG07885,11.000
SG05954,SG06010,12.000
SG00678,SG00719,11.000
SG03786,SG03805,10.000
SG02699,SG02757,7.000
SG06591,SG06667,12.000
SG05875,SG05963,12.000
SG08480,SG08567,11.000
SG07981,SG08044,10.000
SG03386,SG03402,9.000
SG00088,SG09993,8.000
SG08713,SG08773,11.000
SG02131,SG02186,10.000
SG09471,SG09476,9.000
SG04790,SG04850,6.000
SG06668,SG06699,7.000
SG09508,SG09542,6.000
SG05549,SG05609,9.000
SG05088,SG05104,7.000
SG05764,SG05794,11.000
SG00827,SG00897,6.000
SG04706,SG04758,10.000
SG03016,SG03051,12.000
SG00337,SG00434,10.000
SG08168,SG08259,12.000
SG08819,SG08837,11.000
SG07347,SG07398,12.000
SG08438,SG08458,10.000
SG06255,SG06275,7.000
SG02682,SG02724,12.000
SG05881,SG05901,7.000
SG05051,SG05093,7.000
SG04200,SG04221,11.000
SG04423,SG04433,9.000
SG01366,SG01451,9.000
SG05609,SG05628,8.000
SG04448,SG04508,12.000
SG03315,SG03364,8.000
SG03906,SG03965,9.000
SG02128,SG02134,9.000
SG08149,SG08170,6.000
SG08577,SG08656,12.000
SG05330,SG05408,7.000
SG06817,SG06820,6.000
SG08648,SG08679,7.000
SG05250,SG05261,9.000
SG03496,SG03522,11.000
SG00498,SG00562,12.000
SG07338,SG07398,6.000
SG05748,SG05772,7.000
SG06999,SG07040,9.000
SG05687,SG05756,10.000
SG08587,SG08626,8.000
SG08183,SG08199,12.000
SG03241,SG03270,9.000
SG06679,SG06718,9.000
SG02949,SG03043,10.000
SG05039,SG05041,11.000
SG05340,SG05391,11.000
SG01473,SG01527,11.000
SG00390,SG00452,6.000
SG08314,SG08341,7.000
SG05854,SG05928,8.000
SG02889,SG02915,8.000
SG07742,SG07811,6.000
SG09701,SG09786,6.000
SG07765,SG07858,8.000
SG08723,SG08790,8.000
SG07102,SG07116,9.000
SG06919,SG07003,8.000
SG05727,SG05778,10.000
SG03271,SG03296,11.000
SG04398,SG04400,7.000
SG09772,SG09786,8.000
SG03006,SG03044,10.000
SG05077,SG05105,6.000
SG09840,SG09923,9.000
SG02048,SG02086,7.000
SG02118,SG02152,9.000
SG08250,SG08345,12.000
SG07834,SG07847,6.000
SG09609,SG09642,6.000
SG07180,SG07193,9.000
SG09568,SG09652,12.000
SG03353,SG03409,11.000
SG07955,SG07992,8.000
SG07014,SG07104,11.000
SG08010,SG08056,8.000
SG07907,SG07979,7.000
SG00056,SG00107,6.000
SG04726,SG04821,10.000
SG09505,SG09558,7.000
SG00033,SG00113,11.000
SG04275,SG04360,9.000
SG08121,SG08144,9.000
SG03721,SG03781,7.000
SG07452,SG07461,7.000
SG00514,SG00569,12.000
SG02629,SG02664,7.000
SG08145,SG08190,6.000
SG01912,SG01964,7.000
SG00277,SG00309,12.000
SG08225,SG08322,8.000
SG09855,SG09921,8.000
SG02516,SG02531,10.000
SG06200,SG06290,6.000
SG01314,SG01398,12.000
SG02918,SG02931,7.000
SG03634,SG03692,10.000
SG09009,SG09086,12.000
SG08937,SG08966,9.000
SG05652,SG05709,6.000
SG05986,SG06037,12.000
SG02382,SG02407,9.000
SG05132,SG05155,7.000
SG04458,SG04515,7.000
SG01992,SG02081,7.000
SG08677,SG08740,11.000
SG01800,SG01850,8.000
SG03434,SG03447,11.000
SG08984,SG09006,11.000
SG01000,SG01090,7.000
SG08909,SG08981,9.000
SG01513,SG01588,12.000
SG06373,SG06470,9.000
SG09576,SG09632,10.000
SG01399,SG01447,11.000
SG01317,SG01360,6.000
SG05370,SG05423,7.000
SG02906,SG02911,8.000
SG02609,SG02643,9.000
SG06468,SG06534,10.000
SG02336,SG02393,9.000
SG06652,SG06739,12.000
SG06590,SG06601,11.000
SG06555,SG06595,9.000
SG09386,SG09388,10.000
SG05745,SG05802,7.000
SG04130,SG04157,7.000
SG01499,SG01536,11.000
SG08307,SG08341,7.000
SG07680,SG07701,6.000
SG09853,SG09892,7.000
SG09504,SG09581,6.000
SG06414,SG06445,11.000
SG07444,SG07447,8.000
SG00218,SG00238,7.000
SG05350,SG05431,6.000
SG05408,SG05476,9.000
SG07080,SG07113,9.000
SG04776,SG04806,9.000
SG08209,SG08226,11.000
SG06862,SG06905,9.000
SG05332,SG05345,11.000
SG05516,SG05524,9.000
SG00735,SG00783,12.000
SG00400,SG00459,10.000
SG05345,SG05402,7.000
SG01659,SG01755,6.000
SG03622,SG03696,10.000
SG03180,SG03249,10.000
SG00894,SG00913,11.000
SG09727,SG09764,8.000
SG02366,SG02440,10.000
SG01765,SG01812,10.000
SG04102,SG04136,9.000
SG01244,SG01305,10.000
SG05441,SG05538,8.000
SG09991,SG09993,10.000
SG00132,SG00175,6.000
SG02908,SG03005,10.000
SG05606,SG05628,9.000
SG08899,SG08912,10.000
SG06795,SG06886,6.000
SG06572,SG06655,6.000
SG08573,SG08663,10.000
SG07357,SG07360,7.000
SG09571,SG09658,12.000
SG08890,SG08962,10.000
SG05743,SG05813,7.000
SG04438,SG04518,12.000
SG04993,SG05079,6.000
SG02961,SG03036,6.000
SG00229,SG00271,7.000
SG07166,SG07215,11.000
SG07872,SG07915,11.000
SG06819,SG06844,8.000
SG07897,SG07919,6.000
SG09710,SG09741,10.000
SG00325,SG00358,10.000
SG06115,SG06154,11.000
SG07630,SG07654,10.000
SG02638,SG02703,7.000
SG03083,SG03109,9.000
SG00825,SG00888,8.000
SG07543,SG07589,10.000
SG03303,SG03309,8.000
SG02038,SG02129,6.000
SG08349,SG08433,8.000
SG06358,SG06437,11.000
SG00969,SG01029,6.000
SG05507,SG05561,7.000
SG07813,SG07872,7.000
SG01668,SG01724,9.000
SG02771,SG02803,10.000
SG00178,SG00181,6.000
SG02951,SG03047,10.000
SG09309,SG09402,8.000
SG09090,SG09170,11.000
SG06201,SG06261,10.000
SG03384,SG03392,10.000
SG00544,SG00564,8.000
SG09454,SG09510,11.000
SG04404,SG04495,11.000
SG06659,SG06717,6.000
SG06294,SG06324,10.000
SG02549,SG02617,10.000
SG01094,SG01109,10.000
SG05876,SG05931,11.000
SG00131,SG00207,8.000
SG06430,SG06500,9.000
SG08417,SG08509,7.000
SG00264,SG00283,10.000
SG04245,SG04304,12.000
SG07533,SG07550,7.000
SG00738,SG00831,8.000
SG08531,SG08617,6.000
SG05109,SG05151,10.000
SG09585,SG09639,6.000
SG00021,SG00041,7.000
SG07347,SG07388,9.000
SG08061,SG08138,9.000
SG05993,SG06032,12.000
SG05671,SG05762,9.000
SG09792,SG09850,11.000
SG02522,SG02587,8.000
SG01816,SG01836,7.000
SG06805,SG06822,9.000
SG01128,SG01216,7.000
SG02067,SG02154,12.000
SG03914,SG03965,10.000
SG07423,SG07458,9.000
SG01717,SG01808,9.000
SG06065,SG06068,11.000
SG00356,SG00418,11.000
SG07453,SG07487,9.000
SG09450,SG09523,8.000
SG02112,SG02189,6.000
SG02700,SG02740,11.000
SG05129,SG05175,8.000
SG06521,SG06551,11.000
SG00977,SG01011,10.000
SG07219,SG07246,12.000
SG08677,SG08704,12.000
SG07885,SG07942,11.000
SG08274,SG08340,9.000
SG03683,SG03739,11.000
SG07778,SG07821,8.000
SG01252,SG01285,12.000
SG09577,SG09583,11.000
SG02777,SG02836,10.000
SG07774,SG07852,11.000
SG00961,SG00976,7.000
SG08209,SG08253,10.000
SG05762,SG05771,9.000
SG02085,SG02138,7.000
SG00572,SG00626,12.000
SG07409,SG07420,12.000
SG02460,SG02550,7.000
SG00812,SG00892,11.000
SG01520,SG01563,11.000
SG01109,SG01191,12.000
SG06165,SG06219,6.000
SG05987,SG06061,11.000
SG07685,SG07741,11.000
SG00024,SG00101,9.000
SG06577,SG06587,7.000
SG06440,SG06457,9.000
SG08200,SG08247,6.000
SG02295,SG02337,7.000
SG04334,SG04353,12.000
SG07763,SG07822,12.000
SG03374,SG03450,9.000
SG00380,SG00419,7.000
SG03268,SG03302,6.000
SG05317,SG05398,8.000
SG01037,SG01093,6.000
SG08432,SG08465,6.000
SG08939,SG09028,6.000
SG00779,SG00810,12.000
SG03175,SG03247,9.000
SG06871,SG06931,10.000
SG04579,SG04603,11.000
SG05172,SG05237,6.000
SG05196,SG05212,7.000
SG03369,SG03455,9.000
SG08011,SG08064,8.000
SG03862,SG03889,6.000
SG02660,SG02666,6.000
SG01978,SG02053,7.000
SG05657,SG05712,12.000
SG01490,SG01505,9.000
SG02829,SG02851,9.000
SG04601,SG04698,12.000
SG02209,SG02212,11.000
SG07296,SG07384,7.000
SG00867,SG00939,9.000
SG01547,SG01638,7.000
SG07079,SG07119,11.000
SG03820,SG03882,6.000
SG03054,SG03082,10.000
SG00363,SG00400,6.000
SG01202,SG01273,9.000
SG04439,SG04506,6.000
SG01834,SG01867,7.000
SG00298,SG00317,12.000
SG07706,SG07793,9.000
SG00060,SG00148,8.000
SG07340,SG07395,11.000
SG03183,SG03265,12.000
SG08973,SG09036,6.000
SG04269,SG04308,9.000
SG04318,SG04337,10.000
SG06219,SG06302,10.000
SG02248,SG02335,9.000
SG09337,SG09419,9.000
SG09014,SG09091,8.000
SG07505,SG07580,7.000
SG07775,SG07777,6.000
SG09348,SG09413,12.000
SG08282,SG08370,10.000
SG06895,SG06901,12.000
SG03285,SG03378,9.000
SG02035,SG02097,10.000
SG04619,SG04677,10.000
SG00443,SG00506,12.000
SG09410,SG09443,11.000
SG06625,SG06696,6.000
SG01163,SG01232,11.000
SG00359,SG00401,7.000
SG02204,SG02226,6.000
SG07438,SG07527,7.000
SG08741,SG08774,8.000
SG04082,SG04164,11.000
SG08257,SG08336,12.000
SG08080,SG08111,10.000
SG06666,SG06724,11.000
SG08562,SG08653,10.000
SG00370,SG00408,9.000
SG03576,SG03587,10.000
SG01525,SG01565,8.000
SG08327,SG08392,12.000
SG04249,SG04342,7.000
SG00287,SG00296,8.000
SG00651,SG00720,6.000
SG08457,SG08482,6.000
SG09193,SG09269,11.000
SG05953,SG06035,9.000
SG06038,SG06128,9.000
SG08250,SG08305,10.000
SG04706,SG04803,8.000
SG06193,SG06216,6.000
SG05801,SG05880,11.000
SG04400,SG04483,7.000
SG07142,SG07238,11.000
SG01296,SG01374,12.000
SG03047,SG03053,7.000
SG06098,SG06131,7.000
SG00811,SG00830,8.000
SG04441,SG04481,6.000
SG04358,SG04415,9.000
SG08059,SG08100,8.000
SG08761,SG08819,6.000
SG00787,SG00838,12.000
SG09972,SG09975,10.000
SG09075,SG09084,9.000
SG05472,SG05507,10.000
SG02843,SG02904,9.000
SG02990,SG03082,10.000
SG08489,SG08534,9.000
SG01421,SG01516,12.000
SG08315,SG08346,12.000
SG01151,SG01173,10.000
SG02760,SG02770,6.000
SG06012,SG06100,12.000
SG01586,SG01647,6.000
SG06351,SG06435,9.000
SG00890,SG00899,8.000
SG08176,SG08231,7.000
SG02437,SG02467,10.000
SG07371,SG07440,10.000
SG03585,SG03653,10.000
SG06347,SG06363,9.000
SG08100,SG08179,6.000
SG03797,SG03891,8.000
SG03468,SG03543,7.000
SG02057,SG02114,6.000
SG07226,SG07274,7.000
SG01578,SG01626,6.000
SG06210,SG06294,11.000
SG03835,SG03863,6.000
SG06884,SG06979,9.000
SG03207,SG03264,11.000
SG04908,SG04918,11.000
SG00661,SG00665,12.000
SG06158,SG06240,6.000
SG07997,SG08028,7.000
SG02561,SG02563,11.000
SG06676,SG06759,7.000
SG02457,SG02474,11.000
SG00404,SG00497,8.000
SG09982,SG09985,11.000
SG01366,SG01415,9.000
SG09123,SG09159,12.000
SG09000,SG09026,7.000
SG01947,SG01982,6.000
SG05428,SG05483,11.000
SG04223,SG04304,10.000
SG03280,SG03352,8.000
SG07170,SG07237,12.000
SG02561,SG02591,10.000
SG04879,SG04896,8.000
SG01621,SG01657,6.000
SG04248,SG04286,12.000
SG01696,SG01739,9.000
SG07190,SG07226,8.000
SG01065,SG01074,9.000
SG03156,SG03241,8.000
SG02726,SG02763,12.000
SG01033,SG01088,11.000
SG09665,SG09681,12.000
SG04982,SG05053,6.000
SG04777,SG04795,7.000
SG01830,SG01858,8.000
SG01254,SG01304,12.000
SG03585,SG03596,7.000
SG02070,SG02078,11.000
SG08399,SG08462,10.000
SG07062,SG07111,10.000
SG02256,SG02278,11.000
SG01251,SG01290,11.000
SG02605,SG02648,12.000
SG01522,SG01582,7.000
SG09607,SG09631,11.000
SG08758,SG08764,8.000
SG01295,SG01366,6.000
SG02103,SG02191,8.000
SG01409,SG01455,12.000
SG09338,SG09342,9.000
SG03469,SG03529,12.000
SG05533,SG05560,8.000
SG07600,SG07673,8.000
SG09300,SG09350,9.000
SG08169,SG08229,9.000
SG05228,SG05294,6.000
SG06166,SG06195,9.000
SG00594,SG00652,11.000
SG01050,SG01115,7.000
SG07297,SG07322,7.000
SG08139,SG08182,7.000
SG04317,SG04389,9.000
SG00097,SG00157,6.000
SG04947,SG05000,12.000
SG00411,SG00420,10.000
SG04738,SG04779,8.000
SG03464,SG03557,10.000
SG03649,SG03696,11.000
SG05585,SG05667,9.000
SG07428,SG07487,11.000
SG04903,SG04991,10.000
SG01885,SG01977,9.000
SG00594,SG00683,9.000
SG07602,SG07699,7.000
SG04744,SG04762,7.000
SG04854,SG04932,8.000
SG08295,SG08350,12.000
SG06907,SG06926,7.000
SG00944,SG01032,9.000
SG08757,SG08802,10.000
SG02201,SG02240,9.000
SG04902,SG04935,12.000
SG03340,SG03376,10.000
SG09470,SG09503,12.000
SG02573,SG02636,6.000
SG02294,SG02361,11.000
SG01601,SG01630,8.000
SG06185,SG06259,12.000
SG02936,SG03004,8.000
SG05607,SG05630,7.000
SG00550,SG00596,6.000
SG08611,SG08700,8.000
SG00553,SG00603,10.000
SG00112,SG00157,12.000
SG06324,SG06410,12.000
SG07682,SG07756,10.000
SG02919,SG02968,11.000
SG01501,SG01510,10.000
SG01925,SG01936,10.000
SG03616,SG03697,12.000
SG08167,SG08259,9.000
SG08889,SG08982,6.000
SG07115,SG07193,12.000
SG06480,SG06551,6.000
SG04418,SG04474,7.000
SG07127,SG07187,12.000
SG00008,SG00101,12.000
SG03490,SG03578,12.000
SG06688,SG06728,6.000
SG08887,SG08984,9.000
SG00180,SG00238,9.000
SG09757,SG09797,10.000
SG02433,SG02474,6.000
SG09492,SG09523,8.000
SG05676,SG05679,7.000
SG01690,SG01746,12.000
SG09332,SG09385,12.000
SG00057,SG09963,11.000
SG08718,SG08805,6.000
SG04797,SG04892,7.000
SG01399,SG01402,11.000
SG06244,SG06256,8.000
SG07494,SG07566,12.000
SG00083,SG00088,10.000
SG02019,SG02046,7.000
SG05075,SG05109,10.000
SG03842,SG03897,7.000
SG05765,SG05859,11.000
SG05003,SG05066,11.000
SG09489,SG09522,11.000
SG09196,SG09269,7.000
SG03541,SG03569,7.000
SG07255,SG07332,7.000
SG09395,SG09456,8.000
SG03621,SG03668,11.000
SG01107,SG01183,6.000
SG09140,SG09199,11.000
SG05217,SG05307,7.000
SG05292,SG05310,8.000
SG05156,SG05233,12.000
SG01154,SG01223,11.000
SG05060,SG05101,10.000
SG00250,SG00335,6.000
SG01579,SG01597,8.000
SG07984,SG08007,11.000
SG08366,SG08375,7.000
SG04794,SG04840,6.000
SG02076,SG02095,7.000
SG03562,SG03581,8.000
SG01541,SG01637,8.000
SG05338,SG05356,7.000
SG08902,SG08951,8.000
SG03187,SG03261,11.000
SG03504,SG03514,6.000
SG03078,SG03155,9.000
SG01973,SG02033,12.000
SG01330,SG01353,10.000
SG01641,SG01737,8.000
SG03331,SG03376,6.000
SG05034,SG05108,9.000
SG06203,SG06244,11.000
SG01133,SG01189,9.000
SG01858,SG01863,10.000
SG00131,SG00222,10.000
SG04692,SG04784,6.000
SG03113,SG03177,7.000
SG03052,SG03097,12.000
SG02078,SG02128,12.000
SG03740,SG03786,8.000
SG09633,SG09727,11.000
SG07297,SG07332,7.000
SG07164,SG07243,11.000
SG06784,SG06875,12.000
SG05909,SG05922,9.000
SG07372,SG07387,7.000
SG02803,SG02850,10.000
SG06332,SG06368,12.000
SG02808,SG02843,10.000
SG06232,SG06255,12.000
SG07351,SG07400,12.000
SG06276,SG06347,11.000
SG05049,SG05073,10.000
SG01000,SG01084,7.000
SG01803,SG01819,12.000
SG00037,SG00131,6.000
SG03081,SG03142,8.000
SG00534,SG00550,10.000
SG07604,SG07655,11.000
SG03133,SG03157,9.000
SG09120,SG09176,12.000
SG06400,SG06495,12.000
SG07271,SG07273,7.000
SG01264,SG01343,11.000
SG00295,SG00383,9.000
SG09588,SG09672,9.000
SG07060,SG07075,12.000
SG07507,SG07542,12.000
SG04393,SG04468,11.000
SG07838,SG07857,10.000
SG03399,SG03466,10.000
SG04721,SG04763,11.000
SG06149,SG06181,7.000
SG00895,SG00908,12.000
SG07290,SG07352,10.000
SG01743,SG01793,11.000
SG04572,SG04598,11.000
SG03548,SG03579,12.000
SG03412,SG03498,11.000
SG04488,SG04563,8.000
SG04257,SG04266,9.000
SG08805,SG08812,12.000
SG05520,SG05563,7.000
SG06165,SG06182,7.000
SG06025,SG06091,10.000
SG03211,SG03227,10.000
SG08218,SG08279,9.000
SG05831,SG05918,8.000
SG01375,SG01385,6.000
SG04208,SG04279,7.000
SG04108,SG04186,11.000
SG09478,SG09545,7.000
SG00441,SG00447,12.000
SG05662,SG05704,9.000
SG04462,SG04482,7.000
SG00991,SG01050,8.000
SG05343,SG05381,7.000
SG06911,SG06991,9.000
SG09761,SG09772,10.000
SG05240,SG05303,9.000
SG01191,SG01208,8.000
SG05486,SG05526,6.000
SG03115,SG03178,12.000
SG05697,SG05722,10.000
SG09239,SG09327,11.000
SG07218,SG07221,9.000
SG06224,SG06273,10.000
SG06843,SG06884,11.000
SG06560,SG06638,12.000
SG04796,SG04867,12.000
SG08992,SG09064,10.000
SG04307,SG04347,9.000
SG04613,SG04617,11.000
SG03986,SG04012,7.000
SG06370,SG06439,11.000
SG08221,SG08238,12.000
SG01516,SG01551,6.000
SG09244,SG09341,9.000
SG08529,SG08585,11.000
SG07762,SG07837,6.000
SG05393,SG05458,7.000
SG02921,SG02948,6.000
SG02964,SG02969,6.000
SG07338,SG07380,7.000
SG08627,SG08638,11.000
SG04801,SG04855,9.000
SG09604,SG09638,11.000
SG07396,SG07412,8.000
SG05361,SG05364,6.000
SG01170,SG01216,11.000
SG02548,SG02592,10.000
SG05316,SG05403,7.000
SG07104,SG07192,9.000
SG05157,SG05169,12.000
SG04489,SG04506,11.000
SG03763,SG03848,9.000
SG02538,SG02614,10.000
SG02453,SG02511,6.000
SG01175,SG01238,8.000
SG00026,SG09971,9.000
SG09752,SG09776,12.000
SG05920,SG06017,9.000
SG04711,SG04774,12.000
SG09035,SG09076,9.000
SG03323,SG03345,11.000
SG00936,SG00947,6.000
SG02209,SG02267,8.000
SG09356,SG09422,9.000
SG02423,SG02475,12.000
SG06302,SG06357,7.000
SG00041,SG00121,6.000
SG00664,SG00730,12.000
SG08785,SG08812,6.000
SG00442,SG00514,10.000
SG00011,SG09980,7.000
SG09911,SG09921,11.000
SG00687,SG00758,9.000
SG00030,SG00069,11.000
SG03839,SG03864,6.000
SG09164,SG09210,6.000
SG00234,SG00251,8.000
SG03990,SG04062,9.000
SG01939,SG01950,9.000
SG00350,SG00439,7.000
SG05640,SG05694,9.000
SG08938,SG09028,6.000
SG03397,SG03443,6.000
SG04182,SG04277,6.000
SG02746,SG02828,12.000
SG04685,SG04701,8.000
SG08673,SG08717,9.000
SG03125,SG03132,10.000
SG02483,SG02525,8.000
SG00874,SG00936,12.000
SG07376,SG07411,10.000
SG00732,SG00811,9.000
SG03500,SG03581,12.000
SG08355,SG08387,9.000
SG06774,SG06847,6.000
SG02211,SG02252,8.000
SG01679,SG01769,7.000
SG01398,SG01419,8.000
SG08989,SG09023,9.000
SG03544,SG03611,9.000
SG00749,SG00838,7.000
SG09313,SG09344,10.000
SG07338,SG07369,12.000
SG09028,SG09077,8.000
SG00728,SG00744,6.000
SG08609,SG08696,6.000
SG04805,SG04882,6.000
SG09553,SG09618,12.000
SG03401,SG03455,12.000
SG09243,SG09292,8.000
SG00085,SG00162,12.000
SG06486,SG06557,7.000
SG06566,SG06645,7.000
SG01091,SG01165,8.000
SG09193,SG09271,8.000
SG08495,SG08583,11.000
SG01243,SG01261,10.000
SG09209,SG09226,11.000
SG03102,SG03179,9.000
SG01148,SG01175,7.000
SG08598,SG08612,11.000
SG08990,SG09004,10.000
SG04368,SG04396,12.000
SG01646,SG01651,10.000
SG05772,SG05804,8.000
SG04800,SG04820,11.000
SG08220,SG08305,7.000
SG03525,SG03560,10.000
SG02348,SG02415,8.000
SG08210,SG08216,12.000
SG06084,SG06115,8.000
SG08671,SG08678,10.000
SG01669,SG01717,7.000
SG04383,SG04463,8.000
SG02005,SG02089,11.000
SG06496,SG06524,6.000
SG03734,SG03818,11.000
SG07741,SG07817,6.000
SG04939,SG05024,8.000
SG02610,SG02693,8.000
SG08880,SG08964,11.000
SG00492,SG00530,8.000
SG02382,SG02426,8.000
SG01848,SG01936,11.000
SG03974,SG04005,10.000
SG00106,SG00143,7.000
SG03309,SG03392,10.000
SG02978,SG02994,6.000
SG05338,SG05421,12.000
SG04345,SG04370,6.000
SG00880,SG00887,10.000
SG04947,SG05013,9.000
SG05113,SG05121,8.000
SG04934,SG04972,11.000
SG07905,SG07942,7.000
SG07000,SG07021,9.000
SG00298,SG00342,9.000
SG03472,SG03540,6.000
SG00504,SG00524,8.000
SG07527,SG07557,7.000
SG06171,SG06233,7.000
SG05663,SG05712,9.000
SG07961,SG08002,6.000
SG08963,SG09050,10.000
SG08306,SG08340,7.000
SG02484,SG02576,9.000
SG09227,SG09311,6.000
SG08611,SG08704,10.000
SG09925,SG09992,12.000
SG09360,SG09396,11.000
SG09037,SG09114,12.000
SG07700,SG07749,12.000
SG03783,SG03872,10.000
SG06957,SG06976,8.000
SG09119,SG09168,10.000
SG03554,SG03651,8.000
SG00311,SG00387,11.000
SG09674,SG09713,9.000
SG02457,SG02496,12.000
SG02191,SG02283,6.000
SG06246,SG06249,12.000
SG00442,SG00507,7.000
SG01085,SG01100,11.000
SG00449,SG00521,12.000
SG02906,SG02970,8.000
SG00366,SG00442,6.000
SG05299,SG05365,11.000
SG06145,SG06200,6.000
SG04604,SG04696,8.000
SG05241,SG05325,9.000
SG09224,SG09234,10.000
SG01296,SG01386,8.000
SG07213,SG07297,11.000
SG06411,SG06416,10.000
SG05620,SG05627,6.000
SG02484,SG02490,12.000
SG06910,SG06971,12.000
SG07452,SG07505,8.000
SG00925,SG00955,11.000
SG04930,SG04968,6.000
SG02056,SG02062,11.000
SG07468,SG07504,7.000
SG04128,SG04138,7.000
SG04885,SG04967,7.000
SG08238,SG08272,8.000
SG09503,SG09561,10.000
SG04426,SG04455,11.000
SG08016,SG08046,12.000
SG08508,SG08597,9.000
SG08975,SG09005,10.000
SG09087,SG09173,10.000
SG09881,SG09915,11.000
SG05448,SG05481,12.000
SG02407,SG02468,6.000
SG06634,SG06693,10.000
SG04282,SG04365,6.000
SG08330,SG08340,12.000
SG01284,SG01340,10.000
SG05460,SG05479,9.000
SG01704,SG01801,11.000
SG04407,SG04462,12.000
SG02278,SG02283,7.000
SG00848,SG00881,12.000
SG08381,SG08411,6.000
SG08124,SG08144,6.000
SG05307,SG05373,6.000
SG05279,SG05290,12.000
SG05612,SG05705,10.000
SG00880,SG00935,6.000
SG09766,SG09787,6.000
SG05444,SG05534,11.000
SG09105,SG09141,6.000
SG07840,SG07886,10.000
SG04843,SG04878,6.000
SG07556,SG07599,7.000
SG05339,SG05371,11.000
SG08376,SG08405,8.000
SG01578,SG01602,8.000
SG07884,SG07934,9.000
SG08485,SG08546,10.000
SG04452,SG04547,7.000
SG02889,SG02962,8.000
SG07077,SG07157,7.000
SG08357,SG08397,10.000
SG06788,SG06859,11.000
SG08301,SG08342,12.000
SG09379,SG09406,10.000
SG02344,SG02361,7.000
SG01158,SG01193,10.000
SG02594,SG02596,11.000
SG00337,SG00418,8.000
SG06819,SG06885,6.000
SG09647,SG09701,8.000
SG00078,SG00155,10.000
SG09084,SG09180,10.000
SG05974,SG06068,10.000
SG04236,SG04305,6.000
SG08726,SG08751,6.000
SG03799,SG03868,7.000
SG08552,SG08563,12.000
SG00884,SG00957,8.000
SG01429,SG01478,12.000
SG05453,SG05516,8.000
SG08024,SG08034,12.000
SG09758,SG09784,10.000
SG05282,SG05300,6.000
SG03676,SG03747,11.000
SG09634,SG09703,10.000
SG03430,SG03466,12.000
SG06563,SG06591,7.000
SG04571,SG04612,11.000
SG08024,SG08075,10.000
SG00584,SG00680,8.000
SG08472,SG08501,11.000
SG06857,SG06913,12.000
SG08386,SG08403,6.000
SG04693,SG04752,7.000
SG03932,SG03944,10.000
SG07396,SG07441,8.000
SG02133,SG02194,7.000
SG05861,SG05952,7.000
SG00560,SG00601,8.000
SG05170,SG05258,8.000
SG02296,SG02388,7.000
SG02062,SG02094,11.000
SG08972,SG09052,6.000
SG06450,SG06504,10.000
SG00001,SG00076,8.000
SG03971,SG04001,10.000
SG03002,SG03017,10.000
SG01601,SG01675,12.000
SG01842,SG01900,12.000
SG00123,SG00131,6.000
SG02943,SG03038,10.000
SG06522,SG06618,7.000
SG00510,SG00585,8.000
SG01612,SG01701,12.000
SG05405,SG05446,11.000
SG04164,SG04243,6.000
SG03520,SG03565,10.000
SG08053,SG08122,10.000
SG05868,SG05945,11.000
SG04103,SG04189,11.000
SG07375,SG07398,12.000
SG09014,SG09020,11.000
SG02543,SG02600,10.000
SG00650,SG00701,7.000
SG07014,SG07110,12.000
SG07654,SG07736,11.000
SG02616,SG02710,8.000
SG02440,SG02510,10.000
SG02884,SG02917,6.000
SG05776,SG05780,9.000
SG04489,SG04549,6.000
SG08998,SG09063,6.000
SG00488,SG00549,7.000
SG02005,SG02016,6.000
SG02093,SG02161,6.000
SG02224,SG02250,8.000
SG09744,SG09774,7.000
SG07334,SG07389,10.000
SG09879,SG09910,9.000
SG03289,SG03297,7.000
SG04002,SG04028,9.000
SG04733,SG04750,8.000
SG09574,SG09638,6.000
SG07893,SG07964,7.000
SG01066,SG01099,8.000
SG02049,SG02053,7.000
SG02299,SG02364,8.000
SG05368,SG05442,8.000
SG01058,SG01078,10.000
SG09922,SG09985,12.000
SG02146,SG02158,11.000
SG08472,SG08490,6.000
SG08922,SG08970,12.000
SG09795,SG09812,10.000
SG02092,SG02129,11.000
SG08266,SG08343,7.000
SG02639,SG02715,11.000
SG07286,SG07291,12.000
SG00635,SG00645,7.000
SG08322,SG08340,10.000
SG05935,SG05985,8.000
SG07512,SG07535,9.000
SG08198,SG08284,7.000
SG03137,SG03186,12.000
SG00084,SG00173,7.000
SG04559,SG04595,6.000
SG00868,SG00964,9.000
SG06070,SG06073,10.000
SG09014,SG09096,7.000
SG03453,SG03526,9.000
SG04800,SG04862,9.000
SG00002,SG00064,6.000
SG03369,SG03451,6.000
SG00441,SG00460,9.000
SG05303,SG05340,6.000
SG08746,SG08829,8.000
SG01619,SG01704,9.000
SG07369,SG07424,11.000
SG03514,SG03586,8.000
SG04054,SG04111,10.000
SG00008,SG09921,6.000
SG06273,SG06292,7.000
SG08637,SG08712,12.000
SG05562,SG05580,12.000
SG04962,SG05049,12.000
SG02767,SG02782,11.000
SG06196,SG06265,8.000
SG03518,SG03583,7.000
SG06506,SG06593,10.000
SG09327,SG09420,6.000
SG05294,SG05388,10.000
SG06639,SG06652,8.000
SG08843,SG08865,10.000
SG02051,SG02076,10.000
SG00322,SG00365,12.000
SG09939,SG09986,9.000
SG02886,SG02974,6.000
SG07012,SG07058,7.000
SG05111,SG05146,11.000
SG09867,SG09904,12.000
SG03116,SG03124,8.000
SG04778,SG04839,8.000
SG00030,SG09978,8.000
SG06607,SG06687,12.000
SG06095,SG06169,12.000
SG04197,SG04260,7.000
SG04642,SG04705,6.000
SG05882,SG05948,9.000
SG09780,SG09811,7.000
SG09051,SG09137,11.000
SG02482,SG02566,7.000
SG05095,SG05124,6.000
SG05337,SG05386,12.000
SG03659,SG03744,8.000
SG04095,SG04185,6.000
SG01172,SG01255,7.000
SG05692,SG05785,7.000
SG00633,SG00688,11.000
SG09926,SG09950,11.000
SG07520,SG07570,10.000
SG09655,SG09724,8.000
SG09888,SG09977,7.000
SG09309,SG09347,6.000
SG05909,SG05961,11.000
SG07556,SG07630,9.000
SG00581,SG00598,6.000
SG01372,SG01420,6.000
SG03404,SG03453,11.000
SG04628,SG04683,11.000
SG02837,SG02902,6.000
SG00304,SG00364,12.000
SG07652,SG07672,6.000
SG06937,SG07013,8.000
SG05318,SG05342,7.000
SG06366,SG06412,8.000
SG04378,SG04415,9.000
SG09024,SG09069,11.000
SG01960,SG02007,12.000
SG08087,SG08128,6.000
SG04893,SG04968,8.000
SG02814,SG02867,11.000
SG03809,SG03827,10.000
SG09867,SG09947,11.000
SG04244,SG04331,9.000
SG03912,SG03931,12.000
SG06111,SG06166,6.000
SG03576,SG03620,11.000
SG06178,SG06273,12.000
SG05729,SG05769,9.000
SG00430,SG00493,6.000
SG05354,SG05426,12.000
SG08720,SG08789,8.000
SG08044,SG08113,11.000
SG01086,SG01133,9.000
SG07450,SG07492,10.000
SG00512,SG00609,11.000
SG01838,SG01921,8.000
SG08695,SG08743,12.000
SG01034,SG01083,12.000
SG07112,SG07120,7.000
SG07088,SG07180,9.000
SG04831,SG04901,12.000
SG04539,SG04569,8.000
SG05048,SG05114,8.000
SG00050,SG09977,8.000
SG07607,SG07675,8.000
SG01094,SG01191,11.000
SG02634,SG02682,8.000
SG03462,SG03464,6.000
SG04257,SG04349,8.000
SG04230,SG04257,8.000
SG01154,SG01214,7.000
SG06689,SG06758,9.000
SG05562,SG05606,9.000
SG03611,SG03665,11.000
SG02499,SG02584,8.000
SG01207,SG01274,11.000
SG09470,SG09512,12.000
SG04986,SG05008,7.000
SG01848,SG01874,10.000
SG04465,SG04486,8.000
SG03748,SG03799,8.000
SG06500,SG06571,6.000
SG03544,SG03576,6.000
SG00006,SG00020,10.000
SG02688,SG02733,12.000
SG04614,SG04639,10.000
SG03946,SG03990,12.000
SG01582,SG01679,6.000
SG08702,SG08734,6.000
SG06059,SG06147,6.000
SG09179,SG09225,10.000
SG09603,SG09651,8.000
SG06257,SG06297,12.000
SG05762,SG05807,6.000
SG04441,SG04458,7.000
SG00523,SG00596,12.000
SG02273,SG02366,11.000
SG05508,SG05561,12.000
SG06568,SG06609,9.000
SG03964,SG04004,7.000
SG03604,SG03632,7.000
SG07970,SG08011,8.000
SG04068,SG04100,12.000
SG03078,SG03148,9.000
SG07428,SG07462,7.000
SG04255,SG04279,6.000
SG08622,SG08656,10.000
SG00197,SG00215,9.000
SG03703,SG03779,11.000
SG02480,SG02513,8.000
SG04382,SG04386,12.000
SG07196,SG07270,7.000
SG02505,SG02598,7.000
SG00329,SG00421,7.000
SG07386,SG07426,9.000
SG09752,SG09826,8.000
SG09864,SG09897,7.000
SG07088,SG07092,8.000
SG09947,SG09980,10.000
SG07258,SG07301,7.000
SG03105,SG03199,6.000
SG07360,SG07398,7.000
SG02571,SG02668,12.000
SG09742,SG09812,9.000
SG07142,SG07166,8.000
SG06758,SG06764,9.000
SG08352,SG08409,9.000
SG04718,SG04765,10.000
SG04617,SG04679,12.000
SG00479,SG00501,10.000
SG09179,SG09212,8.000
SG06723,SG06811,11.000
SG02158,SG02180,10.000
SG08778,SG08815,9.000
SG01180,SG01244,12.000
SG02564,SG02631,11.000
SG06488,SG06525,8.000
SG09219,SG09315,12.000
SG03395,SG03428,8.000
SG04434,SG04520,12.000
SG08068,SG08130,7.000
SG02613,SG02697,9.000
SG07579,SG07672,8.000
SG05778,SG05870,10.000
SG02492,SG02587,12.000
SG07825,SG07881,8.000
SG05677,SG05681,11.000
SG04382,SG04442,6.000
SG05094,SG05177,11.000
SG00301,SG00316,7.000
SG06679,SG06736,11.000
SG08803,SG08876,6.000
SG06734,SG06760,6.000
SG01668,SG01743,9.000
SG07082,SG07093,8.000
SG06714,SG06811,10.000
SG01240,SG01282,8.000
SG00231,SG00236,6.000
SG01676,SG01705,7.000
SG06274,SG06283,10.000
SG07460,SG07463,10.000
SG04728,SG04732,10.000
SG03861,SG03939,12.000
SG04105,SG04198,11.000
SG06184,SG06219,12.000
SG07238,SG07245,7.000
SG05972,SG05994,9.000
SG06493,SG06524,9.000
SG05195,SG05270,7.000
SG02668,SG02742,11.000
SG08769,SG08820,7.000
SG02181,SG02222,11.000
SG04505,SG04526,11.000
SG07530,SG07589,9.000
SG04891,SG04955,10.000
SG04287,SG04383,11.000
SG09202,SG09220,7.000
SG06403,SG06458,12.000
SG02596,SG02693,7.000
SG02120,SG02151,11.000
SG09391,SG09478,11.000
SG04868,SG04920,7.000
SG08444,SG08448,10.000
SG00613,SG00672,9.000
SG02679,SG02744,8.000
SG00678,SG00696,10.000
SG00413,SG00441,7.000
SG07833,SG07909,12.000
SG06314,SG06346,11.000
SG08993,SG09040,7.000
SG02782,SG02798,9.000
SG00870,SG00932,6.000
SG01336,SG01414,11.000
SG00906,SG00920,9.000
SG06373,SG06381,11.000
SG05560,SG05614,9.000
SG03561,SG03566,7.000
SG06979,SG07070,9.000
SG00249,SG00262,9.000
SG08014,SG08109,8.000
SG08766,SG08853,7.000
SG00012,SG00072,8.000
SG03463,SG03490,12.000
SG08426,SG08468,9.000
SG01901,SG01977,6.000
SG03753,SG03848,12.000
SG07949,SG07993,12.000
SG00120,SG00195,12.000
SG02678,SG02685,12.000
SG06778,SG06800,9.000
SG06144,SG06186,10.000
SG09314,SG09407,6.000
SG02382,SG02442,11.000
SG03255,SG03323,7.000
SG09451,SG09474,7.000
SG03563,SG03616,6.000
SG09248,SG09336,9.000
SG04808,SG04873,6.000
SG06112,SG06135,8.000
SG09358,SG09410,11.000
SG02243,SG02305,11.000
SG00211,SG00269,9.000
SG09611,SG09660,7.000
SG01831,SG01893,12.000
SG05604,SG05675,12.000
SG02113,SG02138,6.000
SG01182,SG01279,9.000
SG02066,SG02134,8.000
SG08964,SG08985,11.000
SG02534,SG02594,11.000
SG02522,SG02569,7.000
SG09951,SG09954,12.000
SG00430,SG00461,9.000
SG01329,SG01344,8.000
SG07305,SG07343,9.000
SG03066,SG03151,11.000
SG04356,SG04374,6.000
SG02586,SG02591,12.000
SG04556,SG04590,6.000
SG02695,SG02725,10.000
SG00557,SG00600,9.000
SG03698,SG03794,12.000
SG05477,SG05508,7.000
SG05219,SG05252,11.000
SG09676,SG09757,11.000
SG08717,SG08731,11.000
SG09564,SG09593,12.000
SG08512,SG08522,10.000
SG04827,SG04836,9.000
SG01114,SG01128,11.000
SG00905,SG00941,11.000
SG01033,SG01053,8.000
SG06640,SG06727,12.000
SG01662,SG01691,10.000
SG07485,SG07520,10.000
SG06114,SG06142,12.000
SG08190,SG08250,6.000
SG03219,SG03282,6.000
SG06064,SG06080,12.000
SG01230,SG01294,6.000
SG02443,SG02517,11.000
SG04451,SG04476,6.000
SG06361,SG06435,9.000
SG08963,SG09036,8.000
SG06427,SG06490,7.000
SG01113,SG01184,7.000
SG05021,SG05062,7.000
SG09494,SG09591,8.000
SG08854,SG08868,8.000
SG05971,SG06028,12.000
SG02316,SG02402,10.000
SG06977,SG07003,6.000
SG00398,SG00422,9.000
SG00960,SG01047,10.000
SG07069,SG07149,12.000
SG04630,SG04643,10.000
SG08372,SG08374,9.000
SG07668,SG07707,7.000
SG07749,SG07828,10.000
SG05891,SG05946,10.000
SG00003,SG09997,7.000
SG04753,SG04846,8.000
SG00224,SG00266,7.000
SG01483,SG01557,7.000
SG01000,SG01047,6.000
SG03367,SG03379,12.000
SG05133,SG05167,6.000
SG04731,SG04751,10.000
SG08749,SG08779,11.000
SG04201,SG04208,11.000
SG00341,SG00399,11.000
SG09977,SG09998,9.000
SG01650,SG01686,12.000
SG02225,SG02255,9.000
SG06456,SG06480,8.000
SG01425,SG01493,8.000
SG09022,SG09074,7.000
SG07738,SG07819,7.000
SG05866,SG05883,12.000
SG02285,SG02348,9.000
SG08277,SG08355,10.000
SG06529,SG06582,7.000
SG07868,SG07892,10.000
SG00662,SG00714,6.000
SG08205,SG08292,9.000
SG08124,SG08130,8.000
SG00054,SG09991,10.000
SG02259,SG02315,9.000
SG02409,SG02480,11.000
SG05084,SG05129,6.000
SG03485,SG03509,8.000
SG08396,SG08425,6.000
SG07717,SG07745,10.000
SG08171,SG08230,11.000
SG07415,SG07444,7.000
SG08691,SG08781,6.000
SG02227,SG02263,11.000
SG06601,SG06647,7.000
SG02310,SG02400,11.000
SG02876,SG02919,9.000
SG05340,SG05406,6.000
SG05603,SG05670,8.000
SG01508,SG01580,8.000
SG06566,SG06603,12.000
SG04605,SG04626,11.000
SG03157,SG03198,11.000
SG06734,SG06759,12.000
SG02061,SG02144,12.000
SG09835,SG09901,6.000
SG05772,SG05823,11.000
SG04630,SG04651,7.000
SG05304,SG05397,11.000
SG07471,SG07539,11.000
SG05635,SG05640,10.000
SG03439,SG03496,9.000
SG02569,SG02607,8.000
SG00655,SG00742,7.000
SG03991,SG04012,6.000
SG01589,SG01634,7.000
SG02976,SG02988,12.000
SG02991,SG03029,7.000
SG08073,SG08137,9.000
SG02365,SG02405,6.000
SG05440,SG05475,11.000
SG06445,SG06541,8.000
SG01456,SG01504,9.000
SG01417,SG01423,10.000
SG01127,SG01136,7.000
SG06380,SG06417,6.000
SG00149,SG00187,6.000
SG06299,SG06369,6.000
SG05026,SG05036,6.000
SG09161,SG09255,8.000
SG09290,SG09382,8.000
SG09773,SG09825,12.000
SG02727,SG02740,8.000
SG00333,SG00344,10.000
SG07781,SG07870,6.000
SG01091,SG01126,11.000
SG00995,SG01052,10.000
SG03815,SG03910,11.000
SG00704,SG00792,7.000
SG01970,SG02003,8.000
SG03242,SG03339,9.000
SG05087,SG05125,9.000
SG01864,SG01951,9.000
SG06491,SG06497,8.000
SG03476,SG03488,8.000
SG03848,SG03864,7.000
SG01300,SG01368,9.000
SG06625,SG06676,8.000
SG04839,SG04875,8.000
SG04098,SG04179,10.000
SG05120,SG05199,9.000
SG07618,SG07657,10.000
SG01314,SG01316,6.000
SG02125,SG02129,11.000
SG07482,SG07552,7.000
SG09943,SG09979,12.000
SG03703,SG03737,11.000
SG05358,SG05410,12.000
SG07083,SG07128,6.000
SG07047,SG07094,8.000
SG03461,SG03509,6.000
SG07559,SG07564,9.000
SG02998,SG03081,12.000
SG00610,SG00682,11.000
SG00491,SG00499,6.000
SG08322,SG08330,9.000
SG07200,SG07296,9.000
SG07524,SG07571,6.000
SG03485,SG03531,9.000
SG07351,SG07403,12.000
SG03615,SG03673,6.000
SG05329,SG05352,6.000
SG03907,SG03947,6.000
SG06471,SG06556,9.000
SG06063,SG06116,7.000
SG05307,SG05402,10.000
SG07211,SG07260,6.000
SG04866,SG04957,11.000
SG09906,SG09969,12.000
SG04967,SG04989,8.000
SG07396,SG07448,9.000
SG05491,SG05571,9.000
SG04769,SG04803,10.000
SG04130,SG04142,7.000
SG03476,SG03553,8.000
SG03130,SG03165,12.000
SG08169,SG08180,9.000
SG01335,SG01397,12.000
SG08974,SG09054,6.000
SG07086,SG07106,11.000
SG02393,SG02441,12.000
SG09792,SG09847,11.000
SG08023,SG08048,6.000
SG03946,SG03983,12.000
SG09472,SG09500,9.000
SG04588,SG04650,6.000
SG04174,SG04238,7.000
SG08410,SG08504,7.000
SG01597,SG01616,7.000
SG05375,SG05407,7.000
SG00506,SG00563,6.000
SG02644,SG02671,7.000
SG06818,SG06907,11.000
SG01255,SG01349,11.000
SG02121,SG02147,11.000
SG07125,SG07163,10.000
SG02363,SG02426,10.000
SG07080,SG07105,9.000
SG04632,SG04678,6.000
SG08451,SG08497,10.000
SG00441,SG00459,8.000
SG02888,SG02914,12.000
SG04729,SG04801,7.000
SG02084,SG02162,10.000
SG03845,SG03889,7.000
SG00693,SG00747,12.000
SG01419,SG01500,6.000
SG00488,SG00525,11.000
SG01222,SG01317,9.000
SG05345,SG05356,12.000
SG09031,SG09039,9.000
SG09643,SG09733,12.000
SG04348,SG04402,7.000
SG08679,SG08770,12.000
SG05587,SG05599,8.000
SG09390,SG09432,6.000
SG02234,SG02246,11.000
SG08684,SG08769,7.000
SG02623,SG02639,9.000
SG05590,SG05625,12.000
SG09439,SG09520,9.000
SG07889,SG07954,6.000
SG05064,SG05128,8.000
SG04551,SG04606,9.000
SG08406,SG08476,6.000
SG07699,SG07743,8.000
SG02238,SG02242,9.000
SG02706,SG02738,6.000
SG08174,SG08189,6.000
SG07906,SG07944,10.000
SG03627,SG03638,10.000
SG06998,SG07088,12.000
SG04320,SG04364,11.000
SG03067,SG03136,11.000
SG05450,SG05452,8.000
SG03950,SG04040,11.000
SG07453,SG07459,12.000
SG00008,SG00085,7.000
SG06664,SG06754,12.000
SG07885,SG07975,7.000
SG00127,SG00146,10.000
SG03127,SG03207,6.000
SG05493,SG05589,9.000
SG01265,SG01316,12.000
SG04500,SG04594,10.000
SG06758,SG06771,6.000
SG00057,SG00151,12.000
SG02615,SG02673,6.000
SG05591,SG05618,11.000
SG06280,SG06320,7.000
SG09214,SG09293,6.000
SG00011,SG00058,11.000
SG02217,SG02253,11.000
SG02197,SG02202,9.000
SG00586,SG00610,7.000
SG02256,SG02288,11.000
SG04022,SG04062,9.000
SG08144,SG08201,12.000
SG09029,SG09061,9.000
SG04189,SG04217,9.000
SG02789,SG02831,9.000
SG09119,SG09178,7.000
SG00560,SG00603,7.000
SG03739,SG03801,9.000
SG04591,SG04681,8.000
SG02701,SG02723,6.000
SG06317,SG06325,11.000
SG08982,SG09069,6.000
SG08678,SG08773,6.000
SG02765,SG02815,8.000
SG01663,SG01696,7.000
SG04149,SG04158,7.000
SG07244,SG07312,8.000
SG09511,SG09599,10.000
SG00344,SG00433,9.000
SG07683,SG07716,10.000
SG05985,SG06007,12.000
SG02370,SG02453,12.000
SG00003,SG00028,9.000
SG04629,SG04695,8.000
SG07166,SG07216,12.000
SG01857,SG01925,10.000
SG06982,SG07012,6.000
SG00727,SG00779,7.000
SG09419,SG09455,12.000
SG08974,SG09047,7.000
SG00918,SG00976,6.000
SG08024,SG08085,6.000
SG00989,SG01029,12.000
SG03257,SG03275,6.000
SG02065,SG02086,11.000
SG04380,SG04429,6.000
SG05639,SG05643,8.000
SG03058,SG03089,12.000
SG06845,SG06854,8.000
SG01676,SG01764,12.000
SG02950,SG03010,6.000
SG04159,SG04177,7.000
SG09570,SG09646,6.000
SG00099,SG00143,11.000
SG07216,SG07249,6.000
SG05306,SG05370,10.000
SG00818,SG00852,7.000
SG08336,SG08388,12.000
SG01665,SG01708,9.000
SG01767,SG01816,11.000
SG05430,SG05461,10.000
SG02009,SG02059,11.000
SG07225,SG07314,11.000
SG00493,SG00583,12.000
SG05589,SG05656,6.000
SG05216,SG05244,12.000
SG07536,SG07616,11.000
SG02992,SG03070,10.000
SG06964,SG07012,7.000
SG02509,SG02516,11.000
SG04460,SG04527,6.000
SG04496,SG04537,9.000
SG08373,SG08407,8.000
SG01150,SG01246,6.000
SG00771,SG00850,6.000
SG00523,SG00568,11.000
SG07939,SG08035,11.000
SG06003,SG06059,10.000
SG09272,SG09313,11.000
SG04428,SG04499,10.000
SG01218,SG01307,10.000
SG01888,SG01934,10.000
SG00043,SG00122,8.000
SG02027,SG02081,6.000
SG09249,SG09281,10.000
SG00756,SG00849,9.000
SG00038,SG00055,7.000
SG01904,SG01912,11.000
SG07006,SG07024,12.000
SG03517,SG03608,12.000
SG01765,SG01824,11.000
SG02475,SG02560,9.000
SG05226,SG05234,12.000
SG08874,SG08935,9.000
SG00245,SG00292,6.000
SG09426,SG09476,10.000
SG01068,SG01086,7.000
SG04002,SG04005,6.000
SG00018,SG09991,8.000
SG09591,SG09688,6.000
SG05577,SG05618,11.000
SG04410,SG04504,7.000
SG09894,SG09926,8.000
SG08433,SG08501,8.000
SG02851,SG02882,8.000
SG06946,SG07030,10.000
SG02422,SG02466,7.000
SG02935,SG03024,9.000
SG05412,SG05451,8.000
SG09243,SG09291,7.000
SG06701,SG06789,11.000
SG08916,SG08969,9.000
SG04175,SG04259,9.000
SG03044,SG03133,11.000
SG06051,SG06116,12.000
SG09183,SG09226,8.000
SG05470,SG05554,6.000
SG02205,SG02217,12.000
SG04536,SG04584,12.000
SG06302,SG06322,12.000
SG04324,SG04380,11.000
SG01381,SG01430,9.000
SG08595,SG08672,6.000
SG02956,SG02963,7.000
SG03722,SG03795,8.000
SG01197,SG01202,8.000
SG05788,SG05879,7.000
SG08416,SG08501,8.000
SG03540,SG03555,8.000
SG03155,SG03161,8.000
SG03595,SG03610,9.000
SG06303,SG06340,9.000
SG07443,SG07514,10.000
SG08330,SG08370,9.000
SG09238,SG09266,7.000
SG00130,SG00133,10.000
SG04498,SG04555,12.000
SG00965,SG01023,7.000
SG03493,SG03533,8.000
SG08967,SG09018,10.000
SG00548,SG00583,7.000
SG03972,SG03974,12.000
SG08081,SG08115,10.000
SG00056,SG00103,10.000
SG08477,SG08549,12.000
SG05830,SG05879,10.000
SG01893,SG01958,10.000
SG05741,SG05827,10.000
SG07889,SG07965,8.000
SG00376,SG00416,8.000
SG09083,SG09155,8.000
SG07530,SG07583,6.000
SG07759,SG07785,12.000
SG04553,SG04578,11.000
SG02210,SG02258,7.000
SG05238,SG05253,6.000
SG04869,SG04882,10.000
SG06754,SG06769,9.000
SG06670,SG06752,10.000
SG03595,SG03598,7.000
SG09720,SG09781,10.000
SG06950,SG06994,7.000
SG06340,SG06362,8.000
SG04848,SG04933,6.000
SG05000,SG05022,12.000
SG01580,SG01601,6.000
SG05768,SG05773,11.000
SG09818,SG09900,7.000
SG07693,SG07760,7.000
SG06207,SG06218,9.000
SG06628,SG06649,9.000
SG08422,SG08446,12.000
SG01363,SG01376,7.000
SG05486,SG05499,8.000
SG08804,SG08867,6.000
SG04127,SG04163,9.000
SG09595,SG09613,8.000
SG03679,SG03699,9.000
SG06989,SG07064,9.000
SG04147,SG04196,10.000
SG00031,SG00080,11.000
SG00975,SG01030,10.000
SG00418,SG00458,9.000
SG02274,SG02317,12.000
SG07877,SG07958,12.000
SG01281,SG01345,11.000
SG06534,SG06582,8.000
SG08630,SG08718,7.000
SG07757,SG07846,7.000
SG09850,SG09876,9.000
SG06729,SG06807,6.000
SG00956,SG00973,12.000
SG09011,SG09030,11.000
SG07129,SG07223,10.000
SG08913,SG08915,10.000
SG08328,SG08406,11.000
SG00702,SG00737,6.000
SG03679,SG03772,7.000
SG07829,SG07912,8.000
SG06744,SG06784,8.000
SG09681,SG09734,6.000
SG09971,SG09992,11.000
SG04866,SG04875,12.000
SG08012,SG08027,11.000
SG07940,SG08011,11.000
SG00324,SG00328,8.000
SG03512,SG03588,6.000
SG07616,SG07649,12.000
SG09254,SG09268,12.000
SG02272,SG02288,8.000
SG08129,SG08206,11.000
SG03101,SG03191,12.000
SG05661,SG05708,6.000
SG07695,SG07753,9.000
SG01087,SG01140,11.000
SG04477,SG04504,10.000
SG07244,SG07328,7.000
SG09315,SG09412,8.000
SG03733,SG03763,7.000
SG01452,SG01464,7.000
SG06914,SG06999,10.000
SG08642,SG08682,8.000
SG09176,SG09214,6.000
SG04867,SG04932,11.000
SG04428,SG04435,9.000
SG03972,SG04022,9.000
SG07341,SG07409,6.000
SG02155,SG02184,7.000
SG06354,SG06416,10.000
SG09528,SG09624,12.000
SG05268,SG05336,10.000
SG09187,SG09200,7.000
SG01192,SG01236,12.000
SG09336,SG09379,11.000
SG08125,SG08194,12.000
SG03327,SG03394,6.000
SG01396,SG01433,12.000
SG01930,SG02015,10.000
SG08903,SG08914,8.000
SG05061,SG05076,6.000
SG06487,SG06554,8.000
SG04485,SG04491,9.000
SG07258,SG07333,12.000
SG08029,SG08125,8.000
SG03993,SG04088,8.000
SG07462,SG07547,11.000
SG00480,SG00573,6.000
SG09811,SG09837,8.000
SG07428,SG07517,9.000
SG03368,SG03435,10.000
SG02037,SG02074,10.000
SG08310,SG08357,7.000
SG03036,SG03103,11.000
SG05723,SG05760,12.000
SG05693,SG05702,9.000
SG01068,SG01156,12.000
SG09503,SG09600,9.000
SG06818,SG06849,6.000
SG05630,SG05701,11.000
SG07374,SG07467,7.000
SG07381,SG07385,11.000
SG05375,SG05450,8.000
SG05587,SG05671,7.000
SG05495,SG05566,12.000
SG07414,SG07474,8.000
SG07687,SG07714,12.000
SG02444,SG02517,7.000
SG09874,SG09879,10.000
SG09506,SG09565,9.000
SG08339,SG08429,8.000
SG02246,SG02306,11.000
SG05650,SG05697,11.000
SG06543,SG06561,6.000
SG09107,SG09201,8.000
SG09124,SG09159,12.000
SG00329,SG00346,10.000
SG09783,SG09842,12.000
SG07118,SG07184,12.000
SG00093,SG00121,10.000
SG04962,SG05014,10.000
SG05041,SG05095,10.000
SG05880,SG05948,9.000
SG01174,SG01184,7.000
SG09667,SG09673,6.000
SG01382,SG01402,11.000
SG05253,SG05292,10.000
SG02834,SG02882,12.000
SG00838,SG00924,11.000
SG06543,SG06597,11.000
SG08987,SG09039,11.000
SG05199,SG05296,10.000
SG09893,SG09971,11.000
SG05800,SG05872,7.000
SG00887,SG00955,7.000
SG06008,SG06088,11.000
SG05892,SG05971,8.000
SG03508,SG03540,6.000
SG03225,SG03244,11.000
SG06782,SG06870,9.000
SG06883,SG06933,11.000
SG09013,SG09085,6.000
SG03474,SG03485,12.000
SG05175,SG05225,7.000
SG07304,SG07395,7.000
SG01183,SG01230,8.000
SG07972,SG07980,12.000
SG03977,SG04068,10.000
SG01301,SG01347,11.000
SG08249,SG08315,8.000
SG03598,SG03677,11.000
SG09727,SG09759,10.000
SG04295,SG04301,6.000
SG02195,SG02203,12.000
SG01066,SG01098,9.000
SG06429,SG06468,12.000
SG07642,SG07730,9.000
SG09398,SG09461,6.000
SG05921,SG05977,9.000
SG02312,SG02398,11.000
SG03737,SG03770,8.000
SG01763,SG01799,11.000
SG05827,SG05915,7.000
SG00123,SG00209,6.000
SG01400,SG01434,10.000
SG05033,SG05107,9.000
SG05262,SG05313,7.000
SG03905,SG03927,9.000
SG03883,SG03907,11.000
SG03539,SG03580,10.000
SG01185,SG01262,6.000
SG07753,SG07836,8.000
SG04361,SG04403,11.000
SG03064,SG03106,11.000
SG05793,SG05813,8.000
SG04483,SG04549,7.000
SG06221,SG06308,6.000
SG06075,SG06126,12.000
SG04946,SG04969,11.000
SG04718,SG04754,10.000
SG08022,SG08062,9.000
SG06018,SG06057,7.000
SG03363,SG03414,6.000
SG09335,SG09343,11.000
SG05453,SG05462,7.000
SG09909,SG09946,6.000
SG00177,SG00179,12.000
SG00746,SG00763,12.000
SG05133,SG05146,10.000
SG00936,SG00995,7.000
SG00949,SG01038,7.000
SG00998,SG01023,11.000
SG07605,SG07679,6.000
SG05283,SG05299,7.000
SG04721,SG04804,6.000
SG07135,SG07154,8.000
SG09363,SG09421,6.000
SG07229,SG07270,10.000
SG06814,SG06903,8.000
SG06253,SG06270,7.000
SG00480,SG00512,12.000
SG03830,SG03912,6.000
SG09628,SG09648,10.000
SG03098,SG03110,6.000
SG01215,SG01280,9.000
SG08281,SG08369,7.000
SG02115,SG02184,8.000
SG06883,SG06932,8.000
SG00793,SG00823,12.000
SG05926,SG06013,11.000
SG06910,SG06998,11.000
SG03353,SG03450,7.000
SG01118,SG01190,12.000
SG02409,SG02448,6.000
SG09028,SG09100,11.000
SG09364,SG09379,12.000
SG08109,SG08199,11.000
SG01493,SG01525,10.000
SG04724,SG04750,6.000
SG05821,SG05898,12.000
SG06252,SG06346,9.000
SG08089,SG08119,10.000
SG00914,SG00944,12.000
SG08564,SG08605,10.000
SG01131,SG01202,11.000
SG05082,SG05125,10.000
SG05623,SG05642,12.000
SG06656,SG06748,10.000
SG05048,SG05137,9.000
SG02422,SG02514,6.000
SG03070,SG03164,10.000
SG06210,SG06216,12.000
SG00456,SG00481,6.000
SG04336,SG04387,9.000
SG04665,SG04757,7.000
SG09425,SG09498,9.000
SG08457,SG08537,11.000
SG05174,SG05262,8.000
SG02052,SG02115,11.000
SG08817,SG08906,12.000
SG08841,SG08862,12.000
SG08768,SG08799,8.000
SG05936,SG06015,6.000
SG02988,SG03042,10.000
SG06262,SG06304,7.000
SG09075,SG09148,10.000
SG00236,SG00239,7.000
SG05627,SG05700,9.000
SG00324,SG00419,10.000
SG06620,SG06665,10.000
SG04168,SG04172,11.000
SG02011,SG02105,11.000
SG09626,SG09677,11.000
SG09244,SG09286,12.000
SG01017,SG01053,9.000
SG07240,SG07333,7.000
SG08354,SG08386,9.000
SG07632,SG07690,12.000
SG03446,SG03532,10.000
SG02921,SG02947,8.000
SG06511,SG06606,9.000
SG08576,SG08635,11.000
SG07682,SG07714,12.000
SG01513,SG01531,12.000
SG07390,SG07395,6.000
SG01459,SG01491,9.000
SG01415,SG01443,7.000
SG00062,SG00094,10.000
SG08371,SG08413,11.000
SG05921,SG05948,11.000
SG02772,SG02869,7.000
SG07533,SG07584,7.000
SG03651,SG03740,10.000
SG01166,SG01243,10.000
SG00192,SG00279,6.000
SG02472,SG02520,7.000
SG09979,SG09981,8.000
SG09898,SG09966,7.000
SG05558,SG05631,11.000
SG00201,SG00249,12.000
SG09013,SG09095,11.000
SG02344,SG02395,6.000
SG05416,SG05509,12.000
SG01282,SG01297,11.000
SG02375,SG02400,10.000
SG08325,SG08396,7.000
SG07648,SG07687,7.000
SG05450,SG05526,7.000
SG08012,SG08096,9.000
SG07863,SG07920,9.000
SG03411,SG03465,6.000
SG07748,SG07770,8.000
SG08942,SG09033,9.000
SG03276,SG03309,7.000
SG06718,SG06735,7.000
SG06081,SG06165,7.000
SG07990,SG08028,6.000
SG08239,SG08249,10.000
SG06480,SG06530,7.000
SG01899,SG01935,11.000
SG04604,SG04612,9.000
SG01771,SG01819,11.000
SG08368,SG08370,7.000
SG08235,SG08271,10.000
SG02347,SG02390,12.000
SG07632,SG07727,7.000
SG06326,SG06407,10.000
SG01818,SG01822,8.000
SG08149,SG08238,12.000
SG02078,SG02118,12.000
SG06099,SG06162,12.000
SG08475,SG08509,12.000
SG06934,SG07023,8.000
SG05465,SG05479,7.000
SG05590,SG05662,9.000
SG03542,SG03581,8.000
SG07682,SG07687,8.000
SG05650,SG05652,12.000
SG09423,SG09432,6.000
SG01506,SG01532,8.000
SG09563,SG09566,10.000
SG03673,SG03749,8.000
SG07523,SG07542,9.000
SG01590,SG01684,11.000
SG09195,SG09244,10.000
SG04682,SG04761,6.000
SG00090,SG00156,7.000
SG08512,SG08594,10.000
SG02645,SG02705,10.000
SG09570,SG09595,7.000
SG03777,SG03781,8.000
SG00116,SG00132,12.000
SG08267,SG08271,11.000
SG05296,SG05392,8.000
SG06446,SG06529,10.000
SG06121,SG06196,8.000
SG08950,SG09027,9.000
SG04351,SG04447,12.000
SG00323,SG00392,6.000
SG04684,SG04734,7.000
SG04893,SG04925,10.000
SG06350,SG06437,11.000
SG05911,SG05941,7.000
SG06000,SG06008,12.000
SG00492,SG00525,11.000
SG07207,SG07301,8.000
SG01496,SG01546,8.000
SG04674,SG04763,8.000
SG01425,SG01460,8.000
SG03869,SG03945,8.000
SG05588,SG05661,10.000
SG05061,SG05108,10.000
SG00545,SG00584,11.000
SG05075,SG05102,10.000
SG02159,SG02196,11.000
SG06307,SG06355,10.000
SG03654,SG03731,10.000
SG01106,SG01194,7.000
SG00989,SG01022,11.000
SG06307,SG06351,11.000
SG08777,SG08796,8.000
SG08006,SG08025,7.000
SG08000,SG08026,6.000
SG06297,SG06329,10.000
SG05005,SG05049,8.000
SG04225,SG04309,11.000
SG02893,SG02944,12.000
SG00297,SG00311,12.000
SG09514,SG09579,7.000
SG00166,SG00204,6.000
SG03949,SG03964,9.000
SG06131,SG06138,7.000
SG03860,SG03936,10.000
SG03607,SG03645,9.000
SG02328,SG02382,10.000
SG07232,SG07238,11.000
SG03123,SG03159,8.000
SG06452,SG06512,8.000
SG00719,SG00765,6.000
SG06966,SG06992,7.000
SG04013,SG04065,9.000
SG00790,SG00816,7.000
SG03673,SG03722,7.000
SG09673,SG09735,10.000
SG00526,SG00552,8.000
SG04739,SG04797,12.000
SG09475,SG09499,10.000
SG05163,SG05221,12.000
SG08237,SG08269,12.000
SG01021,SG01088,10.000
SG05889,SG05973,10.000
SG05879,SG05934,8.000
SG00837,SG00905,10.000
SG03756,SG03778,9.000
SG04628,SG04690,8.000
SG08436,SG08516,9.000
SG04990,SG05025,7.000
SG01441,SG01532,9.000
SG01879,SG01950,11.000
SG03774,SG03865,12.000
SG02124,SG02163,9.000
SG06574,SG06590,8.000
SG04752,SG04777,9.000
SG02627,SG02690,8.000
SG08234,SG08259,9.000
SG04898,SG04929,8.000
SG05963,SG06013,10.000
SG05535,SG05556,12.000
SG05295,SG05339,6.000
SG09735,SG09798,8.000
SG01628,SG01705,6.000
SG09113,SG09141,9.000
SG00386,SG00465,10.000
SG09375,SG09409,7.000
SG09485,SG09505,6.000
SG02806,SG02903,7.000
SG01107,SG01156,12.000
SG07992,SG08062,12.000
SG07409,SG07449,8.000
SG02831,SG02919,6.000
SG08392,SG08486,9.000
SG03051,SG03094,11.000
SG04545,SG04570,11.000
SG02542,SG02607,6.000
SG00308,SG00395,9.000
SG04683,SG04747,11.000
SG09918,SG09977,11.000
SG00930,SG01021,9.000
SG02930,SG02997,12.000
SG04986,SG05056,12.000
SG05854,SG05949,11.000
SG03469,SG03540,12.000
SG06897,SG06987,9.000
SG07729,SG07805,11.000
