story_key,story_title,epic,story_type,user_story,workflow_use_case,expected_behavior,acceptance_criteria,story_sync,source_confidence,priority,status,linked_qa_tracker_ids,tested_fixtures,tested_specs,test_coverage_notes,notes,last_reviewed
2d-network:apply-network-styling,[2D Network] Apply and preserve network styling,2D Network,Settings/Controls,"As a MicrobeTrace user, I want to style the interactive 2D network from uploaded data and controls, so that I can visually distinguish data categories and preserve presentation choices.","Apply style files, color mappings, or styling controls to covered datasets and verify the interactive 2D network reflects the selected visual encoding.","2D Network applies covered colors, labels, sizes, shapes, and style-table edits consistently through filtering, grouping, timeline, and restore paths where applicable.","Given the linked QA tracker scenarios, when the user performs the covered 2D Network workflow, then the expected behavior remains true for each listed fixture and spec.; Given the listed Cypress specs are run, when they pass, then this story has automated evidence for the grouped acceptance checks.; Given linked QA evidence changes, when this story is regenerated, then tested fixtures, specs, and coverage notes stay aligned with the current QA trackers.",false,High,P0,Draft,2d-network:S001; 2d-network:S002; 2d-network:S003; 2d-network:S004; 2d-network:S005; 2d-network:S006; 2d-network:SES001,TestStyleNodelist_snp.csv; TestStyleEdgelist_snp.csv; Cypress_Test_Style.style; TestStyleEdgelist_snp_weighted.csv,cypress/e2e/journeys/flows/apply-style-twod.cy.ts; cypress/e2e/journeys/flows/change-node-color.cy.ts; cypress/e2e/journeys/flows/change-link-color.cy.ts; cypress/e2e/journeys/flows/show-node-symbols.cy.ts; cypress/e2e/journeys/flows/style-background-selected.cy.ts; cypress/e2e/journeys/flows/style-minimum-cluster-survives.cy.ts; cypress/e2e/journeys/flows/style-threshold-survives.cy.ts; cypress/e2e/journeys/flows/style-grouping-survives.cy.ts; cypress/e2e/journeys/flows/session-roundtrip-uploaded.cy.ts,"Grouped from 7 QA tracker row(s): Apply style file; Background color; Selected color; Minimum Cluster Size filtering; Threshold filtering; Style survives grouping; Session save and reload round-trip. Source areas: Styling, Session.",Generated as a grouped user story from QA tracker evidence. Review title and behavior language before enabling story_sync.,2026-04-22
2d-network:color-network-by-fields,[2D Network] Color nodes and links by uploaded fields,2D Network,Settings/Controls,"As a MicrobeTrace user, I want to style the interactive 2D network from uploaded data and controls, so that I can visually distinguish data categories and preserve presentation choices.","Apply style files, color mappings, or styling controls to covered datasets and verify the interactive 2D network reflects the selected visual encoding.","2D Network applies covered colors, labels, sizes, shapes, and style-table edits consistently through filtering, grouping, timeline, and restore paths where applicable.","Given the linked QA tracker scenarios, when the user performs the covered 2D Network workflow, then the expected behavior remains true for each listed fixture and spec.; Given the listed Cypress specs are run, when they pass, then this story has automated evidence for the grouped acceptance checks.; Given linked QA evidence changes, when this story is regenerated, then tested fixtures, specs, and coverage notes stay aligned with the current QA trackers.",false,High,P0,Draft,2d-network:CB001; 2d-network:CB002; 2d-network:CB003; 2d-network:CB004; 2d-network:CB005,TestStyleNodelist_snp.csv; TestStyleEdgelist_snp.csv,cypress/e2e/journeys/flows/color-by-uploaded.cy.ts; cypress/e2e/journeys/flows/style-table-filtering-consistency.cy.ts,Grouped from 5 QA tracker row(s): Node color by variable via UI; Link color by variable via UI; Color table individual color change; Node color table consistency through filtering; Link color table consistency through filtering. Source areas: General Settings.,Generated as a grouped user story from QA tracker evidence. Review title and behavior language before enabling story_sync.,2026-04-22
2d-network:configure-link-rendering,"[2D Network] Configure link labels, arrows, widths, and transparency",2D Network,Settings/Controls,"As a MicrobeTrace user, I want to configure the interactive 2D network controls, so that I can adjust the analysis view and immediately see the correct result.",Use the covered controls for the interactive 2D network and verify each setting updates the rendered view or session state without corrupting data membership.,"2D Network control changes are reflected in the rendered view, maintain stable membership, and preserve documented control state where covered.","Given the linked QA tracker scenarios, when the user performs the covered 2D Network workflow, then the expected behavior remains true for each listed fixture and spec.; Given the listed Cypress specs are run, when they pass, then this story has automated evidence for the grouped acceptance checks.; Given linked QA evidence changes, when this story is regenerated, then tested fixtures, specs, and coverage notes stay aligned with the current QA trackers.",false,High,P0,Draft,2d-network:LNK001; 2d-network:LNK002; 2d-network:LNK003; 2d-network:LNK004; 2d-network:LNK006; 2d-network:LNK007; 2d-network:LNK008; 2d-network:LNK005; 2d-network:LNK009,AngularTesting_Distance_linklist_BS.csv; AngularTesting_seqs_TN93_BS.fasta; AngularTesting_DistanceMatrix_TN93_BS.xlsx; TestStyleNodelist_snp.csv; TestStyleEdgelist_snp.csv; Cypress_DirectedNodes.csv; Cypress_DirectedLinks.csv,cypress/e2e/journeys/flows/link-label-width.cy.ts; cypress/e2e/journeys/flows/link-tooltip-uploaded.cy.ts; cypress/e2e/view-state/twod-view.cy.ts; cypress/e2e/journeys/flows/behavior-contracts.cy.ts; cypress/e2e/journeys/flows/link-length-layout-pin.cy.ts; cypress/e2e/journeys/flows/link-width-opacity-uploaded.cy.ts; cypress/e2e/journeys/flows/link-arrows-uploaded.cy.ts,Grouped from 9 QA tracker row(s): Link labels and decimal length; Link tooltip content; Link width by variable and reciprocal; Link length + pin and recalc; Link width fixed control; Link transparency control; Link min and max width controls; Directed and bidirectional arrows; plus 1 additional covered scenarios. Source areas: 2D Settings.,Generated as a grouped user story from QA tracker evidence. Review title and behavior language before enabling story_sync.,2026-04-22
2d-network:configure-node-rendering,"[2D Network] Configure node labels, symbols, and sizing",2D Network,Settings/Controls,"As a MicrobeTrace user, I want to configure the interactive 2D network controls, so that I can adjust the analysis view and immediately see the correct result.",Use the covered controls for the interactive 2D network and verify each setting updates the rendered view or session state without corrupting data membership.,"2D Network control changes are reflected in the rendered view, maintain stable membership, and preserve documented control state where covered.","Given the linked QA tracker scenarios, when the user performs the covered 2D Network workflow, then the expected behavior remains true for each listed fixture and spec.; Given the listed Cypress specs are run, when they pass, then this story has automated evidence for the grouped acceptance checks.; Given linked QA evidence changes, when this story is regenerated, then tested fixtures, specs, and coverage notes stay aligned with the current QA trackers.",false,High,P1,Draft,2d-network:N001; 2d-network:N002; 2d-network:N003; 2d-network:N004; 2d-network:N005; 2d-network:N006; 2d-network:N007; 2d-network:N008,TestStyleNodelist_snp.csv; TestStyleEdgelist_snp.csv; Cypress_Test_Style.style,cypress/e2e/journeys/flows/style-node-label-tooltip.cy.ts; cypress/e2e/view-state/twod-view.cy.ts; cypress/e2e/journeys/flows/node-shape-size-uploaded.cy.ts; cypress/e2e/journeys/flows/node-label-visibility-uploaded.cy.ts; cypress/e2e/journeys/flows/style-table-filtering-consistency.cy.ts,Grouped from 8 QA tracker row(s): Node labels and tooltips; Node shapes and sizes without style; Node symbol table visibility; Node min and max size controls; Node fixed size control; Node border width control; Node label show/hide on uploaded data; Node symbol consistency through filtering. Source areas: 2D Settings.,Generated as a grouped user story from QA tracker evidence. Review title and behavior language before enabling story_sync.,2026-04-22
2d-network:export-network-output,[2D Network] Export network images,2D Network,Export,"As a MicrobeTrace user, I want to export the interactive 2D network outputs in supported formats, so that I can save and share analysis results outside the app.","Configure the interactive 2D network as needed, use the supported export actions, and verify the exported files or restored state match the current view.","2D Network exports supported formats without stale downloads, missing content, or mismatched view state. Session or restore paths preserve the configured state where covered.","Given the linked QA tracker scenarios, when the user performs the covered 2D Network workflow, then the expected behavior remains true for each listed fixture and spec.; Given the listed Cypress specs are run, when they pass, then this story has automated evidence for the grouped acceptance checks.; Given linked QA evidence changes, when this story is regenerated, then tested fixtures, specs, and coverage notes stay aligned with the current QA trackers.",false,High,P1,Draft,2d-network:EXP001,TestStyleNodelist_snp.csv; TestStyleEdgelist_snp.csv,cypress/e2e/journeys/flows/network-export-uploaded.cy.ts,Grouped from 1 QA tracker row(s): 2D network export to image. Source areas: Export.,Generated as a grouped user story from QA tracker evidence. Review title and behavior language before enabling story_sync.,2026-04-22
2d-network:filter-network,[2D Network] Filter visible links and clusters,2D Network,Settings/Controls,"As a MicrobeTrace user, I want to filter and refresh the interactive 2D network without stale results, so that I can trust that visible data matches the active analysis controls.","Change the covered filtering, threshold, cluster, or refresh controls and verify the interactive 2D network immediately reflects the current visible data.","2D Network recomputes rendered nodes, links, rows, or summaries from the active filters and clears stale state when the visible data changes.","Given the linked QA tracker scenarios, when the user performs the covered 2D Network workflow, then the expected behavior remains true for each listed fixture and spec.; Given the listed Cypress specs are run, when they pass, then this story has automated evidence for the grouped acceptance checks.; Given linked QA evidence changes, when this story is regenerated, then tested fixtures, specs, and coverage notes stay aligned with the current QA trackers.",false,High,P0,Draft,2d-network:F001; 2d-network:F002; 2d-network:F003; 2d-network:F004; 2d-network:F005; 2d-network:F006; 2d-network:F007; 2d-network:F008; 2d-network:F009; 2d-network:F010; 2d-network:F011; 2d-network:F012,AngularTesting_DistanceMatrix_TN93_BS.xlsx; AngularTesting_nodelist_withseqs_TN93_BS.csv; AngularTesting_Epi_linklist_BS.csv; COVID_Dummy_distance_edgelist_snp.csv; SARSCoV2_Simulated_Sequences_snp.fas; AngularTesting_Distance_linklist_BS.csv; AngularTesting_seqs_TN93_BS.fasta; TestStyleNodelist_snp.csv; TestStyleEdgelist_snp.csv; Cypress_FilterMetricNodes.csv; Cypress_FilterMetricLinks.csv,cypress/e2e/journeys/flows/change-link-threshold.cy.ts; cypress/e2e/journeys/flows/grouping-subtype-colors-threshold.cy.ts; cypress/e2e/journeys/flows/minimum-cluster-size-reveal.cy.ts; cypress/e2e/journeys/flows/nearest-neighbor.cy.ts; cypress/e2e/journeys/flows/nearest-neighbor-angulartesting.contract.cy.ts; cypress/e2e/journeys/flows/nearest-neighbor-epsilon.cy.ts; cypress/e2e/journeys/flows/mixed-origin-nearest-neighbor.cy.ts; cypress/e2e/journeys/flows/post-launch-distance-metric-switch.cy.ts; cypress/e2e/journeys/flows/filtering-threshold-sparkline.cy.ts; cypress/e2e/journeys/flows/filter-links-on-alternate-metric.cy.ts; cypress/e2e/journeys/flows/mixed-origin-threshold-nn-reveal.cy.ts; cypress/e2e/journeys/flows/threshold-stability-panel.cy.ts,Grouped from 12 QA tracker row(s): Threshold change; Minimum Cluster Size; Reveal Everything; Nearest Neighbor; Epsilon after Nearest Neighbor; Nearest Neighbor mixed-origin confirmation; Post-launch Distance Metric switch; Threshold with cluster minimum active; plus 4 additional covered scenarios. Source areas: Filtering.,Generated as a grouped user story from QA tracker evidence. Review title and behavior language before enabling story_sync.,2026-04-22
2d-network:group-network-nodes,[2D Network] Group nodes and preserve grouped rendering,2D Network,Settings/Controls,"As a MicrobeTrace user, I want to group nodes and preserve grouped rendering, so that I can complete the covered analysis workflow reliably.",Exercise the covered 2D Network scenarios and verify the view reaches the expected state.,2D Network preserves the behavior covered by the linked QA tracker evidence.,"Given the linked QA tracker scenarios, when the user performs the covered 2D Network workflow, then the expected behavior remains true for each listed fixture and spec.; Given the listed Cypress specs are run, when they pass, then this story has automated evidence for the grouped acceptance checks.; Given linked QA evidence changes, when this story is regenerated, then tested fixtures, specs, and coverage notes stay aligned with the current QA trackers.",false,High,P0,Draft,2d-network:G001; 2d-network:G002; 2d-network:G003; 2d-network:G004; 2d-network:G005; 2d-network:G006,AngularTesting_Epi_linklist_BS.csv; AngularTesting_nodelist_withseqs_TN93_BS.csv; TestStyleNodelist_snp.csv; TestStyleEdgelist_snp.csv; Cypress_Test_Style.style,cypress/e2e/journeys/flows/grouping-basic-cluster.cy.ts; cypress/e2e/journeys/flows/grouping-subtype-colors-threshold.cy.ts; cypress/e2e/journeys/flows/grouping-uploaded-settings-filtering.cy.ts; cypress/e2e/view-state/twod-view.cy.ts; cypress/e2e/journeys/flows/style-grouping-survives.cy.ts,Grouped from 6 QA tracker row(s): Group by Cluster; Subtype polygons with colors and labels; Group label size and orientation; Grouping + Minimum Cluster Size; Grouping + style; Grouping + Reveal Everything. Source areas: Grouping.,Generated as a grouped user story from QA tracker evidence. Review title and behavior language before enabling story_sync.,2026-04-22
2d-network:interact-with-network-canvas,[2D Network] Interact with the network canvas and selections,2D Network,Visualization Behavior,"As a MicrobeTrace user, I want to interact with the interactive 2D network data directly, so that I can inspect, select, and drill into the data shown in the view.","Select, hover, pan, zoom, expand, or otherwise interact with the rendered data in the interactive 2D network and verify the app updates the expected detail state.","2D Network interactions expose correct tooltips, selections, drilldowns, and synchronized state without leaking stale selections or rows.","Given the linked QA tracker scenarios, when the user performs the covered 2D Network workflow, then the expected behavior remains true for each listed fixture and spec.; Given the listed Cypress specs are run, when they pass, then this story has automated evidence for the grouped acceptance checks.; Given linked QA evidence changes, when this story is regenerated, then tested fixtures, specs, and coverage notes stay aligned with the current QA trackers.",false,High,P1,Draft,2d-network:NET001; 2d-network:NET002; 2d-network:NET003,AngularTesting_Distance_linklist_BS.csv,cypress/e2e/journeys/flows/network-display-uploaded.cy.ts; cypress/e2e/view-state/twod-view.cy.ts; cypress/e2e/journeys/flows/node-drag-uploaded.cy.ts; cypress/e2e/journeys/flows/node-box-select-uploaded.cy.ts,Grouped from 3 QA tracker row(s): Gridlines and neighbor highlight; Node drag sync; Multi-node box select on uploaded data. Source areas: 2D Settings.,Generated as a grouped user story from QA tracker evidence. Review title and behavior language before enabling story_sync.,2026-04-22
2d-network:load-supported-data,[2D Network] Load supported datasets into the interactive network,2D Network,Data Processing,"As a MicrobeTrace user, I want to launch the interactive 2D network from supported uploaded datasets, so that I can start analysis without manually preparing intermediate files.","Load the supported file combinations listed in QA evidence, open the interactive 2D network, and confirm the rendered state reflects the uploaded data.","2D Network accepts covered file types, derives or maps required data, and renders a stable view with expected counts, labels, tables, or visual marks for each supported load path.","Given the linked QA tracker scenarios, when the user performs the covered 2D Network workflow, then the expected behavior remains true for each listed fixture and spec.; Given the listed Cypress specs are run, when they pass, then this story has automated evidence for the grouped acceptance checks.; Given linked QA evidence changes, when this story is regenerated, then tested fixtures, specs, and coverage notes stay aligned with the current QA trackers.",false,High,P0,Draft,2d-network:L001; 2d-network:L002; 2d-network:L003; 2d-network:L004; 2d-network:L005; 2d-network:L006; 2d-network:L007; 2d-network:L008,COVID_Dummy_distance_edgelist_snp.csv; AngularTesting_Distance_linklist_BS.csv; AngularTesting_DistanceMatrix_TN93_BS.xlsx; SARSCoV2_Simulated_Sequences_snp.fas; AngularTesting_seqs_TN93_BS.fasta; TestStyleNodelist_snp.csv; TestStyleEdgelist_snp.csv; AngularTesting_nodelist_withseqs_TN93_BS.csv; AngularTesting_Epi_linklist_BS.csv; AngularTesting_seqs_TN93_BS.nwk; LargeDataSet_Test_sequences_node.csv; Large_Dataset_forTesting_epiLinks.csv,cypress/e2e/journeys/flows/upload-launch-twod.cy.ts; cypress/e2e/journeys/flows/nearest-neighbor.cy.ts; cypress/e2e/journeys/flows/nearest-neighbor-angulartesting.contract.cy.ts; cypress/e2e/journeys/flows/apply-style-twod.cy.ts; cypress/e2e/ingestion/files-ui.cy.ts; cypress/e2e/journeys/flows/grouping-subtype-colors-threshold.cy.ts; cypress/e2e/journeys/flows/mixed-origin-nearest-neighbor.cy.ts,Grouped from 8 QA tracker row(s): Load Distance edgelist data; Load Distance matrix data; Load FASTA data; Load Node list + link list data; Load Sequence node list data; Load Newick data; Load Mixed-origin data; Load Large dataset 2D data. Source areas: Load Matrix.,Generated as a grouped user story from QA tracker evidence. Review title and behavior language before enabling story_sync.,2026-04-22
2d-network:play-network-timeline,[2D Network] Play and inspect timeline states,2D Network,Settings/Controls,"As a MicrobeTrace user, I want to inspect time-based changes in the interactive 2D network, so that I can understand how the visible data changes over time.","Apply timeline controls to the covered datasets, play or scrub checkpoints, and verify the interactive 2D network updates only the intended target state.","2D Network keeps timeline membership, colors, and non-target view behavior consistent with the covered checkpoint expectations.","Given the linked QA tracker scenarios, when the user performs the covered 2D Network workflow, then the expected behavior remains true for each listed fixture and spec.; Given the listed Cypress specs are run, when they pass, then this story has automated evidence for the grouped acceptance checks.; Given linked QA evidence changes, when this story is regenerated, then tested fixtures, specs, and coverage notes stay aligned with the current QA trackers.",false,High,P1,Draft,2d-network:TL001; 2d-network:TL002; 2d-network:TL003; 2d-network:TL004; 2d-network:TL005,COVID-19_simulated_NodeList_snp.csv; COVID_Dummy_distance_edgelist_snp.csv; AngularTesting_nodelist_withseqs_TN93_BS.csv; AngularTesting_Epi_linklist_BS.csv,cypress/e2e/journeys/flows/timeline-oracle.cy.ts; cypress/e2e/journeys/flows/twod-timeline-controls-uploaded.cy.ts,Grouped from 5 QA tracker row(s): Deterministic uploaded 2D checkpoints; Play/pause progression in 2D; Manual slider checkpoints in 2D; Node-color persistence after 2D timeline teardown; Link-color persistence after 2D timeline teardown. Source areas: Timeline.,Generated as a grouped user story from QA tracker evidence. Review title and behavior language before enabling story_sync.,2026-04-22
2d-network:preserve-cross-feature-network-contracts,[2D Network] Preserve cross-feature filtering and styling contracts,2D Network,Test Coverage,"As a MicrobeTrace user, I want to preserve cross-feature filtering and styling contracts, so that I can complete the covered analysis workflow reliably.",Exercise the covered 2D Network scenarios and verify the view reaches the expected state.,2D Network preserves the behavior covered by the linked QA tracker evidence.,"Given the linked QA tracker scenarios, when the user performs the covered 2D Network workflow, then the expected behavior remains true for each listed fixture and spec.; Given the listed Cypress specs are run, when they pass, then this story has automated evidence for the grouped acceptance checks.; Given linked QA evidence changes, when this story is regenerated, then tested fixtures, specs, and coverage notes stay aligned with the current QA trackers.",false,High,P1,Draft,2d-network:X001; 2d-network:X002; 2d-network:X003; 2d-network:C001; 2d-network:C002; 2d-network:C003,TestStyleNodelist_snp.csv; TestStyleEdgelist_snp.csv; Cypress_Test_Style.style; AngularTesting_nodelist_withseqs_TN93_BS.csv; AngularTesting_Epi_linklist_BS.csv; AngularTesting_seqs_TN93_BS.nwk; AngularTesting_Distance_linklist_BS.csv; AngularTesting_DistanceMatrix_TN93_BS.xlsx; OracleSynthetic_distance_links.csv; OracleSynthetic_epi_links.csv; OracleSynthetic_nodes.csv; AngularTesting_seqs_TN93_BS.fasta,cypress/e2e/journeys/flows/style-node-label-tooltip.cy.ts; cypress/e2e/journeys/flows/mixed-origin-threshold-nn-reveal.cy.ts; cypress/e2e/journeys/flows/newick-link-labels.cy.ts; cypress/e2e/journeys/flows/behavior-contracts.cy.ts; cypress/e2e/journeys/flows/filtering-newick.contract.cy.ts; cypress/e2e/journeys/flows/nearest-neighbor-angulartesting.contract.cy.ts; cypress/e2e/journeys/flows/filtering-oracle.contract.cy.ts,"Grouped from 6 QA tracker row(s): Style + node labels and tooltips; Mixed-origin threshold + nearest neighbor + reveal; Newick + 2D link labels; Reciprocal width orientation; Filtering contracts beyond threshold; Filtering oracle exact membership. Source areas: Cross-Feature, Contracts.",Generated as a grouped user story from QA tracker evidence. Review title and behavior language before enabling story_sync.,2026-04-22
map-view:configure-controls,"[Map] Configure geographic node, link, and viewport controls",Map,Settings/Controls,"As a MicrobeTrace user, I want to configure the Map view controls, so that I can adjust the analysis view and immediately see the correct result.",Use the covered controls for the Map view and verify each setting updates the rendered view or session state without corrupting data membership.,"Map control changes are reflected in the rendered view, maintain stable membership, and preserve documented control state where covered.","Given the linked QA tracker scenarios, when the user performs the covered Map workflow, then the expected behavior remains true for each listed fixture and spec.; Given the listed Cypress specs are run, when they pass, then this story has automated evidence for the grouped acceptance checks.; Given linked QA evidence changes, when this story is regenerated, then tested fixtures, specs, and coverage notes stay aligned with the current QA trackers.",false,High,P1,Draft,map-view:M005; map-view:M006; map-view:M007; map-view:M008; map-view:M013; map-view:M017; map-view:M018,COVID-19_simulated_NodeList_snp.csv; COVID_Dummy_distance_edgelist_snp.csv,cypress/e2e/journeys/flows/map-controls-uploaded.cy.ts; cypress/e2e/journeys/flows/map-jitter-uploaded.cy.ts; cypress/e2e/journeys/flows/map-navigation-uploaded.cy.ts,"Grouped from 7 QA tracker row(s): Node collapsing on/off; Node transparency; Link transparency; Node and link hide/show; Node jitter and reroll; Pan and center; Zoom controls. Source areas: Map Settings, Map Controls.",Generated as a grouped user story from QA tracker evidence. Review title and behavior language before enabling story_sync.,2026-04-22
map-view:export-and-restore,[Map] Export and restore Map outputs and state,Map,Export,"As a MicrobeTrace user, I want to export the Map view outputs in supported formats, so that I can save and share analysis results outside the app.","Configure the Map view as needed, use the supported export actions, and verify the exported files or restored state match the current view.","Map exports supported formats without stale downloads, missing content, or mismatched view state. Session or restore paths preserve the configured state where covered.","Given the linked QA tracker scenarios, when the user performs the covered Map workflow, then the expected behavior remains true for each listed fixture and spec.; Given the listed Cypress specs are run, when they pass, then this story has automated evidence for the grouped acceptance checks.; Given linked QA evidence changes, when this story is regenerated, then tested fixtures, specs, and coverage notes stay aligned with the current QA trackers.",false,High,P2,Draft,map-view:M022; map-view:M023,COVID-19_simulated_NodeList_snp.csv; COVID_Dummy_distance_edgelist_snp.csv,cypress/e2e/journeys/flows/map-export-uploaded.cy.ts; cypress/e2e/journeys/flows/map-tab-persistence-uploaded.cy.ts,Grouped from 2 QA tracker row(s): Map export to PNG; Map-tab persistence for selected layers. Source areas: Export And Persistence.,Generated as a grouped user story from QA tracker evidence. Review title and behavior language before enabling story_sync.,2026-04-22
map-view:filter-refresh-data,[Map] Keep Map synchronized with filtering changes,Map,Session Persistence,"As a MicrobeTrace user, I want to filter and refresh the Map view without stale results, so that I can trust that visible data matches the active analysis controls.","Change the covered filtering, threshold, cluster, or refresh controls and verify the Map view immediately reflects the current visible data.","Map recomputes rendered nodes, links, rows, or summaries from the active filters and clears stale state when the visible data changes.","Given the linked QA tracker scenarios, when the user performs the covered Map workflow, then the expected behavior remains true for each listed fixture and spec.; Given the listed Cypress specs are run, when they pass, then this story has automated evidence for the grouped acceptance checks.; Given linked QA evidence changes, when this story is regenerated, then tested fixtures, specs, and coverage notes stay aligned with the current QA trackers.",false,High,P0,Draft,map-view:M003,COVID-19_simulated_NodeList_snp.csv; COVID_Dummy_distance_edgelist_snp.csv,cypress/e2e/journeys/flows/map-zipcode-threshold.cy.ts,Grouped from 1 QA tracker row(s): Threshold round-trip on Map. Source areas: Filtering.,Generated as a grouped user story from QA tracker evidence. Review title and behavior language before enabling story_sync.,2026-04-22
map-view:interact-with-view,[Map] Inspect and select geographic nodes and links,Map,Visualization Behavior,"As a MicrobeTrace user, I want to interact with the Map view data directly, so that I can inspect, select, and drill into the data shown in the view.","Select, hover, pan, zoom, expand, or otherwise interact with the rendered data in the Map view and verify the app updates the expected detail state.","Map interactions expose correct tooltips, selections, drilldowns, and synchronized state without leaking stale selections or rows.","Given the linked QA tracker scenarios, when the user performs the covered Map workflow, then the expected behavior remains true for each listed fixture and spec.; Given the listed Cypress specs are run, when they pass, then this story has automated evidence for the grouped acceptance checks.; Given linked QA evidence changes, when this story is regenerated, then tested fixtures, specs, and coverage notes stay aligned with the current QA trackers.",false,High,P2,Draft,map-view:M019; map-view:M020; map-view:M021,Cypress_MapColorNodes.csv; Cypress_MapColorLinks.csv,cypress/e2e/journeys/flows/map-tooltips-uploaded.cy.ts; cypress/e2e/journeys/flows/map-selection-uploaded.cy.ts,Grouped from 3 QA tracker row(s): Node tooltip; Link tooltip; Node selection. Source areas: Map Interaction.,Generated as a grouped user story from QA tracker evidence. Review title and behavior language before enabling story_sync.,2026-04-22
map-view:load-supported-data,[Map] Place uploaded nodes by ZIP code or coordinates,Map,Data Processing,"As a MicrobeTrace user, I want to launch the Map view from supported uploaded datasets, so that I can start analysis without manually preparing intermediate files.","Load the supported file combinations listed in QA evidence, open the Map view, and confirm the rendered state reflects the uploaded data.","Map accepts covered file types, derives or maps required data, and renders a stable view with expected counts, labels, tables, or visual marks for each supported load path.","Given the linked QA tracker scenarios, when the user performs the covered Map workflow, then the expected behavior remains true for each listed fixture and spec.; Given the listed Cypress specs are run, when they pass, then this story has automated evidence for the grouped acceptance checks.; Given linked QA evidence changes, when this story is regenerated, then tested fixtures, specs, and coverage notes stay aligned with the current QA trackers.",false,High,P0,Draft,map-view:M001; map-view:M012,COVID-19_simulated_NodeList_snp.csv; COVID_Dummy_distance_edgelist_snp.csv,cypress/e2e/journeys/flows/map-zipcode-threshold.cy.ts; cypress/e2e/journeys/flows/map-direct-launch-uploaded.cy.ts,Grouped from 2 QA tracker row(s): Uploaded node + link launch then switch to Map with zipcode mapping; Direct file launch to Map default view. Source areas: Load Map.,Generated as a grouped user story from QA tracker evidence. Review title and behavior language before enabling story_sync.,2026-04-22
map-view:map-layers,"[Map] Use Map basemap, satellite, and offline layers",Map,Settings/Controls,"As a MicrobeTrace user, I want to configure the Map view controls, so that I can adjust the analysis view and immediately see the correct result.",Use the covered controls for the Map view and verify each setting updates the rendered view or session state without corrupting data membership.,"Map control changes are reflected in the rendered view, maintain stable membership, and preserve documented control state where covered.","Given the linked QA tracker scenarios, when the user performs the covered Map workflow, then the expected behavior remains true for each listed fixture and spec.; Given the listed Cypress specs are run, when they pass, then this story has automated evidence for the grouped acceptance checks.; Given linked QA evidence changes, when this story is regenerated, then tested fixtures, specs, and coverage notes stay aligned with the current QA trackers.",false,High,P2,Draft,map-view:M014; map-view:M015; map-view:M016,COVID-19_simulated_NodeList_snp.csv; COVID_Dummy_distance_edgelist_snp.csv,cypress/e2e/journeys/flows/map-layers-uploaded.cy.ts; cypress/e2e/journeys/flows/map-tab-persistence-uploaded.cy.ts,Grouped from 3 QA tracker row(s): Offline layer toggles; Basemap layer presence; Toggle Satellite. Source areas: Map Layers.,Generated as a grouped user story from QA tracker evidence. Review title and behavior language before enabling story_sync.,2026-04-22
map-view:map-render-data,[Map] Handle nodes with missing or explicit location data,Map,Data Processing,"As a MicrobeTrace user, I want to map and render data fields in the Map view, so that I can inspect the right labels, ranges, and derived values for my dataset.","Configure the covered data-field, label, sizing, or rendering options and verify the Map view displays the expected data.","Map maps covered data fields into the rendered view accurately and keeps labels, dimensions, and derived values synchronized with the selected options.","Given the linked QA tracker scenarios, when the user performs the covered Map workflow, then the expected behavior remains true for each listed fixture and spec.; Given the listed Cypress specs are run, when they pass, then this story has automated evidence for the grouped acceptance checks.; Given linked QA evidence changes, when this story is regenerated, then tested fixtures, specs, and coverage notes stay aligned with the current QA trackers.",false,High,P0,Draft,map-view:M002; map-view:M004,COVID-19_simulated_NodeList_snp.csv; COVID_Dummy_distance_edgelist_snp.csv; AngularTesting_nodes_Map.csv,cypress/e2e/journeys/flows/map-zipcode-threshold.cy.ts; cypress/e2e/journeys/flows/map-lat-long-uploaded.cy.ts,Grouped from 2 QA tracker row(s): Excluded nodes without location data; Uploaded latitude/longitude mapping. Source areas: Map Data.,Generated as a grouped user story from QA tracker evidence. Review title and behavior language before enabling story_sync.,2026-04-22
map-view:style-rendering,[Map] Style geographic nodes and links by uploaded fields,Map,Settings/Controls,"As a MicrobeTrace user, I want to style the Map view from uploaded data and controls, so that I can visually distinguish data categories and preserve presentation choices.","Apply style files, color mappings, or styling controls to covered datasets and verify the Map view reflects the selected visual encoding.","Map applies covered colors, labels, sizes, shapes, and style-table edits consistently through filtering, grouping, timeline, and restore paths where applicable.","Given the linked QA tracker scenarios, when the user performs the covered Map workflow, then the expected behavior remains true for each listed fixture and spec.; Given the listed Cypress specs are run, when they pass, then this story has automated evidence for the grouped acceptance checks.; Given linked QA evidence changes, when this story is regenerated, then tested fixtures, specs, and coverage notes stay aligned with the current QA trackers.",false,High,P1,Draft,map-view:M010; map-view:M011; map-view:M024; map-view:M025; map-view:M026; map-view:M027,Cypress_MapColorNodes.csv; Cypress_MapColorLinks.csv; COVID-19_simulated_NodeList_snp.csv; COVID_Dummy_distance_edgelist_snp.csv; TestStyleNodelist_snp.csv; TestStyleEdgelist_snp_weighted.csv; Cypress_Test_Style.style,cypress/e2e/journeys/flows/map-color-by-uploaded.cy.ts; cypress/e2e/journeys/flows/map-fixed-colors-uploaded.cy.ts; cypress/e2e/journeys/flows/map-cluster-recompute-uploaded.cy.ts; cypress/e2e/journeys/flows/map-style-file-uploaded.cy.ts,Grouped from 6 QA tracker row(s): Uploaded node and link color mappings on Map; Targeted color table edits on Map; Fixed node color on Map; Fixed link color on Map; Threshold-driven cluster color recompute on Map; Style file reflected on Map. Source areas: Styling.,Generated as a grouped user story from QA tracker evidence. Review title and behavior language before enabling story_sync.,2026-04-22
map-view:timeline,[Map] Explore geographic changes over time,Map,Settings/Controls,"As a MicrobeTrace user, I want to inspect time-based changes in the Map view, so that I can understand how the visible data changes over time.","Apply timeline controls to the covered datasets, play or scrub checkpoints, and verify the Map view updates only the intended target state.","Map keeps timeline membership, colors, and non-target view behavior consistent with the covered checkpoint expectations.","Given the linked QA tracker scenarios, when the user performs the covered Map workflow, then the expected behavior remains true for each listed fixture and spec.; Given the listed Cypress specs are run, when they pass, then this story has automated evidence for the grouped acceptance checks.; Given linked QA evidence changes, when this story is regenerated, then tested fixtures, specs, and coverage notes stay aligned with the current QA trackers.",false,High,P1,Draft,map-view:M009; map-view:M028; map-view:M029; map-view:M030; map-view:M031,COVID-19_simulated_NodeList_snp.csv; COVID_Dummy_distance_edgelist_snp.csv,cypress/e2e/journeys/flows/map-timeline-oracle.cy.ts; cypress/e2e/journeys/flows/map-timeline-controls-uploaded.cy.ts; cypress/e2e/journeys/flows/map-timeline-color-persistence-uploaded.cy.ts,Grouped from 5 QA tracker row(s): Deterministic Map timeline checkpoints; Play/pause progression on Map; Color persistence after timeline ends; Manual slider checkpoints on Map; Node-color persistence after timeline ends. Source areas: Timeline.,Generated as a grouped user story from QA tracker evidence. Review title and behavior language before enabling story_sync.,2026-04-22
dashboard:export-output,[Dashboard] Export Dashboard outputs,Dashboard,Export,"As a MicrobeTrace user, I want to export the Dashboard view outputs in supported formats, so that I can save and share analysis results outside the app.","Configure the Dashboard view as needed, use the supported export actions, and verify the exported files or restored state match the current view.","Dashboard exports supported formats without stale downloads, missing content, or mismatched view state. Session or restore paths preserve the configured state where covered.","Given the linked QA tracker scenarios, when the user performs the covered Dashboard workflow, then the expected behavior remains true for each listed fixture and spec.; Given the listed Cypress specs are run, when they pass, then this story has automated evidence for the grouped acceptance checks.; Given linked QA evidence changes, when this story is regenerated, then tested fixtures, specs, and coverage notes stay aligned with the current QA trackers.",false,High,P1,Draft,dashboard:DB008; dashboard:DB009,COVID-19_simulated_NodeList_snp.csv; COVID_Dummy_distance_edgelist_snp.csv,cypress/e2e/journeys/flows/dashboard-export-uploaded.cy.ts,Grouped from 2 QA tracker row(s): PNG dashboard export dialog flow; Export after nontrivial layout and root state change. Source areas: Dashboard Export.,Generated as a grouped user story from QA tracker evidence. Review title and behavior language before enabling story_sync.,2026-04-22
dashboard:filter-refresh-data,[Dashboard] Keep Dashboard synchronized with filtering changes,Dashboard,Settings/Controls,"As a MicrobeTrace user, I want to filter and refresh the Dashboard view without stale results, so that I can trust that visible data matches the active analysis controls.","Change the covered filtering, threshold, cluster, or refresh controls and verify the Dashboard view immediately reflects the current visible data.","Dashboard recomputes rendered nodes, links, rows, or summaries from the active filters and clears stale state when the visible data changes.","Given the linked QA tracker scenarios, when the user performs the covered Dashboard workflow, then the expected behavior remains true for each listed fixture and spec.; Given the listed Cypress specs are run, when they pass, then this story has automated evidence for the grouped acceptance checks.; Given linked QA evidence changes, when this story is regenerated, then tested fixtures, specs, and coverage notes stay aligned with the current QA trackers.",false,High,P0,Draft,dashboard:DB005,COVID-19_simulated_NodeList_snp.csv; COVID_Dummy_distance_edgelist_snp.csv,cypress/e2e/journeys/flows/dashboard-filtering-propagation-uploaded.cy.ts,Grouped from 1 QA tracker row(s): Threshold minimum-cluster and reveal propagation. Source areas: Dashboard Filtering.,Generated as a grouped user story from QA tracker evidence. Review title and behavior language before enabling story_sync.,2026-04-22
dashboard:manage-view-layout,[Dashboard] Manage Dashboard layout and navigation state,Dashboard,Visualization Behavior,"As a MicrobeTrace user, I want to use the Dashboard view within the app layout, so that I can navigate, resize, and restore the view without losing context.","Open, close, resize, switch, or restore the Dashboard view through the covered layout paths and verify the view remains usable.","Dashboard remains stable through layout, dashboard, navigation, and hidden-pane lifecycle changes.","Given the linked QA tracker scenarios, when the user performs the covered Dashboard workflow, then the expected behavior remains true for each listed fixture and spec.; Given the listed Cypress specs are run, when they pass, then this story has automated evidence for the grouped acceptance checks.; Given linked QA evidence changes, when this story is regenerated, then tested fixtures, specs, and coverage notes stay aligned with the current QA trackers.",false,High,P0,Draft,dashboard:DB001; dashboard:DB002; dashboard:DB003,dashboard-layout-core.microbetrace; dashboard-pane-lifecycle-core.microbetrace,cypress/e2e/view-state/dashboard-layout-core.cy.ts; cypress/e2e/view-state/dashboard-pane-lifecycle-core.cy.ts,"Grouped from 3 QA tracker row(s): 2x2 Golden Layout splitter mechanics; Close and reopen resilience; Hide show and resize lifecycle for data-table views. Source areas: Dashboard Layout, Dashboard Lifecycle.",Generated as a grouped user story from QA tracker evidence. Review title and behavior language before enabling story_sync.,2026-04-22
dashboard:save-restore-state,[Dashboard] Save and restore Dashboard state,Dashboard,Session Persistence,"As a MicrobeTrace user, I want to save and restore the Dashboard view state, so that I can resume analysis without rebuilding the view manually.","Configure the Dashboard view, save or reload the session state, and confirm the restored app returns to the expected view configuration.","Dashboard preserves covered settings, selected data, and rendered state across session save and reload workflows.","Given the linked QA tracker scenarios, when the user performs the covered Dashboard workflow, then the expected behavior remains true for each listed fixture and spec.; Given the listed Cypress specs are run, when they pass, then this story has automated evidence for the grouped acceptance checks.; Given linked QA evidence changes, when this story is regenerated, then tested fixtures, specs, and coverage notes stay aligned with the current QA trackers.",false,High,P1,Draft,dashboard:DB007,COVID-19_simulated_NodeList_snp.csv; COVID_Dummy_distance_edgelist_snp.csv; runtime-saved .microbetrace,cypress/e2e/journeys/flows/dashboard-session-roundtrip-uploaded.cy.ts,Grouped from 1 QA tracker row(s): Saved dashboard round-trip restoration. Source areas: Dashboard Persistence.,Generated as a grouped user story from QA tracker evidence. Review title and behavior language before enabling story_sync.,2026-04-22
dashboard:style-rendering,[Dashboard] Style Dashboard rendering,Dashboard,Settings/Controls,"As a MicrobeTrace user, I want to style the Dashboard view from uploaded data and controls, so that I can visually distinguish data categories and preserve presentation choices.","Apply style files, color mappings, or styling controls to covered datasets and verify the Dashboard view reflects the selected visual encoding.","Dashboard applies covered colors, labels, sizes, shapes, and style-table edits consistently through filtering, grouping, timeline, and restore paths where applicable.","Given the linked QA tracker scenarios, when the user performs the covered Dashboard workflow, then the expected behavior remains true for each listed fixture and spec.; Given the listed Cypress specs are run, when they pass, then this story has automated evidence for the grouped acceptance checks.; Given linked QA evidence changes, when this story is regenerated, then tested fixtures, specs, and coverage notes stay aligned with the current QA trackers.",false,High,P1,Draft,dashboard:DB004,COVID-19_simulated_NodeList_snp.csv; COVID_Dummy_distance_edgelist_snp.csv,cypress/e2e/journeys/flows/dashboard-global-styling-uploaded.cy.ts,Grouped from 1 QA tracker row(s): Global styling propagation across open views. Source areas: Dashboard Styling.,Generated as a grouped user story from QA tracker evidence. Review title and behavior language before enabling story_sync.,2026-04-22
dashboard:timeline,[Dashboard] Explore time-based changes in Dashboard,Dashboard,Settings/Controls,"As a MicrobeTrace user, I want to inspect time-based changes in the Dashboard view, so that I can understand how the visible data changes over time.","Apply timeline controls to the covered datasets, play or scrub checkpoints, and verify the Dashboard view updates only the intended target state.","Dashboard keeps timeline membership, colors, and non-target view behavior consistent with the covered checkpoint expectations.","Given the linked QA tracker scenarios, when the user performs the covered Dashboard workflow, then the expected behavior remains true for each listed fixture and spec.; Given the listed Cypress specs are run, when they pass, then this story has automated evidence for the grouped acceptance checks.; Given linked QA evidence changes, when this story is regenerated, then tested fixtures, specs, and coverage notes stay aligned with the current QA trackers.",false,High,P0,Draft,dashboard:DB006,COVID-19_simulated_NodeList_snp.csv; COVID_Dummy_distance_edgelist_snp.csv,cypress/e2e/journeys/flows/dashboard-timeline-propagation-uploaded.cy.ts,Grouped from 1 QA tracker row(s): Timeline target vs non-target isolation. Source areas: Dashboard Timeline.,Generated as a grouped user story from QA tracker evidence. Review title and behavior language before enabling story_sync.,2026-04-22
table-view:configure-controls,"[Table] Filter, sort, paginate, and choose table columns",Table,Settings/Controls,"As a MicrobeTrace user, I want to configure the Table view controls, so that I can adjust the analysis view and immediately see the correct result.",Use the covered controls for the Table view and verify each setting updates the rendered view or session state without corrupting data membership.,"Table control changes are reflected in the rendered view, maintain stable membership, and preserve documented control state where covered.","Given the linked QA tracker scenarios, when the user performs the covered Table workflow, then the expected behavior remains true for each listed fixture and spec.; Given the listed Cypress specs are run, when they pass, then this story has automated evidence for the grouped acceptance checks.; Given linked QA evidence changes, when this story is regenerated, then tested fixtures, specs, and coverage notes stay aligned with the current QA trackers.",false,High,P0,Draft,table-view:T008; table-view:T009; table-view:T010; table-view:T011; table-view:T012; table-view:T016; table-view:T018; table-view:T019; table-view:T020; table-view:T021; table-view:T022; table-view:T024; table-view:T025; table-view:T026; table-view:T030,Cypress_MapColorNodes.csv; Cypress_MapColorLinks.csv; AngularTesting_Epi_linklist_BS.csv; AngularTesting_Distance_linklist_BS.csv,cypress/e2e/journeys/flows/table-selection-uploaded.cy.ts; cypress/e2e/journeys/flows/table-controls-uploaded.cy.ts; cypress/e2e/journeys/flows/table-columns-uploaded.cy.ts; cypress/e2e/journeys/flows/table-filter-operators-uploaded.cy.ts; cypress/e2e/journeys/flows/table-refresh-uploaded.cy.ts,"Grouped from 15 QA tracker row(s): Nodes, Links, and Clusters dataset switch; Node filter on uploaded data; Link filter on uploaded data; Node row selection and selected-row reorder; Table settings size control; Column multiselect show and hide; String filter operators on node data; Numeric filter operators on link and cluster data; plus 7 additional covered scenarios. Source areas: Table Controls.",Generated as a grouped user story from QA tracker evidence. Review title and behavior language before enabling story_sync.,2026-04-22
table-view:cross-view,[Table] Synchronize Table behavior with other views,Table,User Workflow,"As a MicrobeTrace user, I want to synchronize Table behavior with other views, so that I can complete the covered analysis workflow reliably.",Exercise the covered Table scenarios and verify the view reaches the expected state.,Table preserves the behavior covered by the linked QA tracker evidence.,"Given the linked QA tracker scenarios, when the user performs the covered Table workflow, then the expected behavior remains true for each listed fixture and spec.; Given the listed Cypress specs are run, when they pass, then this story has automated evidence for the grouped acceptance checks.; Given linked QA evidence changes, when this story is regenerated, then tested fixtures, specs, and coverage notes stay aligned with the current QA trackers.",false,High,P1,Draft,table-view:T017; table-view:T023,Cypress_MapColorNodes.csv; Cypress_MapColorLinks.csv; AngularTesting_Distance_linklist_BS.csv,cypress/e2e/journeys/flows/table-refresh-uploaded.cy.ts,Grouped from 2 QA tracker row(s): Selection initiated outside Table reorders node rows; Table stays in sync while filtering changes outside Table. Source areas: Cross-View.,Generated as a grouped user story from QA tracker evidence. Review title and behavior language before enabling story_sync.,2026-04-22
table-view:dashboard-integration,[Table] Use Table inside Dashboard layouts,Table,Session Persistence,"As a MicrobeTrace user, I want to use the Table view within the app layout, so that I can navigate, resize, and restore the view without losing context.","Open, close, resize, switch, or restore the Table view through the covered layout paths and verify the view remains usable.","Table remains stable through layout, dashboard, navigation, and hidden-pane lifecycle changes.","Given the linked QA tracker scenarios, when the user performs the covered Table workflow, then the expected behavior remains true for each listed fixture and spec.; Given the listed Cypress specs are run, when they pass, then this story has automated evidence for the grouped acceptance checks.; Given linked QA evidence changes, when this story is regenerated, then tested fixtures, specs, and coverage notes stay aligned with the current QA trackers.",false,High,P1,Draft,table-view:T031,dashboard-layout-core.microbetrace; COVID-19_simulated_NodeList_snp.csv; COVID_Dummy_distance_edgelist_snp.csv,cypress/e2e/view-state/dashboard-layout-core.cy.ts; cypress/e2e/journeys/flows/dashboard-filtering-propagation-uploaded.cy.ts,Grouped from 1 QA tracker row(s): Dashboard Table pane restore and filtering synchronization. Source areas: Dashboard.,Generated as a grouped user story from QA tracker evidence. Review title and behavior language before enabling story_sync.,2026-04-22
table-view:export-output,[Table] Export Table outputs,Table,Export,"As a MicrobeTrace user, I want to export the Table view outputs in supported formats, so that I can save and share analysis results outside the app.","Configure the Table view as needed, use the supported export actions, and verify the exported files or restored state match the current view.","Table exports supported formats without stale downloads, missing content, or mismatched view state. Session or restore paths preserve the configured state where covered.","Given the linked QA tracker scenarios, when the user performs the covered Table workflow, then the expected behavior remains true for each listed fixture and spec.; Given the listed Cypress specs are run, when they pass, then this story has automated evidence for the grouped acceptance checks.; Given linked QA evidence changes, when this story is regenerated, then tested fixtures, specs, and coverage notes stay aligned with the current QA trackers.",false,High,P1,Draft,table-view:T013; table-view:T014; table-view:T027; table-view:T028,Cypress_MapColorNodes.csv; Cypress_MapColorLinks.csv,cypress/e2e/journeys/flows/table-export-uploaded.cy.ts,Grouped from 4 QA tracker row(s): Export Current-column CSV; Export All-column XLSX; Filtered export only includes filtered rows; Full export matrix across file types and column scopes. Source areas: Export.,Generated as a grouped user story from QA tracker evidence. Review title and behavior language before enabling story_sync.,2026-04-22
table-view:load-supported-data,"[Table] Open node, link, cluster, and derived tables from supported datasets",Table,Data Processing,"As a MicrobeTrace user, I want to launch the Table view from supported uploaded datasets, so that I can start analysis without manually preparing intermediate files.","Load the supported file combinations listed in QA evidence, open the Table view, and confirm the rendered state reflects the uploaded data.","Table accepts covered file types, derives or maps required data, and renders a stable view with expected counts, labels, tables, or visual marks for each supported load path.","Given the linked QA tracker scenarios, when the user performs the covered Table workflow, then the expected behavior remains true for each listed fixture and spec.; Given the listed Cypress specs are run, when they pass, then this story has automated evidence for the grouped acceptance checks.; Given linked QA evidence changes, when this story is regenerated, then tested fixtures, specs, and coverage notes stay aligned with the current QA trackers.",false,High,P0,Draft,table-view:T001; table-view:T002; table-view:T003; table-view:T004; table-view:T005; table-view:T006; table-view:T007; table-view:T015; table-view:T029,COVID_Dummy_distance_edgelist_snp.csv; AngularTesting_DistanceMatrix_TN93_BS.xlsx; SARSCoV2_Simulated_Sequences_snp.fas; TestStyleNodelist_snp.csv; TestStyleEdgelist_snp.csv; AngularTesting_nodelist_withseqs_TN93_BS.csv; AngularTesting_seqs_TN93_BS.nwk; LargeDataSet_Test_sequences_node.csv; Large_Dataset_forTesting_epiLinks.csv; none,cypress/e2e/journeys/flows/table-load-uploaded.cy.ts; cypress/e2e/journeys/flows/table-direct-launch-uploaded.cy.ts; cypress/e2e/journeys/flows/table-empty-state.cy.ts,Grouped from 9 QA tracker row(s): Distance edgelist launch then switch to Table; Distance matrix launch then switch to Table; FASTA launch then switch to Table; Node list + link list launch then switch to Table; Sequence node list launch then switch to Table; Newick launch then switch to Table; Large uploaded data switch to Table; Direct file launch to Table default view; plus 1 additional covered scenarios. Source areas: Load Table.,Generated as a grouped user story from QA tracker evidence. Review title and behavior language before enabling story_sync.,2026-04-22
aggregate-view:configure-controls,"[Aggregate] Add, sort, resize, and configure aggregate tables",Aggregate,Settings/Controls,"As a MicrobeTrace user, I want to configure the Aggregate view controls, so that I can adjust the analysis view and immediately see the correct result.",Use the covered controls for the Aggregate view and verify each setting updates the rendered view or session state without corrupting data membership.,"Aggregate control changes are reflected in the rendered view, maintain stable membership, and preserve documented control state where covered.","Given the linked QA tracker scenarios, when the user performs the covered Aggregate workflow, then the expected behavior remains true for each listed fixture and spec.; Given the listed Cypress specs are run, when they pass, then this story has automated evidence for the grouped acceptance checks.; Given linked QA evidence changes, when this story is regenerated, then tested fixtures, specs, and coverage notes stay aligned with the current QA trackers.",false,High,P1,Draft,aggregate-view:AG007; aggregate-view:AG008; aggregate-view:AG010; aggregate-view:AG011; aggregate-view:AG012; aggregate-view:AG013; aggregate-view:AG019,demo session sample dataset; TestStyleNodelist_snp.csv; TestStyleEdgelist_snp.csv; AngularTesting_Epi_linklist_BS.csv,cypress/e2e/view-state/aggregate-view.cy.ts; cypress/e2e/journeys/flows/aggregate-view-uploaded.cy.ts; cypress/e2e/journeys/flows/aggregate-controls-uploaded.cy.ts,Grouped from 7 QA tracker row(s): Sample-data field switch and add-table flow; Sample-data delete-table flow; Sparse categorical node-field normalization; Table reorder controls; Default Add Table uses Node-selected; Cluster dataset field group and rendering; Field option hygiene and internal-field exclusion. Source areas: Aggregate Settings.,Generated as a grouped user story from QA tracker evidence. Review title and behavior language before enabling story_sync.,2026-04-22
aggregate-view:export-output,[Aggregate] Export Aggregate outputs,Aggregate,Export,"As a MicrobeTrace user, I want to export the Aggregate view outputs in supported formats, so that I can save and share analysis results outside the app.","Configure the Aggregate view as needed, use the supported export actions, and verify the exported files or restored state match the current view.","Aggregate exports supported formats without stale downloads, missing content, or mismatched view state. Session or restore paths preserve the configured state where covered.","Given the linked QA tracker scenarios, when the user performs the covered Aggregate workflow, then the expected behavior remains true for each listed fixture and spec.; Given the listed Cypress specs are run, when they pass, then this story has automated evidence for the grouped acceptance checks.; Given linked QA evidence changes, when this story is regenerated, then tested fixtures, specs, and coverage notes stay aligned with the current QA trackers.",false,High,P1,Draft,aggregate-view:AG009; aggregate-view:AG018,TestStyleNodelist_snp.csv; TestStyleEdgelist_snp.csv; AngularTesting_Epi_linklist_BS.csv,cypress/e2e/journeys/flows/aggregate-view-uploaded.cy.ts; cypress/e2e/journeys/flows/aggregate-export-uploaded.cy.ts,Grouped from 2 QA tracker row(s): Export JSON XLSX CSV zip and PDF; Export with reordered tables and Cluster tables. Source areas: Aggregate Export.,Generated as a grouped user story from QA tracker evidence. Review title and behavior language before enabling story_sync.,2026-04-22
aggregate-view:filter-refresh-data,[Aggregate] Refresh Aggregate tables after filtering and reclustering,Aggregate,Settings/Controls,"As a MicrobeTrace user, I want to filter and refresh the Aggregate view without stale results, so that I can trust that visible data matches the active analysis controls.","Change the covered filtering, threshold, cluster, or refresh controls and verify the Aggregate view immediately reflects the current visible data.","Aggregate recomputes rendered nodes, links, rows, or summaries from the active filters and clears stale state when the visible data changes.","Given the linked QA tracker scenarios, when the user performs the covered Aggregate workflow, then the expected behavior remains true for each listed fixture and spec.; Given the listed Cypress specs are run, when they pass, then this story has automated evidence for the grouped acceptance checks.; Given linked QA evidence changes, when this story is regenerated, then tested fixtures, specs, and coverage notes stay aligned with the current QA trackers.",false,High,P1,Draft,aggregate-view:AG014; aggregate-view:AG015,AngularTesting_Epi_linklist_BS.csv; Cypress_FilterMetricNodes.csv; Cypress_FilterMetricLinks.csv,cypress/e2e/journeys/flows/aggregate-controls-uploaded.cy.ts,Grouped from 2 QA tracker row(s): Cluster-based tables refresh after reclustering; Node and link tables track non-cluster filtering changes. Source areas: Aggregate Reactivity.,Generated as a grouped user story from QA tracker evidence. Review title and behavior language before enabling story_sync.,2026-04-22
aggregate-view:load-supported-data,[Aggregate] Build aggregate summaries from supported datasets,Aggregate,Data Processing,"As a MicrobeTrace user, I want to launch the Aggregate view from supported uploaded datasets, so that I can start analysis without manually preparing intermediate files.","Load the supported file combinations listed in QA evidence, open the Aggregate view, and confirm the rendered state reflects the uploaded data.","Aggregate accepts covered file types, derives or maps required data, and renders a stable view with expected counts, labels, tables, or visual marks for each supported load path.","Given the linked QA tracker scenarios, when the user performs the covered Aggregate workflow, then the expected behavior remains true for each listed fixture and spec.; Given the listed Cypress specs are run, when they pass, then this story has automated evidence for the grouped acceptance checks.; Given linked QA evidence changes, when this story is regenerated, then tested fixtures, specs, and coverage notes stay aligned with the current QA trackers.",false,High,P0,Draft,aggregate-view:AG001; aggregate-view:AG002; aggregate-view:AG003; aggregate-view:AG004; aggregate-view:AG005; aggregate-view:AG006; aggregate-view:AG021,COVID_Dummy_distance_edgelist_snp.csv; AngularTesting_DistanceMatrix_TN93_BS.xlsx; SARSCoV2_Simulated_Sequences_snp.fas; TestStyleNodelist_snp.csv; TestStyleEdgelist_snp.csv; AngularTesting_nodelist_withseqs_TN93_BS.csv; AngularTesting_seqs_TN93_BS.nwk; LargeDataSet_Test_sequences_node.csv; Large_Dataset_forTesting_epiLinks.csv,cypress/e2e/journeys/flows/aggregate-view-uploaded.cy.ts; cypress/e2e/journeys/flows/aggregate-large-uploaded.cy.ts,Grouped from 7 QA tracker row(s): Distance edgelist aggregate launch; Distance matrix aggregate launch; FASTA aggregate launch; Node + link launch with uploaded node field aggregation; Sequence node list launch with subtype aggregation; Newick aggregate launch; Load Large dataset aggregate data. Source areas: Load Aggregate.,Generated as a grouped user story from QA tracker evidence. Review title and behavior language before enabling story_sync.,2026-04-22
aggregate-view:manage-tables,[Aggregate] Manage Aggregate tables and table order,Aggregate,Visualization Behavior,"As a MicrobeTrace user, I want to manage Aggregate tables and table order, so that I can complete the covered analysis workflow reliably.",Exercise the covered Aggregate scenarios and verify the view reaches the expected state.,Aggregate preserves the behavior covered by the linked QA tracker evidence.,"Given the linked QA tracker scenarios, when the user performs the covered Aggregate workflow, then the expected behavior remains true for each listed fixture and spec.; Given the listed Cypress specs are run, when they pass, then this story has automated evidence for the grouped acceptance checks.; Given linked QA evidence changes, when this story is regenerated, then tested fixtures, specs, and coverage notes stay aligned with the current QA trackers.",false,High,P2,Draft,aggregate-view:AG017,demo session sample dataset; TestStyleNodelist_snp.csv; TestStyleEdgelist_snp.csv,cypress/e2e/view-state/aggregate-view.cy.ts,Grouped from 1 QA tracker row(s): Header sorting behavior. Source areas: Aggregate Table.,Generated as a grouped user story from QA tracker evidence. Review title and behavior language before enabling story_sync.,2026-04-22
aggregate-view:manage-view-layout,[Aggregate] Manage Aggregate layout and navigation state,Aggregate,Visualization Behavior,"As a MicrobeTrace user, I want to use the Aggregate view within the app layout, so that I can navigate, resize, and restore the view without losing context.","Open, close, resize, switch, or restore the Aggregate view through the covered layout paths and verify the view remains usable.","Aggregate remains stable through layout, dashboard, navigation, and hidden-pane lifecycle changes.","Given the linked QA tracker scenarios, when the user performs the covered Aggregate workflow, then the expected behavior remains true for each listed fixture and spec.; Given the listed Cypress specs are run, when they pass, then this story has automated evidence for the grouped acceptance checks.; Given linked QA evidence changes, when this story is regenerated, then tested fixtures, specs, and coverage notes stay aligned with the current QA trackers.",false,High,P2,Draft,aggregate-view:AG020,demo session sample dataset,cypress/e2e/view-state/aggregate-view.cy.ts,Grouped from 1 QA tracker row(s): Hide/show and resize resilience. Source areas: Aggregate Layout.,Generated as a grouped user story from QA tracker evidence. Review title and behavior language before enabling story_sync.,2026-04-22
aggregate-view:timeline,[Aggregate] Explore time-based changes in Aggregate,Aggregate,Settings/Controls,"As a MicrobeTrace user, I want to inspect time-based changes in the Aggregate view, so that I can understand how the visible data changes over time.","Apply timeline controls to the covered datasets, play or scrub checkpoints, and verify the Aggregate view updates only the intended target state.","Aggregate keeps timeline membership, colors, and non-target view behavior consistent with the covered checkpoint expectations.","Given the linked QA tracker scenarios, when the user performs the covered Aggregate workflow, then the expected behavior remains true for each listed fixture and spec.; Given the listed Cypress specs are run, when they pass, then this story has automated evidence for the grouped acceptance checks.; Given linked QA evidence changes, when this story is regenerated, then tested fixtures, specs, and coverage notes stay aligned with the current QA trackers.",false,High,P1,Draft,aggregate-view:AG022,COVID-19_simulated_NodeList_snp.csv; COVID_Dummy_distance_edgelist_snp.csv,cypress/e2e/journeys/flows/timeline-non-target-view-isolation-uploaded.cy.ts,Grouped from 1 QA tracker row(s): Timeline isolation for Aggregate node and link datasets. Source areas: Timeline.,Generated as a grouped user story from QA tracker evidence. Review title and behavior language before enabling story_sync.,2026-04-22
crosstab-view:configure-controls,"[Crosstab] Configure axes, pivoting, proportions, and table size",Crosstab,Settings/Controls,"As a MicrobeTrace user, I want to configure the Crosstab view controls, so that I can adjust the analysis view and immediately see the correct result.",Use the covered controls for the Crosstab view and verify each setting updates the rendered view or session state without corrupting data membership.,"Crosstab control changes are reflected in the rendered view, maintain stable membership, and preserve documented control state where covered.","Given the linked QA tracker scenarios, when the user performs the covered Crosstab workflow, then the expected behavior remains true for each listed fixture and spec.; Given the listed Cypress specs are run, when they pass, then this story has automated evidence for the grouped acceptance checks.; Given linked QA evidence changes, when this story is regenerated, then tested fixtures, specs, and coverage notes stay aligned with the current QA trackers.",false,High,P1,Draft,crosstab-view:CT007; crosstab-view:CT008; crosstab-view:CT009; crosstab-view:CT010; crosstab-view:CT016; crosstab-view:CT017; crosstab-view:CT020,demo session sample dataset,cypress/e2e/view-state/crosstab-view.cy.ts,Grouped from 7 QA tracker row(s): X and Y axis selection; Pivot; Counts vs proportion; Table size; Default widget state on first open; None-axis title branches; Pivot while proportion is active. Source areas: Crosstab Settings.,Generated as a grouped user story from QA tracker evidence. Review title and behavior language before enabling story_sync.,2026-04-22
crosstab-view:export-and-restore,[Crosstab] Export and restore Crosstab outputs and state,Crosstab,Export,"As a MicrobeTrace user, I want to export the Crosstab view outputs in supported formats, so that I can save and share analysis results outside the app.","Configure the Crosstab view as needed, use the supported export actions, and verify the exported files or restored state match the current view.","Crosstab exports supported formats without stale downloads, missing content, or mismatched view state. Session or restore paths preserve the configured state where covered.","Given the linked QA tracker scenarios, when the user performs the covered Crosstab workflow, then the expected behavior remains true for each listed fixture and spec.; Given the listed Cypress specs are run, when they pass, then this story has automated evidence for the grouped acceptance checks.; Given linked QA evidence changes, when this story is regenerated, then tested fixtures, specs, and coverage notes stay aligned with the current QA trackers.",false,High,P1,Draft,crosstab-view:CT011; crosstab-view:CT012; crosstab-view:CT013; crosstab-view:CT014; crosstab-view:CT021; crosstab-view:CT022; crosstab-view:CT023; crosstab-view:CT024; crosstab-view:CT025; crosstab-view:CT027,demo session sample dataset; demo session sample dataset + synthetic cypress_null_category field,cypress/e2e/view-state/crosstab-export.cy.ts; cypress/e2e/view-state/crosstab-view.cy.ts,Grouped from 10 QA tracker row(s): Export CSV; Export JSON; Export XLSX; PDF export dialog behavior; JSON export null handling and current-column shape; CSV export content fidelity; XLSX export content fidelity; Style or session restore of Crosstab widget state; plus 2 additional covered scenarios. Source areas: Export And Persistence.,Generated as a grouped user story from QA tracker evidence. Review title and behavior language before enabling story_sync.,2026-04-22
crosstab-view:filter-refresh-data,[Crosstab] Keep Crosstab synchronized with filtering changes,Crosstab,Settings/Controls,"As a MicrobeTrace user, I want to filter and refresh the Crosstab view without stale results, so that I can trust that visible data matches the active analysis controls.","Change the covered filtering, threshold, cluster, or refresh controls and verify the Crosstab view immediately reflects the current visible data.","Crosstab recomputes rendered nodes, links, rows, or summaries from the active filters and clears stale state when the visible data changes.","Given the linked QA tracker scenarios, when the user performs the covered Crosstab workflow, then the expected behavior remains true for each listed fixture and spec.; Given the listed Cypress specs are run, when they pass, then this story has automated evidence for the grouped acceptance checks.; Given linked QA evidence changes, when this story is regenerated, then tested fixtures, specs, and coverage notes stay aligned with the current QA trackers.",false,High,P1,Draft,crosstab-view:CT018; crosstab-view:CT019,TestStyleNodelist_snp.csv; TestStyleEdgelist_snp.csv; COVID_Dummy_distance_edgelist_snp.csv; demo session sample dataset,cypress/e2e/journeys/flows/crosstab-refresh-uploaded.cy.ts,Grouped from 2 QA tracker row(s): Filtering refresh while Crosstab is active; Cluster-update reactivity when grouped by cluster. Source areas: Crosstab Refresh.,Generated as a grouped user story from QA tracker evidence. Review title and behavior language before enabling story_sync.,2026-04-22
crosstab-view:handle-empty-data,[Crosstab] Handle empty or incomplete Crosstab data,Crosstab,Data Processing,"As a MicrobeTrace user, I want to handle empty or incomplete data in the Crosstab view, so that I can recover from missing data without a broken view.","Open the Crosstab view with empty, filtered, or incomplete data and verify the app shows a coherent empty or recovery state.","Crosstab presents clear empty-state behavior and avoids stale rendered data when no valid rows, nodes, links, or fields are available.","Given the linked QA tracker scenarios, when the user performs the covered Crosstab workflow, then the expected behavior remains true for each listed fixture and spec.; Given the listed Cypress specs are run, when they pass, then this story has automated evidence for the grouped acceptance checks.; Given linked QA evidence changes, when this story is regenerated, then tested fixtures, specs, and coverage notes stay aligned with the current QA trackers.",false,High,P2,Draft,crosstab-view:CT026,demo session sample dataset,cypress/e2e/view-state/crosstab-view.cy.ts,Grouped from 1 QA tracker row(s): No visible nodes after filtering. Source areas: Crosstab Empty State.,Generated as a grouped user story from QA tracker evidence. Review title and behavior language before enabling story_sync.,2026-04-22
crosstab-view:load-supported-data,[Crosstab] Build crosstab tables from supported datasets,Crosstab,Data Processing,"As a MicrobeTrace user, I want to launch the Crosstab view from supported uploaded datasets, so that I can start analysis without manually preparing intermediate files.","Load the supported file combinations listed in QA evidence, open the Crosstab view, and confirm the rendered state reflects the uploaded data.","Crosstab accepts covered file types, derives or maps required data, and renders a stable view with expected counts, labels, tables, or visual marks for each supported load path.","Given the linked QA tracker scenarios, when the user performs the covered Crosstab workflow, then the expected behavior remains true for each listed fixture and spec.; Given the listed Cypress specs are run, when they pass, then this story has automated evidence for the grouped acceptance checks.; Given linked QA evidence changes, when this story is regenerated, then tested fixtures, specs, and coverage notes stay aligned with the current QA trackers.",false,High,P0,Draft,crosstab-view:CT001; crosstab-view:CT002; crosstab-view:CT003; crosstab-view:CT004; crosstab-view:CT005; crosstab-view:CT006; crosstab-view:CT015,COVID_Dummy_distance_edgelist_snp.csv; AngularTesting_DistanceMatrix_TN93_BS.xlsx; SARSCoV2_Simulated_Sequences_snp.fas; TestStyleNodelist_snp.csv; TestStyleEdgelist_snp.csv; AngularTesting_nodelist_withseqs_TN93_BS.csv; AngularTesting_seqs_TN93_BS.nwk,cypress/e2e/journeys/flows/crosstab-file-types.cy.ts; cypress/e2e/journeys/flows/upload-launch-crosstab.cy.ts,Grouped from 7 QA tracker row(s): Load Distance edgelist data; Load Distance matrix data; Load FASTA data; Load Node list + link list data; Load Sequence node list data; Load Newick data; Direct file launch to Crosstab default view. Source areas: Load Crosstab.,Generated as a grouped user story from QA tracker evidence. Review title and behavior language before enabling story_sync.,2026-04-22
crosstab-view:timeline,[Crosstab] Explore time-based changes in Crosstab,Crosstab,Settings/Controls,"As a MicrobeTrace user, I want to inspect time-based changes in the Crosstab view, so that I can understand how the visible data changes over time.","Apply timeline controls to the covered datasets, play or scrub checkpoints, and verify the Crosstab view updates only the intended target state.","Crosstab keeps timeline membership, colors, and non-target view behavior consistent with the covered checkpoint expectations.","Given the linked QA tracker scenarios, when the user performs the covered Crosstab workflow, then the expected behavior remains true for each listed fixture and spec.; Given the listed Cypress specs are run, when they pass, then this story has automated evidence for the grouped acceptance checks.; Given linked QA evidence changes, when this story is regenerated, then tested fixtures, specs, and coverage notes stay aligned with the current QA trackers.",false,High,P1,Draft,crosstab-view:CT028,COVID-19_simulated_NodeList_snp.csv; COVID_Dummy_distance_edgelist_snp.csv,cypress/e2e/journeys/flows/timeline-non-target-view-isolation-uploaded.cy.ts,Grouped from 1 QA tracker row(s): Timeline isolation for Crosstab dataset. Source areas: Timeline.,Generated as a grouped user story from QA tracker evidence. Review title and behavior language before enabling story_sync.,2026-04-22
alignment-view:alignment-integration,[Alignment] Use sequence-backed datasets in the alignment view,Alignment View,Visualization Behavior,"As a MicrobeTrace user, I want to map and render data fields in the sequence alignment view, so that I can inspect the right labels, ranges, and derived values for my dataset.","Configure the covered data-field, label, sizing, or rendering options and verify the sequence alignment view displays the expected data.","Alignment maps covered data fields into the rendered view accurately and keeps labels, dimensions, and derived values synchronized with the selected options.","Given the linked QA tracker scenarios, when the user performs the covered Alignment workflow, then the expected behavior remains true for each listed fixture and spec.; Given the listed Cypress specs are run, when they pass, then this story has automated evidence for the grouped acceptance checks.; Given linked QA evidence changes, when this story is regenerated, then tested fixtures, specs, and coverage notes stay aligned with the current QA trackers.",false,High,P3,Draft,alignment-view:A034,COVID-19_simulated_NodeList_snp.csv; COVID_Dummy_distance_edgelist_snp.csv,cypress/e2e/journeys/flows/alignment-interactions-uploaded.cy.ts,Grouped from 1 QA tracker row(s): Selected-row highlight sync. Source areas: Alignment Integration.,Generated as a grouped user story from QA tracker evidence. Review title and behavior language before enabling story_sync.,2026-04-22
alignment-view:alignment-labels-and-order,[Alignment] Configure sequence labels and ordering,Alignment View,Settings/Controls,"As a MicrobeTrace user, I want to map and render data fields in the sequence alignment view, so that I can inspect the right labels, ranges, and derived values for my dataset.","Configure the covered data-field, label, sizing, or rendering options and verify the sequence alignment view displays the expected data.","Alignment maps covered data fields into the rendered view accurately and keeps labels, dimensions, and derived values synchronized with the selected options.","Given the linked QA tracker scenarios, when the user performs the covered Alignment workflow, then the expected behavior remains true for each listed fixture and spec.; Given the listed Cypress specs are run, when they pass, then this story has automated evidence for the grouped acceptance checks.; Given linked QA evidence changes, when this story is regenerated, then tested fixtures, specs, and coverage notes stay aligned with the current QA trackers.",false,High,P2,Draft,alignment-view:A023; alignment-view:A024,AngularTesting_nodelist_withseqs_TN93_BS.csv,cypress/e2e/journeys/flows/alignment-settings-advanced-uploaded.cy.ts,Grouped from 2 QA tracker row(s): Label-field change; Sort-by change. Source areas: Alignment Labels and Order.,Generated as a grouped user story from QA tracker evidence. Review title and behavior language before enabling story_sync.,2026-04-22
alignment-view:alignment-sizing,[Alignment] Size and window the alignment canvas,Alignment View,Settings/Controls,"As a MicrobeTrace user, I want to map and render data fields in the sequence alignment view, so that I can inspect the right labels, ranges, and derived values for my dataset.","Configure the covered data-field, label, sizing, or rendering options and verify the sequence alignment view displays the expected data.","Alignment maps covered data fields into the rendered view accurately and keeps labels, dimensions, and derived values synchronized with the selected options.","Given the linked QA tracker scenarios, when the user performs the covered Alignment workflow, then the expected behavior remains true for each listed fixture and spec.; Given the listed Cypress specs are run, when they pass, then this story has automated evidence for the grouped acceptance checks.; Given linked QA evidence changes, when this story is regenerated, then tested fixtures, specs, and coverage notes stay aligned with the current QA trackers.",false,High,P2,Draft,alignment-view:A025; alignment-view:A026,AngularTesting_nodelist_withseqs_TN93_BS.csv,cypress/e2e/journeys/flows/alignment-appearance-uploaded.cy.ts,Grouped from 2 QA tracker row(s): Size presets small medium large; Custom height and width. Source areas: Alignment Sizing.,Generated as a grouped user story from QA tracker evidence. Review title and behavior language before enabling story_sync.,2026-04-22
alignment-view:configure-controls,[Alignment] Configure sequence display controls,Alignment View,Settings/Controls,"As a MicrobeTrace user, I want to configure the sequence alignment view controls, so that I can adjust the analysis view and immediately see the correct result.",Use the covered controls for the sequence alignment view and verify each setting updates the rendered view or session state without corrupting data membership.,"Alignment control changes are reflected in the rendered view, maintain stable membership, and preserve documented control state where covered.","Given the linked QA tracker scenarios, when the user performs the covered Alignment workflow, then the expected behavior remains true for each listed fixture and spec.; Given the listed Cypress specs are run, when they pass, then this story has automated evidence for the grouped acceptance checks.; Given linked QA evidence changes, when this story is regenerated, then tested fixtures, specs, and coverage notes stay aligned with the current QA trackers.",false,High,P1,Draft,alignment-view:A005; alignment-view:A006,COVID-19_simulated_NodeList_snp.csv; COVID_Dummy_distance_edgelist_snp.csv,cypress/e2e/journeys/flows/alignment-controls-uploaded.cy.ts,Grouped from 2 QA tracker row(s): Toggle Mini-map visibility; Top display Bar Plot -> Logo. Source areas: Alignment Settings.,Generated as a grouped user story from QA tracker evidence. Review title and behavior language before enabling story_sync.,2026-04-22
alignment-view:export-output,[Alignment] Export aligned sequences and rendered images,Alignment View,Export,"As a MicrobeTrace user, I want to export the sequence alignment view outputs in supported formats, so that I can save and share analysis results outside the app.","Configure the sequence alignment view as needed, use the supported export actions, and verify the exported files or restored state match the current view.","Alignment exports supported formats without stale downloads, missing content, or mismatched view state. Session or restore paths preserve the configured state where covered.","Given the linked QA tracker scenarios, when the user performs the covered Alignment workflow, then the expected behavior remains true for each listed fixture and spec.; Given the listed Cypress specs are run, when they pass, then this story has automated evidence for the grouped acceptance checks.; Given linked QA evidence changes, when this story is regenerated, then tested fixtures, specs, and coverage notes stay aligned with the current QA trackers.",false,High,P1,Draft,alignment-view:A007; alignment-view:A008; alignment-view:A009; alignment-view:A012; alignment-view:A030; alignment-view:A031; alignment-view:A032; alignment-view:A033; alignment-view:A037; alignment-view:A038,AngularTesting_nodelist_withseqs_TN93_BS.csv,cypress/e2e/journeys/flows/alignment-export-uploaded.cy.ts,Grouped from 10 QA tracker row(s): Alignment image export to SVG; Alignment data export to FASTA; Alignment data-table export to CSV; Amino-acid mode export content; Alignment image export to PNG; Alignment data export to MEGA; Consensus option on FASTA and MEGA exports; Export Consensus option on DataTable CSV; plus 2 additional covered scenarios. Source areas: Export.,Generated as a grouped user story from QA tracker evidence. Review title and behavior language before enabling story_sync.,2026-04-22
alignment-view:interact-with-view,[Alignment] Navigate and inspect sequence positions,Alignment View,Visualization Behavior,"As a MicrobeTrace user, I want to interact with the sequence alignment view data directly, so that I can inspect, select, and drill into the data shown in the view.","Select, hover, pan, zoom, expand, or otherwise interact with the rendered data in the sequence alignment view and verify the app updates the expected detail state.","Alignment interactions expose correct tooltips, selections, drilldowns, and synchronized state without leaking stale selections or rows.","Given the linked QA tracker scenarios, when the user performs the covered Alignment workflow, then the expected behavior remains true for each listed fixture and spec.; Given the listed Cypress specs are run, when they pass, then this story has automated evidence for the grouped acceptance checks.; Given linked QA evidence changes, when this story is regenerated, then tested fixtures, specs, and coverage notes stay aligned with the current QA trackers.",false,High,P1,Draft,alignment-view:A011; alignment-view:A020; alignment-view:A021; alignment-view:A022; alignment-view:A036,COVID-19_simulated_NodeList_snp.csv; COVID_Dummy_distance_edgelist_snp.csv; AngularTesting_nodelist_withseqs_TN93_BS.csv,cypress/e2e/journeys/flows/alignment-interactions-uploaded.cy.ts,Grouped from 5 QA tracker row(s): Global search row highlight and autoscroll; Mini-map navigation click and highlight; Position tooltip on top hover; Canvas and label scroll sync; Amino-acid tooltip content. Source areas: Alignment Interaction.,Generated as a grouped user story from QA tracker evidence. Review title and behavior language before enabling story_sync.,2026-04-22
alignment-view:load-supported-data,[Alignment] Launch from supported sequence datasets,Alignment View,Data Processing,"As a MicrobeTrace user, I want to launch the sequence alignment view from supported uploaded datasets, so that I can start analysis without manually preparing intermediate files.","Load the supported file combinations listed in QA evidence, open the sequence alignment view, and confirm the rendered state reflects the uploaded data.","Alignment accepts covered file types, derives or maps required data, and renders a stable view with expected counts, labels, tables, or visual marks for each supported load path.","Given the linked QA tracker scenarios, when the user performs the covered Alignment workflow, then the expected behavior remains true for each listed fixture and spec.; Given the listed Cypress specs are run, when they pass, then this story has automated evidence for the grouped acceptance checks.; Given linked QA evidence changes, when this story is regenerated, then tested fixtures, specs, and coverage notes stay aligned with the current QA trackers.",false,High,P0,Draft,alignment-view:A001; alignment-view:A002; alignment-view:A003; alignment-view:A010; alignment-view:A013,AngularTesting_seqs_TN93_BS.fasta; AngularTesting_nodelist_withseqs_TN93_BS.csv; COVID-19_simulated_NodeList_snp.csv; COVID_Dummy_distance_edgelist_snp.csv; AngularTesting_DistanceMatrix_TN93_BS.xlsx; AngularTesting_seqs_TN93_BS.nwk,cypress/e2e/journeys/flows/upload-launch-alignment.cy.ts; cypress/e2e/journeys/flows/alignment-direct-launch-uploaded.cy.ts; cypress/e2e/journeys/flows/alignment-unsupported-inputs.cy.ts,Grouped from 5 QA tracker row(s): FASTA launch then switch to Alignment; Sequence node list launch then switch to Alignment; Node + link launch with excluded missing-sequence nodes; Direct file launch to Alignment default view; Graceful handling for non-sequence file types. Source areas: Load Alignment.,Generated as a grouped user story from QA tracker evidence. Review title and behavior language before enabling story_sync.,2026-04-22
alignment-view:manage-view-layout,"[Alignment] Show, scroll, and size the alignment canvas",Alignment View,Visualization Behavior,"As a MicrobeTrace user, I want to use the sequence alignment view within the app layout, so that I can navigate, resize, and restore the view without losing context.","Open, close, resize, switch, or restore the sequence alignment view through the covered layout paths and verify the view remains usable.","Alignment remains stable through layout, dashboard, navigation, and hidden-pane lifecycle changes.","Given the linked QA tracker scenarios, when the user performs the covered Alignment workflow, then the expected behavior remains true for each listed fixture and spec.; Given the listed Cypress specs are run, when they pass, then this story has automated evidence for the grouped acceptance checks.; Given linked QA evidence changes, when this story is regenerated, then tested fixtures, specs, and coverage notes stay aligned with the current QA trackers.",false,High,P2,Draft,alignment-view:A018; alignment-view:A019; alignment-view:A035,COVID-19_simulated_NodeList_snp.csv; COVID_Dummy_distance_edgelist_snp.csv; AngularTesting_nodelist_withseqs_TN93_BS.csv,cypress/e2e/journeys/flows/alignment-settings-advanced-uploaded.cy.ts; cypress/e2e/journeys/flows/alignment-controls-uploaded.cy.ts,Grouped from 3 QA tracker row(s): Ruler minor interval control; Show Characters modes; Amino-acid top display logo branch. Source areas: Alignment Layout.,Generated as a grouped user story from QA tracker evidence. Review title and behavior language before enabling story_sync.,2026-04-22
alignment-view:map-render-data,"[Alignment] Map sequence labels, sort order, and display modes",Alignment View,Data Processing,"As a MicrobeTrace user, I want to map and render data fields in the sequence alignment view, so that I can inspect the right labels, ranges, and derived values for my dataset.","Configure the covered data-field, label, sizing, or rendering options and verify the sequence alignment view displays the expected data.","Alignment maps covered data fields into the rendered view accurately and keeps labels, dimensions, and derived values synchronized with the selected options.","Given the linked QA tracker scenarios, when the user performs the covered Alignment workflow, then the expected behavior remains true for each listed fixture and spec.; Given the listed Cypress specs are run, when they pass, then this story has automated evidence for the grouped acceptance checks.; Given linked QA evidence changes, when this story is regenerated, then tested fixtures, specs, and coverage notes stay aligned with the current QA trackers.",false,High,P1,Draft,alignment-view:A004; alignment-view:A014; alignment-view:A015; alignment-view:A016; alignment-view:A017,COVID-19_simulated_NodeList_snp.csv; COVID_Dummy_distance_edgelist_snp.csv; AngularTesting_nodelist_withseqs_TN93_BS.csv,cypress/e2e/journeys/flows/upload-launch-alignment.cy.ts; cypress/e2e/journeys/flows/alignment-data-uploaded.cy.ts,Grouped from 5 QA tracker row(s): Excluded nodes dialog; Start and end position windowing; Sequence type switch to Codons; Sequence type switch to Amino Acids; Amino-acid translation settings. Source areas: Alignment Data.,Generated as a grouped user story from QA tracker evidence. Review title and behavior language before enabling story_sync.,2026-04-22
alignment-view:style-rendering,[Alignment] Style nucleotide and amino-acid colors,Alignment View,Settings/Controls,"As a MicrobeTrace user, I want to style the sequence alignment view from uploaded data and controls, so that I can visually distinguish data categories and preserve presentation choices.","Apply style files, color mappings, or styling controls to covered datasets and verify the sequence alignment view reflects the selected visual encoding.","Alignment applies covered colors, labels, sizes, shapes, and style-table edits consistently through filtering, grouping, timeline, and restore paths where applicable.","Given the linked QA tracker scenarios, when the user performs the covered Alignment workflow, then the expected behavior remains true for each listed fixture and spec.; Given the listed Cypress specs are run, when they pass, then this story has automated evidence for the grouped acceptance checks.; Given linked QA evidence changes, when this story is regenerated, then tested fixtures, specs, and coverage notes stay aligned with the current QA trackers.",false,High,P2,Draft,alignment-view:A027; alignment-view:A028; alignment-view:A029,AngularTesting_nodelist_withseqs_TN93_BS.csv,cypress/e2e/journeys/flows/alignment-appearance-uploaded.cy.ts,Grouped from 3 QA tracker row(s): Alternative nucleotide color scheme; Custom nucleotide color scheme; Amino-acid color palette behavior. Source areas: Alignment Colors.,Generated as a grouped user story from QA tracker evidence. Review title and behavior language before enabling story_sync.,2026-04-22
phylogenetic-view:configure-controls,"[Phylogenetic Tree] Configure tree layout, labels, and branch controls",Phylogenetic Tree,Settings/Controls,"As a MicrobeTrace user, I want to configure the phylogenetic tree view controls, so that I can adjust the analysis view and immediately see the correct result.",Use the covered controls for the phylogenetic tree view and verify each setting updates the rendered view or session state without corrupting data membership.,"Phylogenetic Tree control changes are reflected in the rendered view, maintain stable membership, and preserve documented control state where covered.","Given the linked QA tracker scenarios, when the user performs the covered Phylogenetic Tree workflow, then the expected behavior remains true for each listed fixture and spec.; Given the listed Cypress specs are run, when they pass, then this story has automated evidence for the grouped acceptance checks.; Given linked QA evidence changes, when this story is regenerated, then tested fixtures, specs, and coverage notes stay aligned with the current QA trackers.",false,High,P1,Draft,phylogenetic-view:P009; phylogenetic-view:P021,SARSCoV2_Simulated_Sequences_NJ_tree_snp.nwk,cypress/e2e/journeys/flows/phylogenetic-view-export.cy.ts; cypress/e2e/journeys/flows/phylogenetic-controls-uploaded.cy.ts,Grouped from 2 QA tracker row(s): Layout mode type and leaf-label visibility on uploaded data; Horizontal and vertical stretch controls. Source areas: Tree Settings.,Generated as a grouped user story from QA tracker evidence. Review title and behavior language before enabling story_sync.,2026-04-22
phylogenetic-view:export-and-restore,[Phylogenetic Tree] Export and restore Phylogenetic Tree outputs and state,Phylogenetic Tree,Export,"As a MicrobeTrace user, I want to export the phylogenetic tree view outputs in supported formats, so that I can save and share analysis results outside the app.","Configure the phylogenetic tree view as needed, use the supported export actions, and verify the exported files or restored state match the current view.","Phylogenetic Tree exports supported formats without stale downloads, missing content, or mismatched view state. Session or restore paths preserve the configured state where covered.","Given the linked QA tracker scenarios, when the user performs the covered Phylogenetic Tree workflow, then the expected behavior remains true for each listed fixture and spec.; Given the listed Cypress specs are run, when they pass, then this story has automated evidence for the grouped acceptance checks.; Given linked QA evidence changes, when this story is regenerated, then tested fixtures, specs, and coverage notes stay aligned with the current QA trackers.",false,High,P2,Draft,phylogenetic-view:P027,SARSCoV2_Simulated_Sequences_NJ_tree_snp.nwk,cypress/e2e/journeys/flows/phylogenetic-controls-uploaded.cy.ts,Grouped from 1 QA tracker row(s): Tree tab reopen persistence. Source areas: Export And Persistence.,Generated as a grouped user story from QA tracker evidence. Review title and behavior language before enabling story_sync.,2026-04-22
phylogenetic-view:export-output,[Phylogenetic Tree] Export tree images and Newick text,Phylogenetic Tree,Export,"As a MicrobeTrace user, I want to export the phylogenetic tree view outputs in supported formats, so that I can save and share analysis results outside the app.","Configure the phylogenetic tree view as needed, use the supported export actions, and verify the exported files or restored state match the current view.","Phylogenetic Tree exports supported formats without stale downloads, missing content, or mismatched view state. Session or restore paths preserve the configured state where covered.","Given the linked QA tracker scenarios, when the user performs the covered Phylogenetic Tree workflow, then the expected behavior remains true for each listed fixture and spec.; Given the listed Cypress specs are run, when they pass, then this story has automated evidence for the grouped acceptance checks.; Given linked QA evidence changes, when this story is regenerated, then tested fixtures, specs, and coverage notes stay aligned with the current QA trackers.",false,High,P1,Draft,phylogenetic-view:P006; phylogenetic-view:P007; phylogenetic-view:P008; phylogenetic-view:P026; phylogenetic-view:P029,SARSCoV2_Simulated_Sequences_NJ_tree_snp.nwk; AngularTesting_DistanceMatrix_TN93_BS.xlsx; SARSCoV2_Simulated_Sequences_snp.fas; AngularTesting_nodelist_withseqs_TN93_BS.csv,cypress/e2e/journeys/flows/phylogenetic-view-export.cy.ts; cypress/e2e/journeys/flows/phylogenetic-computed-export.cy.ts,Grouped from 5 QA tracker row(s): Export PNG; Export SVG; Export Newick text; Computed-tree export on non-Newick source; Export JPEG. Source areas: Export.,Generated as a grouped user story from QA tracker evidence. Review title and behavior language before enabling story_sync.,2026-04-22
phylogenetic-view:interact-with-view,[Phylogenetic Tree] Select leaves and mutate tree structure,Phylogenetic Tree,Visualization Behavior,"As a MicrobeTrace user, I want to interact with the phylogenetic tree view data directly, so that I can inspect, select, and drill into the data shown in the view.","Select, hover, pan, zoom, expand, or otherwise interact with the rendered data in the phylogenetic tree view and verify the app updates the expected detail state.","Phylogenetic Tree interactions expose correct tooltips, selections, drilldowns, and synchronized state without leaking stale selections or rows.","Given the linked QA tracker scenarios, when the user performs the covered Phylogenetic Tree workflow, then the expected behavior remains true for each listed fixture and spec.; Given the listed Cypress specs are run, when they pass, then this story has automated evidence for the grouped acceptance checks.; Given linked QA evidence changes, when this story is regenerated, then tested fixtures, specs, and coverage notes stay aligned with the current QA trackers.",false,High,P1,Draft,phylogenetic-view:P017; phylogenetic-view:P018; phylogenetic-view:P024; phylogenetic-view:P025,COVID-19_simulated_NodeList_snp.csv; COVID_Dummy_distance_edgelist_snp.csv; SARSCoV2_Simulated_Sequences_NJ_tree_snp.nwk,cypress/e2e/journeys/flows/phylogenetic-metadata-uploaded.cy.ts; cypress/e2e/journeys/flows/phylogenetic-context-menu-uploaded.cy.ts; cypress/e2e/journeys/flows/phylogenetic-controls-uploaded.cy.ts,Grouped from 4 QA tracker row(s): Leaf-node selection; Context-menu tree mutations and restore; External session-to-tree selection and unselect sync; Toggle Ctrl-click multi-select. Source areas: Tree Interaction.,Generated as a grouped user story from QA tracker evidence. Review title and behavior language before enabling story_sync.,2026-04-22
phylogenetic-view:load-supported-data,[Phylogenetic Tree] Build trees from supported sequence and tree datasets,Phylogenetic Tree,Data Processing,"As a MicrobeTrace user, I want to launch the phylogenetic tree view from supported uploaded datasets, so that I can start analysis without manually preparing intermediate files.","Load the supported file combinations listed in QA evidence, open the phylogenetic tree view, and confirm the rendered state reflects the uploaded data.","Phylogenetic Tree accepts covered file types, derives or maps required data, and renders a stable view with expected counts, labels, tables, or visual marks for each supported load path.","Given the linked QA tracker scenarios, when the user performs the covered Phylogenetic Tree workflow, then the expected behavior remains true for each listed fixture and spec.; Given the listed Cypress specs are run, when they pass, then this story has automated evidence for the grouped acceptance checks.; Given linked QA evidence changes, when this story is regenerated, then tested fixtures, specs, and coverage notes stay aligned with the current QA trackers.",false,High,P0,Draft,phylogenetic-view:P001; phylogenetic-view:P002; phylogenetic-view:P003; phylogenetic-view:P004; phylogenetic-view:P005; phylogenetic-view:P019,COVID_Dummy_distance_edgelist_snp.csv; AngularTesting_DistanceMatrix_TN93_BS.xlsx; SARSCoV2_Simulated_Sequences_snp.fas; AngularTesting_nodelist_withseqs_TN93_BS.csv; AngularTesting_seqs_TN93_BS.nwk; SARSCoV2_Simulated_Sequences_NJ_tree_snp.nwk,cypress/e2e/journeys/flows/upload-launch-phylo.cy.ts; cypress/e2e/journeys/flows/phylogenetic-view-export.cy.ts; cypress/e2e/journeys/flows/upload-launch-phylo-direct.cy.ts,Grouped from 6 QA tracker row(s): Distance edgelist launch then switch to tree; Distance matrix launch then switch to tree; FASTA launch then switch to tree; Sequence node list launch then switch to tree; Newick launch or switch to tree; Direct file launch to tree default view on computed sources. Source areas: Load Tree.,Generated as a grouped user story from QA tracker evidence. Review title and behavior language before enabling story_sync.,2026-04-22
phylogenetic-view:manage-view-layout,[Phylogenetic Tree] Manage Phylogenetic Tree layout and navigation state,Phylogenetic Tree,Visualization Behavior,"As a MicrobeTrace user, I want to use the phylogenetic tree view within the app layout, so that I can navigate, resize, and restore the view without losing context.","Open, close, resize, switch, or restore the phylogenetic tree view through the covered layout paths and verify the view remains usable.","Phylogenetic Tree remains stable through layout, dashboard, navigation, and hidden-pane lifecycle changes.","Given the linked QA tracker scenarios, when the user performs the covered Phylogenetic Tree workflow, then the expected behavior remains true for each listed fixture and spec.; Given the listed Cypress specs are run, when they pass, then this story has automated evidence for the grouped acceptance checks.; Given linked QA evidence changes, when this story is regenerated, then tested fixtures, specs, and coverage notes stay aligned with the current QA trackers.",false,High,P2,Draft,phylogenetic-view:P023,SARSCoV2_Simulated_Sequences_NJ_tree_snp.nwk,cypress/e2e/journeys/flows/phylogenetic-controls-uploaded.cy.ts,Grouped from 1 QA tracker row(s): Center Screen refit after viewport interaction. Source areas: Navigation.,Generated as a grouped user story from QA tracker evidence. Review title and behavior language before enabling story_sync.,2026-04-22
phylogenetic-view:map-render-data,"[Phylogenetic Tree] Render leaf, branch, and metadata fields",Phylogenetic Tree,Data Processing,"As a MicrobeTrace user, I want to map and render data fields in the phylogenetic tree view, so that I can inspect the right labels, ranges, and derived values for my dataset.","Configure the covered data-field, label, sizing, or rendering options and verify the phylogenetic tree view displays the expected data.","Phylogenetic Tree maps covered data fields into the rendered view accurately and keeps labels, dimensions, and derived values synchronized with the selected options.","Given the linked QA tracker scenarios, when the user performs the covered Phylogenetic Tree workflow, then the expected behavior remains true for each listed fixture and spec.; Given the listed Cypress specs are run, when they pass, then this story has automated evidence for the grouped acceptance checks.; Given linked QA evidence changes, when this story is regenerated, then tested fixtures, specs, and coverage notes stay aligned with the current QA trackers.",false,High,P2,Draft,phylogenetic-view:P013; phylogenetic-view:P014; phylogenetic-view:P015; phylogenetic-view:P016; phylogenetic-view:P022,COVID-19_simulated_NodeList_snp.csv; COVID_Dummy_distance_edgelist_snp.csv; SARSCoV2_Simulated_Sequences_NJ_tree_snp.nwk,cypress/e2e/journeys/flows/phylogenetic-metadata-uploaded.cy.ts; cypress/e2e/journeys/flows/phylogenetic-controls-uploaded.cy.ts,"Grouped from 5 QA tracker row(s): Leaf label field and size; Leaf tooltip visibility and field; Leaf node visibility and sizing; Branch distance labels branch nodes and branch size controls; Newick branch-node labels visibility and size. Source areas: Leaves, Branches.",Generated as a grouped user story from QA tracker evidence. Review title and behavior language before enabling story_sync.,2026-04-22
phylogenetic-view:save-restore-state,[Phylogenetic Tree] Save and restore Phylogenetic Tree state,Phylogenetic Tree,Session Persistence,"As a MicrobeTrace user, I want to save and restore the phylogenetic tree view state, so that I can resume analysis without rebuilding the view manually.","Configure the phylogenetic tree view, save or reload the session state, and confirm the restored app returns to the expected view configuration.","Phylogenetic Tree preserves covered settings, selected data, and rendered state across session save and reload workflows.","Given the linked QA tracker scenarios, when the user performs the covered Phylogenetic Tree workflow, then the expected behavior remains true for each listed fixture and spec.; Given the listed Cypress specs are run, when they pass, then this story has automated evidence for the grouped acceptance checks.; Given linked QA evidence changes, when this story is regenerated, then tested fixtures, specs, and coverage notes stay aligned with the current QA trackers.",false,High,P2,Draft,phylogenetic-view:P028,SARSCoV2_Simulated_Sequences_NJ_tree_snp.nwk,cypress/e2e/journeys/flows/phylogenetic-session-roundtrip.cy.ts,Grouped from 1 QA tracker row(s): Session save and reload round-trip for tree state. Source areas: Session.,Generated as a grouped user story from QA tracker evidence. Review title and behavior language before enabling story_sync.,2026-04-22
phylogenetic-view:style-rendering,[Phylogenetic Tree] Style Phylogenetic Tree rendering,Phylogenetic Tree,Settings/Controls,"As a MicrobeTrace user, I want to style the phylogenetic tree view from uploaded data and controls, so that I can visually distinguish data categories and preserve presentation choices.","Apply style files, color mappings, or styling controls to covered datasets and verify the phylogenetic tree view reflects the selected visual encoding.","Phylogenetic Tree applies covered colors, labels, sizes, shapes, and style-table edits consistently through filtering, grouping, timeline, and restore paths where applicable.","Given the linked QA tracker scenarios, when the user performs the covered Phylogenetic Tree workflow, then the expected behavior remains true for each listed fixture and spec.; Given the listed Cypress specs are run, when they pass, then this story has automated evidence for the grouped acceptance checks.; Given linked QA evidence changes, when this story is regenerated, then tested fixtures, specs, and coverage notes stay aligned with the current QA trackers.",false,High,P2,Draft,phylogenetic-view:P010; phylogenetic-view:P011; phylogenetic-view:P012; phylogenetic-view:P020; phylogenetic-view:P030; phylogenetic-view:P031,COVID-19_simulated_NodeList_snp.csv; COVID_Dummy_distance_edgelist_snp.csv; TestStyleNodelist_snp.csv; TestStyleEdgelist_snp_weighted.csv; Cypress_Test_Style.style,cypress/e2e/journeys/flows/phylogenetic-metadata-uploaded.cy.ts,Grouped from 6 QA tracker row(s): Global node color change; Node color by uploaded field; Style file reflected on tree; Cluster color recompute after threshold change; Fixed branch color change; Selected-color styling on tree selection. Source areas: Global Settings.,Generated as a grouped user story from QA tracker evidence. Review title and behavior language before enabling story_sync.,2026-04-22
heatmap-view:configure-controls,"[Heatmap] Configure labels, inversion, colors, and centering",Heatmap,Settings/Controls,"As a MicrobeTrace user, I want to configure the Heatmap view controls, so that I can adjust the analysis view and immediately see the correct result.",Use the covered controls for the Heatmap view and verify each setting updates the rendered view or session state without corrupting data membership.,"Heatmap control changes are reflected in the rendered view, maintain stable membership, and preserve documented control state where covered.","Given the linked QA tracker scenarios, when the user performs the covered Heatmap workflow, then the expected behavior remains true for each listed fixture and spec.; Given the listed Cypress specs are run, when they pass, then this story has automated evidence for the grouped acceptance checks.; Given linked QA evidence changes, when this story is regenerated, then tested fixtures, specs, and coverage notes stay aligned with the current QA trackers.",false,High,P1,Draft,heatmap-view:H007; heatmap-view:H008; heatmap-view:H009; heatmap-view:H013; heatmap-view:H019,AngularTesting_DistanceMatrix_TN93_BS.xlsx,cypress/e2e/journeys/flows/heatmap-controls-uploaded.cy.ts; cypress/e2e/journeys/flows/heatmap-background-uploaded.cy.ts,"Grouped from 5 QA tracker row(s): Invert X and Invert Y; Show Labels persistence; Color scale updates; Center Screen after viewport interaction; Background color and contrast on Heatmap. Source areas: Heatmap Settings, Heatmap Controls, General Settings.",Generated as a grouped user story from QA tracker evidence. Review title and behavior language before enabling story_sync.,2026-04-22
heatmap-view:cross-feature,[Heatmap] Preserve Heatmap behavior across global settings,Heatmap,Settings/Controls,"As a MicrobeTrace user, I want to preserve Heatmap behavior across global settings, so that I can complete the covered analysis workflow reliably.",Exercise the covered Heatmap scenarios and verify the view reaches the expected state.,Heatmap preserves the behavior covered by the linked QA tracker evidence.,"Given the linked QA tracker scenarios, when the user performs the covered Heatmap workflow, then the expected behavior remains true for each listed fixture and spec.; Given the listed Cypress specs are run, when they pass, then this story has automated evidence for the grouped acceptance checks.; Given linked QA evidence changes, when this story is regenerated, then tested fixtures, specs, and coverage notes stay aligned with the current QA trackers.",false,High,P1,Draft,heatmap-view:H018,SARSCoV2_Simulated_Sequences_snp.fas; AngularTesting_nodelist_withseqs_TN93_BS.csv,cypress/e2e/journeys/flows/heatmap-metric-switch-uploaded.cy.ts,Grouped from 1 QA tracker row(s): Post-launch distance metric switch while Heatmap is active. Source areas: Cross-Feature.,Generated as a grouped user story from QA tracker evidence. Review title and behavior language before enabling story_sync.,2026-04-22
heatmap-view:export-and-restore,[Heatmap] Export and restore Heatmap outputs and state,Heatmap,Export,"As a MicrobeTrace user, I want to export the Heatmap view outputs in supported formats, so that I can save and share analysis results outside the app.","Configure the Heatmap view as needed, use the supported export actions, and verify the exported files or restored state match the current view.","Heatmap exports supported formats without stale downloads, missing content, or mismatched view state. Session or restore paths preserve the configured state where covered.","Given the linked QA tracker scenarios, when the user performs the covered Heatmap workflow, then the expected behavior remains true for each listed fixture and spec.; Given the listed Cypress specs are run, when they pass, then this story has automated evidence for the grouped acceptance checks.; Given linked QA evidence changes, when this story is regenerated, then tested fixtures, specs, and coverage notes stay aligned with the current QA trackers.",false,High,P1,Draft,heatmap-view:H010; heatmap-view:H011; heatmap-view:H014; heatmap-view:H015; heatmap-view:H016; heatmap-view:H017; heatmap-view:H020,AngularTesting_DistanceMatrix_TN93_BS.xlsx,cypress/e2e/journeys/flows/heatmap-controls-uploaded.cy.ts,Grouped from 7 QA tracker row(s): Heatmap export to SVG; Distance matrix export to CSV; Heatmap export to PNG; Heatmap export to JPEG; Distance matrix export to CSV without labels; Distance matrix export respects active axis inversion; Heatmap tab reopen persistence. Source areas: Export And Persistence.,Generated as a grouped user story from QA tracker evidence. Review title and behavior language before enabling story_sync.,2026-04-22
heatmap-view:load-supported-data,[Heatmap] Build distance heatmaps from supported datasets,Heatmap,Data Processing,"As a MicrobeTrace user, I want to launch the Heatmap view from supported uploaded datasets, so that I can start analysis without manually preparing intermediate files.","Load the supported file combinations listed in QA evidence, open the Heatmap view, and confirm the rendered state reflects the uploaded data.","Heatmap accepts covered file types, derives or maps required data, and renders a stable view with expected counts, labels, tables, or visual marks for each supported load path.","Given the linked QA tracker scenarios, when the user performs the covered Heatmap workflow, then the expected behavior remains true for each listed fixture and spec.; Given the listed Cypress specs are run, when they pass, then this story has automated evidence for the grouped acceptance checks.; Given linked QA evidence changes, when this story is regenerated, then tested fixtures, specs, and coverage notes stay aligned with the current QA trackers.",false,High,P0,Draft,heatmap-view:H001; heatmap-view:H002; heatmap-view:H003; heatmap-view:H004; heatmap-view:H005; heatmap-view:H006; heatmap-view:H012; heatmap-view:H022,COVID_Dummy_distance_edgelist_snp.csv; AngularTesting_DistanceMatrix_TN93_BS.xlsx; SARSCoV2_Simulated_Sequences_snp.fas; TestStyleNodelist_snp.csv; TestStyleEdgelist_snp.csv; AngularTesting_nodelist_withseqs_TN93_BS.csv; AngularTesting_seqs_TN93_BS.nwk; all Heatmap-capable Heatmap fixtures; LargeDataSet_Test_sequences_node.csv,cypress/e2e/journeys/flows/upload-launch-heatmap.cy.ts; cypress/e2e/journeys/flows/heatmap-direct-launch-uploaded.cy.ts; cypress/e2e/journeys/flows/heatmap-large-uploaded.cy.ts,Grouped from 8 QA tracker row(s): Uploaded SNP distance edgelist; Uploaded TN93 distance matrix; Uploaded FASTA; Uploaded node + link files; Uploaded sequence node list; Uploaded Newick; Direct file launch to Heatmap default view; Load Large dataset Heatmap data. Source areas: Load Heatmap.,Generated as a grouped user story from QA tracker evidence. Review title and behavior language before enabling story_sync.,2026-04-22
heatmap-view:manage-view-layout,[Heatmap] Manage Heatmap layout and navigation state,Heatmap,Visualization Behavior,"As a MicrobeTrace user, I want to use the Heatmap view within the app layout, so that I can navigate, resize, and restore the view without losing context.","Open, close, resize, switch, or restore the Heatmap view through the covered layout paths and verify the view remains usable.","Heatmap remains stable through layout, dashboard, navigation, and hidden-pane lifecycle changes.","Given the linked QA tracker scenarios, when the user performs the covered Heatmap workflow, then the expected behavior remains true for each listed fixture and spec.; Given the listed Cypress specs are run, when they pass, then this story has automated evidence for the grouped acceptance checks.; Given linked QA evidence changes, when this story is regenerated, then tested fixtures, specs, and coverage notes stay aligned with the current QA trackers.",false,High,P2,Draft,heatmap-view:H023,demo session sample dataset,cypress/e2e/view-state/heatmap-view.cy.ts,Grouped from 1 QA tracker row(s): Load Dedicated sample-data Heatmap data. Source areas: View State.,Generated as a grouped user story from QA tracker evidence. Review title and behavior language before enabling story_sync.,2026-04-22
heatmap-view:save-restore-state,[Heatmap] Save and restore Heatmap state,Heatmap,Session Persistence,"As a MicrobeTrace user, I want to save and restore the Heatmap view state, so that I can resume analysis without rebuilding the view manually.","Configure the Heatmap view, save or reload the session state, and confirm the restored app returns to the expected view configuration.","Heatmap preserves covered settings, selected data, and rendered state across session save and reload workflows.","Given the linked QA tracker scenarios, when the user performs the covered Heatmap workflow, then the expected behavior remains true for each listed fixture and spec.; Given the listed Cypress specs are run, when they pass, then this story has automated evidence for the grouped acceptance checks.; Given linked QA evidence changes, when this story is regenerated, then tested fixtures, specs, and coverage notes stay aligned with the current QA trackers.",false,High,P2,Draft,heatmap-view:H021,AngularTesting_DistanceMatrix_TN93_BS.xlsx,cypress/e2e/journeys/flows/heatmap-session-roundtrip.cy.ts,Grouped from 1 QA tracker row(s): Session save and reload round-trip for Heatmap. Source areas: Session.,Generated as a grouped user story from QA tracker evidence. Review title and behavior language before enabling story_sync.,2026-04-22
bubble-view:configure-controls,"[Bubble] Configure axes, spacing, sizing, and collapsed aggregates",Bubble,Settings/Controls,"As a MicrobeTrace user, I want to configure the Bubble view controls, so that I can adjust the analysis view and immediately see the correct result.",Use the covered controls for the Bubble view and verify each setting updates the rendered view or session state without corrupting data membership.,"Bubble control changes are reflected in the rendered view, maintain stable membership, and preserve documented control state where covered.","Given the linked QA tracker scenarios, when the user performs the covered Bubble workflow, then the expected behavior remains true for each listed fixture and spec.; Given the listed Cypress specs are run, when they pass, then this story has automated evidence for the grouped acceptance checks.; Given linked QA evidence changes, when this story is regenerated, then tested fixtures, specs, and coverage notes stay aligned with the current QA trackers.",false,High,P1,Draft,bubble-view:B009; bubble-view:B010; bubble-view:B012; bubble-view:B017; bubble-view:B018; bubble-view:B019; bubble-view:B032; bubble-view:B037,TestStyleNodelist_snp.csv; TestStyleEdgelist_snp.csv,cypress/e2e/journeys/flows/bubble-controls-uploaded.cy.ts,Grouped from 8 QA tracker row(s): Axis reassignment on uploaded data; Node size and axis-label size on uploaded data; Collapsed aggregates and tooltip table on uploaded data; Node spacing on uploaded data; Collapsed node-size scaling; Date axis formatting and chronological ordering; Y-axis date formatting and chronological ordering; Invalid uploaded dates collapse into an Unknown Bubble date bucket. Source areas: Bubble Settings.,Generated as a grouped user story from QA tracker evidence. Review title and behavior language before enabling story_sync.,2026-04-22
bubble-view:dashboard-integration,[Bubble] Use Bubble inside Dashboard layouts,Bubble,Settings/Controls,"As a MicrobeTrace user, I want to use the Bubble view within the app layout, so that I can navigate, resize, and restore the view without losing context.","Open, close, resize, switch, or restore the Bubble view through the covered layout paths and verify the view remains usable.","Bubble remains stable through layout, dashboard, navigation, and hidden-pane lifecycle changes.","Given the linked QA tracker scenarios, when the user performs the covered Bubble workflow, then the expected behavior remains true for each listed fixture and spec.; Given the listed Cypress specs are run, when they pass, then this story has automated evidence for the grouped acceptance checks.; Given linked QA evidence changes, when this story is regenerated, then tested fixtures, specs, and coverage notes stay aligned with the current QA trackers.",false,High,P1,Draft,bubble-view:B038,COVID-19_simulated_NodeList_snp.csv; COVID_Dummy_distance_edgelist_snp.csv,cypress/e2e/journeys/flows/dashboard-global-styling-uploaded.cy.ts; cypress/e2e/journeys/flows/dashboard-filtering-propagation-uploaded.cy.ts,Grouped from 1 QA tracker row(s): Hidden Bubble pane refresh under root styling and filtering. Source areas: Dashboard.,Generated as a grouped user story from QA tracker evidence. Review title and behavior language before enabling story_sync.,2026-04-22
bubble-view:export-and-restore,[Bubble] Export and restore Bubble outputs and state,Bubble,Export,"As a MicrobeTrace user, I want to export the Bubble view outputs in supported formats, so that I can save and share analysis results outside the app.","Configure the Bubble view as needed, use the supported export actions, and verify the exported files or restored state match the current view.","Bubble exports supported formats without stale downloads, missing content, or mismatched view state. Session or restore paths preserve the configured state where covered.","Given the linked QA tracker scenarios, when the user performs the covered Bubble workflow, then the expected behavior remains true for each listed fixture and spec.; Given the listed Cypress specs are run, when they pass, then this story has automated evidence for the grouped acceptance checks.; Given linked QA evidence changes, when this story is regenerated, then tested fixtures, specs, and coverage notes stay aligned with the current QA trackers.",false,High,P2,Draft,bubble-view:B014; bubble-view:B031; bubble-view:B034; bubble-view:B035,TestStyleNodelist_snp.csv; TestStyleEdgelist_snp.csv; Cypress_Test_Style.style,cypress/e2e/journeys/flows/bubble-export-uploaded.cy.ts; cypress/e2e/journeys/flows/bubble-style-session-roundtrip-uploaded.cy.ts,Grouped from 4 QA tracker row(s): Bubble export to SVG; Bubble export to PNG with advanced scale; Session save and reload preserves Bubble state; Styled collapsed Bubble pie backgrounds persist after session reload. Source areas: Export And Persistence.,Generated as a grouped user story from QA tracker evidence. Review title and behavior language before enabling story_sync.,2026-04-22
bubble-view:interact-with-view,[Bubble] Select bubbles and synchronize shared selection state,Bubble,Visualization Behavior,"As a MicrobeTrace user, I want to interact with the Bubble view data directly, so that I can inspect, select, and drill into the data shown in the view.","Select, hover, pan, zoom, expand, or otherwise interact with the rendered data in the Bubble view and verify the app updates the expected detail state.","Bubble interactions expose correct tooltips, selections, drilldowns, and synchronized state without leaking stale selections or rows.","Given the linked QA tracker scenarios, when the user performs the covered Bubble workflow, then the expected behavior remains true for each listed fixture and spec.; Given the listed Cypress specs are run, when they pass, then this story has automated evidence for the grouped acceptance checks.; Given linked QA evidence changes, when this story is regenerated, then tested fixtures, specs, and coverage notes stay aligned with the current QA trackers.",false,High,P1,Draft,bubble-view:B013; bubble-view:B024; bubble-view:B025; bubble-view:B026; bubble-view:B036,TestStyleNodelist_snp.csv; TestStyleEdgelist_snp.csv,cypress/e2e/journeys/flows/bubble-selection-uploaded.cy.ts,Grouped from 5 QA tracker row(s): Selection sync from Bubble into shared session and 2D; External session-to-Bubble selection and unselect sync; Bubble multi-select propagates into shared session and 2D; Bubble unselect propagates into shared session and 2D; Collapsed Bubble aggregate selection does not leak into shared node selection. Source areas: Interaction.,Generated as a grouped user story from QA tracker evidence. Review title and behavior language before enabling story_sync.,2026-04-22
bubble-view:load-supported-data,[Bubble] Build bubble plots from supported datasets,Bubble,Data Processing,"As a MicrobeTrace user, I want to launch the Bubble view from supported uploaded datasets, so that I can start analysis without manually preparing intermediate files.","Load the supported file combinations listed in QA evidence, open the Bubble view, and confirm the rendered state reflects the uploaded data.","Bubble accepts covered file types, derives or maps required data, and renders a stable view with expected counts, labels, tables, or visual marks for each supported load path.","Given the linked QA tracker scenarios, when the user performs the covered Bubble workflow, then the expected behavior remains true for each listed fixture and spec.; Given the listed Cypress specs are run, when they pass, then this story has automated evidence for the grouped acceptance checks.; Given linked QA evidence changes, when this story is regenerated, then tested fixtures, specs, and coverage notes stay aligned with the current QA trackers.",false,High,P0,Draft,bubble-view:B001; bubble-view:B002; bubble-view:B003; bubble-view:B004; bubble-view:B005; bubble-view:B006; bubble-view:B007; bubble-view:B008; bubble-view:B016,COVID_Dummy_distance_edgelist_snp.csv; AngularTesting_DistanceMatrix_TN93_BS.xlsx; SARSCoV2_Simulated_Sequences_snp.fas; TestStyleNodelist_snp.csv; TestStyleEdgelist_snp.csv; AngularTesting_nodelist_withseqs_TN93_BS.csv; AngularTesting_seqs_TN93_BS.nwk; AngularTesting_Epi_linklist_BS.csv; LargeDataSet_Test_sequences_node.csv; Large_Dataset_forTesting_epiLinks.csv,cypress/e2e/journeys/flows/upload-launch-bubble.cy.ts; cypress/e2e/journeys/flows/bubble-direct-launch-uploaded.cy.ts,Grouped from 9 QA tracker row(s): Distance edgelist upload then switch to Bubble; Distance matrix upload then switch to Bubble; FASTA upload then switch to Bubble; Uploaded node list + link list then switch to Bubble; Sequence node-list upload then switch to Bubble; Newick upload then switch to Bubble; Mixed-origin upload then switch to Bubble; Load Large uploaded Bubble data; plus 1 additional covered scenarios. Source areas: Load Bubble.,Generated as a grouped user story from QA tracker evidence. Review title and behavior language before enabling story_sync.,2026-04-22
bubble-view:manage-view-layout,[Bubble] Manage Bubble layout and navigation state,Bubble,Visualization Behavior,"As a MicrobeTrace user, I want to use the Bubble view within the app layout, so that I can navigate, resize, and restore the view without losing context.","Open, close, resize, switch, or restore the Bubble view through the covered layout paths and verify the view remains usable.","Bubble remains stable through layout, dashboard, navigation, and hidden-pane lifecycle changes.","Given the linked QA tracker scenarios, when the user performs the covered Bubble workflow, then the expected behavior remains true for each listed fixture and spec.; Given the listed Cypress specs are run, when they pass, then this story has automated evidence for the grouped acceptance checks.; Given linked QA evidence changes, when this story is regenerated, then tested fixtures, specs, and coverage notes stay aligned with the current QA trackers.",false,High,P3,Draft,bubble-view:B030,TestStyleNodelist_snp.csv; TestStyleEdgelist_snp.csv,cypress/e2e/journeys/flows/bubble-navigation-uploaded.cy.ts,Grouped from 1 QA tracker row(s): Center Screen refit after zoom drift. Source areas: Navigation.,Generated as a grouped user story from QA tracker evidence. Review title and behavior language before enabling story_sync.,2026-04-22
bubble-view:style-rendering,[Bubble] Style bubbles and preserve colors through filtering and sessions,Bubble,Settings/Controls,"As a MicrobeTrace user, I want to style the Bubble view from uploaded data and controls, so that I can visually distinguish data categories and preserve presentation choices.","Apply style files, color mappings, or styling controls to covered datasets and verify the Bubble view reflects the selected visual encoding.","Bubble applies covered colors, labels, sizes, shapes, and style-table edits consistently through filtering, grouping, timeline, and restore paths where applicable.","Given the linked QA tracker scenarios, when the user performs the covered Bubble workflow, then the expected behavior remains true for each listed fixture and spec.; Given the listed Cypress specs are run, when they pass, then this story has automated evidence for the grouped acceptance checks.; Given linked QA evidence changes, when this story is regenerated, then tested fixtures, specs, and coverage notes stay aligned with the current QA trackers.",false,High,P1,Draft,bubble-view:B011; bubble-view:B020; bubble-view:B021; bubble-view:B022; bubble-view:B023; bubble-view:B033,TestStyleNodelist_snp.csv; TestStyleEdgelist_snp.csv; COVID-19_simulated_NodeList_snp.csv; COVID_Dummy_distance_edgelist_snp.csv; Cypress_Test_Style.style,cypress/e2e/journeys/flows/bubble-controls-uploaded.cy.ts; cypress/e2e/journeys/flows/bubble-styling-uploaded.cy.ts; cypress/e2e/journeys/flows/bubble-cluster-recompute-uploaded.cy.ts; cypress/e2e/journeys/flows/bubble-style-session-roundtrip-uploaded.cy.ts,"Grouped from 6 QA tracker row(s): Uploaded node color mapping reflected on Bubble; Fixed node color on Bubble; Individual node color-table edit reflected on Bubble; Threshold-driven cluster recolor and rebucketing on Bubble; Threshold-driven collapsed aggregate recompute on Bubble; Uploaded style file reflected on Bubble. Source areas: Styling, Filtering + Styling.",Generated as a grouped user story from QA tracker evidence. Review title and behavior language before enabling story_sync.,2026-04-22
bubble-view:timeline,[Bubble] Explore bubble plot changes over time,Bubble,Settings/Controls,"As a MicrobeTrace user, I want to inspect time-based changes in the Bubble view, so that I can understand how the visible data changes over time.","Apply timeline controls to the covered datasets, play or scrub checkpoints, and verify the Bubble view updates only the intended target state.","Bubble keeps timeline membership, colors, and non-target view behavior consistent with the covered checkpoint expectations.","Given the linked QA tracker scenarios, when the user performs the covered Bubble workflow, then the expected behavior remains true for each listed fixture and spec.; Given the listed Cypress specs are run, when they pass, then this story has automated evidence for the grouped acceptance checks.; Given linked QA evidence changes, when this story is regenerated, then tested fixtures, specs, and coverage notes stay aligned with the current QA trackers.",false,High,P1,Draft,bubble-view:B015; bubble-view:B027; bubble-view:B028; bubble-view:B029,COVID-19_simulated_NodeList_snp.csv; COVID_Dummy_distance_edgelist_snp.csv,cypress/e2e/journeys/flows/bubble-timeline-controls-uploaded.cy.ts; cypress/e2e/journeys/flows/bubble-timeline-oracle-uploaded.cy.ts,Grouped from 4 QA tracker row(s): Timeline play/pause and manual slider mechanics; Collapsed Bubble timeline playback; Color persistence after Bubble timeline teardown; Uploaded deterministic Bubble timeline checkpoints. Source areas: Timeline.,Generated as a grouped user story from QA tracker evidence. Review title and behavior language before enabling story_sync.,2026-04-22
epi-curve:configure-controls,"[Epi Curve] Configure date fields, intervals, and single-date controls",Epi Curve,Settings/Controls,"As a MicrobeTrace user, I want to configure the epi curve view controls, so that I can adjust the analysis view and immediately see the correct result.",Use the covered controls for the epi curve view and verify each setting updates the rendered view or session state without corrupting data membership.,"Epi Curve control changes are reflected in the rendered view, maintain stable membership, and preserve documented control state where covered.","Given the linked QA tracker scenarios, when the user performs the covered Epi Curve workflow, then the expected behavior remains true for each listed fixture and spec.; Given the listed Cypress specs are run, when they pass, then this story has automated evidence for the grouped acceptance checks.; Given linked QA evidence changes, when this story is regenerated, then tested fixtures, specs, and coverage notes stay aligned with the current QA trackers.",false,Low,P1,Draft,epi-curve:E008; epi-curve:E012; epi-curve:E013; epi-curve:E022,demo session sample dataset; COVID-19_simulated_NodeList_snp.csv; COVID_Dummy_distance_edgelist_snp.csv,cypress/e2e/view-state/timeline-epicurve-view.cy.ts; cypress/e2e/journeys/flows/epi-curve-controls-uploaded.cy.ts,Grouped from 4 QA tracker row(s): Single-date controls; Uploaded single-date settings parity; X-axis Interval control on uploaded data; Date-field reset clears stale rendering. Source areas: Epi Curve Settings.,Generated as a grouped user story from QA tracker evidence. Review title and behavior language before enabling story_sync.,2026-04-22
epi-curve:export-and-restore,[Epi Curve] Export and restore Epi Curve outputs and state,Epi Curve,Export,"As a MicrobeTrace user, I want to export the epi curve view outputs in supported formats, so that I can save and share analysis results outside the app.","Configure the epi curve view as needed, use the supported export actions, and verify the exported files or restored state match the current view.","Epi Curve exports supported formats without stale downloads, missing content, or mismatched view state. Session or restore paths preserve the configured state where covered.","Given the linked QA tracker scenarios, when the user performs the covered Epi Curve workflow, then the expected behavior remains true for each listed fixture and spec.; Given the listed Cypress specs are run, when they pass, then this story has automated evidence for the grouped acceptance checks.; Given linked QA evidence changes, when this story is regenerated, then tested fixtures, specs, and coverage notes stay aligned with the current QA trackers.",false,High,P1,Draft,epi-curve:E006; epi-curve:E007; epi-curve:E019; epi-curve:E020,COVID-19_simulated_NodeList_snp.csv; COVID_Dummy_distance_edgelist_snp.csv,cypress/e2e/journeys/flows/epi-curve-export-uploaded.cy.ts,Grouped from 4 QA tracker row(s): Uploaded Epi export to PNG; Uploaded Epi export to SVG; PNG advanced scale and calculated resolution; PNG quality control behavior. Source areas: Export And Persistence.,Generated as a grouped user story from QA tracker evidence. Review title and behavior language before enabling story_sync.,2026-04-22
epi-curve:load-supported-data,[Epi Curve] Build epidemic curves from supported uploaded datasets,Epi Curve,Data Processing,"As a MicrobeTrace user, I want to launch the epi curve view from supported uploaded datasets, so that I can start analysis without manually preparing intermediate files.","Load the supported file combinations listed in QA evidence, open the epi curve view, and confirm the rendered state reflects the uploaded data.","Epi Curve accepts covered file types, derives or maps required data, and renders a stable view with expected counts, labels, tables, or visual marks for each supported load path.","Given the linked QA tracker scenarios, when the user performs the covered Epi Curve workflow, then the expected behavior remains true for each listed fixture and spec.; Given the listed Cypress specs are run, when they pass, then this story has automated evidence for the grouped acceptance checks.; Given linked QA evidence changes, when this story is regenerated, then tested fixtures, specs, and coverage notes stay aligned with the current QA trackers.",false,High,P0,Draft,epi-curve:E001; epi-curve:E002; epi-curve:E003; epi-curve:E004; epi-curve:E005; epi-curve:E011,COVID-19_simulated_NodeList_snp.csv; COVID_Dummy_distance_edgelist_snp.csv; AngularTesting_nodelist_withseqs_TN93_BS.csv; AngularTesting_DistanceMatrix_TN93_BS.xlsx; AngularTesting_seqs_TN93_BS.fasta; AngularTesting_Epi_linklist_BS.csv,cypress/e2e/journeys/flows/epi-curve-load-uploaded.cy.ts; cypress/e2e/journeys/flows/epi-curve-direct-launch-uploaded.cy.ts,Grouped from 6 QA tracker row(s): Load Uploaded node + link data; Load Uploaded sequence node-list data; Load Uploaded matrix + node metadata data; Load Uploaded FASTA + node metadata data; Load Uploaded mixed-origin data; Direct file launch to Epi Curve default view. Source areas: Load Epi Curve.,Generated as a grouped user story from QA tracker evidence. Review title and behavior language before enabling story_sync.,2026-04-22
epi-curve:multi-date,[Epi Curve] Compare Epi Curve date series in side-by-side and overlay modes,Epi Curve,Settings/Controls,"As a MicrobeTrace user, I want to configure the epi curve view controls, so that I can adjust the analysis view and immediately see the correct result.",Use the covered controls for the epi curve view and verify each setting updates the rendered view or session state without corrupting data membership.,"Epi Curve control changes are reflected in the rendered view, maintain stable membership, and preserve documented control state where covered.","Given the linked QA tracker scenarios, when the user performs the covered Epi Curve workflow, then the expected behavior remains true for each listed fixture and spec.; Given the listed Cypress specs are run, when they pass, then this story has automated evidence for the grouped acceptance checks.; Given linked QA evidence changes, when this story is regenerated, then tested fixtures, specs, and coverage notes stay aligned with the current QA trackers.",false,Low,P1,Draft,epi-curve:E010; epi-curve:E016; epi-curve:E017; epi-curve:E018,demo session sample dataset; COVID-19_simulated_NodeList_snp.csv; COVID_Dummy_distance_edgelist_snp.csv,cypress/e2e/view-state/timeline-epicurve-view.cy.ts; cypress/e2e/journeys/flows/epi-curve-controls-uploaded.cy.ts,Grouped from 4 QA tracker row(s): Side-by-side and overlay controls; Uploaded side-by-side multi-date; Uploaded overlay multi-date; Uploaded multi-date legend and cumulative controls. Source areas: Multi Date.,Generated as a grouped user story from QA tracker evidence. Review title and behavior language before enabling story_sync.,2026-04-22
epi-curve:style-rendering,[Epi Curve] Style bars and react to cluster or node color changes,Epi Curve,Settings/Controls,"As a MicrobeTrace user, I want to style the epi curve view from uploaded data and controls, so that I can visually distinguish data categories and preserve presentation choices.","Apply style files, color mappings, or styling controls to covered datasets and verify the epi curve view reflects the selected visual encoding.","Epi Curve applies covered colors, labels, sizes, shapes, and style-table edits consistently through filtering, grouping, timeline, and restore paths where applicable.","Given the linked QA tracker scenarios, when the user performs the covered Epi Curve workflow, then the expected behavior remains true for each listed fixture and spec.; Given the listed Cypress specs are run, when they pass, then this story has automated evidence for the grouped acceptance checks.; Given linked QA evidence changes, when this story is regenerated, then tested fixtures, specs, and coverage notes stay aligned with the current QA trackers.",false,Low,P1,Draft,epi-curve:E009; epi-curve:E014; epi-curve:E015; epi-curve:E021,demo session sample dataset; COVID-19_simulated_NodeList_snp.csv; COVID_Dummy_distance_edgelist_snp.csv,cypress/e2e/view-state/timeline-epicurve-view.cy.ts; cypress/e2e/journeys/flows/epi-curve-styling-uploaded.cy.ts; cypress/e2e/journeys/flows/epi-curve-controls-uploaded.cy.ts,Grouped from 4 QA tracker row(s): Cluster and node-color interactions; Uploaded Cluster-color reactivity; Uploaded Node Color reactivity; Uploaded single-date fixed Epi color and Color By visibility. Source areas: Styling.,Generated as a grouped user story from QA tracker evidence. Review title and behavior language before enabling story_sync.,2026-04-22
gantt-chart:configure-controls,"[Gantt Chart] Configure entries, colors, opacity, grid, spacing, and font size",Gantt Chart,Settings/Controls,"As a MicrobeTrace user, I want to configure the Gantt chart view controls, so that I can adjust the analysis view and immediately see the correct result.",Use the covered controls for the Gantt chart view and verify each setting updates the rendered view or session state without corrupting data membership.,"Gantt Chart control changes are reflected in the rendered view, maintain stable membership, and preserve documented control state where covered.","Given the linked QA tracker scenarios, when the user performs the covered Gantt Chart workflow, then the expected behavior remains true for each listed fixture and spec.; Given the listed Cypress specs are run, when they pass, then this story has automated evidence for the grouped acceptance checks.; Given linked QA evidence changes, when this story is regenerated, then tested fixtures, specs, and coverage notes stay aligned with the current QA trackers.",false,High,P1,Draft,gantt-chart:G005; gantt-chart:G007; gantt-chart:G008; gantt-chart:G009; gantt-chart:G010; gantt-chart:G011; gantt-chart:G012; gantt-chart:G017; gantt-chart:G021; gantt-chart:G022,AngularTesting_nodelist_withseqs_TN93_BS.csv; COVID-19_simulated_NodeList_snp.csv; COVID_Dummy_distance_edgelist_snp.csv,cypress/e2e/journeys/flows/gantt-multi-entry-uploaded.cy.ts; cypress/e2e/journeys/flows/gantt-controls-uploaded.cy.ts; cypress/e2e/journeys/flows/gantt-empty-state-uploaded.cy.ts,"Grouped from 10 QA tracker row(s): Multi-entry management on uploaded data; Update Existing-entry color; Update Existing-entry opacity; Toggle Grid show hide; Spacing Y updates row layout; Spacing X updates horizontal scale; Font size updates rendered axes; Default entry-name fallback; plus 2 additional covered scenarios. Source areas: Gantt Settings, Visual Settings.",Generated as a grouped user story from QA tracker evidence. Review title and behavior language before enabling story_sync.,2026-04-22
gantt-chart:export-output,[Gantt Chart] Export Gantt Chart outputs,Gantt Chart,Export,"As a MicrobeTrace user, I want to export the Gantt chart view outputs in supported formats, so that I can save and share analysis results outside the app.","Configure the Gantt chart view as needed, use the supported export actions, and verify the exported files or restored state match the current view.","Gantt Chart exports supported formats without stale downloads, missing content, or mismatched view state. Session or restore paths preserve the configured state where covered.","Given the linked QA tracker scenarios, when the user performs the covered Gantt Chart workflow, then the expected behavior remains true for each listed fixture and spec.; Given the listed Cypress specs are run, when they pass, then this story has automated evidence for the grouped acceptance checks.; Given linked QA evidence changes, when this story is regenerated, then tested fixtures, specs, and coverage notes stay aligned with the current QA trackers.",false,High,P1,Draft,gantt-chart:G004; gantt-chart:G013; gantt-chart:G014; gantt-chart:G019,COVID-19_simulated_NodeList_snp.csv; COVID_Dummy_distance_edgelist_snp.csv,cypress/e2e/journeys/flows/gantt-export-uploaded.cy.ts,Grouped from 4 QA tracker row(s): Export Uploaded Gantt SVG; Export Uploaded Gantt PNG; Export Uploaded Gantt JPEG; Export dialog filetype toggle and cancel path. Source areas: Export.,Generated as a grouped user story from QA tracker evidence. Review title and behavior language before enabling story_sync.,2026-04-22
gantt-chart:load-supported-data,[Gantt Chart] Build Gantt entries from supported date fields,Gantt Chart,Data Processing,"As a MicrobeTrace user, I want to launch the Gantt chart view from supported uploaded datasets, so that I can start analysis without manually preparing intermediate files.","Load the supported file combinations listed in QA evidence, open the Gantt chart view, and confirm the rendered state reflects the uploaded data.","Gantt Chart accepts covered file types, derives or maps required data, and renders a stable view with expected counts, labels, tables, or visual marks for each supported load path.","Given the linked QA tracker scenarios, when the user performs the covered Gantt Chart workflow, then the expected behavior remains true for each listed fixture and spec.; Given the listed Cypress specs are run, when they pass, then this story has automated evidence for the grouped acceptance checks.; Given linked QA evidence changes, when this story is regenerated, then tested fixtures, specs, and coverage notes stay aligned with the current QA trackers.",false,High,P0,Draft,gantt-chart:G001; gantt-chart:G002; gantt-chart:G003; gantt-chart:G006; gantt-chart:G020,COVID-19_simulated_NodeList_snp.csv; COVID_Dummy_distance_edgelist_snp.csv; AngularTesting_nodelist_withseqs_TN93_BS.csv,cypress/e2e/journeys/flows/gantt-node-link-uploaded.cy.ts; cypress/e2e/journeys/flows/gantt-sequence-node-uploaded.cy.ts; cypress/e2e/journeys/flows/gantt-direct-launch-uploaded.cy.ts; cypress/e2e/journeys/flows/gantt-empty-state-uploaded.cy.ts,Grouped from 5 QA tracker row(s): Uploaded node + link date-range; Uploaded sequence-node date-range entry; Uploaded sequence-node single-date entry; Direct launch from File Settings; Empty-state launch and settings stability. Source areas: Load Gantt.,Generated as a grouped user story from QA tracker evidence. Review title and behavior language before enabling story_sync.,2026-04-22
gantt-chart:manage-view-layout,[Gantt Chart] Manage Gantt Chart layout and navigation state,Gantt Chart,Visualization Behavior,"As a MicrobeTrace user, I want to use the Gantt chart view within the app layout, so that I can navigate, resize, and restore the view without losing context.","Open, close, resize, switch, or restore the Gantt chart view through the covered layout paths and verify the view remains usable.","Gantt Chart remains stable through layout, dashboard, navigation, and hidden-pane lifecycle changes.","Given the linked QA tracker scenarios, when the user performs the covered Gantt Chart workflow, then the expected behavior remains true for each listed fixture and spec.; Given the listed Cypress specs are run, when they pass, then this story has automated evidence for the grouped acceptance checks.; Given linked QA evidence changes, when this story is regenerated, then tested fixtures, specs, and coverage notes stay aligned with the current QA trackers.",false,High,P2,Draft,gantt-chart:G018,COVID-19_simulated_NodeList_snp.csv; COVID_Dummy_distance_edgelist_snp.csv,cypress/e2e/journeys/flows/gantt-controls-uploaded.cy.ts,Grouped from 1 QA tracker row(s): Switch away and back preserves created entries. Source areas: View State.,Generated as a grouped user story from QA tracker evidence. Review title and behavior language before enabling story_sync.,2026-04-22
gantt-chart:map-render-data,"[Gantt Chart] Map date ranges, single dates, and fallback entry names",Gantt Chart,Data Processing,"As a MicrobeTrace user, I want to map and render data fields in the Gantt chart view, so that I can inspect the right labels, ranges, and derived values for my dataset.","Configure the covered data-field, label, sizing, or rendering options and verify the Gantt chart view displays the expected data.","Gantt Chart maps covered data fields into the rendered view accurately and keeps labels, dimensions, and derived values synchronized with the selected options.","Given the linked QA tracker scenarios, when the user performs the covered Gantt Chart workflow, then the expected behavior remains true for each listed fixture and spec.; Given the listed Cypress specs are run, when they pass, then this story has automated evidence for the grouped acceptance checks.; Given linked QA evidence changes, when this story is regenerated, then tested fixtures, specs, and coverage notes stay aligned with the current QA trackers.",false,High,P1,Draft,gantt-chart:G015; gantt-chart:G016,Cypress_GanttEdgeCasesNodes.csv; Cypress_GanttEdgeCasesLinks.csv,cypress/e2e/journeys/flows/gantt-data-mapping-uploaded.cy.ts,Grouped from 2 QA tracker row(s): Sparse date fields skip incomplete rows; GMT or timezone-stamped date normalization. Source areas: Data Mapping.,Generated as a grouped user story from QA tracker evidence. Review title and behavior language before enabling story_sync.,2026-04-22
sankey-view:combo,[Sankey] Combine Sankey field mapping with styling controls,Sankey,Settings/Controls,"As a MicrobeTrace user, I want to combine Sankey field mapping with styling controls, so that I can complete the covered analysis workflow reliably.",Exercise the covered Sankey scenarios and verify the view reaches the expected state.,Sankey preserves the behavior covered by the linked QA tracker evidence.,"Given the linked QA tracker scenarios, when the user performs the covered Sankey workflow, then the expected behavior remains true for each listed fixture and spec.; Given the listed Cypress specs are run, when they pass, then this story has automated evidence for the grouped acceptance checks.; Given linked QA evidence changes, when this story is regenerated, then tested fixtures, specs, and coverage notes stay aligned with the current QA trackers.",false,High,P1,Draft,sankey-view:S025,AngularTesting_nodelist_withseqs_TN93_BS.csv; AngularTesting_Epi_linklist_BS.csv,cypress/e2e/journeys/flows/sankey-cluster-filtering-uploaded.cy.ts,Grouped from 1 QA tracker row(s): Cluster-based Sankey recomputes after filtering changes. Source areas: Combo.,Generated as a grouped user story from QA tracker evidence. Review title and behavior language before enabling story_sync.,2026-04-22
sankey-view:configure-controls,[Sankey] Configure field mappings and Sankey controls,Sankey,Settings/Controls,"As a MicrobeTrace user, I want to configure the Sankey view controls, so that I can adjust the analysis view and immediately see the correct result.",Use the covered controls for the Sankey view and verify each setting updates the rendered view or session state without corrupting data membership.,"Sankey control changes are reflected in the rendered view, maintain stable membership, and preserve documented control state where covered.","Given the linked QA tracker scenarios, when the user performs the covered Sankey workflow, then the expected behavior remains true for each listed fixture and spec.; Given the listed Cypress specs are run, when they pass, then this story has automated evidence for the grouped acceptance checks.; Given linked QA evidence changes, when this story is regenerated, then tested fixtures, specs, and coverage notes stay aligned with the current QA trackers.",false,High,P1,Draft,sankey-view:S008; sankey-view:S009; sankey-view:S016; sankey-view:S017; sankey-view:S018,TestStyleNodelist_snp.csv; TestStyleEdgelist_snp.csv,cypress/e2e/journeys/flows/sankey-controls-uploaded.cy.ts,Grouped from 5 QA tracker row(s): Minimum variable requirement on uploaded data; Uploaded categorical field selection and third-layer rendering; Remove variables and return to warning state; Reorder variables updates axis order and transition counts; Maximum five-variable guard. Source areas: Sankey Settings.,Generated as a grouped user story from QA tracker evidence. Review title and behavior language before enabling story_sync.,2026-04-22
sankey-view:export-and-restore,[Sankey] Export and restore Sankey outputs and state,Sankey,Export,"As a MicrobeTrace user, I want to export the Sankey view outputs in supported formats, so that I can save and share analysis results outside the app.","Configure the Sankey view as needed, use the supported export actions, and verify the exported files or restored state match the current view.","Sankey exports supported formats without stale downloads, missing content, or mismatched view state. Session or restore paths preserve the configured state where covered.","Given the linked QA tracker scenarios, when the user performs the covered Sankey workflow, then the expected behavior remains true for each listed fixture and spec.; Given the listed Cypress specs are run, when they pass, then this story has automated evidence for the grouped acceptance checks.; Given linked QA evidence changes, when this story is regenerated, then tested fixtures, specs, and coverage notes stay aligned with the current QA trackers.",false,High,P2,Draft,sankey-view:S012; sankey-view:S013; sankey-view:S023; sankey-view:S024,TestStyleNodelist_snp.csv; TestStyleEdgelist_snp.csv,cypress/e2e/journeys/flows/sankey-controls-uploaded.cy.ts,Grouped from 4 QA tracker row(s): Sankey export to PNG; Sankey export to SVG; PNG advanced scale and resolution controls; Export dialog filetype toggle and cancel path. Source areas: Export And Persistence.,Generated as a grouped user story from QA tracker evidence. Review title and behavior language before enabling story_sync.,2026-04-22
sankey-view:interact-with-view,[Sankey] Interact with Sankey rendered data,Sankey,Visualization Behavior,"As a MicrobeTrace user, I want to interact with the Sankey view data directly, so that I can inspect, select, and drill into the data shown in the view.","Select, hover, pan, zoom, expand, or otherwise interact with the rendered data in the Sankey view and verify the app updates the expected detail state.","Sankey interactions expose correct tooltips, selections, drilldowns, and synchronized state without leaking stale selections or rows.","Given the linked QA tracker scenarios, when the user performs the covered Sankey workflow, then the expected behavior remains true for each listed fixture and spec.; Given the listed Cypress specs are run, when they pass, then this story has automated evidence for the grouped acceptance checks.; Given linked QA evidence changes, when this story is regenerated, then tested fixtures, specs, and coverage notes stay aligned with the current QA trackers.",false,High,P2,Draft,sankey-view:S011; sankey-view:S021; sankey-view:S022,TestStyleNodelist_snp.csv; TestStyleEdgelist_snp.csv,cypress/e2e/journeys/flows/sankey-controls-uploaded.cy.ts,Grouped from 3 QA tracker row(s): Node tooltip on uploaded data; Link tooltip on uploaded data; Node drag updates layout and link geometry. Source areas: Interaction.,Generated as a grouped user story from QA tracker evidence. Review title and behavior language before enabling story_sync.,2026-04-22
sankey-view:load-supported-data,[Sankey] Build Sankey diagrams from supported datasets,Sankey,Data Processing,"As a MicrobeTrace user, I want to launch the Sankey view from supported uploaded datasets, so that I can start analysis without manually preparing intermediate files.","Load the supported file combinations listed in QA evidence, open the Sankey view, and confirm the rendered state reflects the uploaded data.","Sankey accepts covered file types, derives or maps required data, and renders a stable view with expected counts, labels, tables, or visual marks for each supported load path.","Given the linked QA tracker scenarios, when the user performs the covered Sankey workflow, then the expected behavior remains true for each listed fixture and spec.; Given the listed Cypress specs are run, when they pass, then this story has automated evidence for the grouped acceptance checks.; Given linked QA evidence changes, when this story is regenerated, then tested fixtures, specs, and coverage notes stay aligned with the current QA trackers.",false,High,P0,Draft,sankey-view:S001; sankey-view:S002; sankey-view:S003; sankey-view:S004; sankey-view:S005; sankey-view:S006; sankey-view:S007; sankey-view:S014; sankey-view:S015,COVID_Dummy_distance_edgelist_snp.csv; AngularTesting_DistanceMatrix_TN93_BS.xlsx; SARSCoV2_Simulated_Sequences_snp.fas; TestStyleNodelist_snp.csv; TestStyleEdgelist_snp.csv; AngularTesting_nodelist_withseqs_TN93_BS.csv; AngularTesting_seqs_TN93_BS.nwk; AngularTesting_Epi_linklist_BS.csv; LargeDataSet_Test_sequences_node_sankey.csv; Large_Dataset_forTesting_epiLinks.csv,cypress/e2e/journeys/flows/upload-launch-sankey.cy.ts; cypress/e2e/journeys/flows/sankey-large-uploaded.cy.ts; cypress/e2e/journeys/flows/sankey-direct-launch-uploaded.cy.ts,Grouped from 9 QA tracker row(s): Distance edgelist upload then switch to Sankey; Distance matrix upload then switch to Sankey; FASTA upload then switch to Sankey; Uploaded node list + link list then switch to Sankey; Sequence node-list upload then switch to Sankey; Newick upload then switch to Sankey; Mixed-origin upload then switch to Sankey; Load Large uploaded Sankey data; plus 1 additional covered scenarios. Source areas: Load Sankey.,Generated as a grouped user story from QA tracker evidence. Review title and behavior language before enabling story_sync.,2026-04-22
sankey-view:style-rendering,[Sankey] Style Sankey nodes and links,Sankey,Settings/Controls,"As a MicrobeTrace user, I want to style the Sankey view from uploaded data and controls, so that I can visually distinguish data categories and preserve presentation choices.","Apply style files, color mappings, or styling controls to covered datasets and verify the Sankey view reflects the selected visual encoding.","Sankey applies covered colors, labels, sizes, shapes, and style-table edits consistently through filtering, grouping, timeline, and restore paths where applicable.","Given the linked QA tracker scenarios, when the user performs the covered Sankey workflow, then the expected behavior remains true for each listed fixture and spec.; Given the listed Cypress specs are run, when they pass, then this story has automated evidence for the grouped acceptance checks.; Given linked QA evidence changes, when this story is regenerated, then tested fixtures, specs, and coverage notes stay aligned with the current QA trackers.",false,High,P1,Draft,sankey-view:S010; sankey-view:S019; sankey-view:S020,TestStyleNodelist_snp.csv; TestStyleEdgelist_snp.csv,cypress/e2e/journeys/flows/sankey-controls-uploaded.cy.ts,Grouped from 3 QA tracker row(s): Uniform link color and font-size controls on uploaded data; Source and Target link-color modes; Per-layer color edits update nodes and derived link colors. Source areas: Styling.,Generated as a grouped user story from QA tracker evidence. Review title and behavior language before enabling story_sync.,2026-04-22
waterfall-view:dashboard-integration,[Waterfall] Use Waterfall inside Dashboard layouts,Waterfall,Settings/Controls,"As a MicrobeTrace user, I want to use the Waterfall view within the app layout, so that I can navigate, resize, and restore the view without losing context.","Open, close, resize, switch, or restore the Waterfall view through the covered layout paths and verify the view remains usable.","Waterfall remains stable through layout, dashboard, navigation, and hidden-pane lifecycle changes.","Given the linked QA tracker scenarios, when the user performs the covered Waterfall workflow, then the expected behavior remains true for each listed fixture and spec.; Given the listed Cypress specs are run, when they pass, then this story has automated evidence for the grouped acceptance checks.; Given linked QA evidence changes, when this story is regenerated, then tested fixtures, specs, and coverage notes stay aligned with the current QA trackers.",false,High,P1,Draft,waterfall-view:W027,COVID-19_simulated_NodeList_snp.csv; COVID_Dummy_distance_edgelist_snp.csv,cypress/e2e/journeys/flows/dashboard-filtering-propagation-uploaded.cy.ts; cypress/e2e/journeys/flows/dashboard-timeline-propagation-uploaded.cy.ts,Grouped from 1 QA tracker row(s): Dashboard Waterfall filtering and timeline propagation. Source areas: Dashboard.,Generated as a grouped user story from QA tracker evidence. Review title and behavior language before enabling story_sync.,2026-04-22
waterfall-view:filter-refresh-data,[Waterfall] Keep Waterfall synchronized with filtering changes,Waterfall,Settings/Controls,"As a MicrobeTrace user, I want to filter and refresh the Waterfall view without stale results, so that I can trust that visible data matches the active analysis controls.","Change the covered filtering, threshold, cluster, or refresh controls and verify the Waterfall view immediately reflects the current visible data.","Waterfall recomputes rendered nodes, links, rows, or summaries from the active filters and clears stale state when the visible data changes.","Given the linked QA tracker scenarios, when the user performs the covered Waterfall workflow, then the expected behavior remains true for each listed fixture and spec.; Given the listed Cypress specs are run, when they pass, then this story has automated evidence for the grouped acceptance checks.; Given linked QA evidence changes, when this story is regenerated, then tested fixtures, specs, and coverage notes stay aligned with the current QA trackers.",false,High,P0,Draft,waterfall-view:W011; waterfall-view:W012,AngularTesting_Distance_linklist_BS.csv; AngularTesting_Epi_linklist_BS.csv,cypress/e2e/journeys/flows/waterfall-refresh-uploaded.cy.ts,Grouped from 2 QA tracker row(s): Threshold-only visible-link refresh while cluster membership stays stable; Minimum Cluster Size and Reveal Everything while Waterfall is active. Source areas: Waterfall Refresh.,Generated as a grouped user story from QA tracker evidence. Review title and behavior language before enabling story_sync.,2026-04-22
waterfall-view:handle-empty-data,[Waterfall] Handle empty or incomplete Waterfall data,Waterfall,Data Processing,"As a MicrobeTrace user, I want to handle empty or incomplete data in the Waterfall view, so that I can recover from missing data without a broken view.","Open the Waterfall view with empty, filtered, or incomplete data and verify the app shows a coherent empty or recovery state.","Waterfall presents clear empty-state behavior and avoids stale rendered data when no valid rows, nodes, links, or fields are available.","Given the linked QA tracker scenarios, when the user performs the covered Waterfall workflow, then the expected behavior remains true for each listed fixture and spec.; Given the listed Cypress specs are run, when they pass, then this story has automated evidence for the grouped acceptance checks.; Given linked QA evidence changes, when this story is regenerated, then tested fixtures, specs, and coverage notes stay aligned with the current QA trackers.",false,High,P1,Draft,waterfall-view:W019; waterfall-view:W024,n/a; AngularTesting_Epi_linklist_BS.csv,cypress/e2e/journeys/flows/waterfall-empty-state.cy.ts,Grouped from 2 QA tracker row(s): No-data prompt; Filtering hides every visible cluster and recovery via Reveal Everything. Source areas: Waterfall Empty State.,Generated as a grouped user story from QA tracker evidence. Review title and behavior language before enabling story_sync.,2026-04-22
waterfall-view:interact-with-view,"[Waterfall] Select clusters, nodes, and links without stale drilldown state",Waterfall,Visualization Behavior,"As a MicrobeTrace user, I want to interact with the Waterfall view data directly, so that I can inspect, select, and drill into the data shown in the view.","Select, hover, pan, zoom, expand, or otherwise interact with the rendered data in the Waterfall view and verify the app updates the expected detail state.","Waterfall interactions expose correct tooltips, selections, drilldowns, and synchronized state without leaking stale selections or rows.","Given the linked QA tracker scenarios, when the user performs the covered Waterfall workflow, then the expected behavior remains true for each listed fixture and spec.; Given the listed Cypress specs are run, when they pass, then this story has automated evidence for the grouped acceptance checks.; Given linked QA evidence changes, when this story is regenerated, then tested fixtures, specs, and coverage notes stay aligned with the current QA trackers.",false,High,P0,Draft,waterfall-view:W008; waterfall-view:W009; waterfall-view:W010; waterfall-view:W017; waterfall-view:W018,AngularTesting_Distance_linklist_BS.csv; TestStyleNodelist_snp.csv; TestStyleEdgelist_snp.csv,cypress/e2e/journeys/flows/waterfall-drilldown-uploaded.cy.ts; cypress/e2e/journeys/flows/waterfall-details-uploaded.cy.ts,Grouped from 5 QA tracker row(s): Cluster row selection populates node table; Node row selection populates link table; Link row selection updates Waterfall state; Selecting a different cluster clears stale node and link drilldown; Selecting a different node clears stale link selection. Source areas: Waterfall Interaction.,Generated as a grouped user story from QA tracker evidence. Review title and behavior language before enabling story_sync.,2026-04-22
waterfall-view:load-supported-data,[Waterfall] Build cluster drilldowns from supported datasets,Waterfall,Data Processing,"As a MicrobeTrace user, I want to launch the Waterfall view from supported uploaded datasets, so that I can start analysis without manually preparing intermediate files.","Load the supported file combinations listed in QA evidence, open the Waterfall view, and confirm the rendered state reflects the uploaded data.","Waterfall accepts covered file types, derives or maps required data, and renders a stable view with expected counts, labels, tables, or visual marks for each supported load path.","Given the linked QA tracker scenarios, when the user performs the covered Waterfall workflow, then the expected behavior remains true for each listed fixture and spec.; Given the listed Cypress specs are run, when they pass, then this story has automated evidence for the grouped acceptance checks.; Given linked QA evidence changes, when this story is regenerated, then tested fixtures, specs, and coverage notes stay aligned with the current QA trackers.",false,High,P0,Draft,waterfall-view:W001; waterfall-view:W002; waterfall-view:W003; waterfall-view:W004; waterfall-view:W005; waterfall-view:W006; waterfall-view:W007; waterfall-view:W020; waterfall-view:W021,COVID_Dummy_distance_edgelist_snp.csv; AngularTesting_DistanceMatrix_TN93_BS.xlsx; SARSCoV2_Simulated_Sequences_snp.fas; TestStyleNodelist_snp.csv; TestStyleEdgelist_snp.csv; AngularTesting_nodelist_withseqs_TN93_BS.csv; AngularTesting_seqs_TN93_BS.nwk; AngularTesting_Epi_linklist_BS.csv; LargeDataSet_Test_sequences_node.csv; Large_Dataset_forTesting_epiLinks.csv,cypress/e2e/journeys/flows/waterfall-load-uploaded.cy.ts; cypress/e2e/journeys/flows/waterfall-large-uploaded.cy.ts; cypress/e2e/journeys/flows/waterfall-direct-launch-uploaded.cy.ts,Grouped from 9 QA tracker row(s): Load Distance edgelist data; Load Distance matrix data; Load FASTA data; Load Node list + link list data; Load Sequence node list data; Load Newick data; Load Mixed-origin sequence node list + epi link list data; Load Large dataset data; plus 1 additional covered scenarios. Source areas: Load Waterfall.,Generated as a grouped user story from QA tracker evidence. Review title and behavior language before enabling story_sync.,2026-04-22
waterfall-view:manage-view-layout,[Waterfall] Manage Waterfall layout and navigation state,Waterfall,Visualization Behavior,"As a MicrobeTrace user, I want to use the Waterfall view within the app layout, so that I can navigate, resize, and restore the view without losing context.","Open, close, resize, switch, or restore the Waterfall view through the covered layout paths and verify the view remains usable.","Waterfall remains stable through layout, dashboard, navigation, and hidden-pane lifecycle changes.","Given the linked QA tracker scenarios, when the user performs the covered Waterfall workflow, then the expected behavior remains true for each listed fixture and spec.; Given the listed Cypress specs are run, when they pass, then this story has automated evidence for the grouped acceptance checks.; Given linked QA evidence changes, when this story is regenerated, then tested fixtures, specs, and coverage notes stay aligned with the current QA trackers.",false,High,P1,Draft,waterfall-view:W023,TestStyleNodelist_snp.csv; TestStyleEdgelist_snp.csv,cypress/e2e/journeys/flows/waterfall-tab-persistence-uploaded.cy.ts,Grouped from 1 QA tracker row(s): View-switch persistence after leaving Waterfall. Source areas: Waterfall Navigation.,Generated as a grouped user story from QA tracker evidence. Review title and behavior language before enabling story_sync.,2026-04-22
waterfall-view:save-restore-state,[Waterfall] Save and restore Waterfall state,Waterfall,Session Persistence,"As a MicrobeTrace user, I want to save and restore the Waterfall view state, so that I can resume analysis without rebuilding the view manually.","Configure the Waterfall view, save or reload the session state, and confirm the restored app returns to the expected view configuration.","Waterfall preserves covered settings, selected data, and rendered state across session save and reload workflows.","Given the linked QA tracker scenarios, when the user performs the covered Waterfall workflow, then the expected behavior remains true for each listed fixture and spec.; Given the listed Cypress specs are run, when they pass, then this story has automated evidence for the grouped acceptance checks.; Given linked QA evidence changes, when this story is regenerated, then tested fixtures, specs, and coverage notes stay aligned with the current QA trackers.",false,High,P1,Draft,waterfall-view:W025; waterfall-view:W026,TestStyleNodelist_snp.csv; TestStyleEdgelist_snp.csv,cypress/e2e/journeys/flows/waterfall-session-roundtrip.cy.ts,Grouped from 2 QA tracker row(s): Session save and reload round-trip for Waterfall data; Saved Waterfall default view restores on session reload. Source areas: Session.,Generated as a grouped user story from QA tracker evidence. Review title and behavior language before enabling story_sync.,2026-04-22
waterfall-view:timeline,[Waterfall] Explore time-based changes in Waterfall,Waterfall,Settings/Controls,"As a MicrobeTrace user, I want to inspect time-based changes in the Waterfall view, so that I can understand how the visible data changes over time.","Apply timeline controls to the covered datasets, play or scrub checkpoints, and verify the Waterfall view updates only the intended target state.","Waterfall keeps timeline membership, colors, and non-target view behavior consistent with the covered checkpoint expectations.","Given the linked QA tracker scenarios, when the user performs the covered Waterfall workflow, then the expected behavior remains true for each listed fixture and spec.; Given the listed Cypress specs are run, when they pass, then this story has automated evidence for the grouped acceptance checks.; Given linked QA evidence changes, when this story is regenerated, then tested fixtures, specs, and coverage notes stay aligned with the current QA trackers.",false,High,P1,Draft,waterfall-view:W013; waterfall-view:W022,COVID-19_simulated_NodeList_snp.csv; COVID_Dummy_distance_edgelist_snp.csv,cypress/e2e/journeys/flows/waterfall-refresh-uploaded.cy.ts,Grouped from 2 QA tracker row(s): Timeline checkpoint drilldown isolation while Waterfall is active; Deterministic timeline checkpoints leave the Waterfall cluster summary isolated. Source areas: Timeline.,Generated as a grouped user story from QA tracker evidence. Review title and behavior language before enabling story_sync.,2026-04-22
waterfall-view:waterfall-details,"[Waterfall] Inspect cluster, node, and link detail rows",Waterfall,Visualization Behavior,"As a MicrobeTrace user, I want to interact with the Waterfall view data directly, so that I can inspect, select, and drill into the data shown in the view.","Select, hover, pan, zoom, expand, or otherwise interact with the rendered data in the Waterfall view and verify the app updates the expected detail state.","Waterfall interactions expose correct tooltips, selections, drilldowns, and synchronized state without leaking stale selections or rows.","Given the linked QA tracker scenarios, when the user performs the covered Waterfall workflow, then the expected behavior remains true for each listed fixture and spec.; Given the listed Cypress specs are run, when they pass, then this story has automated evidence for the grouped acceptance checks.; Given linked QA evidence changes, when this story is regenerated, then tested fixtures, specs, and coverage notes stay aligned with the current QA trackers.",false,High,P1,Draft,waterfall-view:W014; waterfall-view:W015; waterfall-view:W016,AngularTesting_Distance_linklist_BS.csv; TestStyleNodelist_snp.csv; TestStyleEdgelist_snp.csv,cypress/e2e/journeys/flows/waterfall-details-uploaded.cy.ts,Grouped from 3 QA tracker row(s): Cluster row expansion metadata and formatting; Node row expansion metadata; Link row expansion metadata. Source areas: Waterfall Details.,Generated as a grouped user story from QA tracker evidence. Review title and behavior language before enabling story_sync.,2026-04-22
