{
    "type": "FeatureCollection",
    "features": [    
        {
            "type": "Feature",
            "geometry": {
                "type": "MultiPolygon",
                "coordinates": [

                    [
                        [
                            [
                                -100.000381,
                                34.746461
                            ],
                            [
                                -100.000381,
                                34.746358
                            ],
                            [
                                -100.000381,
                                34.560509
                            ],
                            [
                                -99.997853,
                                34.561485
                            ],
                            [
                                -99.954567,
                                34.578195
                            ],
                            [
                                -99.94572,
                                34.579273
                            ],
                            [
                                -99.923211,
                                34.574552
                            ],
                            [
                                -99.884842,
                                34.546953
                            ],
                            [
                                -99.874403,
                                34.537095
                            ],
                            [
                                -99.872357,
                                34.532096
                            ],
                            [
                                -99.864922,
                                34.523018
                            ],
                            [
                                -99.846399,
                                34.505045
                            ],
                            [
                                -99.793684,
                                34.453894
                            ],
                            [
                                -99.767234,
                                34.430502
                            ],
                            [
                                -99.69497,
                                34.378333
                            ],
                            [
                                -99.663948,
                                34.37368
                            ],
                            [
                                -99.616793,
                                34.375391
                            ],
                            [
                                -99.58006,
                                34.416653
                            ],
                            [
                                -99.574367,
                                34.418281
                            ],
                            [
                                -99.515385,
                                34.414333
                            ],
                            [
                                -99.499875,
                                34.409608
                            ],
                            [
                                -99.474161,
                                34.398052
                            ],
                            [
                                -99.453477,
                                34.388756
                            ],
                            [
                                -99.44076,
                                34.374123
                            ],
                            [
                                -99.407168,
                                34.372605
                            ],
                            [
                                -99.398635,
                                34.375832
                            ],
                            [
                                -99.356713,
                                34.442144
                            ],
                            [
                                -99.261321,
                                34.403499
                            ],
                            [
                                -99.211423,
                                34.337897
                            ],
                            [
                                -99.211396,
                                34.337688
                            ],
                            [
                                -99.209724,
                                34.324935
                            ],
                            [
                                -99.2116,
                                34.31397
                            ],
                            [
                                -99.211648,
                                34.292232
                            ],
                            [
                                -99.19089,
                                34.215251
                            ],
                            [
                                -99.157114,
                                34.207414
                            ],
                            [
                                -99.119204,
                                34.201747
                            ],
                            [
                                -99.060344,
                                34.204761
                            ],
                            [
                                -98.966743,
                                34.201185
                            ],
                            [
                                -98.952527,
                                34.195621
                            ],
                            [
                                -98.920042,
                                34.182908
                            ],
                            [
                                -98.858419,
                                34.152732
                            ],
                            [
                                -98.76557,
                                34.136376
                            ],
                            [
                                -98.700182,
                                34.135995
                            ],
                            [
                                -98.665824,
                                34.151617
                            ],
                            [
                                -98.652347,
                                34.161029
                            ],
                            [
                                -98.637575,
                                34.162284
                            ],
                            [
                                -98.610112,
                                34.161039
                            ],
                            [
                                -98.599789,
                                34.160571
                            ],
                            [
                                -98.577356,
                                34.1491
                            ],
                            [
                                -98.553717,
                                34.13366
                            ],
                            [
                                -98.504182,
                                34.072371
                            ],
                            [
                                -98.475066,
                                34.064269
                            ],
                            [
                                -98.433769,
                                34.096116
                            ],
                            [
                                -98.400494,
                                34.121778
                            ],
                            [
                                -98.398441,
                                34.128456
                            ],
                            [
                                -98.383222,
                                34.147806
                            ],
                            [
                                -98.364023,
                                34.157109
                            ],
                            [
                                -98.325445,
                                34.151025
                            ],
                            [
                                -98.300209,
                                34.134579
                            ],
                            [
                                -98.293901,
                                34.13302
                            ],
                            [
                                -98.200075,
                                34.116783
                            ],
                            [
                                -98.16912,
                                34.114171
                            ],
                            [
                                -98.106261,
                                34.033696
                            ],
                            [
                                -98.088203,
                                34.005481
                            ],
                            [
                                -98.08526,
                                34.003259
                            ],
                            [
                                -98.041117,
                                33.993456
                            ],
                            [
                                -98.019485,
                                33.993804
                            ],
                            [
                                -97.983521,
                                34.001559
                            ],
                            [
                                -97.94573,
                                33.989839
                            ],
                            [
                                -97.953395,
                                33.936445
                            ],
                            [
                                -97.977859,
                                33.889929
                            ],
                            [
                                -97.97781,
                                33.889894
                            ],
                            [
                                -97.966706,
                                33.881949
                            ],
                            [
                                -97.877387,
                                33.850236
                            ],
                            [
                                -97.865765,
                                33.849393
                            ],
                            [
                                -97.834333,
                                33.857671
                            ],
                            [
                                -97.785317,
                                33.890701
                            ],
                            [
                                -97.733723,
                                33.936392
                            ],
                            [
                                -97.700477,
                                33.972246
                            ],
                            [
                                -97.69311,
                                33.983699
                            ],
                            [
                                -97.688023,
                                33.986607
                            ],
                            [
                                -97.671772,
                                33.99137
                            ],
                            [
                                -97.65621,
                                33.989488
                            ],
                            [
                                -97.609091,
                                33.968093
                            ],
                            [
                                -97.589598,
                                33.953554
                            ],
                            [
                                -97.588828,
                                33.951882
                            ],
                            [
                                -97.597115,
                                33.917868
                            ],
                            [
                                -97.596289,
                                33.913769
                            ],
                            [
                                -97.587441,
                                33.902479
                            ],
                            [
                                -97.581041,
                                33.900396
                            ],
                            [
                                -97.561054,
                                33.898006
                            ],
                            [
                                -97.555002,
                                33.897282
                            ],
                            [
                                -97.545526,
                                33.900396
                            ],
                            [
                                -97.519171,
                                33.913638
                            ],
                            [
                                -97.50096,
                                33.919643
                            ],
                            [
                                -97.486505,
                                33.916994
                            ],
                            [
                                -97.484071,
                                33.91568
                            ],
                            [
                                -97.458069,
                                33.901635
                            ],
                            [
                                -97.450954,
                                33.891398
                            ],
                            [
                                -97.451469,
                                33.87093
                            ],
                            [
                                -97.457617,
                                33.855126
                            ],
                            [
                                -97.461486,
                                33.84956
                            ],
                            [
                                -97.462857,
                                33.841772
                            ],
                            [
                                -97.459068,
                                33.834581
                            ],
                            [
                                -97.453057,
                                33.828536
                            ],
                            [
                                -97.444193,
                                33.823773
                            ],
                            [
                                -97.426493,
                                33.819398
                            ],
                            [
                                -97.372941,
                                33.819454
                            ],
                            [
                                -97.310843,
                                33.872461
                            ],
                            [
                                -97.226522,
                                33.914642
                            ],
                            [
                                -97.210921,
                                33.916064
                            ],
                            [
                                -97.185458,
                                33.9007
                            ],
                            [
                                -97.180845,
                                33.895204
                            ],
                            [
                                -97.166629,
                                33.847311
                            ],
                            [
                                -97.166824,
                                33.840395
                            ],
                            [
                                -97.171627,
                                33.835335
                            ],
                            [
                                -97.18137,
                                33.831375
                            ],
                            [
                                -97.194678,
                                33.831192
                            ],
                            [
                                -97.1997,
                                33.827322
                            ],
                            [
                                -97.204995,
                                33.81887
                            ],
                            [
                                -97.204827,
                                33.799908
                            ],
                            [
                                -97.172192,
                                33.737545
                            ],
                            [
                                -97.163149,
                                33.729322
                            ],
                            [
                                -97.162803,
                                33.729127
                            ],
                            [
                                -97.151257,
                                33.722608
                            ],
                            [
                                -97.13753,
                                33.718664
                            ],
                            [
                                -97.121102,
                                33.717174
                            ],
                            [
                                -97.107183,
                                33.721119
                            ],
                            [
                                -97.097154,
                                33.727809
                            ],
                            [
                                -97.092414,
                                33.733214
                            ],
                            [
                                -97.047972,
                                33.817931
                            ],
                            [
                                -97.00613,
                                33.861884
                            ],
                            [
                                -96.985567,
                                33.886522
                            ],
                            [
                                -96.97287,
                                33.935698
                            ],
                            [
                                -96.944611,
                                33.948994
                            ],
                            [
                                -96.934508,
                                33.953748
                            ],
                            [
                                -96.922114,
                                33.959579
                            ],
                            [
                                -96.9163,
                                33.957798
                            ],
                            [
                                -96.907387,
                                33.950025
                            ],
                            [
                                -96.899442,
                                33.933728
                            ],
                            [
                                -96.895728,
                                33.896414
                            ],
                            [
                                -96.88301,
                                33.868019
                            ],
                            [
                                -96.866438,
                                33.853149
                            ],
                            [
                                -96.85609,
                                33.84749
                            ],
                            [
                                -96.761588,
                                33.824406
                            ],
                            [
                                -96.712422,
                                33.831633
                            ],
                            [
                                -96.707274,
                                33.835398
                            ],
                            [
                                -96.700952,
                                33.840748
                            ],
                            [
                                -96.694629,
                                33.849988
                            ],
                            [
                                -96.68928,
                                33.86166
                            ],
                            [
                                -96.685389,
                                33.872846
                            ],
                            [
                                -96.682471,
                                33.883059
                            ],
                            [
                                -96.67858,
                                33.892786
                            ],
                            [
                                -96.672258,
                                33.899595
                            ],
                            [
                                -96.65864,
                                33.900081
                            ],
                            [
                                -96.646968,
                                33.895218
                            ],
                            [
                                -96.633351,
                                33.889382
                            ],
                            [
                                -96.622165,
                                33.885977
                            ],
                            [
                                -96.615356,
                                33.881114
                            ],
                            [
                                -96.613494,
                                33.878321
                            ],
                            [
                                -96.611466,
                                33.875278
                            ],
                            [
                                -96.612963,
                                33.867651
                            ],
                            [
                                -96.615843,
                                33.853393
                            ],
                            [
                                -96.61487,
                                33.841234
                            ],
                            [
                                -96.612925,
                                33.833939
                            ],
                            [
                                -96.500268,
                                33.772583
                            ],
                            [
                                -96.448045,
                                33.781031
                            ],
                            [
                                -96.436455,
                                33.78005
                            ],
                            [
                                -96.423362,
                                33.776365
                            ],
                            [
                                -96.378473,
                                33.726648
                            ],
                            [
                                -96.36959,
                                33.716809
                            ],
                            [
                                -96.304675,
                                33.745901
                            ],
                            [
                                -96.229859,
                                33.74832
                            ],
                            [
                                -96.220521,
                                33.74739
                            ],
                            [
                                -96.1999,
                                33.752117
                            ],
                            [
                                -96.181704,
                                33.758504
                            ],
                            [
                                -96.170055,
                                33.76917
                            ],
                            [
                                -96.1641,
                                33.784261
                            ],
                            [
                                -96.156717,
                                33.813324
                            ],
                            [
                                -96.14807,
                                33.837799
                            ],
                            [
                                -96.097526,
                                33.847544
                            ],
                            [
                                -95.949935,
                                33.857452
                            ],
                            [
                                -95.846334,
                                33.841136
                            ],
                            [
                                -95.82468,
                                33.837726
                            ],
                            [
                                -95.763622,
                                33.847954
                            ],
                            [
                                -95.757156,
                                33.867293
                            ],
                            [
                                -95.599678,
                                33.934247
                            ],
                            [
                                -95.567022,
                                33.932697
                            ],
                            [
                                -95.559414,
                                33.930179
                            ],
                            [
                                -95.549145,
                                33.90795
                            ],
                            [
                                -95.549475,
                                33.901311
                            ],
                            [
                                -95.552331,
                                33.89442
                            ],
                            [
                                -95.552085,
                                33.888422
                            ],
                            [
                                -95.548325,
                                33.882744
                            ],
                            [
                                -95.544346,
                                33.880111
                            ],
                            [
                                -95.445751,
                                33.86885
                            ],
                            [
                                -95.407795,
                                33.866308
                            ],
                            [
                                -95.339758,
                                33.868752
                            ],
                            [
                                -95.310475,
                                33.871481
                            ],
                            [
                                -95.287565,
                                33.873617
                            ],
                            [
                                -95.260815,
                                33.887653
                            ],
                            [
                                -95.255541,
                                33.892047
                            ],
                            [
                                -95.249922,
                                33.902024
                            ],
                            [
                                -95.2482,
                                33.912327
                            ],
                            [
                                -95.249807,
                                33.922241
                            ],
                            [
                                -95.253623,
                                33.92971
                            ],
                            [
                                -95.252906,
                                33.933648
                            ],
                            [
                                -95.231113,
                                33.960361
                            ],
                            [
                                -95.226393,
                                33.961954
                            ],
                            [
                                -95.219358,
                                33.961567
                            ],
                            [
                                -95.155981,
                                33.944027
                            ],
                            [
                                -95.129572,
                                33.936718
                            ],
                            [
                                -95.067253,
                                33.917351
                            ],
                            [
                                -95.063459,
                                33.91404
                            ],
                            [
                                -95.062284,
                                33.903618
                            ],
                            [
                                -95.039452,
                                33.860621
                            ],
                            [
                                -94.8693,
                                33.745871
                            ],
                            [
                                -94.822473,
                                33.732716
                            ],
                            [
                                -94.760604,
                                33.727054
                            ],
                            [
                                -94.746096,
                                33.703016
                            ],
                            [
                                -94.735128,
                                33.691267
                            ],
                            [
                                -94.660964,
                                33.660322
                            ],
                            [
                                -94.52838,
                                33.615995
                            ],
                            [
                                -94.524055,
                                33.615765
                            ],
                            [
                                -94.490684,
                                33.625586
                            ],
                            [
                                -94.487611,
                                33.628544
                            ],
                            [
                                -94.485875,
                                33.637867
                            ],
                            [
                                -94.478366,
                                33.620847
                            ],
                            [
                                -94.470963,
                                33.60594
                            ],
                            [
                                -94.464336,
                                33.598819
                            ],
                            [
                                -94.409329,
                                33.568265
                            ],
                            [
                                -94.355945,
                                33.54318
                            ],
                            [
                                -94.257801,
                                33.582508
                            ],
                            [
                                -94.252656,
                                33.586144
                            ],
                            [
                                -94.181805,
                                33.593217
                            ],
                            [
                                -94.085243,
                                33.575546
                            ],
                            [
                                -94.066846,
                                33.568909
                            ],
                            [
                                -94.04345,
                                33.552253
                            ],
                            [
                                -94.043428,
                                33.551425
                            ],
                            [
                                -94.043375,
                                33.542315
                            ],
                            [
                                -94.043009,
                                33.493039
                            ],
                            [
                                -94.043279,
                                33.49103
                            ],
                            [
                                -94.043188,
                                33.470324
                            ],
                            [
                                -94.042988,
                                33.435824
                            ],
                            [
                                -94.042988,
                                33.431024
                            ],
                            [
                                -94.042887,
                                33.420225
                            ],
                            [
                                -94.043053,
                                33.377716
                            ],
                            [
                                -94.042869,
                                33.37117
                            ],
                            [
                                -94.043128,
                                33.358757
                            ],
                            [
                                -94.043067,
                                33.352097
                            ],
                            [
                                -94.043067,
                                33.347351
                            ],
                            [
                                -94.043067,
                                33.330498
                            ],
                            [
                                -94.04299,
                                33.271243
                            ],
                            [
                                -94.04299,
                                33.271227
                            ],
                            [
                                -94.04305,
                                33.260904
                            ],
                            [
                                -94.043004,
                                33.250128
                            ],
                            [
                                -94.04273,
                                33.241823
                            ],
                            [
                                -94.042876,
                                33.215219
                            ],
                            [
                                -94.042892,
                                33.202666
                            ],
                            [
                                -94.042875,
                                33.199785
                            ],
                            [
                                -94.043185,
                                33.143476
                            ],
                            [
                                -94.043077,
                                33.138162
                            ],
                            [
                                -94.043007,
                                33.13389
                            ],
                            [
                                -94.04287,
                                33.092727
                            ],
                            [
                                -94.043036,
                                33.079485
                            ],
                            [
                                -94.042964,
                                33.019219
                            ],
                            [
                                -94.043088,
                                32.955592
                            ],
                            [
                                -94.043067,
                                32.937903
                            ],
                            [
                                -94.043092,
                                32.910021
                            ],
                            [
                                -94.042885,
                                32.898911
                            ],
                            [
                                -94.042859,
                                32.892771
                            ],
                            [
                                -94.042886,
                                32.881089
                            ],
                            [
                                -94.042886,
                                32.880965
                            ],
                            [
                                -94.043025,
                                32.880446
                            ],
                            [
                                -94.042785,
                                32.871486
                            ],
                            [
                                -94.043026,
                                32.797476
                            ],
                            [
                                -94.042747,
                                32.786973
                            ],
                            [
                                -94.042829,
                                32.785277
                            ],
                            [
                                -94.042938,
                                32.780558
                            ],
                            [
                                -94.043027,
                                32.776863
                            ],
                            [
                                -94.042947,
                                32.767991
                            ],
                            [
                                -94.043147,
                                32.693031
                            ],
                            [
                                -94.043147,
                                32.69303
                            ],
                            [
                                -94.042913,
                                32.655127
                            ],
                            [
                                -94.04278,
                                32.643466
                            ],
                            [
                                -94.042824,
                                32.640305
                            ],
                            [
                                -94.042926,
                                32.622015
                            ],
                            [
                                -94.042929,
                                32.61826
                            ],
                            [
                                -94.042919,
                                32.610142
                            ],
                            [
                                -94.043083,
                                32.564261
                            ],
                            [
                                -94.043142,
                                32.559502
                            ],
                            [
                                -94.043081,
                                32.513613
                            ],
                            [
                                -94.042885,
                                32.505145
                            ],
                            [
                                -94.042911,
                                32.492852
                            ],
                            [
                                -94.043089,
                                32.486561
                            ],
                            [
                                -94.043072,
                                32.4843
                            ],
                            [
                                -94.042955,
                                32.480261
                            ],
                            [
                                -94.042995,
                                32.478004
                            ],
                            [
                                -94.042902,
                                32.472906
                            ],
                            [
                                -94.042875,
                                32.471348
                            ],
                            [
                                -94.042903,
                                32.470386
                            ],
                            [
                                -94.042908,
                                32.439891
                            ],
                            [
                                -94.042986,
                                32.435507
                            ],
                            [
                                -94.042899,
                                32.400659
                            ],
                            [
                                -94.042923,
                                32.399918
                            ],
                            [
                                -94.042901,
                                32.392283
                            ],
                            [
                                -94.042763,
                                32.373332
                            ],
                            [
                                -94.042739,
                                32.363559
                            ],
                            [
                                -94.042733,
                                32.269696
                            ],
                            [
                                -94.042732,
                                32.26962
                            ],
                            [
                                -94.042662,
                                32.218146
                            ],
                            [
                                -94.042621,
                                32.196005
                            ],
                            [
                                -94.042566,
                                32.166894
                            ],
                            [
                                -94.042539,
                                32.166826
                            ],
                            [
                                -94.042591,
                                32.158097
                            ],
                            [
                                -94.042681,
                                32.137956
                            ],
                            [
                                -94.042337,
                                32.119914
                            ],
                            [
                                -94.0427,
                                32.056012
                            ],
                            [
                                -94.04272,
                                31.999265
                            ],
                            [
                                -94.01563,
                                31.979856
                            ],
                            [
                                -93.975377,
                                31.92366
                            ],
                            [
                                -93.932135,
                                31.893672
                            ],
                            [
                                -93.92029,
                                31.888651
                            ],
                            [
                                -93.889193,
                                31.856819
                            ],
                            [
                                -93.878225,
                                31.844276
                            ],
                            [
                                -93.840029,
                                31.800596
                            ],
                            [
                                -93.812477,
                                31.715246
                            ],
                            [
                                -93.817059,
                                31.671694
                            ],
                            [
                                -93.82629,
                                31.614903
                            ],
                            [
                                -93.834924,
                                31.586211
                            ],
                            [
                                -93.834923,
                                31.58621
                            ],
                            [
                                -93.818582,
                                31.554826
                            ],
                            [
                                -93.798087,
                                31.534044
                            ],
                            [
                                -93.729613,
                                31.487922
                            ],
                            [
                                -93.695866,
                                31.409392
                            ],
                            [
                                -93.670182,
                                31.387184
                            ],
                            [
                                -93.640805,
                                31.372546
                            ],
                            [
                                -93.671676,
                                31.299586
                            ],
                            [
                                -93.644407,
                                31.27711
                            ],
                            [
                                -93.620829,
                                31.271299
                            ],
                            [
                                -93.614402,
                                31.260869
                            ],
                            [
                                -93.608158,
                                31.227835
                            ],
                            [
                                -93.607243,
                                31.204806
                            ],
                            [
                                -93.602315,
                                31.181742
                            ],
                            [
                                -93.599705,
                                31.176456
                            ],
                            [
                                -93.598828,
                                31.174679
                            ],
                            [
                                -93.588503,
                                31.165581
                            ],
                            [
                                -93.579215,
                                31.167422
                            ],
                            [
                                -93.552649,
                                31.185575
                            ],
                            [
                                -93.55254,
                                31.185605
                            ],
                            [
                                -93.548931,
                                31.186601
                            ],
                            [
                                -93.535097,
                                31.185614
                            ],
                            [
                                -93.531744,
                                31.180817
                            ],
                            [
                                -93.527644,
                                31.074509
                            ],
                            [
                                -93.540354,
                                31.008135
                            ],
                            [
                                -93.530936,
                                30.924534
                            ],
                            [
                                -93.554576,
                                30.87747
                            ],
                            [
                                -93.55497,
                                30.876685
                            ],
                            [
                                -93.558617,
                                30.869424
                            ],
                            [
                                -93.558672,
                                30.868829
                            ],
                            [
                                -93.563292,
                                30.818503
                            ],
                            [
                                -93.578395,
                                30.802047
                            ],
                            [
                                -93.727844,
                                30.57407
                            ],
                            [
                                -93.740045,
                                30.538765
                            ],
                            [
                                -93.710117,
                                30.5064
                            ],
                            [
                                -93.697828,
                                30.443838
                            ],
                            [
                                -93.698302,
                                30.438657
                            ],
                            [
                                -93.702665,
                                30.429947
                            ],
                            [
                                -93.741701,
                                30.403007
                            ],
                            [
                                -93.751437,
                                30.396288
                            ],
                            [
                                -93.757654,
                                30.390423
                            ],
                            [
                                -93.765822,
                                30.333318
                            ],
                            [
                                -93.735896,
                                30.29944
                            ],
                            [
                                -93.723586,
                                30.294951
                            ],
                            [
                                -93.720575,
                                30.295961
                            ],
                            [
                                -93.716223,
                                30.244318
                            ],
                            [
                                -93.712008,
                                30.194304
                            ],
                            [
                                -93.695252,
                                30.1476
                            ],
                            [
                                -93.695684,
                                30.135729
                            ],
                            [
                                -93.712101,
                                30.067346
                            ],
                            [
                                -93.721589,
                                30.051939
                            ],
                            [
                                -93.722481,
                                30.050898
                            ],
                            [
                                -93.752038,
                                30.016403
                            ],
                            [
                                -93.75663,
                                30.014163
                            ],
                            [
                                -93.789431,
                                29.987812
                            ],
                            [
                                -93.840799,
                                29.914423
                            ],
                            [
                                -93.890679,
                                29.843159
                            ],
                            [
                                -93.89847,
                                29.771577
                            ],
                            [
                                -93.892246,
                                29.765241
                            ],
                            [
                                -93.837971,
                                29.690619
                            ],
                            [
                                -93.852868,
                                29.675885
                            ],
                            [
                                -93.866981,
                                29.673085
                            ],
                            [
                                -93.88999,
                                29.674013
                            ],
                            [
                                -93.931,
                                29.679612
                            ],
                            [
                                -94.001406,
                                29.681486
                            ],
                            [
                                -94.056506,
                                29.671163
                            ],
                            [
                                -94.132577,
                                29.646217
                            ],
                            [
                                -94.354163,
                                29.561459
                            ],
                            [
                                -94.370866,
                                29.55507
                            ],
                            [
                                -94.500807,
                                29.505367
                            ],
                            [
                                -94.594853,
                                29.467903
                            ],
                            [
                                -94.631084,
                                29.451464
                            ],
                            [
                                -94.670389,
                                29.43078
                            ],
                            [
                                -94.694158,
                                29.415632
                            ],
                            [
                                -94.708473,
                                29.403049
                            ],
                            [
                                -94.723959,
                                29.383268
                            ],
                            [
                                -94.731047,
                                29.369141
                            ],
                            [
                                -94.744834,
                                29.369158
                            ],
                            [
                                -94.761491,
                                29.361883
                            ],
                            [
                                -94.778691,
                                29.361483
                            ],
                            [
                                -94.782356,
                                29.364266
                            ],
                            [
                                -94.783131,
                                29.375642
                            ],
                            [
                                -94.766848,
                                29.393489
                            ],
                            [
                                -94.7541,
                                29.401
                            ],
                            [
                                -94.723818,
                                29.426536
                            ],
                            [
                                -94.706365,
                                29.436805
                            ],
                            [
                                -94.686386,
                                29.466509
                            ],
                            [
                                -94.681541,
                                29.471389
                            ],
                            [
                                -94.6724,
                                29.476843
                            ],
                            [
                                -94.665853,
                                29.478401
                            ],
                            [
                                -94.656737,
                                29.478033
                            ],
                            [
                                -94.645948,
                                29.473769
                            ],
                            [
                                -94.628217,
                                29.475986
                            ],
                            [
                                -94.608557,
                                29.483345
                            ],
                            [
                                -94.594211,
                                29.492127
                            ],
                            [
                                -94.59544,
                                29.507669
                            ],
                            [
                                -94.591407,
                                29.513858
                            ],
                            [
                                -94.580274,
                                29.525295
                            ],
                            [
                                -94.566674,
                                29.531988
                            ],
                            [
                                -94.55399,
                                29.529559
                            ],
                            [
                                -94.546994,
                                29.524379
                            ],
                            [
                                -94.532348,
                                29.5178
                            ],
                            [
                                -94.511045,
                                29.51965
                            ],
                            [
                                -94.495025,
                                29.525031
                            ],
                            [
                                -94.503429,
                                29.54325
                            ],
                            [
                                -94.509487,
                                29.54259
                            ],
                            [
                                -94.511086,
                                29.542971
                            ],
                            [
                                -94.522421,
                                29.545672
                            ],
                            [
                                -94.523743,
                                29.545987
                            ],
                            [
                                -94.526336,
                                29.552634
                            ],
                            [
                                -94.532021,
                                29.558379
                            ],
                            [
                                -94.541108,
                                29.567561
                            ],
                            [
                                -94.542532,
                                29.569
                            ],
                            [
                                -94.546385,
                                29.572048
                            ],
                            [
                                -94.553988,
                                29.573882
                            ],
                            [
                                -94.570006,
                                29.572232
                            ],
                            [
                                -94.570593,
                                29.571878
                            ],
                            [
                                -94.570867,
                                29.571713
                            ],
                            [
                                -94.578211,
                                29.567281
                            ],
                            [
                                -94.593518,
                                29.561319
                            ],
                            [
                                -94.610147,
                                29.556947
                            ],
                            [
                                -94.618028,
                                29.554875
                            ],
                            [
                                -94.621819,
                                29.553878
                            ],
                            [
                                -94.621953,
                                29.553843
                            ],
                            [
                                -94.62589,
                                29.552808
                            ],
                            [
                                -94.682706,
                                29.539825
                            ],
                            [
                                -94.689353,
                                29.538306
                            ],
                            [
                                -94.691625,
                                29.537787
                            ],
                            [
                                -94.718276,
                                29.533547
                            ],
                            [
                                -94.740699,
                                29.525858
                            ],
                            [
                                -94.755514,
                                29.524776
                            ],
                            [
                                -94.757689,
                                29.524617
                            ],
                            [
                                -94.757788,
                                29.524626
                            ],
                            [
                                -94.757883,
                                29.524635
                            ],
                            [
                                -94.767246,
                                29.525523
                            ],
                            [
                                -94.768676,
                                29.525659
                            ],
                            [
                                -94.769418,
                                29.525988
                            ],
                            [
                                -94.769573,
                                29.526057
                            ],
                            [
                                -94.77084,
                                29.526618
                            ],
                            [
                                -94.774571,
                                29.528271
                            ],
                            [
                                -94.774798,
                                29.528372
                            ],
                            [
                                -94.779674,
                                29.530533
                            ],
                            [
                                -94.779708,
                                29.530548
                            ],
                            [
                                -94.779831,
                                29.530602
                            ],
                            [
                                -94.780938,
                                29.531093
                            ],
                            [
                                -94.783296,
                                29.535314
                            ],
                            [
                                -94.784034,
                                29.536635
                            ],
                            [
                                -94.786512,
                                29.541073
                            ],
                            [
                                -94.786649,
                                29.541319
                            ],
                            [
                                -94.78954,
                                29.546494
                            ],
                            [
                                -94.790605,
                                29.548401
                            ],
                            [
                                -94.779439,
                                29.549472
                            ],
                            [
                                -94.771053,
                                29.548439
                            ],
                            [
                                -94.755237,
                                29.562782
                            ],
                            [
                                -94.734626,
                                29.584046
                            ],
                            [
                                -94.708741,
                                29.625226
                            ],
                            [
                                -94.693154,
                                29.694453
                            ],
                            [
                                -94.692434,
                                29.70361
                            ],
                            [
                                -94.695317,
                                29.723052
                            ],
                            [
                                -94.724616,
                                29.774766
                            ],
                            [
                                -94.735271,
                                29.785433
                            ],
                            [
                                -94.740919,
                                29.787081
                            ],
                            [
                                -94.771512,
                                29.773889
                            ],
                            [
                                -94.792238,
                                29.767433
                            ],
                            [
                                -94.816085,
                                29.75671
                            ],
                            [
                                -94.851108,
                                29.721373
                            ],
                            [
                                -94.865007,
                                29.695337
                            ],
                            [
                                -94.867438,
                                29.678768
                            ],
                            [
                                -94.872551,
                                29.67125
                            ],
                            [
                                -94.893107,
                                29.661336
                            ],
                            [
                                -94.915413,
                                29.656614
                            ],
                            [
                                -94.921318,
                                29.658178
                            ],
                            [
                                -94.931154,
                                29.673874
                            ],
                            [
                                -94.934167,
                                29.678682
                            ],
                            [
                                -94.936089,
                                29.692704
                            ],
                            [
                                -94.942681,
                                29.697778
                            ],
                            [
                                -94.965963,
                                29.70033
                            ],
                            [
                                -94.972666,
                                29.68487
                            ],
                            [
                                -94.988924,
                                29.672202
                            ],
                            [
                                -95.005398,
                                29.659366
                            ],
                            [
                                -95.005648,
                                29.658985
                            ],
                            [
                                -95.006381,
                                29.657871
                            ],
                            [
                                -95.007623,
                                29.65598
                            ],
                            [
                                -95.011025,
                                29.650803
                            ],
                            [
                                -95.011683,
                                29.649802
                            ],
                            [
                                -95.01272,
                                29.647088
                            ],
                            [
                                -95.013777,
                                29.644322
                            ],
                            [
                                -95.015636,
                                29.639457
                            ],
                            [
                                -95.0156,
                                29.639285
                            ],
                            [
                                -95.013623,
                                29.62979
                            ],
                            [
                                -95.013499,
                                29.629194
                            ],
                            [
                                -95.01166,
                                29.627768
                            ],
                            [
                                -95.000781,
                                29.619331
                            ],
                            [
                                -95.00046,
                                29.619082
                            ],
                            [
                                -94.999481,
                                29.618323
                            ],
                            [
                                -94.999082,
                                29.618014
                            ],
                            [
                                -94.988871,
                                29.610095
                            ],
                            [
                                -94.984831,
                                29.604361
                            ],
                            [
                                -94.982936,
                                29.60167
                            ],
                            [
                                -94.982706,
                                29.601344
                            ],
                            [
                                -94.982855,
                                29.601103
                            ],
                            [
                                -94.982923,
                                29.600992
                            ],
                            [
                                -94.988993,
                                29.591155
                            ],
                            [
                                -95.00767,
                                29.574257
                            ],
                            [
                                -95.016145,
                                29.559336
                            ],
                            [
                                -95.016353,
                                29.55897
                            ],
                            [
                                -95.016627,
                                29.558487
                            ],
                            [
                                -95.016672,
                                29.558388
                            ],
                            [
                                -95.018253,
                                29.554885
                            ],
                            [
                                -95.018198,
                                29.554618
                            ],
                            [
                                -95.018191,
                                29.554584
                            ],
                            [
                                -95.016889,
                                29.548303
                            ],
                            [
                                -95.015165,
                                29.539989
                            ],
                            [
                                -95.013378,
                                29.537822
                            ],
                            [
                                -94.999581,
                                29.521093
                            ],
                            [
                                -94.981916,
                                29.511141
                            ],
                            [
                                -94.958443,
                                29.505013
                            ],
                            [
                                -94.934876,
                                29.501079
                            ],
                            [
                                -94.933483,
                                29.500847
                            ],
                            [
                                -94.933039,
                                29.500773
                            ],
                            [
                                -94.909898,
                                29.49691
                            ],
                            [
                                -94.909465,
                                29.496838
                            ],
                            [
                                -94.913385,
                                29.487254
                            ],
                            [
                                -94.925914,
                                29.469047
                            ],
                            [
                                -94.930861,
                                29.450504
                            ],
                            [
                                -94.919401,
                                29.448031
                            ],
                            [
                                -94.8908,
                                29.433432
                            ],
                            [
                                -94.8873,
                                29.415132
                            ],
                            [
                                -94.886536,
                                29.366386
                            ],
                            [
                                -94.894234,
                                29.338
                            ],
                            [
                                -94.893994,
                                29.30817
                            ],
                            [
                                -94.886536,
                                29.297826
                            ],
                            [
                                -94.875952,
                                29.293015
                            ],
                            [
                                -94.865126,
                                29.293977
                            ],
                            [
                                -94.84973,
                                29.297345
                            ],
                            [
                                -94.824953,
                                29.306005
                            ],
                            [
                                -94.822547,
                                29.321882
                            ],
                            [
                                -94.822307,
                                29.344254
                            ],
                            [
                                -94.810696,
                                29.353435
                            ],
                            [
                                -94.784895,
                                29.335535
                            ],
                            [
                                -94.779995,
                                29.334935
                            ],
                            [
                                -94.777064,
                                29.336811
                            ],
                            [
                                -94.745529,
                                29.334235
                            ],
                            [
                                -94.744945,
                                29.33641
                            ],
                            [
                                -94.73132,
                                29.338066
                            ],
                            [
                                -94.72253,
                                29.331446
                            ],
                            [
                                -94.731082,
                                29.331833
                            ],
                            [
                                -94.769695,
                                29.304936
                            ],
                            [
                                -94.786095,
                                29.290737
                            ],
                            [
                                -94.803695,
                                29.279237
                            ],
                            [
                                -95.026219,
                                29.148064
                            ],
                            [
                                -95.081773,
                                29.111222
                            ],
                            [
                                -95.110484,
                                29.088224
                            ],
                            [
                                -95.119271,
                                29.077844
                            ],
                            [
                                -95.122525,
                                29.074
                            ],
                            [
                                -95.125134,
                                29.067321
                            ],
                            [
                                -95.191391,
                                29.02309
                            ],
                            [
                                -95.238924,
                                28.988644
                            ],
                            [
                                -95.272266,
                                28.961546
                            ],
                            [
                                -95.297147,
                                28.934073
                            ],
                            [
                                -95.309704,
                                28.928262
                            ],
                            [
                                -95.353451,
                                28.898145
                            ],
                            [
                                -95.376979,
                                28.87616
                            ],
                            [
                                -95.38239,
                                28.866348
                            ],
                            [
                                -95.416174,
                                28.859482
                            ],
                            [
                                -95.439594,
                                28.859022
                            ],
                            [
                                -95.486769,
                                28.836287
                            ],
                            [
                                -95.507041,
                                28.824755
                            ],
                            [
                                -95.568136,
                                28.789998
                            ],
                            [
                                -95.812504,
                                28.664942
                            ],
                            [
                                -95.884026,
                                28.633098
                            ],
                            [
                                -96.000682,
                                28.588238
                            ],
                            [
                                -96.077868,
                                28.556626
                            ],
                            [
                                -96.194412,
                                28.502224
                            ],
                            [
                                -96.220376,
                                28.491966
                            ],
                            [
                                -96.244751,
                                28.475055
                            ],
                            [
                                -96.270391,
                                28.46193
                            ],
                            [
                                -96.303212,
                                28.441871
                            ],
                            [
                                -96.32156,
                                28.425148
                            ],
                            [
                                -96.328817,
                                28.423659
                            ],
                            [
                                -96.341617,
                                28.417334
                            ],
                            [
                                -96.371117,
                                28.397661
                            ],
                            [
                                -96.372101,
                                28.393875
                            ],
                            [
                                -96.370717,
                                28.387667
                            ],
                            [
                                -96.378616,
                                28.383909
                            ],
                            [
                                -96.379372,
                                28.386089
                            ],
                            [
                                -96.381864,
                                28.393276
                            ],
                            [
                                -96.37596,
                                28.401682
                            ],
                            [
                                -96.374138,
                                28.404275
                            ],
                            [
                                -96.335119,
                                28.437795
                            ],
                            [
                                -96.268341,
                                28.477992
                            ],
                            [
                                -96.223825,
                                28.495067
                            ],
                            [
                                -96.218978,
                                28.500383
                            ],
                            [
                                -96.21505,
                                28.509679
                            ],
                            [
                                -96.145448,
                                28.544741
                            ],
                            [
                                -96.104735,
                                28.559499
                            ],
                            [
                                -96.046211,
                                28.58698
                            ],
                            [
                                -96.032979,
                                28.589016
                            ],
                            [
                                -96.007534,
                                28.599703
                            ],
                            [
                                -95.98616,
                                28.606319
                            ],
                            [
                                -95.982088,
                                28.614461
                            ],
                            [
                                -95.985651,
                                28.621077
                            ],
                            [
                                -95.983106,
                                28.641942
                            ],
                            [
                                -95.978526,
                                28.650594
                            ],
                            [
                                -95.986066,
                                28.655468
                            ],
                            [
                                -95.996338,
                                28.658736
                            ],
                            [
                                -96.002954,
                                28.656192
                            ],
                            [
                                -96.006516,
                                28.648049
                            ],
                            [
                                -96.033488,
                                28.652629
                            ],
                            [
                                -96.047737,
                                28.649067
                            ],
                            [
                                -96.072165,
                                28.635326
                            ],
                            [
                                -96.099137,
                                28.624639
                            ],
                            [
                                -96.148501,
                                28.611408
                            ],
                            [
                                -96.187178,
                                28.593596
                            ],
                            [
                                -96.198374,
                                28.58698
                            ],
                            [
                                -96.221784,
                                28.580364
                            ],
                            [
                                -96.228909,
                                28.580873
                            ],
                            [
                                -96.233998,
                                28.596649
                            ],
                            [
                                -96.233998,
                                28.601738
                            ],
                            [
                                -96.222293,
                                28.607336
                            ],
                            [
                                -96.21415,
                                28.613443
                            ],
                            [
                                -96.212624,
                                28.622604
                            ],
                            [
                                -96.230944,
                                28.641433
                            ],
                            [
                                -96.208552,
                                28.662298
                            ],
                            [
                                -96.214659,
                                28.665352
                            ],
                            [
                                -96.192267,
                                28.687744
                            ],
                            [
                                -96.19125,
                                28.69436
                            ],
                            [
                                -96.19583,
                                28.69894
                            ],
                            [
                                -96.202446,
                                28.700976
                            ],
                            [
                                -96.222802,
                                28.698431
                            ],
                            [
                                -96.231453,
                                28.696395
                            ],
                            [
                                -96.256899,
                                28.68469
                            ],
                            [
                                -96.263515,
                                28.683673
                            ],
                            [
                                -96.268604,
                                28.688762
                            ],
                            [
                                -96.287942,
                                28.683164
                            ],
                            [
                                -96.304227,
                                28.671459
                            ],
                            [
                                -96.305245,
                                28.660263
                            ],
                            [
                                -96.303718,
                                28.644996
                            ],
                            [
                                -96.322921,
                                28.64186
                            ],
                            [
                                -96.328655,
                                28.640924
                            ],
                            [
                                -96.373439,
                                28.626675
                            ],
                            [
                                -96.376492,
                                28.620059
                            ],
                            [
                                -96.384635,
                                28.615988
                            ],
                            [
                                -96.473694,
                                28.57324
                            ],
                            [
                                -96.487943,
                                28.569677
                            ],
                            [
                                -96.482854,
                                28.580364
                            ],
                            [
                                -96.480309,
                                28.596649
                            ],
                            [
                                -96.485907,
                                28.607845
                            ],
                            [
                                -96.490488,
                                28.610899
                            ],
                            [
                                -96.510844,
                                28.61497
                            ],
                            [
                                -96.510335,
                                28.617515
                            ],
                            [
                                -96.497612,
                                28.625148
                            ],
                            [
                                -96.496595,
                                28.630746
                            ],
                            [
                                -96.499648,
                                28.635835
                            ],
                            [
                                -96.506264,
                                28.63838
                            ],
                            [
                                -96.54545,
                                28.645505
                            ],
                            [
                                -96.555119,
                                28.646013
                            ],
                            [
                                -96.563262,
                                28.644487
                            ],
                            [
                                -96.572931,
                                28.667897
                            ],
                            [
                                -96.570386,
                                28.674003
                            ],
                            [
                                -96.55919,
                                28.687235
                            ],
                            [
                                -96.559699,
                                28.691306
                            ],
                            [
                                -96.561226,
                                28.696395
                            ],
                            [
                                -96.566824,
                                28.697922
                            ],
                            [
                                -96.575141,
                                28.702837
                            ],
                            [
                                -96.577727,
                                28.704365
                            ],
                            [
                                -96.57802,
                                28.704538
                            ],
                            [
                                -96.579639,
                                28.712312
                            ],
                            [
                                -96.579669,
                                28.712455
                            ],
                            [
                                -96.580564,
                                28.716752
                            ],
                            [
                                -96.584091,
                                28.722798
                            ],
                            [
                                -96.584127,
                                28.722859
                            ],
                            [
                                -96.584196,
                                28.722877
                            ],
                            [
                                -96.591647,
                                28.724838
                            ],
                            [
                                -96.593796,
                                28.725403
                            ],
                            [
                                -96.604921,
                                28.72221
                            ],
                            [
                                -96.634419,
                                28.713743
                            ],
                            [
                                -96.634912,
                                28.713601
                            ],
                            [
                                -96.645867,
                                28.710457
                            ],
                            [
                                -96.648758,
                                28.709627
                            ],
                            [
                                -96.655528,
                                28.704167
                            ],
                            [
                                -96.664534,
                                28.696904
                            ],
                            [
                                -96.657918,
                                28.687744
                            ],
                            [
                                -96.635018,
                                28.668914
                            ],
                            [
                                -96.634,
                                28.654665
                            ],
                            [
                                -96.627893,
                                28.650085
                            ],
                            [
                                -96.623313,
                                28.649576
                            ],
                            [
                                -96.615679,
                                28.644487
                            ],
                            [
                                -96.61059,
                                28.638889
                            ],
                            [
                                -96.61059,
                                28.636344
                            ],
                            [
                                -96.61975,
                                28.627693
                            ],
                            [
                                -96.622804,
                                28.622095
                            ],
                            [
                                -96.611099,
                                28.585962
                            ],
                            [
                                -96.608045,
                                28.583418
                            ],
                            [
                                -96.573949,
                                28.584436
                            ],
                            [
                                -96.565297,
                                28.5824
                            ],
                            [
                                -96.564279,
                                28.576293
                            ],
                            [
                                -96.561226,
                                28.570695
                            ],
                            [
                                -96.536289,
                                28.559499
                            ],
                            [
                                -96.526111,
                                28.557972
                            ],
                            [
                                -96.52204,
                                28.55441
                            ],
                            [
                                -96.514406,
                                28.535071
                            ],
                            [
                                -96.505755,
                                28.525911
                            ],
                            [
                                -96.450284,
                                28.490796
                            ],
                            [
                                -96.419749,
                                28.467387
                            ],
                            [
                                -96.410589,
                                28.459244
                            ],
                            [
                                -96.402446,
                                28.449066
                            ],
                            [
                                -96.403973,
                                28.44245
                            ],
                            [
                                -96.46148,
                                28.421585
                            ],
                            [
                                -96.481836,
                                28.407844
                            ],
                            [
                                -96.504737,
                                28.397666
                            ],
                            [
                                -96.520513,
                                28.394104
                            ],
                            [
                                -96.542905,
                                28.385452
                            ],
                            [
                                -96.559699,
                                28.377819
                            ],
                            [
                                -96.570386,
                                28.368658
                            ],
                            [
                                -96.59176,
                                28.357462
                            ],
                            [
                                -96.600412,
                                28.354409
                            ],
                            [
                                -96.650794,
                                28.346775
                            ],
                            [
                                -96.672677,
                                28.335579
                            ],
                            [
                                -96.688453,
                                28.347284
                            ],
                            [
                                -96.69456,
                                28.347284
                            ],
                            [
                                -96.698122,
                                28.342704
                            ],
                            [
                                -96.705247,
                                28.348811
                            ],
                            [
                                -96.700158,
                                28.369676
                            ],
                            [
                                -96.705756,
                                28.400211
                            ],
                            [
                                -96.710336,
                                28.406827
                            ],
                            [
                                -96.72255,
                                28.408862
                            ],
                            [
                                -96.749013,
                                28.408862
                            ],
                            [
                                -96.762245,
                                28.411916
                            ],
                            [
                                -96.76696,
                                28.410737
                            ],
                            [
                                -96.768352,
                                28.410389
                            ],
                            [
                                -96.772209,
                                28.408074
                            ],
                            [
                                -96.775985,
                                28.405809
                            ],
                            [
                                -96.780796,
                                28.398421
                            ],
                            [
                                -96.790235,
                                28.383926
                            ],
                            [
                                -96.794554,
                                28.365688
                            ],
                            [
                                -96.794796,
                                28.364668
                            ],
                            [
                                -96.794815,
                                28.364587
                            ],
                            [
                                -96.794812,
                                28.364515
                            ],
                            [
                                -96.794812,
                                28.364503
                            ],
                            [
                                -96.794357,
                                28.350865
                            ],
                            [
                                -96.794306,
                                28.34932
                            ],
                            [
                                -96.794016,
                                28.347249
                            ],
                            [
                                -96.793926,
                                28.346606
                            ],
                            [
                                -96.793835,
                                28.345959
                            ],
                            [
                                -96.793765,
                                28.345453
                            ],
                            [
                                -96.79254,
                                28.336705
                            ],
                            [
                                -96.790744,
                                28.323874
                            ],
                            [
                                -96.791159,
                                28.319095
                            ],
                            [
                                -96.791761,
                                28.31217
                            ],
                            [
                                -96.806011,
                                28.296902
                            ],
                            [
                                -96.809573,
                                28.290287
                            ],
                            [
                                -96.806011,
                                28.282144
                            ],
                            [
                                -96.799302,
                                28.272716
                            ],
                            [
                                -96.787181,
                                28.255681
                            ],
                            [
                                -96.787181,
                                28.250083
                            ],
                            [
                                -96.800413,
                                28.224128
                            ],
                            [
                                -96.810037,
                                28.217086
                            ],
                            [
                                -96.842143,
                                28.193594
                            ],
                            [
                                -96.872678,
                                28.176291
                            ],
                            [
                                -96.898123,
                                28.152881
                            ],
                            [
                                -96.910337,
                                28.147283
                            ],
                            [
                                -96.934765,
                                28.123873
                            ],
                            [
                                -96.962755,
                                28.123365
                            ],
                            [
                                -97.000414,
                                28.137614
                            ],
                            [
                                -97.007539,
                                28.136087
                            ],
                            [
                                -97.027386,
                                28.124382
                            ],
                            [
                                -97.028913,
                                28.117258
                            ],
                            [
                                -97.022806,
                                28.107588
                            ],
                            [
                                -97.023824,
                                28.103517
                            ],
                            [
                                -97.031966,
                                28.093848
                            ],
                            [
                                -97.035528,
                                28.084688
                            ],
                            [
                                -97.035528,
                                28.074
                            ],
                            [
                                -97.031457,
                                28.053644
                            ],
                            [
                                -97.025859,
                                28.041939
                            ],
                            [
                                -97.030948,
                                28.033288
                            ],
                            [
                                -97.040618,
                                28.028708
                            ],
                            [
                                -97.04876,
                                28.022092
                            ],
                            [
                                -97.061992,
                                27.996138
                            ],
                            [
                                -97.075732,
                                27.986977
                            ],
                            [
                                -97.121534,
                                27.923364
                            ],
                            [
                                -97.129168,
                                27.919801
                            ],
                            [
                                -97.134801,
                                27.902467
                            ],
                            [
                                -97.135783,
                                27.899445
                            ],
                            [
                                -97.136615,
                                27.898956
                            ],
                            [
                                -97.144435,
                                27.894356
                            ],
                            [
                                -97.155122,
                                27.880615
                            ],
                            [
                                -97.183455,
                                27.833231
                            ],
                            [
                                -97.184639,
                                27.831251
                            ],
                            [
                                -97.186709,
                                27.825453
                            ],
                            [
                                -97.186871,
                                27.825001
                            ],
                            [
                                -97.187183,
                                27.824126
                            ],
                            [
                                -97.188866,
                                27.823772
                            ],
                            [
                                -97.192874,
                                27.822928
                            ],
                            [
                                -97.193701,
                                27.822754
                            ],
                            [
                                -97.196852,
                                27.822091
                            ],
                            [
                                -97.209127,
                                27.822091
                            ],
                            [
                                -97.209575,
                                27.822091
                            ],
                            [
                                -97.211226,
                                27.822391
                            ],
                            [
                                -97.219738,
                                27.823939
                            ],
                            [
                                -97.220771,
                                27.824126
                            ],
                            [
                                -97.222212,
                                27.824649
                            ],
                            [
                                -97.222957,
                                27.824919
                            ],
                            [
                                -97.225176,
                                27.825723
                            ],
                            [
                                -97.225435,
                                27.826145
                            ],
                            [
                                -97.225811,
                                27.826755
                            ],
                            [
                                -97.226012,
                                27.827083
                            ],
                            [
                                -97.227317,
                                27.829204
                            ],
                            [
                                -97.227317,
                                27.830939
                            ],
                            [
                                -97.227317,
                                27.831258
                            ],
                            [
                                -97.227317,
                                27.832895
                            ],
                            [
                                -97.227317,
                                27.832952
                            ],
                            [
                                -97.226514,
                                27.838307
                            ],
                            [
                                -97.228388,
                                27.843661
                            ],
                            [
                                -97.234512,
                                27.849063
                            ],
                            [
                                -97.241127,
                                27.857714
                            ],
                            [
                                -97.241393,
                                27.858953
                            ],
                            [
                                -97.242654,
                                27.864839
                            ],
                            [
                                -97.242922,
                                27.865208
                            ],
                            [
                                -97.250797,
                                27.876035
                            ],
                            [
                                -97.256394,
                                27.877901
                            ],
                            [
                                -97.258305,
                                27.878538
                            ],
                            [
                                -97.26301,
                                27.880106
                            ],
                            [
                                -97.272253,
                                27.881427
                            ],
                            [
                                -97.273698,
                                27.881633
                            ],
                            [
                                -97.276632,
                                27.881144
                            ],
                            [
                                -97.285466,
                                27.879672
                            ],
                            [
                                -97.295072,
                                27.878071
                            ],
                            [
                                -97.301455,
                                27.875907
                            ],
                            [
                                -97.317892,
                                27.870335
                            ],
                            [
                                -97.325097,
                                27.867893
                            ],
                            [
                                -97.327494,
                                27.866405
                            ],
                            [
                                -97.354614,
                                27.849572
                            ],
                            [
                                -97.360212,
                                27.85059
                            ],
                            [
                                -97.360547,
                                27.850363
                            ],
                            [
                                -97.361246,
                                27.849891
                            ],
                            [
                                -97.379042,
                                27.837867
                            ],
                            [
                                -97.391764,
                                27.813948
                            ],
                            [
                                -97.393291,
                                27.782905
                            ],
                            [
                                -97.386166,
                                27.76662
                            ],
                            [
                                -97.368355,
                                27.741683
                            ],
                            [
                                -97.34698,
                                27.725398
                            ],
                            [
                                -97.316446,
                                27.712676
                            ],
                            [
                                -97.253955,
                                27.696696
                            ],
                            [
                                -97.259957,
                                27.679597
                            ],
                            [
                                -97.266064,
                                27.678579
                            ],
                            [
                                -97.296598,
                                27.613947
                            ],
                            [
                                -97.298634,
                                27.604787
                            ],
                            [
                                -97.297616,
                                27.59868
                            ],
                            [
                                -97.294054,
                                27.5941
                            ],
                            [
                                -97.302196,
                                27.585957
                            ],
                            [
                                -97.321535,
                                27.571199
                            ],
                            [
                                -97.325118,
                                27.560927
                            ],
                            [
                                -97.336802,
                                27.527433
                            ],
                            [
                                -97.343418,
                                27.517764
                            ],
                            [
                                -97.347489,
                                27.503005
                            ],
                            [
                                -97.350543,
                                27.478578
                            ],
                            [
                                -97.359194,
                                27.458221
                            ],
                            [
                                -97.36581,
                                27.450588
                            ],
                            [
                                -97.371917,
                                27.425142
                            ],
                            [
                                -97.369881,
                                27.41242
                            ],
                            [
                                -97.372935,
                                27.401224
                            ],
                            [
                                -97.37955,
                                27.390028
                            ],
                            [
                                -97.399398,
                                27.344735
                            ],
                            [
                                -97.401942,
                                27.335574
                            ],
                            [
                                -97.404996,
                                27.329977
                            ],
                            [
                                -97.413138,
                                27.321325
                            ],
                            [
                                -97.420263,
                                27.317254
                            ],
                            [
                                -97.430441,
                                27.313691
                            ],
                            [
                                -97.450798,
                                27.313691
                            ],
                            [
                                -97.482859,
                                27.297915
                            ],
                            [
                                -97.508304,
                                27.275014
                            ],
                            [
                                -97.532223,
                                27.278577
                            ],
                            [
                                -97.544437,
                                27.284175
                            ],
                            [
                                -97.546981,
                                27.290791
                            ],
                            [
                                -97.536803,
                                27.289264
                            ],
                            [
                                -97.526625,
                                27.291808
                            ],
                            [
                                -97.524589,
                                27.297915
                            ],
                            [
                                -97.517465,
                                27.30504
                            ],
                            [
                                -97.504742,
                                27.30504
                            ],
                            [
                                -97.498126,
                                27.308602
                            ],
                            [
                                -97.502706,
                                27.322343
                            ],
                            [
                                -97.499144,
                                27.327941
                            ],
                            [
                                -97.483877,
                                27.338628
                            ],
                            [
                                -97.483877,
                                27.351351
                            ],
                            [
                                -97.48693,
                                27.358984
                            ],
                            [
                                -97.501688,
                                27.366618
                            ],
                            [
                                -97.514411,
                                27.361529
                            ],
                            [
                                -97.520518,
                                27.352877
                            ],
                            [
                                -97.53833,
                                27.335574
                            ],
                            [
                                -97.5709,
                                27.315727
                            ],
                            [
                                -97.584132,
                                27.30962
                            ],
                            [
                                -97.609068,
                                27.285193
                            ],
                            [
                                -97.621791,
                                27.287228
                            ],
                            [
                                -97.63146,
                                27.28621
                            ],
                            [
                                -97.636549,
                                27.282139
                            ],
                            [
                                -97.63668,
                                27.281727
                            ],
                            [
                                -97.640111,
                                27.270943
                            ],
                            [
                                -97.639094,
                                27.253131
                            ],
                            [
                                -97.635022,
                                27.247024
                            ],
                            [
                                -97.628916,
                                27.242953
                            ],
                            [
                                -97.597363,
                                27.242444
                            ],
                            [
                                -97.582605,
                                27.240409
                            ],
                            [
                                -97.573953,
                                27.238882
                            ],
                            [
                                -97.561231,
                                27.232775
                            ],
                            [
                                -97.54291,
                                27.229213
                            ],
                            [
                                -97.520009,
                                27.231248
                            ],
                            [
                                -97.509831,
                                27.23532
                            ],
                            [
                                -97.503215,
                                27.2399
                            ],
                            [
                                -97.500162,
                                27.24448
                            ],
                            [
                                -97.485149,
                                27.250841
                            ],
                            [
                                -97.467083,
                                27.25364
                            ],
                            [
                                -97.458431,
                                27.259493
                            ],
                            [
                                -97.450289,
                                27.262546
                            ],
                            [
                                -97.42408,
                                27.264073
                            ],
                            [
                                -97.422299,
                                27.257712
                            ],
                            [
                                -97.434767,
                                27.202241
                            ],
                            [
                                -97.444945,
                                27.144734
                            ],
                            [
                                -97.443673,
                                27.116235
                            ],
                            [
                                -97.452324,
                                27.115217
                            ],
                            [
                                -97.455887,
                                27.110383
                            ],
                            [
                                -97.45665,
                                27.099695
                            ],
                            [
                                -97.461739,
                                27.095624
                            ],
                            [
                                -97.47548,
                                27.098423
                            ],
                            [
                                -97.480569,
                                27.102494
                            ],
                            [
                                -97.49151,
                                27.101222
                            ],
                            [
                                -97.495836,
                                27.094098
                            ],
                            [
                                -97.493291,
                                27.078067
                            ],
                            [
                                -97.477515,
                                27.066108
                            ],
                            [
                                -97.479042,
                                27.0628
                            ],
                            [
                                -97.482257,
                                27.061942
                            ],
                            [
                                -97.48693,
                                27.057711
                            ],
                            [
                                -97.487693,
                                27.053639
                            ],
                            [
                                -97.486676,
                                27.03481
                            ],
                            [
                                -97.477515,
                                27.03252
                            ],
                            [
                                -97.473953,
                                27.029212
                            ],
                            [
                                -97.473444,
                                27.02285
                            ],
                            [
                                -97.478533,
                                26.999186
                            ],
                            [
                                -97.480569,
                                26.997659
                            ],
                            [
                                -97.484131,
                                27.000458
                            ],
                            [
                                -97.536803,
                                26.999695
                            ],
                            [
                                -97.549271,
                                26.995878
                            ],
                            [
                                -97.555378,
                                26.99028
                            ],
                            [
                                -97.551053,
                                26.980865
                            ],
                            [
                                -97.549526,
                                26.965344
                            ],
                            [
                                -97.552325,
                                26.952112
                            ],
                            [
                                -97.555378,
                                26.947277
                            ],
                            [
                                -97.555378,
                                26.93888
                            ],
                            [
                                -97.540874,
                                26.90631
                            ],
                            [
                                -97.540111,
                                26.900967
                            ],
                            [
                                -97.547999,
                                26.895114
                            ],
                            [
                                -97.552325,
                                26.888499
                            ],
                            [
                                -97.552325,
                                26.867633
                            ],
                            [
                                -97.558432,
                                26.864325
                            ],
                            [
                                -97.563266,
                                26.842188
                            ],
                            [
                                -97.552579,
                                26.827938
                            ],
                            [
                                -97.547745,
                                26.824631
                            ],
                            [
                                -97.537566,
                                26.824885
                            ],
                            [
                                -97.509831,
                                26.803511
                            ],
                            [
                                -97.484385,
                                26.763562
                            ],
                            [
                                -97.478024,
                                26.7572
                            ],
                            [
                                -97.471663,
                                26.758727
                            ],
                            [
                                -97.468609,
                                26.740915
                            ],
                            [
                                -97.467337,
                                26.710126
                            ],
                            [
                                -97.444945,
                                26.633535
                            ],
                            [
                                -97.445708,
                                26.609362
                            ],
                            [
                                -97.441206,
                                26.599901
                            ],
                            [
                                -97.428151,
                                26.572466
                            ],
                            [
                                -97.416955,
                                26.553637
                            ],
                            [
                                -97.422299,
                                26.520303
                            ],
                            [
                                -97.425861,
                                26.516741
                            ],
                            [
                                -97.430696,
                                26.506563
                            ],
                            [
                                -97.430696,
                                26.494603
                            ],
                            [
                                -97.42637,
                                26.484425
                            ],
                            [
                                -97.429169,
                                26.478064
                            ],
                            [
                                -97.43553,
                                26.470176
                            ],
                            [
                                -97.441383,
                                26.466614
                            ],
                            [
                                -97.441383,
                                26.455418
                            ],
                            [
                                -97.437566,
                                26.44982
                            ],
                            [
                                -97.425861,
                                26.446003
                            ],
                            [
                                -97.421026,
                                26.446766
                            ],
                            [
                                -97.41721,
                                26.44982
                            ],
                            [
                                -97.411612,
                                26.447275
                            ],
                            [
                                -97.412884,
                                26.433026
                            ],
                            [
                                -97.42179,
                                26.417249
                            ],
                            [
                                -97.4195,
                                26.413178
                            ],
                            [
                                -97.406014,
                                26.409107
                            ],
                            [
                                -97.398126,
                                26.410888
                            ],
                            [
                                -97.394309,
                                26.41445
                            ],
                            [
                                -97.395072,
                                26.417249
                            ],
                            [
                                -97.382485,
                                26.411326
                            ],
                            [
                                -97.377769,
                                26.409107
                            ],
                            [
                                -97.369627,
                                26.394603
                            ],
                            [
                                -97.374461,
                                26.380862
                            ],
                            [
                                -97.388965,
                                26.36585
                            ],
                            [
                                -97.392019,
                                26.339386
                            ],
                            [
                                -97.391001,
                                26.332262
                            ],
                            [
                                -97.387947,
                                26.330481
                            ],
                            [
                                -97.376242,
                                26.336333
                            ],
                            [
                                -97.372171,
                                26.339895
                            ],
                            [
                                -97.369372,
                                26.348547
                            ],
                            [
                                -97.358176,
                                26.356435
                            ],
                            [
                                -97.343418,
                                26.359234
                            ],
                            [
                                -97.335275,
                                26.355672
                            ],
                            [
                                -97.330441,
                                26.350582
                            ],
                            [
                                -97.336802,
                                26.331753
                            ],
                            [
                                -97.352833,
                                26.318521
                            ],
                            [
                                -97.354359,
                                26.313941
                            ],
                            [
                                -97.34698,
                                26.311396
                            ],
                            [
                                -97.347489,
                                26.292821
                            ],
                            [
                                -97.343927,
                                26.267376
                            ],
                            [
                                -97.341128,
                                26.265595
                            ],
                            [
                                -97.331967,
                                26.265595
                            ],
                            [
                                -97.322807,
                                26.271956
                            ],
                            [
                                -97.311866,
                                26.273737
                            ],
                            [
                                -97.307031,
                                26.253126
                            ],
                            [
                                -97.308049,
                                26.249055
                            ],
                            [
                                -97.32128,
                                26.236078
                            ],
                            [
                                -97.32128,
                                26.228699
                            ],
                            [
                                -97.304486,
                                26.20249
                            ],
                            [
                                -97.296598,
                                26.200709
                            ],
                            [
                                -97.294817,
                                26.192312
                            ],
                            [
                                -97.296089,
                                26.182388
                            ],
                            [
                                -97.306776,
                                26.159487
                            ],
                            [
                                -97.296598,
                                26.142439
                            ],
                            [
                                -97.28536,
                                26.128378
                            ],
                            [
                                -97.282094,
                                26.120301
                            ],
                            [
                                -97.283112,
                                26.117757
                            ],
                            [
                                -97.294054,
                                26.11394
                            ],
                            [
                                -97.295072,
                                26.108342
                            ],
                            [
                                -97.279804,
                                26.092057
                            ],
                            [
                                -97.270898,
                                26.086459
                            ],
                            [
                                -97.24698,
                                26.080352
                            ],
                            [
                                -97.208048,
                                26.079589
                            ],
                            [
                                -97.199651,
                                26.077044
                            ],
                            [
                                -97.195071,
                                26.04193
                            ],
                            [
                                -97.204995,
                                26.030225
                            ],
                            [
                                -97.214918,
                                26.030734
                            ],
                            [
                                -97.224842,
                                26.027426
                            ],
                            [
                                -97.226114,
                                26.024372
                            ],
                            [
                                -97.219244,
                                25.996128
                            ],
                            [
                                -97.216954,
                                25.993838
                            ],
                            [
                                -97.208557,
                                25.991802
                            ],
                            [
                                -97.195834,
                                25.993074
                            ],
                            [
                                -97.17446,
                                26.000072
                            ],
                            [
                                -97.167208,
                                26.007069
                            ],
                            [
                                -97.162755,
                                26.014576
                            ],
                            [
                                -97.162628,
                                26.023482
                            ],
                            [
                                -97.172043,
                                26.044729
                            ],
                            [
                                -97.178659,
                                26.045492
                            ],
                            [
                                -97.18273,
                                26.053126
                            ],
                            [
                                -97.164982,
                                26.063876
                            ],
                            [
                                -97.152009,
                                26.062108
                            ],
                            [
                                -97.15321,
                                26.038906
                            ],
                            [
                                -97.151922,
                                26.017653
                            ],
                            [
                                -97.145567,
                                25.971132
                            ],
                            [
                                -97.172633,
                                25.962883
                            ],
                            [
                                -97.228025,
                                25.958936
                            ],
                            [
                                -97.271382,
                                25.951832
                            ],
                            [
                                -97.348275,
                                25.931143
                            ],
                            [
                                -97.362345,
                                25.915724
                            ],
                            [
                                -97.367045,
                                25.903021
                            ],
                            [
                                -97.366723,
                                25.885066
                            ],
                            [
                                -97.408357,
                                25.856459
                            ],
                            [
                                -97.496861,
                                25.880058
                            ],
                            [
                                -97.511161,
                                25.887458
                            ],
                            [
                                -97.582565,
                                25.937857
                            ],
                            [
                                -97.668099,
                                26.022522
                            ],
                            [
                                -97.671568,
                                26.033955
                            ],
                            [
                                -97.863056,
                                26.061273
                            ],
                            [
                                -97.888699,
                                26.064931
                            ],
                            [
                                -98.008307,
                                26.061147
                            ],
                            [
                                -98.011883,
                                26.056608
                            ],
                            [
                                -98.044517,
                                26.043746
                            ],
                            [
                                -98.132605,
                                26.057507
                            ],
                            [
                                -98.241664,
                                26.074544
                            ],
                            [
                                -98.264514,
                                26.085507
                            ],
                            [
                                -98.386694,
                                26.157872
                            ],
                            [
                                -98.438822,
                                26.212022
                            ],
                            [
                                -98.466167,
                                26.223245
                            ],
                            [
                                -98.58581,
                                26.257403
                            ],
                            [
                                -98.58672,
                                26.257456
                            ],
                            [
                                -98.623335,
                                26.259592
                            ],
                            [
                                -98.6329,
                                26.250348
                            ],
                            [
                                -98.705676,
                                26.27748
                            ],
                            [
                                -98.751164,
                                26.331307
                            ],
                            [
                                -98.807348,
                                26.369421
                            ],
                            [
                                -98.822373,
                                26.370902
                            ],
                            [
                                -98.861354,
                                26.36599
                            ],
                            [
                                -99.047575,
                                26.406922
                            ],
                            [
                                -99.105719,
                                26.43872
                            ],
                            [
                                -99.167996,
                                26.557799
                            ],
                            [
                                -99.172058,
                                26.57086
                            ],
                            [
                                -99.208951,
                                26.689489
                            ],
                            [
                                -99.242444,
                                26.788262
                            ],
                            [
                                -99.268613,
                                26.843213
                            ],
                            [
                                -99.321819,
                                26.906846
                            ],
                            [
                                -99.379149,
                                26.93449
                            ],
                            [
                                -99.446524,
                                27.023008
                            ],
                            [
                                -99.452316,
                                27.062669
                            ],
                            [
                                -99.451035,
                                27.066765
                            ],
                            [
                                -99.446593,
                                27.070593
                            ],
                            [
                                -99.429879,
                                27.094323
                            ],
                            [
                                -99.426348,
                                27.176262
                            ],
                            [
                                -99.441549,
                                27.24992
                            ],
                            [
                                -99.452391,
                                27.264046
                            ],
                            [
                                -99.453949,
                                27.264673
                            ],
                            [
                                -99.463309,
                                27.268437
                            ],
                            [
                                -99.47088,
                                27.265444
                            ],
                            [
                                -99.494678,
                                27.277595
                            ],
                            [
                                -99.529654,
                                27.306051
                            ],
                            [
                                -99.536443,
                                27.312538
                            ],
                            [
                                -99.537771,
                                27.316073
                            ],
                            [
                                -99.50696,
                                27.35642
                            ],
                            [
                                -99.492831,
                                27.390491
                            ],
                            [
                                -99.487704,
                                27.409924
                            ],
                            [
                                -99.480219,
                                27.485796
                            ],
                            [
                                -99.519381,
                                27.573569
                            ],
                            [
                                -99.541644,
                                27.605772
                            ],
                            [
                                -99.600619,
                                27.641314
                            ],
                            [
                                -99.623478,
                                27.644136
                            ],
                            [
                                -99.626294,
                                27.64245
                            ],
                            [
                                -99.627123,
                                27.638412
                            ],
                            [
                                -99.666175,
                                27.638324
                            ],
                            [
                                -99.843463,
                                27.77456
                            ],
                            [
                                -99.876174,
                                27.806276
                            ],
                            [
                                -99.901486,
                                27.864162
                            ],
                            [
                                -99.904385,
                                27.875284
                            ],
                            [
                                -99.895828,
                                27.904178
                            ],
                            [
                                -99.922046,
                                27.922119
                            ],
                            [
                                -99.991447,
                                27.99456
                            ],
                            [
                                -100.057049,
                                28.095656
                            ],
                            [
                                -100.080868,
                                28.137192
                            ],
                            [
                                -100.083393,
                                28.144035
                            ],
                            [
                                -100.088143,
                                28.147503
                            ],
                            [
                                -100.14414,
                                28.168238
                            ],
                            [
                                -100.171323,
                                28.17623
                            ],
                            [
                                -100.202448,
                                28.190554
                            ],
                            [
                                -100.209464,
                                28.196866
                            ],
                            [
                                -100.257788,
                                28.240341
                            ],
                            [
                                -100.291391,
                                28.275398
                            ],
                            [
                                -100.346986,
                                28.407232
                            ],
                            [
                                -100.333814,
                                28.499252
                            ],
                            [
                                -100.338518,
                                28.501833
                            ],
                            [
                                -100.386963,
                                28.514023
                            ],
                            [
                                -100.405058,
                                28.53578
                            ],
                            [
                                -100.429856,
                                28.596441
                            ],
                            [
                                -100.446659,
                                28.608659
                            ],
                            [
                                -100.500354,
                                28.66196
                            ],
                            [
                                -100.510055,
                                28.690723
                            ],
                            [
                                -100.511998,
                                28.705352
                            ],
                            [
                                -100.506701,
                                28.716745
                            ],
                            [
                                -100.507613,
                                28.740599
                            ],
                            [
                                -100.535438,
                                28.805195
                            ],
                            [
                                -100.546804,
                                28.825374
                            ],
                            [
                                -100.589854,
                                28.861618
                            ],
                            [
                                -100.640092,
                                28.915833
                            ],
                            [
                                -100.651512,
                                28.943432
                            ],
                            [
                                -100.648104,
                                28.98386
                            ],
                            [
                                -100.645894,
                                28.986421
                            ],
                            [
                                -100.664065,
                                29.073206
                            ],
                            [
                                -100.668356,
                                29.08397
                            ],
                            [
                                -100.674656,
                                29.099777
                            ],
                            [
                                -100.793662,
                                29.242146
                            ],
                            [
                                -100.797671,
                                29.246943
                            ],
                            [
                                -100.954042,
                                29.347598
                            ],
                            [
                                -100.995607,
                                29.363403
                            ],
                            [
                                -101.037642,
                                29.414681
                            ],
                            [
                                -101.043364,
                                29.42988
                            ],
                            [
                                -101.060151,
                                29.458661
                            ],
                            [
                                -101.087149,
                                29.469414
                            ],
                            [
                                -101.137503,
                                29.473542
                            ],
                            [
                                -101.235275,
                                29.524854
                            ],
                            [
                                -101.247319,
                                29.618482
                            ],
                            [
                                -101.250383,
                                29.624171
                            ],
                            [
                                -101.314135,
                                29.659054
                            ],
                            [
                                -101.343743,
                                29.662047
                            ],
                            [
                                -101.403926,
                                29.757587
                            ],
                            [
                                -101.455007,
                                29.770188
                            ],
                            [
                                -101.625958,
                                29.771063
                            ],
                            [
                                -101.635128,
                                29.758675
                            ],
                            [
                                -101.646418,
                                29.754304
                            ],
                            [
                                -101.761839,
                                29.777187
                            ],
                            [
                                -101.786353,
                                29.782047
                            ],
                            [
                                -101.883655,
                                29.796193
                            ],
                            [
                                -101.944913,
                                29.801468
                            ],
                            [
                                -102.040539,
                                29.790061
                            ],
                            [
                                -102.050044,
                                29.78507
                            ],
                            [
                                -102.116076,
                                29.792527
                            ],
                            [
                                -102.262466,
                                29.853765
                            ],
                            [
                                -102.282247,
                                29.863598
                            ],
                            [
                                -102.297331,
                                29.875194
                            ],
                            [
                                -102.320819,
                                29.875193
                            ],
                            [
                                -102.323389,
                                29.875193
                            ],
                            [
                                -102.364647,
                                29.843624
                            ],
                            [
                                -102.386677,
                                29.76148
                            ],
                            [
                                -102.404422,
                                29.765105
                            ],
                            [
                                -102.434063,
                                29.7767
                            ],
                            [
                                -102.486819,
                                29.786725
                            ],
                            [
                                -102.500741,
                                29.781446
                            ],
                            [
                                -102.554915,
                                29.748966
                            ],
                            [
                                -102.612879,
                                29.748182
                            ],
                            [
                                -102.665194,
                                29.737421
                            ],
                            [
                                -102.689738,
                                29.722349
                            ],
                            [
                                -102.698347,
                                29.695591
                            ],
                            [
                                -102.745494,
                                29.592967
                            ],
                            [
                                -102.781807,
                                29.542454
                            ],
                            [
                                -102.808692,
                                29.522319
                            ],
                            [
                                -102.831938,
                                29.437943
                            ],
                            [
                                -102.83332,
                                29.408981
                            ],
                            [
                                -102.875813,
                                29.353715
                            ],
                            [
                                -102.895886,
                                29.284778
                            ],
                            [
                                -102.886308,
                                29.24568
                            ],
                            [
                                -102.881135,
                                29.246022
                            ],
                            [
                                -102.871347,
                                29.241625
                            ],
                            [
                                -102.866846,
                                29.225015
                            ],
                            [
                                -102.87802,
                                29.214698
                            ],
                            [
                                -102.95089,
                                29.176835
                            ],
                            [
                                -102.995688,
                                29.161219
                            ],
                            [
                                -103.10443,
                                29.03359
                            ],
                            [
                                -103.115328,
                                28.98527
                            ],
                            [
                                -103.156646,
                                28.972831
                            ],
                            [
                                -103.163865,
                                28.972099
                            ],
                            [
                                -103.281903,
                                28.990089
                            ],
                            [
                                -103.383508,
                                29.024112
                            ],
                            [
                                -103.471037,
                                29.075368
                            ],
                            [
                                -103.470518,
                                29.085108
                            ],
                            [
                                -103.503236,
                                29.11911
                            ],
                            [
                                -103.525471,
                                29.137744
                            ],
                            [
                                -103.558679,
                                29.154962
                            ],
                            [
                                -103.61007,
                                29.165727
                            ],
                            [
                                -103.627067,
                                29.163336
                            ],
                            [
                                -103.714867,
                                29.184137
                            ],
                            [
                                -103.767814,
                                29.224954
                            ],
                            [
                                -103.792005,
                                29.262695
                            ],
                            [
                                -103.792705,
                                29.262931
                            ],
                            [
                                -103.838303,
                                29.278304
                            ],
                            [
                                -103.924976,
                                29.293913
                            ],
                            [
                                -103.963076,
                                29.298404
                            ],
                            [
                                -104.025488,
                                29.314404
                            ],
                            [
                                -104.143692,
                                29.383278
                            ],
                            [
                                -104.167506,
                                29.402928
                            ],
                            [
                                -104.21341,
                                29.462069
                            ],
                            [
                                -104.235847,
                                29.496744
                            ],
                            [
                                -104.264155,
                                29.514001
                            ],
                            [
                                -104.290728,
                                29.519326
                            ],
                            [
                                -104.321603,
                                29.527923
                            ],
                            [
                                -104.394351,
                                29.560535
                            ],
                            [
                                -104.515512,
                                29.641493
                            ],
                            [
                                -104.538569,
                                29.677396
                            ],
                            [
                                -104.549773,
                                29.716091
                            ],
                            [
                                -104.549117,
                                29.728814
                            ],
                            [
                                -104.566055,
                                29.771379
                            ],
                            [
                                -104.633275,
                                29.870485
                            ],
                            [
                                -104.667301,
                                29.910401
                            ],
                            [
                                -104.674932,
                                29.911112
                            ],
                            [
                                -104.679877,
                                29.920946
                            ],
                            [
                                -104.693592,
                                30.019077
                            ],
                            [
                                -104.685793,
                                30.092656
                            ],
                            [
                                -104.687296,
                                30.179464
                            ],
                            [
                                -104.708916,
                                30.235826
                            ],
                            [
                                -104.761634,
                                30.301148
                            ],
                            [
                                -104.78102,
                                30.314564
                            ],
                            [
                                -104.859521,
                                30.390413
                            ],
                            [
                                -104.872808,
                                30.500145
                            ],
                            [
                                -104.929778,
                                30.59924
                            ],
                            [
                                -104.972071,
                                30.61026
                            ],
                            [
                                -104.985365,
                                30.623792
                            ],
                            [
                                -105.044407,
                                30.683895
                            ],
                            [
                                -105.129328,
                                30.750139
                            ],
                            [
                                -105.211234,
                                30.799609
                            ],
                            [
                                -105.250028,
                                30.799068
                            ],
                            [
                                -105.265479,
                                30.802536
                            ],
                            [
                                -105.394627,
                                30.85892
                            ],
                            [
                                -105.411833,
                                30.893367
                            ],
                            [
                                -105.55679,
                                30.989469
                            ],
                            [
                                -105.57765,
                                31.019811
                            ],
                            [
                                -105.579756,
                                31.036588
                            ],
                            [
                                -105.585323,
                                31.057488
                            ],
                            [
                                -105.60333,
                                31.082625
                            ],
                            [
                                -105.648834,
                                31.115902
                            ],
                            [
                                -105.709491,
                                31.136375
                            ],
                            [
                                -105.750519,
                                31.16494
                            ],
                            [
                                -105.793719,
                                31.201713
                            ],
                            [
                                -105.869353,
                                31.288634
                            ],
                            [
                                -105.900315,
                                31.300008
                            ],
                            [
                                -105.923131,
                                31.312089
                            ],
                            [
                                -105.981027,
                                31.375122
                            ],
                            [
                                -105.997658,
                                31.386489
                            ],
                            [
                                -106.00693,
                                31.392826
                            ],
                            [
                                -106.099393,
                                31.41476
                            ],
                            [
                                -106.132782,
                                31.425367
                            ],
                            [
                                -106.202851,
                                31.464073
                            ],
                            [
                                -106.206018,
                                31.466648
                            ],
                            [
                                -106.207524,
                                31.467872
                            ],
                            [
                                -106.2092,
                                31.469234
                            ],
                            [
                                -106.212918,
                                31.473409
                            ],
                            [
                                -106.218538,
                                31.47972
                            ],
                            [
                                -106.254062,
                                31.547512
                            ],
                            [
                                -106.356938,
                                31.70221
                            ],
                            [
                                -106.381039,
                                31.73211
                            ],
                            [
                                -106.41794,
                                31.752009
                            ],
                            [
                                -106.436743,
                                31.756872
                            ],
                            [
                                -106.472514,
                                31.751802
                            ],
                            [
                                -106.528543,
                                31.783907
                            ],
                            [
                                -106.528543,
                                31.784407
                            ],
                            [
                                -106.527997,
                                31.786945
                            ],
                            [
                                -106.527623,
                                31.789119
                            ],
                            [
                                -106.527738,
                                31.789761
                            ],
                            [
                                -106.527943,
                                31.790507
                            ],
                            [
                                -106.530515,
                                31.792103
                            ],
                            [
                                -106.53248,
                                31.791914
                            ],
                            [
                                -106.533,
                                31.791829
                            ],
                            [
                                -106.533043,
                                31.791907
                            ],
                            [
                                -106.534743,
                                31.796107
                            ],
                            [
                                -106.535154,
                                31.797089
                            ],
                            [
                                -106.535343,
                                31.797507
                            ],
                            [
                                -106.535843,
                                31.798607
                            ],
                            [
                                -106.542097,
                                31.802146
                            ],
                            [
                                -106.542144,
                                31.802107
                            ],
                            [
                                -106.544714,
                                31.804287
                            ],
                            [
                                -106.545344,
                                31.805007
                            ],
                            [
                                -106.563444,
                                31.812606
                            ],
                            [
                                -106.566844,
                                31.813306
                            ],
                            [
                                -106.605245,
                                31.845905
                            ],
                            [
                                -106.605845,
                                31.846305
                            ],
                            [
                                -106.614637,
                                31.84649
                            ],
                            [
                                -106.621857,
                                31.852854
                            ],
                            [
                                -106.625763,
                                31.856276
                            ],
                            [
                                -106.627808,
                                31.860593
                            ],
                            [
                                -106.616136,
                                31.948439
                            ],
                            [
                                -106.614702,
                                31.956
                            ],
                            [
                                -106.599096,
                                32.000731
                            ],
                            [
                                -106.598639,
                                32.000754
                            ],
                            [
                                -106.595333,
                                32.000778
                            ],
                            [
                                -106.587972,
                                32.000749
                            ],
                            [
                                -106.566056,
                                32.000759
                            ],
                            [
                                -106.565142,
                                32.000736
                            ],
                            [
                                -106.411075,
                                32.001334
                            ],
                            [
                                -106.394298,
                                32.001484
                            ],
                            [
                                -106.377174,
                                32.00149
                            ],
                            [
                                -106.313307,
                                32.001512
                            ],
                            [
                                -106.205915,
                                32.001762
                            ],
                            [
                                -106.200699,
                                32.001785
                            ],
                            [
                                -106.18184,
                                32.00205
                            ],
                            [
                                -106.09976,
                                32.002174
                            ],
                            [
                                -105.998003,
                                32.002328
                            ],
                            [
                                -105.9006,
                                32.0021
                            ],
                            [
                                -105.886159,
                                32.00197
                            ],
                            [
                                -105.429281,
                                32.000577
                            ],
                            [
                                -105.428582,
                                32.0006
                            ],
                            [
                                -105.427049,
                                32.000638
                            ],
                            [
                                -105.390396,
                                32.000607
                            ],
                            [
                                -105.153994,
                                32.000497
                            ],
                            [
                                -105.15031,
                                32.000497
                            ],
                            [
                                -105.14824,
                                32.000485
                            ],
                            [
                                -105.132916,
                                32.000518
                            ],
                            [
                                -105.131377,
                                32.000524
                            ],
                            [
                                -105.11804,
                                32.000485
                            ],
                            [
                                -105.078605,
                                32.000533
                            ],
                            [
                                -105.077046,
                                32.000579
                            ],
                            [
                                -104.918272,
                                32.000496
                            ],
                            [
                                -104.847757,
                                32.000482
                            ],
                            [
                                -104.643526,
                                32.000443
                            ],
                            [
                                -104.640918,
                                32.000396
                            ],
                            [
                                -104.531937,
                                32.000311
                            ],
                            [
                                -104.531756,
                                32.000117
                            ],
                            [
                                -104.024521,
                                32.00001
                            ],
                            [
                                -103.980179,
                                32.000125
                            ],
                            [
                                -103.722853,
                                32.000221
                            ],
                            [
                                -103.326501,
                                32.00037
                            ],
                            [
                                -103.278521,
                                32.000419
                            ],
                            [
                                -103.270383,
                                32.000326
                            ],
                            [
                                -103.267708,
                                32.000324
                            ],
                            [
                                -103.267633,
                                32.000475
                            ],
                            [
                                -103.215641,
                                32.000513
                            ],
                            [
                                -103.088698,
                                32.000453
                            ],
                            [
                                -103.085876,
                                32.000465
                            ],
                            [
                                -103.064423,
                                32.000518
                            ],
                            [
                                -103.064344,
                                32.087051
                            ],
                            [
                                -103.064348,
                                32.123041
                            ],
                            [
                                -103.064422,
                                32.145006
                            ],
                            [
                                -103.064696,
                                32.522193
                            ],
                            [
                                -103.064761,
                                32.587983
                            ],
                            [
                                -103.064788,
                                32.600397
                            ],
                            [
                                -103.064761,
                                32.601863
                            ],
                            [
                                -103.064815,
                                32.624537
                            ],
                            [
                                -103.064633,
                                32.64642
                            ],
                            [
                                -103.064864,
                                32.682647
                            ],
                            [
                                -103.064798,
                                32.690761
                            ],
                            [
                                -103.064799,
                                32.708694
                            ],
                            [
                                -103.064827,
                                32.726628
                            ],
                            [
                                -103.064807,
                                32.777303
                            ],
                            [
                                -103.064698,
                                32.783602
                            ],
                            [
                                -103.064711,
                                32.784593
                            ],
                            [
                                -103.064699,
                                32.827531
                            ],
                            [
                                -103.064672,
                                32.82847
                            ],
                            [
                                -103.064889,
                                32.849359
                            ],
                            [
                                -103.064916,
                                32.85726
                            ],
                            [
                                -103.064807,
                                32.857696
                            ],
                            [
                                -103.064862,
                                32.868346
                            ],
                            [
                                -103.064701,
                                32.879355
                            ],
                            [
                                -103.064569,
                                32.900014
                            ],
                            [
                                -103.064657,
                                32.959097
                            ],
                            [
                                -103.064679,
                                32.964373
                            ],
                            [
                                -103.064625,
                                32.999899
                            ],
                            [
                                -103.064452,
                                33.01029
                            ],
                            [
                                -103.06398,
                                33.038693
                            ],
                            [
                                -103.063905,
                                33.042055
                            ],
                            [
                                -103.060103,
                                33.219225
                            ],
                            [
                                -103.057856,
                                33.315234
                            ],
                            [
                                -103.057487,
                                33.329477
                            ],
                            [
                                -103.056655,
                                33.388416
                            ],
                            [
                                -103.056655,
                                33.388438
                            ],
                            [
                                -103.05261,
                                33.570599
                            ],
                            [
                                -103.051664,
                                33.629489
                            ],
                            [
                                -103.051363,
                                33.64195
                            ],
                            [
                                -103.051535,
                                33.650487
                            ],
                            [
                                -103.051087,
                                33.658186
                            ],
                            [
                                -103.050532,
                                33.672408
                            ],
                            [
                                -103.050148,
                                33.701971
                            ],
                            [
                                -103.049096,
                                33.74627
                            ],
                            [
                                -103.047346,
                                33.824675
                            ],
                            [
                                -103.046907,
                                33.8503
                            ],
                            [
                                -103.045644,
                                33.901537
                            ],
                            [
                                -103.045698,
                                33.906299
                            ],
                            [
                                -103.044893,
                                33.945617
                            ],
                            [
                                -103.04395,
                                33.974629
                            ],
                            [
                                -103.043617,
                                34.003633
                            ],
                            [
                                -103.043531,
                                34.018014
                            ],
                            [
                                -103.043555,
                                34.032714
                            ],
                            [
                                -103.043746,
                                34.037294
                            ],
                            [
                                -103.043771,
                                34.041538
                            ],
                            [
                                -103.043721,
                                34.04232
                            ],
                            [
                                -103.043767,
                                34.043545
                            ],
                            [
                                -103.043744,
                                34.049986
                            ],
                            [
                                -103.043686,
                                34.063078
                            ],
                            [
                                -103.043516,
                                34.079382
                            ],
                            [
                                -103.043569,
                                34.087947
                            ],
                            [
                                -103.043644,
                                34.256903
                            ],
                            [
                                -103.043719,
                                34.289441
                            ],
                            [
                                -103.043936,
                                34.302585
                            ],
                            [
                                -103.043979,
                                34.312749
                            ],
                            [
                                -103.043979,
                                34.312764
                            ],
                            [
                                -103.043946,
                                34.379555
                            ],
                            [
                                -103.043944,
                                34.37966
                            ],
                            [
                                -103.043919,
                                34.380916
                            ],
                            [
                                -103.043693,
                                34.383578
                            ],
                            [
                                -103.04363,
                                34.38469
                            ],
                            [
                                -103.043614,
                                34.384969
                            ],
                            [
                                -103.043613,
                                34.388679
                            ],
                            [
                                -103.043613,
                                34.390442
                            ],
                            [
                                -103.043585,
                                34.393716
                            ],
                            [
                                -103.043611,
                                34.397105
                            ],
                            [
                                -103.043583,
                                34.400678
                            ],
                            [
                                -103.043538,
                                34.405463
                            ],
                            [
                                -103.043582,
                                34.455657
                            ],
                            [
                                -103.043588,
                                34.459662
                            ],
                            [
                                -103.043589,
                                34.459774
                            ],
                            [
                                -103.043594,
                                34.46266
                            ],
                            [
                                -103.043072,
                                34.619782
                            ],
                            [
                                -103.042827,
                                34.671188
                            ],
                            [
                                -103.042769,
                                34.747361
                            ],
                            [
                                -103.04277,
                                34.792224
                            ],
                            [
                                -103.042781,
                                34.850243
                            ],
                            [
                                -103.042521,
                                34.899546
                            ],
                            [
                                -103.042521,
                                34.954101
                            ],
                            [
                                -103.04252,
                                35.135596
                            ],
                            [
                                -103.0426,
                                35.142766
                            ],
                            [
                                -103.042711,
                                35.144735
                            ],
                            [
                                -103.042568,
                                35.159318
                            ],
                            [
                                -103.042395,
                                35.178573
                            ],
                            [
                                -103.042339,
                                35.181922
                            ],
                            [
                                -103.042366,
                                35.182786
                            ],
                            [
                                -103.042377,
                                35.183149
                            ],
                            [
                                -103.042377,
                                35.183156
                            ],
                            [
                                -103.042497,
                                35.211862
                            ],
                            [
                                -103.041554,
                                35.622487
                            ],
                            [
                                -103.041357,
                                35.739274
                            ],
                            [
                                -103.040824,
                                36.055231
                            ],
                            [
                                -103.041674,
                                36.317534
                            ],
                            [
                                -103.041745,
                                36.318267
                            ],
                            [
                                -103.041669,
                                36.478514
                            ],
                            [
                                -103.002434,
                                36.500397
                            ],
                            [
                                -102.162463,
                                36.500326
                            ],
                            [
                                -102.032339,
                                36.500066
                            ],
                            [
                                -101.826565,
                                36.499654
                            ],
                            [
                                -101.826498,
                                36.499535
                            ],
                            [
                                -101.78811,
                                36.499678
                            ],
                            [
                                -101.783359,
                                36.499709
                            ],
                            [
                                -101.781987,
                                36.499718
                            ],
                            [
                                -101.78061,
                                36.499727
                            ],
                            [
                                -101.779435,
                                36.499734
                            ],
                            [
                                -101.709314,
                                36.499722
                            ],
                            [
                                -101.698685,
                                36.499508
                            ],
                            [
                                -101.653708,
                                36.499573
                            ],
                            [
                                -101.649966,
                                36.499573
                            ],
                            [
                                -101.623915,
                                36.499528
                            ],
                            [
                                -101.085156,
                                36.499244
                            ],
                            [
                                -101.052418,
                                36.499563
                            ],
                            [
                                -101.045331,
                                36.49954
                            ],
                            [
                                -100.977088,
                                36.499595
                            ],
                            [
                                -100.954153,
                                36.499599
                            ],
                            [
                                -100.936058,
                                36.499602
                            ],
                            [
                                -100.918513,
                                36.499621
                            ],
                            [
                                -100.884174,
                                36.499682
                            ],
                            [
                                -100.88408,
                                36.499682
                            ],
                            [
                                -100.859657,
                                36.499687
                            ],
                            [
                                -100.85084,
                                36.4997
                            ],
                            [
                                -100.824236,
                                36.499618
                            ],
                            [
                                -100.824218,
                                36.499618
                            ],
                            [
                                -100.80619,
                                36.499674
                            ],
                            [
                                -100.806172,
                                36.499634
                            ],
                            [
                                -100.802909,
                                36.499621
                            ],
                            [
                                -100.802886,
                                36.499621
                            ],
                            [
                                -100.761811,
                                36.499618
                            ],
                            [
                                -100.761811,
                                36.49958
                            ],
                            [
                                -100.724362,
                                36.49958
                            ],
                            [
                                -100.724361,
                                36.499558
                            ],
                            [
                                -100.708626,
                                36.499553
                            ],
                            [
                                -100.708628,
                                36.499521
                            ],
                            [
                                -100.657763,
                                36.499483
                            ],
                            [
                                -100.657763,
                                36.4995
                            ],
                            [
                                -100.648343,
                                36.499495
                            ],
                            [
                                -100.648344,
                                36.499463
                            ],
                            [
                                -100.592614,
                                36.499469
                            ],
                            [
                                -100.592556,
                                36.499469
                            ],
                            [
                                -100.592551,
                                36.499429
                            ],
                            [
                                -100.583539,
                                36.499483
                            ],
                            [
                                -100.583379,
                                36.499443
                            ],
                            [
                                -100.578114,
                                36.499463
                            ],
                            [
                                -100.578114,
                                36.499439
                            ],
                            [
                                -100.546145,
                                36.499343
                            ],
                            [
                                -100.531215,
                                36.499341
                            ],
                            [
                                -100.531215,
                                36.49929
                            ],
                            [
                                -100.530478,
                                36.49924
                            ],
                            [
                                -100.530314,
                                36.499357
                            ],
                            [
                                -100.522227,
                                36.499291
                            ],
                            [
                                -100.441065,
                                36.49949
                            ],
                            [
                                -100.441064,
                                36.499462
                            ],
                            [
                                -100.433959,
                                36.499456
                            ],
                            [
                                -100.421328,
                                36.499447
                            ],
                            [
                                -100.421301,
                                36.499488
                            ],
                            [
                                -100.413634,
                                36.499444
                            ],
                            [
                                -100.41355,
                                36.499469
                            ],
                            [
                                -100.378634,
                                36.499517
                            ],
                            [
                                -100.378592,
                                36.499445
                            ],
                            [
                                -100.351852,
                                36.499487
                            ],
                            [
                                -100.351842,
                                36.499473
                            ],
                            [
                                -100.334464,
                                36.49942
                            ],
                            [
                                -100.334441,
                                36.49944
                            ],
                            [
                                -100.32415,
                                36.499679
                            ],
                            [
                                -100.311245,
                                36.499631
                            ],
                            [
                                -100.311018,
                                36.499688
                            ],
                            [
                                -100.310643,
                                36.499642
                            ],
                            [
                                -100.181221,
                                36.499633
                            ],
                            [
                                -100.090021,
                                36.499634
                            ],
                            [
                                -100.003762,
                                36.499699
                            ],
                            [
                                -100.000406,
                                36.499702
                            ],
                            [
                                -100.000399,
                                36.055677
                            ],
                            [
                                -100.000396,
                                35.880948
                            ],
                            [
                                -100.000392,
                                35.619115
                            ],
                            [
                                -100.000389,
                                35.422364
                            ],
                            [
                                -100.000385,
                                35.182702
                            ],
                            [
                                -100.000384,
                                35.030385
                            ],
                            [
                                -100.000381,
                                34.746461
                            ]
                        ]
                    ]
                ]
            },
            "properties": {
                "name": "Texas",
                "abbr": "TX"
            }
        },
        {
            "type": "Feature",
            "properties": {
                "name": "Arizona",
                "abbr": "AZ"
            },
            "geometry": {
                "type": "Polygon",
                "coordinates": [[
                [-112.538593, 37.000674],
                [-111.412784, 37.001478],
                [-110.750690, 37.003197],
                [-110.000677, 36.997968],
                [-109.045223, 36.999084],
                [-109.045973, 36.002338],
                [-109.046082, 35.174665],
                [-109.046156, 34.579291],
                [-109.046627, 33.778233],
                [-109.047117, 32.777570],
                [-109.048731, 32.028174],
                [-109.050044, 31.332502],
                [-110.460172, 31.333051],
                [-111.098097, 31.339836],
                [-111.579530, 31.494095],
                [-112.246102, 31.704195],
                [-113.125961, 31.972780],
                [-113.493196, 32.088943],
                [-114.250775, 32.323910],
                [-114.813613, 32.494277],
                [-114.799302, 32.625115],
                [-114.719633, 32.718763],
                [-114.615585, 32.728446],
                [-114.496827, 32.822119],
                [-114.462890, 32.905797],
                [-114.511343, 33.023455],
                [-114.584765, 33.028231],
                [-114.675104, 33.047532],
                [-114.707819, 33.091102],
                [-114.687074, 33.142196],
                [-114.672088, 33.258499],
                [-114.721233, 33.396912],
                [-114.627125, 33.433554],
                [-114.558898, 33.531819],
                [-114.530348, 33.679245],
                [-114.504340, 33.756381],
                [-114.525539, 33.838614],
                [-114.499883, 33.961789],
                [-114.438266, 34.022609],
                [-114.420499, 34.103466],
                [-114.366521, 34.118575],
                [-114.244191, 34.179625],
                [-114.164476, 34.251667],
                [-114.138282, 34.303230],
                [-114.199482, 34.361373],
                [-114.339627, 34.451435],
                [-114.452547, 34.653494],
                [-114.552682, 34.766871],
                [-114.633051, 34.869971],
                [-114.629015, 34.986148],
                [-114.635469, 35.028266],
                [-114.599120, 35.121050],
                [-114.569238, 35.183480],
                [-114.595931, 35.325234],
                [-114.652005, 35.429165],
                [-114.677643, 35.489742],
                [-114.653806, 35.599490],
                [-114.676707, 35.640989],
                [-114.700308, 35.700387],
                [-114.707710, 35.811885],
                [-114.706130, 35.878712],
                [-114.743576, 35.983721],
                [-114.755618, 36.087166],
                [-114.736165, 36.104367],
                [-114.631716, 36.142306],
                [-114.513256, 36.151217],
                [-114.381446, 36.141665],
                [-114.310857, 36.083787],
                [-114.263146, 36.025937],
                [-114.154130, 36.023862],
                [-114.125796, 36.077531],
                [-114.060302, 36.189363],
                [-114.046838, 36.194069],
                [-114.046403, 36.371873],
                [-114.050562, 36.656259],
                [-114.050600, 37.000396],
                [-113.965907, 37.000025],
                [-112.966471, 37.000219],
                [-112.609787, 37.000753],
                [-112.538593, 37.000674]
                ]]
            }
        },
        {
            "type": "Feature",
            "properties": {
                "name": "Colorado",
                "abbr": "CO"
            },
            "geometry": {
                "type": "Polygon",
                "coordinates": [[
                [-109.060257, 41.003445],
                [-107.317794, 41.002957],
                [-107.000606, 41.003444],
                [-106.453859, 41.002057],
                [-104.053249, 41.001406],
                [-102.041524, 41.003445],
                [-102.041524, 39.999998],
                [-102.041524, 38.999999],
                [-102.041524, 37.999999],
                [-102.041524, 36.992427],
                [-103.001964, 36.993124],
                [-105.000554, 36.993264],
                [-107.000606, 36.994786],
                [-109.045223, 36.999084],
                [-109.060257, 38.499987],
                [-109.060257, 40.000010],
                [-109.060257, 41.003445]
                ]]
            }
        },
        {
            "type": "Feature",
            "geometry": {
                "type": "MultiPolygon",
                "coordinates": [
                    [
                        [
                            [
                                -94.043147,
                                32.69303
                            ],
                            [
                                -94.043147,
                                32.693031
                            ],
                            [
                                -94.042947,
                                32.767991
                            ],
                            [
                                -94.043027,
                                32.776863
                            ],
                            [
                                -94.042938,
                                32.780558
                            ],
                            [
                                -94.042829,
                                32.785277
                            ],
                            [
                                -94.042747,
                                32.786973
                            ],
                            [
                                -94.043026,
                                32.797476
                            ],
                            [
                                -94.042785,
                                32.871486
                            ],
                            [
                                -94.043025,
                                32.880446
                            ],
                            [
                                -94.042886,
                                32.880965
                            ],
                            [
                                -94.042886,
                                32.881089
                            ],
                            [
                                -94.042859,
                                32.892771
                            ],
                            [
                                -94.042885,
                                32.898911
                            ],
                            [
                                -94.043092,
                                32.910021
                            ],
                            [
                                -94.043067,
                                32.937903
                            ],
                            [
                                -94.043088,
                                32.955592
                            ],
                            [
                                -94.042964,
                                33.019219
                            ],
                            [
                                -94.041444,
                                33.019188
                            ],
                            [
                                -94.035839,
                                33.019145
                            ],
                            [
                                -94.027983,
                                33.019139
                            ],
                            [
                                -94.024475,
                                33.019207
                            ],
                            [
                                -93.814553,
                                33.019372
                            ],
                            [
                                -93.80493,
                                33.019347
                            ],
                            [
                                -93.531499,
                                33.018643
                            ],
                            [
                                -93.524916,
                                33.018637
                            ],
                            [
                                -93.520994,
                                33.018616
                            ],
                            [
                                -93.520971,
                                33.018616
                            ],
                            [
                                -93.490893,
                                33.018442
                            ],
                            [
                                -93.49052,
                                33.018442
                            ],
                            [
                                -93.489506,
                                33.018443
                            ],
                            [
                                -93.467042,
                                33.018611
                            ],
                            [
                                -93.377134,
                                33.018234
                            ],
                            [
                                -93.340353,
                                33.018337
                            ],
                            [
                                -93.308398,
                                33.018179
                            ],
                            [
                                -93.308181,
                                33.018156
                            ],
                            [
                                -93.238607,
                                33.017992
                            ],
                            [
                                -93.197402,
                                33.017951
                            ],
                            [
                                -93.154351,
                                33.017856
                            ],
                            [
                                -93.101443,
                                33.01774
                            ],
                            [
                                -93.100981,
                                33.017786
                            ],
                            [
                                -93.081428,
                                33.017928
                            ],
                            [
                                -93.073167,
                                33.017898
                            ],
                            [
                                -93.070686,
                                33.017792
                            ],
                            [
                                -92.988708,
                                33.017298
                            ],
                            [
                                -92.971137,
                                33.017192
                            ],
                            [
                                -92.946553,
                                33.016807
                            ],
                            [
                                -92.86751,
                                33.016062
                            ],
                            [
                                -92.854167,
                                33.016132
                            ],
                            [
                                -92.844286,
                                33.01607
                            ],
                            [
                                -92.844073,
                                33.016034
                            ],
                            [
                                -92.830798,
                                33.015661
                            ],
                            [
                                -92.733197,
                                33.014347
                            ],
                            [
                                -92.724994,
                                33.014351
                            ],
                            [
                                -92.724743,
                                33.014347
                            ],
                            [
                                -92.723553,
                                33.014328
                            ],
                            [
                                -92.715884,
                                33.014398
                            ],
                            [
                                -92.711289,
                                33.014307
                            ],
                            [
                                -92.503776,
                                33.012161
                            ],
                            [
                                -92.501383,
                                33.01216
                            ],
                            [
                                -92.469762,
                                33.01201
                            ],
                            [
                                -92.37029,
                                33.010717
                            ],
                            [
                                -92.362865,
                                33.010628
                            ],
                            [
                                -92.335893,
                                33.010349
                            ],
                            [
                                -92.292664,
                                33.010103
                            ],
                            [
                                -92.222825,
                                33.00908
                            ],
                            [
                                -92.069105,
                                33.008163
                            ],
                            [
                                -91.951958,
                                33.007428
                            ],
                            [
                                -91.950001,
                                33.00752
                            ],
                            [
                                -91.62667,
                                33.006639
                            ],
                            [
                                -91.617615,
                                33.006717
                            ],
                            [
                                -91.609001,
                                33.006556
                            ],
                            [
                                -91.579802,
                                33.006518
                            ],
                            [
                                -91.579639,
                                33.006472
                            ],
                            [
                                -91.572326,
                                33.006908
                            ],
                            [
                                -91.559494,
                                33.00684
                            ],
                            [
                                -91.46037,
                                33.006246
                            ],
                            [
                                -91.435782,
                                33.006099
                            ],
                            [
                                -91.425466,
                                33.006016
                            ],
                            [
                                -91.376016,
                                33.005794
                            ],
                            [
                                -91.333011,
                                33.005529
                            ],
                            [
                                -91.329767,
                                33.005421
                            ],
                            [
                                -91.326396,
                                33.005376
                            ],
                            [
                                -91.325037,
                                33.005364
                            ],
                            [
                                -91.322506,
                                33.005341
                            ],
                            [
                                -91.312016,
                                33.005262
                            ],
                            [
                                -91.284398,
                                33.005007
                            ],
                            [
                                -91.265018,
                                33.005084
                            ],
                            [
                                -91.166073,
                                33.004106
                            ],
                            [
                                -91.201842,
                                32.961212
                            ],
                            [
                                -91.214027,
                                32.93032
                            ],
                            [
                                -91.212837,
                                32.922104
                            ],
                            [
                                -91.208263,
                                32.915354
                            ],
                            [
                                -91.196785,
                                32.906784
                            ],
                            [
                                -91.175405,
                                32.899998
                            ],
                            [
                                -91.159975,
                                32.899879
                            ],
                            [
                                -91.145076,
                                32.905494
                            ],
                            [
                                -91.134041,
                                32.917676
                            ],
                            [
                                -91.132115,
                                32.923122
                            ],
                            [
                                -91.130947,
                                32.963815
                            ],
                            [
                                -91.138585,
                                32.971352
                            ],
                            [
                                -91.134414,
                                32.980533
                            ],
                            [
                                -91.125107,
                                32.984669
                            ],
                            [
                                -91.106581,
                                32.988938
                            ],
                            [
                                -91.094265,
                                32.984371
                            ],
                            [
                                -91.086802,
                                32.976266
                            ],
                            [
                                -91.063974,
                                32.924113
                            ],
                            [
                                -91.063809,
                                32.903709
                            ],
                            [
                                -91.070602,
                                32.888659
                            ],
                            [
                                -91.086683,
                                32.873392
                            ],
                            [
                                -91.105631,
                                32.858396
                            ],
                            [
                                -91.116091,
                                32.855641
                            ],
                            [
                                -91.127886,
                                32.855059
                            ],
                            [
                                -91.145002,
                                32.84287
                            ],
                            [
                                -91.158336,
                                32.822304
                            ],
                            [
                                -91.161669,
                                32.812465
                            ],
                            [
                                -91.164397,
                                32.785821
                            ],
                            [
                                -91.165328,
                                32.751301
                            ],
                            [
                                -91.163389,
                                32.747009
                            ],
                            [
                                -91.154461,
                                32.742339
                            ],
                            [
                                -91.123152,
                                32.742798
                            ],
                            [
                                -91.077176,
                                32.732534
                            ],
                            [
                                -91.060766,
                                32.727494
                            ],
                            [
                                -91.054481,
                                32.722259
                            ],
                            [
                                -91.057043,
                                32.712576
                            ],
                            [
                                -91.063946,
                                32.702926
                            ],
                            [
                                -91.076061,
                                32.693751
                            ],
                            [
                                -91.098762,
                                32.685291
                            ],
                            [
                                -91.118258,
                                32.674075
                            ],
                            [
                                -91.152081,
                                32.641508
                            ],
                            [
                                -91.153821,
                                32.631282
                            ],
                            [
                                -91.151318,
                                32.615919
                            ],
                            [
                                -91.146204,
                                32.604144
                            ],
                            [
                                -91.141148,
                                32.597209
                            ],
                            [
                                -91.127912,
                                32.586493
                            ],
                            [
                                -91.119854,
                                32.584795
                            ],
                            [
                                -91.104111,
                                32.584657
                            ],
                            [
                                -91.096774,
                                32.576652
                            ],
                            [
                                -91.090771,
                                32.563978
                            ],
                            [
                                -91.090611,
                                32.562705
                            ],
                            [
                                -91.089436,
                                32.553306
                            ],
                            [
                                -91.093741,
                                32.549128
                            ],
                            [
                                -91.097878,
                                32.544752
                            ],
                            [
                                -91.116708,
                                32.500139
                            ],
                            [
                                -91.116008,
                                32.48314
                            ],
                            [
                                -91.108808,
                                32.47204
                            ],
                            [
                                -91.095308,
                                32.458741
                            ],
                            [
                                -91.070207,
                                32.445141
                            ],
                            [
                                -91.052907,
                                32.438442
                            ],
                            [
                                -91.029606,
                                32.433542
                            ],
                            [
                                -90.99408,
                                32.403862
                            ],
                            [
                                -91.004506,
                                32.368144
                            ],
                            [
                                -91.003506,
                                32.362145
                            ],
                            [
                                -91.000106,
                                32.357695
                            ],
                            [
                                -90.986672,
                                32.35176
                            ],
                            [
                                -90.912363,
                                32.339454
                            ],
                            [
                                -90.901511,
                                32.337864
                            ],
                            [
                                -90.898588,
                                32.329094
                            ],
                            [
                                -90.905173,
                                32.315497
                            ],
                            [
                                -91.004557,
                                32.215381
                            ],
                            [
                                -91.006306,
                                32.22415
                            ],
                            [
                                -91.021507,
                                32.236149
                            ],
                            [
                                -91.039007,
                                32.242349
                            ],
                            [
                                -91.046507,
                                32.241149
                            ],
                            [
                                -91.122602,
                                32.216929
                            ],
                            [
                                -91.133587,
                                32.213432
                            ],
                            [
                                -91.158026,
                                32.201956
                            ],
                            [
                                -91.164171,
                                32.196888
                            ],
                            [
                                -91.171046,
                                32.176526
                            ],
                            [
                                -91.174552,
                                32.154978
                            ],
                            [
                                -91.171702,
                                32.14425
                            ],
                            [
                                -91.165452,
                                32.13429
                            ],
                            [
                                -91.162822,
                                32.132694
                            ],
                            [
                                -91.131403,
                                32.126213
                            ],
                            [
                                -91.067004,
                                32.132144
                            ],
                            [
                                -91.057487,
                                32.135515
                            ],
                            [
                                -91.052342,
                                32.137337
                            ],
                            [
                                -91.046615,
                                32.138768
                            ],
                            [
                                -91.040531,
                                32.137337
                            ],
                            [
                                -91.034447,
                                32.134832
                            ],
                            [
                                -91.030152,
                                32.129821
                            ],
                            [
                                -91.026931,
                                32.123737
                            ],
                            [
                                -91.027125,
                                32.120434
                            ],
                            [
                                -91.027535,
                                32.113431
                            ],
                            [
                                -91.027946,
                                32.112722
                            ],
                            [
                                -91.034707,
                                32.101053
                            ],
                            [
                                -91.128009,
                                31.985857
                            ],
                            [
                                -91.248144,
                                31.869848
                            ],
                            [
                                -91.293413,
                                31.86016
                            ],
                            [
                                -91.326914,
                                31.854961
                            ],
                            [
                                -91.338414,
                                31.851261
                            ],
                            [
                                -91.345714,
                                31.842861
                            ],
                            [
                                -91.359514,
                                31.799362
                            ],
                            [
                                -91.363714,
                                31.780363
                            ],
                            [
                                -91.365614,
                                31.760763
                            ],
                            [
                                -91.365084,
                                31.752743
                            ],
                            [
                                -91.369375,
                                31.746903
                            ],
                            [
                                -91.379935,
                                31.733013
                            ],
                            [
                                -91.397915,
                                31.709364
                            ],
                            [
                                -91.400115,
                                31.688164
                            ],
                            [
                                -91.398059,
                                31.655922
                            ],
                            [
                                -91.404668,
                                31.637898
                            ],
                            [
                                -91.42209,
                                31.63129
                            ],
                            [
                                -91.441315,
                                31.63129
                            ],
                            [
                                -91.45273,
                                31.63129
                            ],
                            [
                                -91.464746,
                                31.628886
                            ],
                            [
                                -91.474959,
                                31.621677
                            ],
                            [
                                -91.477963,
                                31.610863
                            ],
                            [
                                -91.477963,
                                31.604855
                            ],
                            [
                                -91.477963,
                                31.598247
                            ],
                            [
                                -91.477362,
                                31.592239
                            ],
                            [
                                -91.470754,
                                31.58563
                            ],
                            [
                                -91.458679,
                                31.583226
                            ],
                            [
                                -91.44862,
                                31.583032
                            ],
                            [
                                -91.437711,
                                31.580824
                            ],
                            [
                                -91.425094,
                                31.57782
                            ],
                            [
                                -91.415482,
                                31.567006
                            ],
                            [
                                -91.416683,
                                31.561599
                            ],
                            [
                                -91.422691,
                                31.55439
                            ],
                            [
                                -91.437616,
                                31.546166
                            ],
                            [
                                -91.450017,
                                31.539666
                            ],
                            [
                                -91.479718,
                                31.530366
                            ],
                            [
                                -91.511217,
                                31.532612
                            ],
                            [
                                -91.51581,
                                31.530894
                            ],
                            [
                                -91.52292,
                                31.519841
                            ],
                            [
                                -91.51513,
                                31.449206
                            ],
                            [
                                -91.510356,
                                31.438928
                            ],
                            [
                                -91.505301,
                                31.432945
                            ],
                            [
                                -91.500406,
                                31.419008
                            ],
                            [
                                -91.505093,
                                31.400933
                            ],
                            [
                                -91.513795,
                                31.386875
                            ],
                            [
                                -91.525386,
                                31.378904
                            ],
                            [
                                -91.541242,
                                31.35675
                            ],
                            [
                                -91.539904,
                                31.337336
                            ],
                            [
                                -91.531201,
                                31.326625
                            ],
                            [
                                -91.51982,
                                31.311228
                            ],
                            [
                                -91.508858,
                                31.291644
                            ],
                            [
                                -91.515614,
                                31.27821
                            ],
                            [
                                -91.522397,
                                31.273423
                            ],
                            [
                                -91.547588,
                                31.264444
                            ],
                            [
                                -91.574493,
                                31.261289
                            ],
                            [
                                -91.59849,
                                31.205485
                            ],
                            [
                                -91.599965,
                                31.192318
                            ],
                            [
                                -91.604197,
                                31.154545
                            ],
                            [
                                -91.577373,
                                31.078179
                            ],
                            [
                                -91.56415,
                                31.06683
                            ],
                            [
                                -91.561283,
                                31.060906
                            ],
                            [
                                -91.559907,
                                31.054119
                            ],
                            [
                                -91.562468,
                                31.043213
                            ],
                            [
                                -91.571695,
                                31.029782
                            ],
                            [
                                -91.58467,
                                31.020185
                            ],
                            [
                                -91.636942,
                                30.999416
                            ],
                            [
                                -91.625118,
                                30.999167
                            ],
                            [
                                -91.538727,
                                30.999388
                            ],
                            [
                                -91.425749,
                                30.999007
                            ],
                            [
                                -91.423621,
                                30.998984
                            ],
                            [
                                -91.224839,
                                30.999183
                            ],
                            [
                                -91.224068,
                                30.999183
                            ],
                            [
                                -91.176209,
                                30.999144
                            ],
                            [
                                -91.17614,
                                30.999144
                            ],
                            [
                                -91.108291,
                                30.99888
                            ],
                            [
                                -91.108114,
                                30.998857
                            ],
                            [
                                -91.080814,
                                30.998909
                            ],
                            [
                                -91.06827,
                                30.99892
                            ],
                            [
                                -91.060217,
                                30.998935
                            ],
                            [
                                -90.826027,
                                30.99936
                            ],
                            [
                                -90.825829,
                                30.99936
                            ],
                            [
                                -90.783745,
                                30.999447
                            ],
                            [
                                -90.779858,
                                30.999457
                            ],
                            [
                                -90.775981,
                                30.999491
                            ],
                            [
                                -90.769333,
                                30.999374
                            ],
                            [
                                -90.758775,
                                30.999583
                            ],
                            [
                                -90.734552,
                                30.999222
                            ],
                            [
                                -90.734473,
                                30.999214
                            ],
                            [
                                -90.651193,
                                30.99951
                            ],
                            [
                                -90.648721,
                                30.999486
                            ],
                            [
                                -90.588676,
                                30.99965
                            ],
                            [
                                -90.587373,
                                30.999604
                            ],
                            [
                                -90.584448,
                                30.999698
                            ],
                            [
                                -90.583518,
                                30.999698
                            ],
                            [
                                -90.567195,
                                30.999733
                            ],
                            [
                                -90.547615,
                                30.999723
                            ],
                            [
                                -90.486749,
                                30.999693
                            ],
                            [
                                -90.485876,
                                30.99974
                            ],
                            [
                                -90.477284,
                                30.999717
                            ],
                            [
                                -90.475928,
                                30.99974
                            ],
                            [
                                -90.474094,
                                30.999798
                            ],
                            [
                                -90.442479,
                                30.999722
                            ],
                            [
                                -90.441725,
                                30.999729
                            ],
                            [
                                -90.437351,
                                30.99973
                            ],
                            [
                                -90.426849,
                                30.999776
                            ],
                            [
                                -90.422117,
                                30.99981
                            ],
                            [
                                -90.369371,
                                31.000335
                            ],
                            [
                                -90.347241,
                                31.000359
                            ],
                            [
                                -90.34723,
                                31.000359
                            ],
                            [
                                -90.346007,
                                31.000363
                            ],
                            [
                                -90.259555,
                                31.000657
                            ],
                            [
                                -90.164676,
                                31.00098
                            ],
                            [
                                -90.164278,
                                31.001025
                            ],
                            [
                                -90.131395,
                                31.000924
                            ],
                            [
                                -90.128406,
                                31.001047
                            ],
                            [
                                -90.050706,
                                31.001215
                            ],
                            [
                                -90.029574,
                                31.00119
                            ],
                            [
                                -90.022185,
                                31.001302
                            ],
                            [
                                -90.005332,
                                31.001364
                            ],
                            [
                                -89.97543,
                                31.001692
                            ],
                            [
                                -89.972802,
                                31.001392
                            ],
                            [
                                -89.927161,
                                31.001437
                            ],
                            [
                                -89.923119,
                                31.001446
                            ],
                            [
                                -89.897516,
                                31.001913
                            ],
                            [
                                -89.892708,
                                31.001759
                            ],
                            [
                                -89.856862,
                                31.002075
                            ],
                            [
                                -89.835908,
                                31.002059
                            ],
                            [
                                -89.835542,
                                31.002059
                            ],
                            [
                                -89.824617,
                                31.00206
                            ],
                            [
                                -89.816429,
                                31.002084
                            ],
                            [
                                -89.752642,
                                31.001853
                            ],
                            [
                                -89.732504,
                                31.004831
                            ],
                            [
                                -89.728147,
                                31.002431
                            ],
                            [
                                -89.728148,
                                31.0023
                            ],
                            [
                                -89.728382,
                                30.971141
                            ],
                            [
                                -89.744789,
                                30.918933
                            ],
                            [
                                -89.756543,
                                30.900431
                            ],
                            [
                                -89.770931,
                                30.899432
                            ],
                            [
                                -89.77341,
                                30.897693
                            ],
                            [
                                -89.789863,
                                30.851527
                            ],
                            [
                                -89.826175,
                                30.736594
                            ],
                            [
                                -89.842596,
                                30.666038
                            ],
                            [
                                -89.842585,
                                30.666005
                            ],
                            [
                                -89.823384,
                                30.608535
                            ],
                            [
                                -89.806843,
                                30.572039
                            ],
                            [
                                -89.76057,
                                30.515761
                            ],
                            [
                                -89.732577,
                                30.492502
                            ],
                            [
                                -89.724614,
                                30.491902
                            ],
                            [
                                -89.69058,
                                30.458773
                            ],
                            [
                                -89.68341,
                                30.451793
                            ],
                            [
                                -89.629941,
                                30.339449
                            ],
                            [
                                -89.629877,
                                30.321017
                            ],
                            [
                                -89.640694,
                                30.301313
                            ],
                            [
                                -89.643575,
                                30.293099
                            ],
                            [
                                -89.64344,
                                30.287682
                            ],
                            [
                                -89.607655,
                                30.217096
                            ],
                            [
                                -89.580754,
                                30.186197
                            ],
                            [
                                -89.572654,
                                30.180897
                            ],
                            [
                                -89.524504,
                                30.180753
                            ],
                            [
                                -89.531213,
                                30.177099
                            ],
                            [
                                -89.537493,
                                30.171745
                            ],
                            [
                                -89.555013,
                                30.170798
                            ],
                            [
                                -89.562825,
                                30.168667
                            ],
                            [
                                -89.56827,
                                30.163932
                            ],
                            [
                                -89.572093,
                                30.160362
                            ],
                            [
                                -89.587062,
                                30.150648
                            ],
                            [
                                -89.595021,
                                30.149891
                            ],
                            [
                                -89.598027,
                                30.152409
                            ],
                            [
                                -89.617542,
                                30.156422
                            ],
                            [
                                -89.62288,
                                30.152368
                            ],
                            [
                                -89.625053,
                                30.150717
                            ],
                            [
                                -89.640989,
                                30.138612
                            ],
                            [
                                -89.64455,
                                30.134108
                            ],
                            [
                                -89.650467,
                                30.126625
                            ],
                            [
                                -89.656986,
                                30.118381
                            ],
                            [
                                -89.658594,
                                30.117364
                            ],
                            [
                                -89.668164,
                                30.111311
                            ],
                            [
                                -89.668638,
                                30.111011
                            ],
                            [
                                -89.669157,
                                30.110683
                            ],
                            [
                                -89.669182,
                                30.110667
                            ],
                            [
                                -89.672881,
                                30.11049
                            ],
                            [
                                -89.674124,
                                30.11043
                            ],
                            [
                                -89.674633,
                                30.110406
                            ],
                            [
                                -89.674956,
                                30.110212
                            ],
                            [
                                -89.675762,
                                30.109728
                            ],
                            [
                                -89.676117,
                                30.109515
                            ],
                            [
                                -89.678156,
                                30.10829
                            ],
                            [
                                -89.678163,
                                30.108286
                            ],
                            [
                                -89.678293,
                                30.107746
                            ],
                            [
                                -89.678457,
                                30.107059
                            ],
                            [
                                -89.678499,
                                30.106886
                            ],
                            [
                                -89.679655,
                                30.102067
                            ],
                            [
                                -89.679823,
                                30.101367
                            ],
                            [
                                -89.679838,
                                30.101304
                            ],
                            [
                                -89.680042,
                                30.100452
                            ],
                            [
                                -89.68035,
                                30.099171
                            ],
                            [
                                -89.680485,
                                30.098605
                            ],
                            [
                                -89.681265,
                                30.095355
                            ],
                            [
                                -89.681906,
                                30.092682
                            ],
                            [
                                -89.682057,
                                30.092052
                            ],
                            [
                                -89.682181,
                                30.091536
                            ],
                            [
                                -89.682181,
                                30.091531
                            ],
                            [
                                -89.682277,
                                30.090565
                            ],
                            [
                                -89.68228,
                                30.090531
                            ],
                            [
                                -89.682331,
                                30.090015
                            ],
                            [
                                -89.682371,
                                30.089607
                            ],
                            [
                                -89.682393,
                                30.089391
                            ],
                            [
                                -89.682409,
                                30.089225
                            ],
                            [
                                -89.682691,
                                30.086365
                            ],
                            [
                                -89.683051,
                                30.082718
                            ],
                            [
                                -89.683168,
                                30.08153
                            ],
                            [
                                -89.683712,
                                30.076018
                            ],
                            [
                                -89.697556,
                                30.070842
                            ],
                            [
                                -89.698461,
                                30.070504
                            ],
                            [
                                -89.698496,
                                30.070491
                            ],
                            [
                                -89.698909,
                                30.070451
                            ],
                            [
                                -89.699144,
                                30.070428
                            ],
                            [
                                -89.699629,
                                30.070381
                            ],
                            [
                                -89.711848,
                                30.069194
                            ],
                            [
                                -89.712942,
                                30.069088
                            ],
                            [
                                -89.713003,
                                30.069061
                            ],
                            [
                                -89.714085,
                                30.068582
                            ],
                            [
                                -89.714827,
                                30.068253
                            ],
                            [
                                -89.715494,
                                30.067958
                            ],
                            [
                                -89.715884,
                                30.067785
                            ],
                            [
                                -89.716237,
                                30.067628
                            ],
                            [
                                -89.716425,
                                30.067545
                            ],
                            [
                                -89.71675,
                                30.067402
                            ],
                            [
                                -89.716887,
                                30.067341
                            ],
                            [
                                -89.721992,
                                30.06508
                            ],
                            [
                                -89.724433,
                                30.063999
                            ],
                            [
                                -89.72633,
                                30.063158
                            ],
                            [
                                -89.727453,
                                30.062661
                            ],
                            [
                                -89.728026,
                                30.061841
                            ],
                            [
                                -89.72957,
                                30.059628
                            ],
                            [
                                -89.72968,
                                30.05947
                            ],
                            [
                                -89.72979,
                                30.059314
                            ],
                            [
                                -89.729911,
                                30.059139
                            ],
                            [
                                -89.73099,
                                30.057594
                            ],
                            [
                                -89.730999,
                                30.057581
                            ],
                            [
                                -89.731208,
                                30.054558
                            ],
                            [
                                -89.731428,
                                30.051377
                            ],
                            [
                                -89.731452,
                                30.05104
                            ],
                            [
                                -89.731545,
                                30.049694
                            ],
                            [
                                -89.731545,
                                30.049691
                            ],
                            [
                                -89.731544,
                                30.04969
                            ],
                            [
                                -89.7163,
                                30.02811
                            ],
                            [
                                -89.7163,
                                30.028106
                            ],
                            [
                                -89.716301,
                                30.028088
                            ],
                            [
                                -89.716328,
                                30.027415
                            ],
                            [
                                -89.716336,
                                30.02723
                            ],
                            [
                                -89.716358,
                                30.026686
                            ],
                            [
                                -89.716377,
                                30.026222
                            ],
                            [
                                -89.724649,
                                30.022454
                            ],
                            [
                                -89.724669,
                                30.022453
                            ],
                            [
                                -89.72576,
                                30.022403
                            ],
                            [
                                -89.733323,
                                30.022054
                            ],
                            [
                                -89.734361,
                                30.022884
                            ],
                            [
                                -89.739028,
                                30.026618
                            ],
                            [
                                -89.739574,
                                30.027055
                            ],
                            [
                                -89.740886,
                                30.028104
                            ],
                            [
                                -89.745827,
                                30.032056
                            ],
                            [
                                -89.746313,
                                30.032445
                            ],
                            [
                                -89.746505,
                                30.032599
                            ],
                            [
                                -89.746506,
                                30.0326
                            ],
                            [
                                -89.757138,
                                30.03865
                            ],
                            [
                                -89.763216,
                                30.042108
                            ],
                            [
                                -89.782534,
                                30.045372
                            ],
                            [
                                -89.78463,
                                30.045253
                            ],
                            [
                                -89.813684,
                                30.043605
                            ],
                            [
                                -89.818561,
                                30.043328
                            ],
                            [
                                -89.829762,
                                30.033275
                            ],
                            [
                                -89.830442,
                                30.032664
                            ],
                            [
                                -89.832213,
                                30.031075
                            ],
                            [
                                -89.832965,
                                30.0304
                            ],
                            [
                                -89.833794,
                                30.029656
                            ],
                            [
                                -89.834644,
                                30.028893
                            ],
                            [
                                -89.835202,
                                30.028393
                            ],
                            [
                                -89.839926,
                                30.024153
                            ],
                            [
                                -89.839933,
                                30.024146
                            ],
                            [
                                -89.840963,
                                30.022995
                            ],
                            [
                                -89.841739,
                                30.022127
                            ],
                            [
                                -89.854533,
                                30.007821
                            ],
                            [
                                -89.857558,
                                30.004439
                            ],
                            [
                                -89.852312,
                                29.97765
                            ],
                            [
                                -89.844202,
                                29.955645
                            ],
                            [
                                -89.8385,
                                29.945816
                            ],
                            [
                                -89.829023,
                                29.939228
                            ],
                            [
                                -89.81803,
                                29.934145
                            ],
                            [
                                -89.804463,
                                29.932588
                            ],
                            [
                                -89.775459,
                                29.937416
                            ],
                            [
                                -89.748492,
                                29.945831
                            ],
                            [
                                -89.727933,
                                29.95878
                            ],
                            [
                                -89.719067,
                                29.953699
                            ],
                            [
                                -89.71291,
                                29.946349
                            ],
                            [
                                -89.736311,
                                29.936263
                            ],
                            [
                                -89.742727,
                                29.935894
                            ],
                            [
                                -89.746273,
                                29.928221
                            ],
                            [
                                -89.742479,
                                29.90817
                            ],
                            [
                                -89.711158,
                                29.879287
                            ],
                            [
                                -89.692004,
                                29.868722
                            ],
                            [
                                -89.671555,
                                29.867535
                            ],
                            [
                                -89.660568,
                                29.862909
                            ],
                            [
                                -89.638016,
                                29.864065
                            ],
                            [
                                -89.613159,
                                29.87216
                            ],
                            [
                                -89.598129,
                                29.881409
                            ],
                            [
                                -89.591194,
                                29.897018
                            ],
                            [
                                -89.592346,
                                29.917253
                            ],
                            [
                                -89.583099,
                                29.931705
                            ],
                            [
                                -89.583099,
                                29.945581
                            ],
                            [
                                -89.574997,
                                29.959455
                            ],
                            [
                                -89.574425,
                                29.983738
                            ],
                            [
                                -89.58136,
                                29.994722
                            ],
                            [
                                -89.571533,
                                29.999926
                            ],
                            [
                                -89.551292,
                                30.005709
                            ],
                            [
                                -89.501587,
                                30.034037
                            ],
                            [
                                -89.494064,
                                30.040972
                            ],
                            [
                                -89.494637,
                                30.0508
                            ],
                            [
                                -89.499275,
                                30.058893
                            ],
                            [
                                -89.493484,
                                30.072191
                            ],
                            [
                                -89.481926,
                                30.079128
                            ],
                            [
                                -89.458946,
                                30.06345
                            ],
                            [
                                -89.444618,
                                30.060959
                            ],
                            [
                                -89.429047,
                                30.05224
                            ],
                            [
                                -89.418465,
                                30.049747
                            ],
                            [
                                -89.372375,
                                30.054729
                            ],
                            [
                                -89.368637,
                                30.047256
                            ],
                            [
                                -89.372375,
                                30.036671
                            ],
                            [
                                -89.381096,
                                30.030441
                            ],
                            [
                                -89.393555,
                                30.029818
                            ],
                            [
                                -89.41597,
                                30.020477
                            ],
                            [
                                -89.422813,
                                30.015495
                            ],
                            [
                                -89.432785,
                                30.008022
                            ],
                            [
                                -89.433411,
                                29.991205
                            ],
                            [
                                -89.432785,
                                29.978752
                            ],
                            [
                                -89.40538,
                                29.965672
                            ],
                            [
                                -89.393555,
                                29.966295
                            ],
                            [
                                -89.379227,
                                29.963804
                            ],
                            [
                                -89.378601,
                                29.919588
                            ],
                            [
                                -89.368019,
                                29.911491
                            ],
                            [
                                -89.331894,
                                29.91585
                            ],
                            [
                                -89.315453,
                                29.923208
                            ],
                            [
                                -89.283562,
                                29.97332
                            ],
                            [
                                -89.273315,
                                29.99382
                            ],
                            [
                                -89.250534,
                                30.002361
                            ],
                            [
                                -89.243706,
                                29.997236
                            ],
                            [
                                -89.249969,
                                29.975597
                            ],
                            [
                                -89.218071,
                                29.97275
                            ],
                            [
                                -89.22377,
                                29.961929
                            ],
                            [
                                -89.231178,
                                29.925484
                            ],
                            [
                                -89.244843,
                                29.93004
                            ],
                            [
                                -89.263062,
                                29.929472
                            ],
                            [
                                -89.280144,
                                29.924915
                            ],
                            [
                                -89.318306,
                                29.898149
                            ],
                            [
                                -89.322289,
                                29.887333
                            ],
                            [
                                -89.311462,
                                29.881636
                            ],
                            [
                                -89.289253,
                                29.880499
                            ],
                            [
                                -89.272179,
                                29.886763
                            ],
                            [
                                -89.241425,
                                29.88961
                            ],
                            [
                                -89.236298,
                                29.886763
                            ],
                            [
                                -89.236298,
                                29.877081
                            ],
                            [
                                -89.254517,
                                29.864552
                            ],
                            [
                                -89.269897,
                                29.859997
                            ],
                            [
                                -89.294952,
                                29.857149
                            ],
                            [
                                -89.317726,
                                29.850885
                            ],
                            [
                                -89.363289,
                                29.84576
                            ],
                            [
                                -89.383789,
                                29.838928
                            ],
                            [
                                -89.383217,
                                29.830385
                            ],
                            [
                                -89.372971,
                                29.82526
                            ],
                            [
                                -89.345634,
                                29.820135
                            ],
                            [
                                -89.342781,
                                29.798496
                            ],
                            [
                                -89.33197,
                                29.790524
                            ],
                            [
                                -89.318306,
                                29.788815
                            ],
                            [
                                -89.293251,
                                29.803053
                            ],
                            [
                                -89.277298,
                                29.807608
                            ],
                            [
                                -89.277298,
                                29.799635
                            ],
                            [
                                -89.284134,
                                29.795649
                            ],
                            [
                                -89.284706,
                                29.770021
                            ],
                            [
                                -89.269325,
                                29.760912
                            ],
                            [
                                -89.271034,
                                29.756355
                            ],
                            [
                                -89.305199,
                                29.756926
                            ],
                            [
                                -89.316025,
                                29.760912
                            ],
                            [
                                -89.325134,
                                29.772301
                            ],
                            [
                                -89.337662,
                                29.779135
                            ],
                            [
                                -89.354179,
                                29.781412
                            ],
                            [
                                -89.367271,
                                29.775148
                            ],
                            [
                                -89.386063,
                                29.788815
                            ],
                            [
                                -89.394608,
                                29.784828
                            ],
                            [
                                -89.399162,
                                29.770592
                            ],
                            [
                                -89.414536,
                                29.752371
                            ],
                            [
                                -89.428207,
                                29.74155
                            ],
                            [
                                -89.42421,
                                29.697638
                            ],
                            [
                                -89.44812,
                                29.703316
                            ],
                            [
                                -89.471992,
                                29.718597
                            ],
                            [
                                -89.486961,
                                29.72592
                            ],
                            [
                                -89.506065,
                                29.731651
                            ],
                            [
                                -89.530258,
                                29.74375
                            ],
                            [
                                -89.540131,
                                29.74375
                            ],
                            [
                                -89.560181,
                                29.735472
                            ],
                            [
                                -89.572922,
                                29.746616
                            ],
                            [
                                -89.598068,
                                29.74757
                            ],
                            [
                                -89.634048,
                                29.752981
                            ],
                            [
                                -89.651237,
                                29.749479
                            ],
                            [
                                -89.649651,
                                29.719872
                            ],
                            [
                                -89.644562,
                                29.710957
                            ],
                            [
                                -89.618446,
                                29.700768
                            ],
                            [
                                -89.59903,
                                29.704908
                            ],
                            [
                                -89.592979,
                                29.702042
                            ],
                            [
                                -89.599663,
                                29.690262
                            ],
                            [
                                -89.596802,
                                29.684212
                            ],
                            [
                                -89.573883,
                                29.674025
                            ],
                            [
                                -89.55732,
                                29.670204
                            ],
                            [
                                -89.53376,
                                29.670204
                            ],
                            [
                                -89.487915,
                                29.630405
                            ],
                            [
                                -89.485367,
                                29.624357
                            ],
                            [
                                -89.486709,
                                29.621003
                            ],
                            [
                                -89.486931,
                                29.620447
                            ],
                            [
                                -89.504738,
                                29.631508
                            ],
                            [
                                -89.523018,
                                29.639427
                            ],
                            [
                                -89.535202,
                                29.648567
                            ],
                            [
                                -89.583336,
                                29.652834
                            ],
                            [
                                -89.608925,
                                29.657707
                            ],
                            [
                                -89.621109,
                                29.657101
                            ],
                            [
                                -89.62355,
                                29.662584
                            ],
                            [
                                -89.632698,
                                29.671724
                            ],
                            [
                                -89.644272,
                                29.675381
                            ],
                            [
                                -89.64975,
                                29.672941
                            ],
                            [
                                -89.641228,
                                29.647961
                            ],
                            [
                                -89.641228,
                                29.635773
                            ],
                            [
                                -89.647324,
                                29.625414
                            ],
                            [
                                -89.657677,
                                29.624195
                            ],
                            [
                                -89.674736,
                                29.626633
                            ],
                            [
                                -89.684486,
                                29.624804
                            ],
                            [
                                -89.688141,
                                29.615055
                            ],
                            [
                                -89.684486,
                                29.602867
                            ],
                            [
                                -89.671082,
                                29.588243
                            ],
                            [
                                -89.668648,
                                29.580322
                            ],
                            [
                                -89.684486,
                                29.563263
                            ],
                            [
                                -89.684486,
                                29.551073
                            ],
                            [
                                -89.681092,
                                29.534487
                            ],
                            [
                                -89.69623,
                                29.525004
                            ],
                            [
                                -89.699698,
                                29.523423
                            ],
                            [
                                -89.700845,
                                29.520785
                            ],
                            [
                                -89.700501,
                                29.515967
                            ],
                            [
                                -89.693877,
                                29.508559
                            ],
                            [
                                -89.665813,
                                29.49002
                            ],
                            [
                                -89.644039,
                                29.492343
                            ],
                            [
                                -89.63533,
                                29.489294
                            ],
                            [
                                -89.617558,
                                29.468298
                            ],
                            [
                                -89.596533,
                                29.456303
                            ],
                            [
                                -89.592474,
                                29.449822
                            ],
                            [
                                -89.589536,
                                29.437662
                            ],
                            [
                                -89.577096,
                                29.433692
                            ],
                            [
                                -89.574635,
                                29.435734
                            ],
                            [
                                -89.574653,
                                29.4411
                            ],
                            [
                                -89.548686,
                                29.465723
                            ],
                            [
                                -89.528429,
                                29.454702
                            ],
                            [
                                -89.53215,
                                29.434567
                            ],
                            [
                                -89.531943,
                                29.425679
                            ],
                            [
                                -89.518368,
                                29.40023
                            ],
                            [
                                -89.508551,
                                29.386168
                            ],
                            [
                                -89.505038,
                                29.38604
                            ],
                            [
                                -89.487308,
                                29.393346
                            ],
                            [
                                -89.484354,
                                29.397471
                            ],
                            [
                                -89.482318,
                                29.406222
                            ],
                            [
                                -89.47714,
                                29.411241
                            ],
                            [
                                -89.470142,
                                29.401471
                            ],
                            [
                                -89.457303,
                                29.393148
                            ],
                            [
                                -89.42238,
                                29.390628
                            ],
                            [
                                -89.380001,
                                29.391785
                            ],
                            [
                                -89.373109,
                                29.387175
                            ],
                            [
                                -89.355528,
                                29.381569
                            ],
                            [
                                -89.340304,
                                29.381412
                            ],
                            [
                                -89.336589,
                                29.378228
                            ],
                            [
                                -89.347615,
                                29.365
                            ],
                            [
                                -89.350694,
                                29.349544
                            ],
                            [
                                -89.32317,
                                29.343982
                            ],
                            [
                                -89.303766,
                                29.357455
                            ],
                            [
                                -89.283028,
                                29.356467
                            ],
                            [
                                -89.272543,
                                29.351195
                            ],
                            [
                                -89.2653,
                                29.345352
                            ],
                            [
                                -89.257852,
                                29.336872
                            ],
                            [
                                -89.253545,
                                29.322802
                            ],
                            [
                                -89.24087,
                                29.310081
                            ],
                            [
                                -89.224192,
                                29.313792
                            ],
                            [
                                -89.223444,
                                29.318066
                            ],
                            [
                                -89.219734,
                                29.324412
                            ],
                            [
                                -89.204703,
                                29.338674
                            ],
                            [
                                -89.200389,
                                29.344418
                            ],
                            [
                                -89.200599,
                                29.347672
                            ],
                            [
                                -89.189354,
                                29.345061
                            ],
                            [
                                -89.179547,
                                29.339608
                            ],
                            [
                                -89.177351,
                                29.33521
                            ],
                            [
                                -89.178221,
                                29.32697
                            ],
                            [
                                -89.165015,
                                29.303039
                            ],
                            [
                                -89.157593,
                                29.296691
                            ],
                            [
                                -89.140275,
                                29.291085
                            ],
                            [
                                -89.134337,
                                29.27934
                            ],
                            [
                                -89.136979,
                                29.275239
                            ],
                            [
                                -89.129688,
                                29.265632
                            ],
                            [
                                -89.100106,
                                29.25022
                            ],
                            [
                                -89.096173,
                                29.24293
                            ],
                            [
                                -89.095544,
                                29.238028
                            ],
                            [
                                -89.098389,
                                29.232963
                            ],
                            [
                                -89.105833,
                                29.231608
                            ],
                            [
                                -89.106244,
                                29.215912
                            ],
                            [
                                -89.10065,
                                29.206314
                            ],
                            [
                                -89.090724,
                                29.199992
                            ],
                            [
                                -89.068265,
                                29.204166
                            ],
                            [
                                -89.067371,
                                29.208636
                            ],
                            [
                                -89.029103,
                                29.220956
                            ],
                            [
                                -89.02185,
                                29.218162
                            ],
                            [
                                -89.015192,
                                29.211561
                            ],
                            [
                                -89.000674,
                                29.180091
                            ],
                            [
                                -89.00529,
                                29.164949
                            ],
                            [
                                -89.013254,
                                29.16328
                            ],
                            [
                                -89.018344,
                                29.165046
                            ],
                            [
                                -89.024269,
                                29.170043
                            ],
                            [
                                -89.043919,
                                29.162528
                            ],
                            [
                                -89.047233,
                                29.157833
                            ],
                            [
                                -89.03873,
                                29.14238
                            ],
                            [
                                -89.032004,
                                29.144747
                            ],
                            [
                                -89.024149,
                                29.137298
                            ],
                            [
                                -89.023942,
                                29.1337
                            ],
                            [
                                -89.026031,
                                29.130126
                            ],
                            [
                                -89.051953,
                                29.106554
                            ],
                            [
                                -89.055475,
                                29.084167
                            ],
                            [
                                -89.062335,
                                29.070234
                            ],
                            [
                                -89.09126,
                                29.066931
                            ],
                            [
                                -89.098068,
                                29.067984
                            ],
                            [
                                -89.105009,
                                29.073641
                            ],
                            [
                                -89.121542,
                                29.069074
                            ],
                            [
                                -89.143453,
                                29.047591
                            ],
                            [
                                -89.156339,
                                29.028782
                            ],
                            [
                                -89.162,
                                29.01586
                            ],
                            [
                                -89.162326,
                                29.011713
                            ],
                            [
                                -89.164788,
                                29.008703
                            ],
                            [
                                -89.16985,
                                29.008703
                            ],
                            [
                                -89.175732,
                                29.012123
                            ],
                            [
                                -89.186061,
                                29.017993
                            ],
                            [
                                -89.18215,
                                29.025486
                            ],
                            [
                                -89.189893,
                                29.032635
                            ],
                            [
                                -89.197871,
                                29.029701
                            ],
                            [
                                -89.202563,
                                29.031603
                            ],
                            [
                                -89.211144,
                                29.040813
                            ],
                            [
                                -89.216101,
                                29.056371
                            ],
                            [
                                -89.215531,
                                29.06141
                            ],
                            [
                                -89.217201,
                                29.067275
                            ],
                            [
                                -89.225865,
                                29.07866
                            ],
                            [
                                -89.23631,
                                29.084605
                            ],
                            [
                                -89.254726,
                                29.083261
                            ],
                            [
                                -89.257283,
                                29.081086
                            ],
                            [
                                -89.256869,
                                29.0738
                            ],
                            [
                                -89.25364,
                                29.064954
                            ],
                            [
                                -89.259354,
                                29.058358
                            ],
                            [
                                -89.283215,
                                29.053325
                            ],
                            [
                                -89.29109,
                                29.053097
                            ],
                            [
                                -89.304888,
                                29.046379
                            ],
                            [
                                -89.315389,
                                29.039081
                            ],
                            [
                                -89.318102,
                                29.035342
                            ],
                            [
                                -89.315182,
                                29.032662
                            ],
                            [
                                -89.32485,
                                29.013805
                            ],
                            [
                                -89.335228,
                                29.015003
                            ],
                            [
                                -89.338249,
                                29.012935
                            ],
                            [
                                -89.383814,
                                28.947434
                            ],
                            [
                                -89.41148,
                                28.925011
                            ],
                            [
                                -89.419865,
                                28.929709
                            ],
                            [
                                -89.412388,
                                28.957504
                            ],
                            [
                                -89.408157,
                                28.965341
                            ],
                            [
                                -89.398104,
                                28.977016
                            ],
                            [
                                -89.382106,
                                28.981525
                            ],
                            [
                                -89.375049,
                                28.985368
                            ],
                            [
                                -89.334735,
                                29.040335
                            ],
                            [
                                -89.339828,
                                29.052221
                            ],
                            [
                                -89.354798,
                                29.072543
                            ],
                            [
                                -89.374522,
                                29.084174
                            ],
                            [
                                -89.405654,
                                29.086936
                            ],
                            [
                                -89.411154,
                                29.105838
                            ],
                            [
                                -89.409371,
                                29.127855
                            ],
                            [
                                -89.417718,
                                29.13869
                            ],
                            [
                                -89.428965,
                                29.14451
                            ],
                            [
                                -89.432932,
                                29.149023
                            ],
                            [
                                -89.447472,
                                29.178576
                            ],
                            [
                                -89.455829,
                                29.190991
                            ],
                            [
                                -89.47231,
                                29.20755
                            ],
                            [
                                -89.482844,
                                29.215053
                            ],
                            [
                                -89.5366,
                                29.236212
                            ],
                            [
                                -89.606651,
                                29.252023
                            ],
                            [
                                -89.671781,
                                29.289028
                            ],
                            [
                                -89.697258,
                                29.296679
                            ],
                            [
                                -89.726162,
                                29.304026
                            ],
                            [
                                -89.782149,
                                29.311132
                            ],
                            [
                                -89.819859,
                                29.310241
                            ],
                            [
                                -89.850305,
                                29.311768
                            ],
                            [
                                -89.855109,
                                29.334997
                            ],
                            [
                                -89.853699,
                                29.34064
                            ],
                            [
                                -89.847124,
                                29.349186
                            ],
                            [
                                -89.835,
                                29.359043
                            ],
                            [
                                -89.820824,
                                29.377486
                            ],
                            [
                                -89.816916,
                                29.384385
                            ],
                            [
                                -89.816155,
                                29.393518
                            ],
                            [
                                -89.816916,
                                29.398845
                            ],
                            [
                                -89.819199,
                                29.404173
                            ],
                            [
                                -89.822243,
                                29.4095
                            ],
                            [
                                -89.826049,
                                29.415589
                            ],
                            [
                                -89.835392,
                                29.418538
                            ],
                            [
                                -89.843553,
                                29.421677
                            ],
                            [
                                -89.845075,
                                29.434615
                            ],
                            [
                                -89.836773,
                                29.45404
                            ],
                            [
                                -89.833659,
                                29.456686
                            ],
                            [
                                -89.833659,
                                29.459731
                            ],
                            [
                                -89.832898,
                                29.463536
                            ],
                            [
                                -89.833659,
                                29.467341
                            ],
                            [
                                -89.83442,
                                29.470386
                            ],
                            [
                                -89.840509,
                                29.47343
                            ],
                            [
                                -89.849642,
                                29.477996
                            ],
                            [
                                -89.86258,
                                29.476474
                            ],
                            [
                                -89.876224,
                                29.472168
                            ],
                            [
                                -89.902179,
                                29.460011
                            ],
                            [
                                -89.918999,
                                29.444254
                            ],
                            [
                                -89.932598,
                                29.429288
                            ],
                            [
                                -89.95543,
                                29.428527
                            ],
                            [
                                -89.96195,
                                29.432874
                            ],
                            [
                                -89.964563,
                                29.434615
                            ],
                            [
                                -89.972934,
                                29.443748
                            ],
                            [
                                -89.991961,
                                29.463536
                            ],
                            [
                                -90.01251,
                                29.462775
                            ],
                            [
                                -90.018598,
                                29.45212
                            ],
                            [
                                -90.022404,
                                29.444509
                            ],
                            [
                                -90.029466,
                                29.432015
                            ],
                            [
                                -90.032298,
                                29.427005
                            ],
                            [
                                -90.031536,
                                29.412545
                            ],
                            [
                                -90.033295,
                                29.393274
                            ],
                            [
                                -90.029468,
                                29.388136
                            ],
                            [
                                -90.029614,
                                29.386658
                            ],
                            [
                                -90.029967,
                                29.383087
                            ],
                            [
                                -90.030761,
                                29.375043
                            ],
                            [
                                -90.030764,
                                29.375008
                            ],
                            [
                                -90.030855,
                                29.374876
                            ],
                            [
                                -90.033604,
                                29.370851
                            ],
                            [
                                -90.035415,
                                29.368201
                            ],
                            [
                                -90.036374,
                                29.363661
                            ],
                            [
                                -90.032842,
                                29.348624
                            ],
                            [
                                -90.031815,
                                29.344251
                            ],
                            [
                                -90.034275,
                                29.322661
                            ],
                            [
                                -90.028536,
                                29.307083
                            ],
                            [
                                -90.013778,
                                29.30271
                            ],
                            [
                                -90.009678,
                                29.294785
                            ],
                            [
                                -90.016288,
                                29.284257
                            ],
                            [
                                -90.019517,
                                29.282213
                            ],
                            [
                                -90.032088,
                                29.280027
                            ],
                            [
                                -90.043293,
                                29.282487
                            ],
                            [
                                -90.057094,
                                29.281331
                            ],
                            [
                                -90.061057,
                                29.276748
                            ],
                            [
                                -90.059691,
                                29.272648
                            ],
                            [
                                -90.060511,
                                29.267729
                            ],
                            [
                                -90.070622,
                                29.262537
                            ],
                            [
                                -90.086747,
                                29.259257
                            ],
                            [
                                -90.091119,
                                29.261443
                            ],
                            [
                                -90.097678,
                                29.26199
                            ],
                            [
                                -90.101231,
                                29.259804
                            ],
                            [
                                -90.096038,
                                29.240673
                            ],
                            [
                                -90.073355,
                                29.227282
                            ],
                            [
                                -90.073355,
                                29.210611
                            ],
                            [
                                -90.070622,
                                29.208698
                            ],
                            [
                                -90.06361,
                                29.209474
                            ],
                            [
                                -90.04291,
                                29.211765
                            ],
                            [
                                -90.019772,
                                29.231903
                            ],
                            [
                                -90.005718,
                                29.240627
                            ],
                            [
                                -89.969981,
                                29.255753
                            ],
                            [
                                -89.965667,
                                29.259126
                            ],
                            [
                                -89.959509,
                                29.267677
                            ],
                            [
                                -89.951175,
                                29.266124
                            ],
                            [
                                -89.949925,
                                29.263154
                            ],
                            [
                                -89.950756,
                                29.260801
                            ],
                            [
                                -89.95646,
                                29.253744
                            ],
                            [
                                -90.022029,
                                29.216065
                            ],
                            [
                                -90.058512,
                                29.183687
                            ],
                            [
                                -90.079276,
                                29.16997
                            ],
                            [
                                -90.088684,
                                29.162574
                            ],
                            [
                                -90.104162,
                                29.150407
                            ],
                            [
                                -90.174273,
                                29.105301
                            ],
                            [
                                -90.223587,
                                29.085075
                            ],
                            [
                                -90.231984,
                                29.08773
                            ],
                            [
                                -90.245283,
                                29.085824
                            ],
                            [
                                -90.343293,
                                29.057062
                            ],
                            [
                                -90.348768,
                                29.057817
                            ],
                            [
                                -90.349891,
                                29.063681
                            ],
                            [
                                -90.325514,
                                29.075138
                            ],
                            [
                                -90.304129,
                                29.077332
                            ],
                            [
                                -90.29293,
                                29.078761
                            ],
                            [
                                -90.282983,
                                29.082326
                            ],
                            [
                                -90.26629,
                                29.089421
                            ],
                            [
                                -90.258145,
                                29.091627
                            ],
                            [
                                -90.253141,
                                29.093772
                            ],
                            [
                                -90.249806,
                                29.100919
                            ],
                            [
                                -90.250044,
                                29.108067
                            ],
                            [
                                -90.243849,
                                29.11045
                            ],
                            [
                                -90.234235,
                                29.110268
                            ],
                            [
                                -90.234405,
                                29.128824
                            ],
                            [
                                -90.243435,
                                29.136311
                            ],
                            [
                                -90.248629,
                                29.13837
                            ],
                            [
                                -90.26901,
                                29.139242
                            ],
                            [
                                -90.280516,
                                29.142521
                            ],
                            [
                                -90.27832,
                                29.150691
                            ],
                            [
                                -90.297,
                                29.171317
                            ],
                            [
                                -90.302846,
                                29.175098
                            ],
                            [
                                -90.302948,
                                29.187948
                            ],
                            [
                                -90.300885,
                                29.196171
                            ],
                            [
                                -90.293183,
                                29.199789
                            ],
                            [
                                -90.2828,
                                29.192545
                            ],
                            [
                                -90.275851,
                                29.193668
                            ],
                            [
                                -90.271251,
                                29.204639
                            ],
                            [
                                -90.286621,
                                29.225694
                            ],
                            [
                                -90.300304,
                                29.231241
                            ],
                            [
                                -90.311663,
                                29.237954
                            ],
                            [
                                -90.311523,
                                29.256374
                            ],
                            [
                                -90.316093,
                                29.264777
                            ],
                            [
                                -90.332796,
                                29.276956
                            ],
                            [
                                -90.367166,
                                29.274128
                            ],
                            [
                                -90.368154,
                                29.270736
                            ],
                            [
                                -90.367012,
                                29.264956
                            ],
                            [
                                -90.372565,
                                29.258923
                            ],
                            [
                                -90.387924,
                                29.252786
                            ],
                            [
                                -90.383857,
                                29.235606
                            ],
                            [
                                -90.399465,
                                29.201046
                            ],
                            [
                                -90.408578,
                                29.196421
                            ],
                            [
                                -90.409416,
                                29.196135
                            ],
                            [
                                -90.432912,
                                29.188132
                            ],
                            [
                                -90.435907,
                                29.188449
                            ],
                            [
                                -90.443954,
                                29.19583
                            ],
                            [
                                -90.472489,
                                29.192688
                            ],
                            [
                                -90.473273,
                                29.195224
                            ],
                            [
                                -90.468773,
                                29.198469
                            ],
                            [
                                -90.467233,
                                29.202549
                            ],
                            [
                                -90.485786,
                                29.209843
                            ],
                            [
                                -90.494928,
                                29.216713
                            ],
                            [
                                -90.490987,
                                29.220883
                            ],
                            [
                                -90.46832,
                                29.227532
                            ],
                            [
                                -90.465764,
                                29.242951
                            ],
                            [
                                -90.462866,
                                29.249809
                            ],
                            [
                                -90.450674,
                                29.263739
                            ],
                            [
                                -90.452186,
                                29.26625
                            ],
                            [
                                -90.472779,
                                29.272556
                            ],
                            [
                                -90.495299,
                                29.287277
                            ],
                            [
                                -90.510555,
                                29.290925
                            ],
                            [
                                -90.517277,
                                29.282719
                            ],
                            [
                                -90.526216,
                                29.276492
                            ],
                            [
                                -90.552005,
                                29.278512
                            ],
                            [
                                -90.565436,
                                29.285111
                            ],
                            [
                                -90.582525,
                                29.276037
                            ],
                            [
                                -90.589724,
                                29.248521
                            ],
                            [
                                -90.58847,
                                29.245863
                            ],
                            [
                                -90.583924,
                                29.242886
                            ],
                            [
                                -90.576506,
                                29.243986
                            ],
                            [
                                -90.565378,
                                29.242475
                            ],
                            [
                                -90.544547,
                                29.230683
                            ],
                            [
                                -90.543245,
                                29.227843
                            ],
                            [
                                -90.544311,
                                29.224292
                            ],
                            [
                                -90.556501,
                                29.219913
                            ],
                            [
                                -90.55739,
                                29.207881
                            ],
                            [
                                -90.560889,
                                29.204261
                            ],
                            [
                                -90.575277,
                                29.206827
                            ],
                            [
                                -90.618413,
                                29.20329
                            ],
                            [
                                -90.624161,
                                29.210366
                            ],
                            [
                                -90.62742,
                                29.211004
                            ],
                            [
                                -90.633819,
                                29.209128
                            ],
                            [
                                -90.640223,
                                29.196554
                            ],
                            [
                                -90.645612,
                                29.175867
                            ],
                            [
                                -90.645169,
                                29.172958
                            ],
                            [
                                -90.640863,
                                29.171261
                            ],
                            [
                                -90.636973,
                                29.164572
                            ],
                            [
                                -90.647042,
                                29.12858
                            ],
                            [
                                -90.677724,
                                29.118742
                            ],
                            [
                                -90.691109,
                                29.121722
                            ],
                            [
                                -90.700893,
                                29.12147
                            ],
                            [
                                -90.718035,
                                29.116611
                            ],
                            [
                                -90.731239,
                                29.122886
                            ],
                            [
                                -90.764189,
                                29.113374
                            ],
                            [
                                -90.773458,
                                29.100133
                            ],
                            [
                                -90.799444,
                                29.087377
                            ],
                            [
                                -90.802053,
                                29.083322
                            ],
                            [
                                -90.803699,
                                29.063709
                            ],
                            [
                                -90.79872,
                                29.054841
                            ],
                            [
                                -90.781981,
                                29.049431
                            ],
                            [
                                -90.765188,
                                29.049403
                            ],
                            [
                                -90.750092,
                                29.053247
                            ],
                            [
                                -90.7253,
                                29.066616
                            ],
                            [
                                -90.709105,
                                29.064305
                            ],
                            [
                                -90.70535,
                                29.062679
                            ],
                            [
                                -90.702102,
                                29.060275
                            ],
                            [
                                -90.692205,
                                29.059607
                            ],
                            [
                                -90.683645,
                                29.060944
                            ],
                            [
                                -90.676958,
                                29.063619
                            ],
                            [
                                -90.665589,
                                29.06723
                            ],
                            [
                                -90.652348,
                                29.069237
                            ],
                            [
                                -90.644189,
                                29.07151
                            ],
                            [
                                -90.641247,
                                29.072313
                            ],
                            [
                                -90.63924,
                                29.072848
                            ],
                            [
                                -90.637623,
                                29.072084
                            ],
                            [
                                -90.636033,
                                29.069792
                            ],
                            [
                                -90.637495,
                                29.066608
                            ],
                            [
                                -90.648058,
                                29.062649
                            ],
                            [
                                -90.730899,
                                29.042259
                            ],
                            [
                                -90.755677,
                                29.038997
                            ],
                            [
                                -90.79768,
                                29.039741
                            ],
                            [
                                -90.811473,
                                29.03658
                            ],
                            [
                                -90.839345,
                                29.039167
                            ],
                            [
                                -90.842762,
                                29.042947
                            ],
                            [
                                -90.844849,
                                29.048721
                            ],
                            [
                                -90.841226,
                                29.054266
                            ],
                            [
                                -90.844593,
                                29.06728
                            ],
                            [
                                -90.862757,
                                29.094863
                            ],
                            [
                                -90.867766,
                                29.095434
                            ],
                            [
                                -90.877583,
                                29.104891
                            ],
                            [
                                -90.885351,
                                29.117016
                            ],
                            [
                                -90.898215,
                                29.131342
                            ],
                            [
                                -90.925797,
                                29.153116
                            ],
                            [
                                -90.941877,
                                29.162373
                            ],
                            [
                                -90.948091,
                                29.174104
                            ],
                            [
                                -90.961278,
                                29.180817
                            ],
                            [
                                -90.981458,
                                29.171211
                            ],
                            [
                                -91.000096,
                                29.169481
                            ],
                            [
                                -91.023955,
                                29.174784
                            ],
                            [
                                -91.031786,
                                29.182188
                            ],
                            [
                                -91.05863,
                                29.181734
                            ],
                            [
                                -91.094015,
                                29.187711
                            ],
                            [
                                -91.11476,
                                29.207918
                            ],
                            [
                                -91.129141,
                                29.215863
                            ],
                            [
                                -91.199647,
                                29.221287
                            ],
                            [
                                -91.219032,
                                29.226051
                            ],
                            [
                                -91.278792,
                                29.247776
                            ],
                            [
                                -91.302677,
                                29.265958
                            ],
                            [
                                -91.334885,
                                29.298775
                            ],
                            [
                                -91.33275,
                                29.305816
                            ],
                            [
                                -91.309314,
                                29.305698
                            ],
                            [
                                -91.299054,
                                29.309017
                            ],
                            [
                                -91.291821,
                                29.311357
                            ],
                            [
                                -91.29042,
                                29.313062
                            ],
                            [
                                -91.279742,
                                29.326058
                            ],
                            [
                                -91.276647,
                                29.329825
                            ],
                            [
                                -91.276187,
                                29.332783
                            ],
                            [
                                -91.274308,
                                29.344878
                            ],
                            [
                                -91.270582,
                                29.355415
                            ],
                            [
                                -91.270053,
                                29.356912
                            ],
                            [
                                -91.26994,
                                29.357231
                            ],
                            [
                                -91.266589,
                                29.361218
                            ],
                            [
                                -91.265479,
                                29.361767
                            ],
                            [
                                -91.251546,
                                29.368659
                            ],
                            [
                                -91.251232,
                                29.368814
                            ],
                            [
                                -91.249517,
                                29.369662
                            ],
                            [
                                -91.249109,
                                29.369864
                            ],
                            [
                                -91.245558,
                                29.37058
                            ],
                            [
                                -91.238515,
                                29.371999
                            ],
                            [
                                -91.235348,
                                29.370638
                            ],
                            [
                                -91.222377,
                                29.360703
                            ],
                            [
                                -91.207299,
                                29.360703
                            ],
                            [
                                -91.197465,
                                29.369882
                            ],
                            [
                                -91.200087,
                                29.38955
                            ],
                            [
                                -91.218463,
                                29.407235
                            ],
                            [
                                -91.215976,
                                29.412505
                            ],
                            [
                                -91.214284,
                                29.416089
                            ],
                            [
                                -91.211999,
                                29.420931
                            ],
                            [
                                -91.2151,
                                29.427542
                            ],
                            [
                                -91.217448,
                                29.432549
                            ],
                            [
                                -91.218067,
                                29.433193
                            ],
                            [
                                -91.219242,
                                29.434418
                            ],
                            [
                                -91.221166,
                                29.436421
                            ],
                            [
                                -91.24164,
                                29.441021
                            ],
                            [
                                -91.251319,
                                29.444483
                            ],
                            [
                                -91.258226,
                                29.446954
                            ],
                            [
                                -91.259537,
                                29.458001
                            ],
                            [
                                -91.259844,
                                29.460582
                            ],
                            [
                                -91.259988,
                                29.461803
                            ],
                            [
                                -91.260024,
                                29.462102
                            ],
                            [
                                -91.261588,
                                29.464954
                            ],
                            [
                                -91.265649,
                                29.472362
                            ],
                            [
                                -91.2813,
                                29.481547
                            ],
                            [
                                -91.294325,
                                29.476894
                            ],
                            [
                                -91.335742,
                                29.485886
                            ],
                            [
                                -91.343567,
                                29.492593
                            ],
                            [
                                -91.34588,
                                29.504538
                            ],
                            [
                                -91.356625,
                                29.515191
                            ],
                            [
                                -91.402214,
                                29.511914
                            ],
                            [
                                -91.420449,
                                29.515745
                            ],
                            [
                                -91.42713,
                                29.520215
                            ],
                            [
                                -91.432337,
                                29.53283
                            ],
                            [
                                -91.439941,
                                29.540434
                            ],
                            [
                                -91.447345,
                                29.544749
                            ],
                            [
                                -91.468748,
                                29.544299
                            ],
                            [
                                -91.517274,
                                29.52974
                            ],
                            [
                                -91.531021,
                                29.531543
                            ],
                            [
                                -91.531471,
                                29.535374
                            ],
                            [
                                -91.52584,
                                29.545946
                            ],
                            [
                                -91.525523,
                                29.551904
                            ],
                            [
                                -91.529217,
                                29.558598
                            ],
                            [
                                -91.537445,
                                29.565888
                            ],
                            [
                                -91.541974,
                                29.594353
                            ],
                            [
                                -91.553537,
                                29.632766
                            ],
                            [
                                -91.560908,
                                29.63735
                            ],
                            [
                                -91.570589,
                                29.638312
                            ],
                            [
                                -91.581843,
                                29.637165
                            ],
                            [
                                -91.600179,
                                29.631156
                            ],
                            [
                                -91.625114,
                                29.626195
                            ],
                            [
                                -91.643832,
                                29.630625
                            ],
                            [
                                -91.648941,
                                29.633635
                            ],
                            [
                                -91.648657,
                                29.636713
                            ],
                            [
                                -91.646478,
                                29.639427
                            ],
                            [
                                -91.643198,
                                29.640274
                            ],
                            [
                                -91.637344,
                                29.647217
                            ],
                            [
                                -91.627286,
                                29.662132
                            ],
                            [
                                -91.625114,
                                29.671679
                            ],
                            [
                                -91.626826,
                                29.684753
                            ],
                            [
                                -91.623829,
                                29.69924
                            ],
                            [
                                -91.618479,
                                29.710816
                            ],
                            [
                                -91.61809,
                                29.720694
                            ],
                            [
                                -91.621512,
                                29.735429
                            ],
                            [
                                -91.632829,
                                29.742576
                            ],
                            [
                                -91.667128,
                                29.745822
                            ],
                            [
                                -91.710935,
                                29.738993
                            ],
                            [
                                -91.737253,
                                29.74937
                            ],
                            [
                                -91.752259,
                                29.748264
                            ],
                            [
                                -91.783674,
                                29.740689
                            ],
                            [
                                -91.830499,
                                29.718918
                            ],
                            [
                                -91.845962,
                                29.708763
                            ],
                            [
                                -91.85864,
                                29.703121
                            ],
                            [
                                -91.866516,
                                29.70715
                            ],
                            [
                                -91.88075,
                                29.710839
                            ],
                            [
                                -91.880999,
                                29.713338
                            ],
                            [
                                -91.878331,
                                29.716087
                            ],
                            [
                                -91.875637,
                                29.722316
                            ],
                            [
                                -91.87557,
                                29.722471
                            ],
                            [
                                -91.87557,
                                29.728043
                            ],
                            [
                                -91.878355,
                                29.735007
                            ],
                            [
                                -91.879748,
                                29.742668
                            ],
                            [
                                -91.878355,
                                29.751025
                            ],
                            [
                                -91.874761,
                                29.760083
                            ],
                            [
                                -91.859151,
                                29.783331
                            ],
                            [
                                -91.854677,
                                29.807436
                            ],
                            [
                                -91.869998,
                                29.828328
                            ],
                            [
                                -91.889118,
                                29.836023
                            ],
                            [
                                -91.90689,
                                29.83094
                            ],
                            [
                                -91.915989,
                                29.815654
                            ],
                            [
                                -91.919143,
                                29.815379
                            ],
                            [
                                -91.940723,
                                29.817008
                            ],
                            [
                                -91.96123,
                                29.810221
                            ],
                            [
                                -91.970443,
                                29.80431
                            ],
                            [
                                -91.978381,
                                29.799217
                            ],
                            [
                                -91.983871,
                                29.794516
                            ],
                            [
                                -92.035666,
                                29.781662
                            ],
                            [
                                -92.056398,
                                29.772313
                            ],
                            [
                                -92.107486,
                                29.744429
                            ],
                            [
                                -92.144431,
                                29.716418
                            ],
                            [
                                -92.149349,
                                29.697052
                            ],
                            [
                                -92.134347,
                                29.669516
                            ],
                            [
                                -92.132804,
                                29.660462
                            ],
                            [
                                -92.111787,
                                29.62177
                            ],
                            [
                                -92.093419,
                                29.618694
                            ],
                            [
                                -92.06564,
                                29.619967
                            ],
                            [
                                -92.04767,
                                29.624527
                            ],
                            [
                                -92.02532,
                                29.625647
                            ],
                            [
                                -92.01627,
                                29.618741
                            ],
                            [
                                -92.000371,
                                29.613143
                            ],
                            [
                                -92.000003,
                                29.613013
                            ],
                            [
                                -91.965031,
                                29.608019
                            ],
                            [
                                -91.939903,
                                29.610291
                            ],
                            [
                                -91.935024,
                                29.612239
                            ],
                            [
                                -91.929567,
                                29.61884
                            ],
                            [
                                -91.922825,
                                29.633173
                            ],
                            [
                                -91.898996,
                                29.63701
                            ],
                            [
                                -91.896763,
                                29.634618
                            ],
                            [
                                -91.882318,
                                29.62977
                            ],
                            [
                                -91.866113,
                                29.631583
                            ],
                            [
                                -91.863018,
                                29.633739
                            ],
                            [
                                -91.841294,
                                29.62962
                            ],
                            [
                                -91.838981,
                                29.624475
                            ],
                            [
                                -91.840921,
                                29.619913
                            ],
                            [
                                -91.838297,
                                29.616041
                            ],
                            [
                                -91.821693,
                                29.606049
                            ],
                            [
                                -91.803831,
                                29.599562
                            ],
                            [
                                -91.784976,
                                29.595204
                            ],
                            [
                                -91.7785,
                                29.58922
                            ],
                            [
                                -91.774805,
                                29.582113
                            ],
                            [
                                -91.774686,
                                29.576387
                            ],
                            [
                                -91.74632,
                                29.574337
                            ],
                            [
                                -91.719102,
                                29.565568
                            ],
                            [
                                -91.715642,
                                29.565844
                            ],
                            [
                                -91.712002,
                                29.56474
                            ],
                            [
                                -91.709205,
                                29.561012
                            ],
                            [
                                -91.711654,
                                29.55427
                            ],
                            [
                                -91.733956,
                                29.539504
                            ],
                            [
                                -91.747058,
                                29.535144
                            ],
                            [
                                -91.765448,
                                29.520844
                            ],
                            [
                                -91.771927,
                                29.504871
                            ],
                            [
                                -91.772529,
                                29.499016
                            ],
                            [
                                -91.770069,
                                29.493812
                            ],
                            [
                                -91.770516,
                                29.488953
                            ],
                            [
                                -91.782387,
                                29.482882
                            ],
                            [
                                -91.789119,
                                29.482081
                            ],
                            [
                                -91.800121,
                                29.486828
                            ],
                            [
                                -91.803448,
                                29.486851
                            ],
                            [
                                -91.814609,
                                29.482061
                            ],
                            [
                                -91.821576,
                                29.473925
                            ],
                            [
                                -91.8385,
                                29.478874
                            ],
                            [
                                -91.848665,
                                29.484144
                            ],
                            [
                                -91.852598,
                                29.494984
                            ],
                            [
                                -91.862324,
                                29.502393
                            ],
                            [
                                -91.878746,
                                29.502937
                            ],
                            [
                                -91.886815,
                                29.505577
                            ],
                            [
                                -91.906175,
                                29.518052
                            ],
                            [
                                -91.915322,
                                29.518513
                            ],
                            [
                                -91.947007,
                                29.53316
                            ],
                            [
                                -91.969312,
                                29.536893
                            ],
                            [
                                -91.985726,
                                29.547708
                            ],
                            [
                                -92.02681,
                                29.566805
                            ],
                            [
                                -92.035462,
                                29.57864
                            ],
                            [
                                -92.041168,
                                29.581648
                            ],
                            [
                                -92.046316,
                                29.584362
                            ],
                            [
                                -92.066533,
                                29.583842
                            ],
                            [
                                -92.105923,
                                29.586335
                            ],
                            [
                                -92.158624,
                                29.581616
                            ],
                            [
                                -92.21259,
                                29.562479
                            ],
                            [
                                -92.25186,
                                29.539354
                            ],
                            [
                                -92.280392,
                                29.533434
                            ],
                            [
                                -92.309357,
                                29.533026
                            ],
                            [
                                -92.347236,
                                29.539394
                            ],
                            [
                                -92.402165,
                                29.551269
                            ],
                            [
                                -92.473585,
                                29.561081
                            ],
                            [
                                -92.558602,
                                29.569935
                            ],
                            [
                                -92.61627,
                                29.578729
                            ],
                            [
                                -92.617725,
                                29.579092
                            ],
                            [
                                -92.653651,
                                29.588065
                            ],
                            [
                                -92.744126,
                                29.617608
                            ],
                            [
                                -92.871232,
                                29.670028
                            ],
                            [
                                -92.940455,
                                29.701033
                            ],
                            [
                                -92.974305,
                                29.71398
                            ],
                            [
                                -93.065354,
                                29.740966
                            ],
                            [
                                -93.088182,
                                29.749125
                            ],
                            [
                                -93.17693,
                                29.770487
                            ],
                            [
                                -93.226934,
                                29.777519
                            ],
                            [
                                -93.267456,
                                29.778113
                            ],
                            [
                                -93.295573,
                                29.775071
                            ],
                            [
                                -93.342104,
                                29.763402
                            ],
                            [
                                -93.344993,
                                29.759618
                            ],
                            [
                                -93.347331,
                                29.759046
                            ],
                            [
                                -93.372029,
                                29.763049
                            ],
                            [
                                -93.438973,
                                29.768949
                            ],
                            [
                                -93.475252,
                                29.769242
                            ],
                            [
                                -93.538462,
                                29.763299
                            ],
                            [
                                -93.590786,
                                29.755649
                            ],
                            [
                                -93.635304,
                                29.752806
                            ],
                            [
                                -93.68364,
                                29.747153
                            ],
                            [
                                -93.741948,
                                29.736343
                            ],
                            [
                                -93.766048,
                                29.7295
                            ],
                            [
                                -93.79925,
                                29.71526
                            ],
                            [
                                -93.818995,
                                29.704076
                            ],
                            [
                                -93.837971,
                                29.690619
                            ],
                            [
                                -93.892246,
                                29.765241
                            ],
                            [
                                -93.89847,
                                29.771577
                            ],
                            [
                                -93.890679,
                                29.843159
                            ],
                            [
                                -93.840799,
                                29.914423
                            ],
                            [
                                -93.789431,
                                29.987812
                            ],
                            [
                                -93.75663,
                                30.014163
                            ],
                            [
                                -93.752038,
                                30.016403
                            ],
                            [
                                -93.722481,
                                30.050898
                            ],
                            [
                                -93.721589,
                                30.051939
                            ],
                            [
                                -93.712101,
                                30.067346
                            ],
                            [
                                -93.695684,
                                30.135729
                            ],
                            [
                                -93.695252,
                                30.1476
                            ],
                            [
                                -93.712008,
                                30.194304
                            ],
                            [
                                -93.716223,
                                30.244318
                            ],
                            [
                                -93.720575,
                                30.295961
                            ],
                            [
                                -93.723586,
                                30.294951
                            ],
                            [
                                -93.735896,
                                30.29944
                            ],
                            [
                                -93.765822,
                                30.333318
                            ],
                            [
                                -93.757654,
                                30.390423
                            ],
                            [
                                -93.751437,
                                30.396288
                            ],
                            [
                                -93.741701,
                                30.403007
                            ],
                            [
                                -93.702665,
                                30.429947
                            ],
                            [
                                -93.698302,
                                30.438657
                            ],
                            [
                                -93.697828,
                                30.443838
                            ],
                            [
                                -93.710117,
                                30.5064
                            ],
                            [
                                -93.740045,
                                30.538765
                            ],
                            [
                                -93.727844,
                                30.57407
                            ],
                            [
                                -93.578395,
                                30.802047
                            ],
                            [
                                -93.563292,
                                30.818503
                            ],
                            [
                                -93.558672,
                                30.868829
                            ],
                            [
                                -93.558617,
                                30.869424
                            ],
                            [
                                -93.55497,
                                30.876685
                            ],
                            [
                                -93.554576,
                                30.87747
                            ],
                            [
                                -93.530936,
                                30.924534
                            ],
                            [
                                -93.540354,
                                31.008135
                            ],
                            [
                                -93.527644,
                                31.074509
                            ],
                            [
                                -93.531744,
                                31.180817
                            ],
                            [
                                -93.535097,
                                31.185614
                            ],
                            [
                                -93.548931,
                                31.186601
                            ],
                            [
                                -93.55254,
                                31.185605
                            ],
                            [
                                -93.552649,
                                31.185575
                            ],
                            [
                                -93.579215,
                                31.167422
                            ],
                            [
                                -93.588503,
                                31.165581
                            ],
                            [
                                -93.598828,
                                31.174679
                            ],
                            [
                                -93.599705,
                                31.176456
                            ],
                            [
                                -93.602315,
                                31.181742
                            ],
                            [
                                -93.607243,
                                31.204806
                            ],
                            [
                                -93.608158,
                                31.227835
                            ],
                            [
                                -93.614402,
                                31.260869
                            ],
                            [
                                -93.620829,
                                31.271299
                            ],
                            [
                                -93.644407,
                                31.27711
                            ],
                            [
                                -93.671676,
                                31.299586
                            ],
                            [
                                -93.640805,
                                31.372546
                            ],
                            [
                                -93.670182,
                                31.387184
                            ],
                            [
                                -93.695866,
                                31.409392
                            ],
                            [
                                -93.729613,
                                31.487922
                            ],
                            [
                                -93.798087,
                                31.534044
                            ],
                            [
                                -93.818582,
                                31.554826
                            ],
                            [
                                -93.834923,
                                31.58621
                            ],
                            [
                                -93.834924,
                                31.586211
                            ],
                            [
                                -93.82629,
                                31.614903
                            ],
                            [
                                -93.817059,
                                31.671694
                            ],
                            [
                                -93.812477,
                                31.715246
                            ],
                            [
                                -93.840029,
                                31.800596
                            ],
                            [
                                -93.878225,
                                31.844276
                            ],
                            [
                                -93.889193,
                                31.856819
                            ],
                            [
                                -93.92029,
                                31.888651
                            ],
                            [
                                -93.932135,
                                31.893672
                            ],
                            [
                                -93.975377,
                                31.92366
                            ],
                            [
                                -94.01563,
                                31.979856
                            ],
                            [
                                -94.04272,
                                31.999265
                            ],
                            [
                                -94.0427,
                                32.056012
                            ],
                            [
                                -94.042337,
                                32.119914
                            ],
                            [
                                -94.042681,
                                32.137956
                            ],
                            [
                                -94.042591,
                                32.158097
                            ],
                            [
                                -94.042539,
                                32.166826
                            ],
                            [
                                -94.042566,
                                32.166894
                            ],
                            [
                                -94.042621,
                                32.196005
                            ],
                            [
                                -94.042662,
                                32.218146
                            ],
                            [
                                -94.042732,
                                32.26962
                            ],
                            [
                                -94.042733,
                                32.269696
                            ],
                            [
                                -94.042739,
                                32.363559
                            ],
                            [
                                -94.042763,
                                32.373332
                            ],
                            [
                                -94.042901,
                                32.392283
                            ],
                            [
                                -94.042923,
                                32.399918
                            ],
                            [
                                -94.042899,
                                32.400659
                            ],
                            [
                                -94.042986,
                                32.435507
                            ],
                            [
                                -94.042908,
                                32.439891
                            ],
                            [
                                -94.042903,
                                32.470386
                            ],
                            [
                                -94.042875,
                                32.471348
                            ],
                            [
                                -94.042902,
                                32.472906
                            ],
                            [
                                -94.042995,
                                32.478004
                            ],
                            [
                                -94.042955,
                                32.480261
                            ],
                            [
                                -94.043072,
                                32.4843
                            ],
                            [
                                -94.043089,
                                32.486561
                            ],
                            [
                                -94.042911,
                                32.492852
                            ],
                            [
                                -94.042885,
                                32.505145
                            ],
                            [
                                -94.043081,
                                32.513613
                            ],
                            [
                                -94.043142,
                                32.559502
                            ],
                            [
                                -94.043083,
                                32.564261
                            ],
                            [
                                -94.042919,
                                32.610142
                            ],
                            [
                                -94.042929,
                                32.61826
                            ],
                            [
                                -94.042926,
                                32.622015
                            ],
                            [
                                -94.042824,
                                32.640305
                            ],
                            [
                                -94.04278,
                                32.643466
                            ],
                            [
                                -94.042913,
                                32.655127
                            ],
                            [
                                -94.043147,
                                32.69303
                            ]
                        ]
                    ]
                ]
            },
            "properties": {
                "name": "Louisiana",
                "abbr": "LA"
            }
        },
        {
            "type": "Feature",
            "geometry": {
                "type": "Polygon",
                "coordinates": [
                    [
                        [
                            -79.476662,
                            39.721078
                        ],
                        [
                            -79.608223,
                            39.721154
                        ],
                        [
                            -79.610623,
                            39.721245
                        ],
                        [
                            -79.763774,
                            39.720776
                        ],
                        [
                            -79.852904,
                            39.720713
                        ],
                        [
                            -79.853131,
                            39.720713
                        ],
                        [
                            -79.916266,
                            39.720792
                        ],
                        [
                            -80.308651,
                            39.721283
                        ],
                        [
                            -80.309457,
                            39.721264
                        ],
                        [
                            -80.421388,
                            39.721189
                        ],
                        [
                            -80.519342,
                            39.721403
                        ],
                        [
                            -80.519248,
                            39.936967
                        ],
                        [
                            -80.519115,
                            39.939188
                        ],
                        [
                            -80.519175,
                            39.956648
                        ],
                        [
                            -80.519203,
                            39.959394
                        ],
                        [
                            -80.519217,
                            39.962199
                        ],
                        [
                            -80.519218,
                            39.962424
                        ],
                        [
                            -80.519207,
                            39.963381
                        ],
                        [
                            -80.51912,
                            40.01641
                        ],
                        [
                            -80.519008,
                            40.077001
                        ],
                        [
                            -80.51896,
                            40.078089
                        ],
                        [
                            -80.519104,
                            40.159672
                        ],
                        [
                            -80.519056,
                            40.172744
                        ],
                        [
                            -80.519056,
                            40.172771
                        ],
                        [
                            -80.517991,
                            40.398868
                        ],
                        [
                            -80.517998,
                            40.399644
                        ],
                        [
                            -80.518692,
                            40.477365
                        ],
                        [
                            -80.519054,
                            40.517922
                        ],
                        [
                            -80.519057,
                            40.517922
                        ],
                        [
                            -80.519055,
                            40.590173
                        ],
                        [
                            -80.519086,
                            40.590161
                        ],
                        [
                            -80.519086,
                            40.616385
                        ],
                        [
                            -80.519039,
                            40.616391
                        ],
                        [
                            -80.518991,
                            40.638801
                        ],
                        [
                            -80.519058,
                            40.792298
                        ],
                        [
                            -80.518992,
                            40.801221
                        ],
                        [
                            -80.519081,
                            40.849157
                        ],
                        [
                            -80.51902,
                            40.850073
                        ],
                        [
                            -80.519039,
                            40.851339
                        ],
                        [
                            -80.519764,
                            40.899858
                        ],
                        [
                            -80.51979,
                            40.900761
                        ],
                        [
                            -80.519091,
                            40.921061
                        ],
                        [
                            -80.519,
                            40.98738
                        ],
                        [
                            -80.518989,
                            40.995445
                        ],
                        [
                            -80.518927,
                            41.015387
                        ],
                        [
                            -80.51896,
                            41.061546
                        ],
                        [
                            -80.518928,
                            41.070954
                        ],
                        [
                            -80.51896,
                            41.071866
                        ],
                        [
                            -80.518999,
                            41.075014
                        ],
                        [
                            -80.519088,
                            41.082074
                        ],
                        [
                            -80.519092,
                            41.090658
                        ],
                        [
                            -80.519125,
                            41.100819
                        ],
                        [
                            -80.519192,
                            41.105358
                        ],
                        [
                            -80.518992,
                            41.115958
                        ],
                        [
                            -80.519056,
                            41.125057
                        ],
                        [
                            -80.519012,
                            41.125057
                        ],
                        [
                            -80.519012,
                            41.125093
                        ],
                        [
                            -80.519012,
                            41.125116
                        ],
                        [
                            -80.519167,
                            41.133343
                        ],
                        [
                            -80.519167,
                            41.133388
                        ],
                        [
                            -80.519115,
                            41.14552
                        ],
                        [
                            -80.519144,
                            41.171203
                        ],
                        [
                            -80.51883,
                            41.209213
                        ],
                        [
                            -80.518893,
                            41.219356
                        ],
                        [
                            -80.518893,
                            41.219357
                        ],
                        [
                            -80.518893,
                            41.232556
                        ],
                        [
                            -80.518693,
                            41.248855
                        ],
                        [
                            -80.518893,
                            41.265155
                        ],
                        [
                            -80.518993,
                            41.268155
                        ],
                        [
                            -80.518996,
                            41.2683
                        ],
                        [
                            -80.518794,
                            41.305509
                        ],
                        [
                            -80.519129,
                            41.312408
                        ],
                        [
                            -80.519265,
                            41.333495
                        ],
                        [
                            -80.519281,
                            41.335958
                        ],
                        [
                            -80.519281,
                            41.337145
                        ],
                        [
                            -80.519281,
                            41.337174
                        ],
                        [
                            -80.519311,
                            41.339052
                        ],
                        [
                            -80.519293,
                            41.339054
                        ],
                        [
                            -80.519293,
                            41.339654
                        ],
                        [
                            -80.519345,
                            41.340145
                        ],
                        [
                            -80.519345,
                            41.34074
                        ],
                        [
                            -80.519297,
                            41.350833
                        ],
                        [
                            -80.519249,
                            41.36103
                        ],
                        [
                            -80.519217,
                            41.372006
                        ],
                        [
                            -80.519249,
                            41.378918
                        ],
                        [
                            -80.519025,
                            41.416438
                        ],
                        [
                            -80.518993,
                            41.416437
                        ],
                        [
                            -80.518993,
                            41.435454
                        ],
                        [
                            -80.519169,
                            41.462581
                        ],
                        [
                            -80.519209,
                            41.489013
                        ],
                        [
                            -80.519225,
                            41.499924
                        ],
                        [
                            -80.519157,
                            41.528769
                        ],
                        [
                            -80.519339,
                            41.539297
                        ],
                        [
                            -80.519357,
                            41.669767
                        ],
                        [
                            -80.519424,
                            41.671228
                        ],
                        [
                            -80.519373,
                            41.701473
                        ],
                        [
                            -80.519408,
                            41.739359
                        ],
                        [
                            -80.519369,
                            41.752487
                        ],
                        [
                            -80.519239,
                            41.765138
                        ],
                        [
                            -80.519294,
                            41.849563
                        ],
                        [
                            -80.519345,
                            41.929168
                        ],
                        [
                            -80.519304,
                            41.943992
                        ],
                        [
                            -80.519405,
                            41.976158
                        ],
                        [
                            -80.519425,
                            41.977522
                        ],
                        [
                            -80.519425,
                            41.977523
                        ],
                        [
                            -80.435451,
                            42.005611
                        ],
                        [
                            -80.409776,
                            42.011578
                        ],
                        [
                            -80.373066,
                            42.024102
                        ],
                        [
                            -80.371869,
                            42.023966
                        ],
                        [
                            -80.363251,
                            42.027973
                        ],
                        [
                            -80.349169,
                            42.030243
                        ],
                        [
                            -80.329976,
                            42.036168
                        ],
                        [
                            -80.296758,
                            42.049076
                        ],
                        [
                            -80.230486,
                            42.077957
                        ],
                        [
                            -80.188085,
                            42.094257
                        ],
                        [
                            -80.165884,
                            42.105857
                        ],
                        [
                            -80.154084,
                            42.114757
                        ],
                        [
                            -80.136213,
                            42.149937
                        ],
                        [
                            -80.13043,
                            42.156331
                        ],
                        [
                            -80.117368,
                            42.166341
                        ],
                        [
                            -80.088512,
                            42.173184
                        ],
                        [
                            -80.077388,
                            42.171262
                        ],
                        [
                            -80.073381,
                            42.168658
                        ],
                        [
                            -80.080028,
                            42.163625
                        ],
                        [
                            -80.071981,
                            42.155357
                        ],
                        [
                            -80.078781,
                            42.151457
                        ],
                        [
                            -80.076281,
                            42.147857
                        ],
                        [
                            -80.07198,
                            42.146057
                        ],
                        [
                            -80.06108,
                            42.144857
                        ],
                        [
                            -79.989186,
                            42.177051
                        ],
                        [
                            -79.931324,
                            42.206737
                        ],
                        [
                            -79.923924,
                            42.207546
                        ],
                        [
                            -79.90105,
                            42.216701
                        ],
                        [
                            -79.886187,
                            42.224933
                        ],
                        [
                            -79.867979,
                            42.230999
                        ],
                        [
                            -79.844661,
                            42.235486
                        ],
                        [
                            -79.798447,
                            42.255939
                        ],
                        [
                            -79.761951,
                            42.26986
                        ],
                        [
                            -79.761964,
                            42.251354
                        ],
                        [
                            -79.762152,
                            42.243054
                        ],
                        [
                            -79.761833,
                            42.183627
                        ],
                        [
                            -79.761929,
                            42.179693
                        ],
                        [
                            -79.761921,
                            42.173319
                        ],
                        [
                            -79.761759,
                            42.162675
                        ],
                        [
                            -79.761861,
                            42.150712
                        ],
                        [
                            -79.762122,
                            42.131246
                        ],
                        [
                            -79.761374,
                            41.999067
                        ],
                        [
                            -79.625287,
                            41.999003
                        ],
                        [
                            -79.625301,
                            41.999068
                        ],
                        [
                            -79.610839,
                            41.998989
                        ],
                        [
                            -79.551385,
                            41.998666
                        ],
                        [
                            -79.538445,
                            41.998527
                        ],
                        [
                            -79.061265,
                            41.999259
                        ],
                        [
                            -79.052473,
                            41.999179
                        ],
                        [
                            -78.918854,
                            41.997961
                        ],
                        [
                            -78.874759,
                            41.997559
                        ],
                        [
                            -78.59665,
                            41.999877
                        ],
                        [
                            -78.308128,
                            41.999415
                        ],
                        [
                            -78.206606,
                            41.999989
                        ],
                        [
                            -78.12473,
                            42.000452
                        ],
                        [
                            -78.031177,
                            41.999415
                        ],
                        [
                            -78.030963,
                            41.999392
                        ],
                        [
                            -77.83203,
                            41.998524
                        ],
                        [
                            -77.822799,
                            41.998547
                        ],
                        [
                            -77.749931,
                            41.998782
                        ],
                        [
                            -77.610028,
                            41.999519
                        ],
                        [
                            -77.505308,
                            42.00007
                        ],
                        [
                            -77.124693,
                            41.999395
                        ],
                        [
                            -77.007635,
                            42.000848
                        ],
                        [
                            -77.007536,
                            42.000819
                        ],
                        [
                            -76.965728,
                            42.001274
                        ],
                        [
                            -76.965686,
                            42.001274
                        ],
                        [
                            -76.942585,
                            42.001574
                        ],
                        [
                            -76.937084,
                            42.001674
                        ],
                        [
                            -76.927084,
                            42.001674
                        ],
                        [
                            -76.921884,
                            42.001674
                        ],
                        [
                            -76.920784,
                            42.001774
                        ],
                        [
                            -76.835079,
                            42.001773
                        ],
                        [
                            -76.815878,
                            42.001673
                        ],
                        [
                            -76.558118,
                            42.000155
                        ],
                        [
                            -76.557624,
                            42.000149
                        ],
                        [
                            -76.46654,
                            41.999025
                        ],
                        [
                            -76.462155,
                            41.998934
                        ],
                        [
                            -76.349898,
                            41.99841
                        ],
                        [
                            -76.343722,
                            41.998346
                        ],
                        [
                            -76.145519,
                            41.998913
                        ],
                        [
                            -76.131201,
                            41.998954
                        ],
                        [
                            -76.123696,
                            41.998954
                        ],
                        [
                            -76.10584,
                            41.998858
                        ],
                        [
                            -75.983082,
                            41.999035
                        ],
                        [
                            -75.98025,
                            41.999035
                        ],
                        [
                            -75.483738,
                            41.999244
                        ],
                        [
                            -75.48315,
                            41.999259
                        ],
                        [
                            -75.477144,
                            41.999407
                        ],
                        [
                            -75.436216,
                            41.999353
                        ],
                        [
                            -75.431961,
                            41.999363
                        ],
                        [
                            -75.359579,
                            41.999445
                        ],
                        [
                            -75.341868,
                            41.993262
                        ],
                        [
                            -75.292589,
                            41.953897
                        ],
                        [
                            -75.279094,
                            41.938917
                        ],
                        [
                            -75.263005,
                            41.885109
                        ],
                        [
                            -75.146446,
                            41.850899
                        ],
                        [
                            -75.140241,
                            41.852078
                        ],
                        [
                            -75.114399,
                            41.843583
                        ],
                        [
                            -75.090799,
                            41.811991
                        ],
                        [
                            -75.053431,
                            41.752538
                        ],
                        [
                            -75.048199,
                            41.632011
                        ],
                        [
                            -75.053077,
                            41.618552
                        ],
                        [
                            -75.050074,
                            41.606893
                        ],
                        [
                            -75.04049,
                            41.569688
                        ],
                        [
                            -74.984226,
                            41.506299
                        ],
                        [
                            -74.93976,
                            41.483371
                        ],
                        [
                            -74.912517,
                            41.475605
                        ],
                        [
                            -74.891948,
                            41.448853
                        ],
                        [
                            -74.876721,
                            41.440338
                        ],
                        [
                            -74.799165,
                            41.430451
                        ],
                        [
                            -74.75595,
                            41.426804
                        ],
                        [
                            -74.752562,
                            41.426518
                        ],
                        [
                            -74.691129,
                            41.367324
                        ],
                        [
                            -74.689767,
                            41.361558
                        ],
                        [
                            -74.694914,
                            41.357423
                        ],
                        [
                            -74.76173,
                            41.336398
                        ],
                        [
                            -74.795847,
                            41.318951
                        ],
                        [
                            -74.830057,
                            41.2872
                        ],
                        [
                            -74.838366,
                            41.277286
                        ],
                        [
                            -74.861678,
                            41.241575
                        ],
                        [
                            -74.867267,
                            41.228861
                        ],
                        [
                            -74.864356,
                            41.224854
                        ],
                        [
                            -74.867287,
                            41.208754
                        ],
                        [
                            -74.882139,
                            41.180836
                        ],
                        [
                            -74.923169,
                            41.138146
                        ],
                        [
                            -74.974338,
                            41.103912
                        ],
                        [
                            -74.969434,
                            41.096074
                        ],
                        [
                            -74.967389,
                            41.094049
                        ],
                        [
                            -74.966759,
                            41.093425
                        ],
                        [
                            -74.968389,
                            41.087797
                        ],
                        [
                            -74.980674,
                            41.078178
                        ],
                        [
                            -75.026003,
                            41.042687
                        ],
                        [
                            -75.036982,
                            41.034702
                        ],
                        [
                            -75.051794,
                            41.027142
                        ],
                        [
                            -75.069277,
                            41.019348
                        ],
                        [
                            -75.091377,
                            41.012283
                        ],
                        [
                            -75.109114,
                            41.004102
                        ],
                        [
                            -75.130575,
                            40.991093
                        ],
                        [
                            -75.135526,
                            40.973807
                        ],
                        [
                            -75.131364,
                            40.969277
                        ],
                        [
                            -75.120564,
                            40.968313
                        ],
                        [
                            -75.120435,
                            40.968302
                        ],
                        [
                            -75.120316,
                            40.96263
                        ],
                        [
                            -75.119893,
                            40.961646
                        ],
                        [
                            -75.117764,
                            40.953023
                        ],
                        [
                            -75.052538,
                            40.872051
                        ],
                        [
                            -75.051029,
                            40.865662
                        ],
                        [
                            -75.053294,
                            40.8599
                        ],
                        [
                            -75.108505,
                            40.791094
                        ],
                        [
                            -75.1344,
                            40.773765
                        ],
                        [
                            -75.149378,
                            40.774786
                        ],
                        [
                            -75.16365,
                            40.778386
                        ],
                        [
                            -75.171587,
                            40.777745
                        ],
                        [
                            -75.196533,
                            40.751631
                        ],
                        [
                            -75.20392,
                            40.691498
                        ],
                        [
                            -75.200708,
                            40.618356
                        ],
                        [
                            -75.196803,
                            40.60858
                        ],
                        [
                            -75.190858,
                            40.591342
                        ],
                        [
                            -75.190161,
                            40.589321
                        ],
                        [
                            -75.147368,
                            40.573152
                        ],
                        [
                            -75.135389,
                            40.575624
                        ],
                        [
                            -75.117292,
                            40.573211
                        ],
                        [
                            -75.100325,
                            40.567811
                        ],
                        [
                            -75.068615,
                            40.542223
                        ],
                        [
                            -75.067344,
                            40.536428
                        ],
                        [
                            -75.06509,
                            40.526148
                        ],
                        [
                            -75.065853,
                            40.519495
                        ],
                        [
                            -75.070568,
                            40.455165
                        ],
                        [
                            -75.061489,
                            40.422848
                        ],
                        [
                            -75.058848,
                            40.418065
                        ],
                        [
                            -75.035548,
                            40.406309
                        ],
                        [
                            -75.024775,
                            40.403455
                        ],
                        [
                            -74.937954,
                            40.340634
                        ],
                        [
                            -74.860492,
                            40.284584
                        ],
                        [
                            -74.770706,
                            40.214908
                        ],
                        [
                            -74.758613,
                            40.201342
                        ],
                        [
                            -74.722304,
                            40.160609
                        ],
                        [
                            -74.721604,
                            40.15381
                        ],
                        [
                            -74.724179,
                            40.147324
                        ],
                        [
                            -74.724304,
                            40.14701
                        ],
                        [
                            -74.740605,
                            40.13521
                        ],
                        [
                            -74.838008,
                            40.10091
                        ],
                        [
                            -74.900236,
                            40.077149
                        ],
                        [
                            -74.97429,
                            40.048872
                        ],
                        [
                            -74.974713,
                            40.048711
                        ],
                        [
                            -75.014343,
                            40.020976
                        ],
                        [
                            -75.056039,
                            39.991795
                        ],
                        [
                            -75.072017,
                            39.980612
                        ],
                        [
                            -75.085754,
                            39.967572
                        ],
                        [
                            -75.13322,
                            39.922512
                        ],
                        [
                            -75.153925,
                            39.906144
                        ],
                        [
                            -75.184952,
                            39.881615
                        ],
                        [
                            -75.210425,
                            39.865913
                        ],
                        [
                            -75.210972,
                            39.865706
                        ],
                        [
                            -75.235026,
                            39.856613
                        ],
                        [
                            -75.271159,
                            39.84944
                        ],
                        [
                            -75.3065,
                            39.849812
                        ],
                        [
                            -75.374635,
                            39.82577
                        ],
                        [
                            -75.390169,
                            39.816549
                        ],
                        [
                            -75.415041,
                            39.801786
                        ],
                        [
                            -75.428038,
                            39.809212
                        ],
                        [
                            -75.45374,
                            39.820312
                        ],
                        [
                            -75.498843,
                            39.833312
                        ],
                        [
                            -75.539346,
                            39.838211
                        ],
                        [
                            -75.579849,
                            39.838526
                        ],
                        [
                            -75.5799,
                            39.838522
                        ],
                        [
                            -75.593082,
                            39.8375
                        ],
                        [
                            -75.593666,
                            39.837455
                        ],
                        [
                            -75.594846,
                            39.837286
                        ],
                        [
                            -75.595756,
                            39.837156
                        ],
                        [
                            -75.634706,
                            39.830164
                        ],
                        [
                            -75.641518,
                            39.828363
                        ],
                        [
                            -75.662822,
                            39.82115
                        ],
                        [
                            -75.685991,
                            39.811054
                        ],
                        [
                            -75.716969,
                            39.791998
                        ],
                        [
                            -75.739705,
                            39.772623
                        ],
                        [
                            -75.788359,
                            39.721811
                        ],
                        [
                            -75.799563,
                            39.721882
                        ],
                        [
                            -75.810068,
                            39.721906
                        ],
                        [
                            -76.013067,
                            39.72192
                        ],
                        [
                            -76.027618,
                            39.721833
                        ],
                        [
                            -76.135584,
                            39.721556
                        ],
                        [
                            -76.224191,
                            39.721328
                        ],
                        [
                            -76.233259,
                            39.721305
                        ],
                        [
                            -76.233277,
                            39.721305
                        ],
                        [
                            -76.239805,
                            39.721305
                        ],
                        [
                            -76.380083,
                            39.721304
                        ],
                        [
                            -76.380583,
                            39.721304
                        ],
                        [
                            -76.395583,
                            39.721204
                        ],
                        [
                            -76.418684,
                            39.721304
                        ],
                        [
                            -76.418784,
                            39.721204
                        ],
                        [
                            -76.491887,
                            39.721304
                        ],
                        [
                            -76.517087,
                            39.721304
                        ],
                        [
                            -76.569389,
                            39.721203
                        ],
                        [
                            -76.569475,
                            39.721203
                        ],
                        [
                            -76.711894,
                            39.721103
                        ],
                        [
                            -76.715594,
                            39.721103
                        ],
                        [
                            -76.787096,
                            39.720802
                        ],
                        [
                            -76.787097,
                            39.720802
                        ],
                        [
                            -76.806397,
                            39.720602
                        ],
                        [
                            -76.809197,
                            39.720702
                        ],
                        [
                            -76.8901,
                            39.720401
                        ],
                        [
                            -76.897566,
                            39.720401
                        ],
                        [
                            -76.999465,
                            39.720128
                        ],
                        [
                            -77.047104,
                            39.72
                        ],
                        [
                            -77.058204,
                            39.7202
                        ],
                        [
                            -77.058904,
                            39.7201
                        ],
                        [
                            -77.216806,
                            39.719998
                        ],
                        [
                            -77.217024,
                            39.719998
                        ],
                        [
                            -77.239807,
                            39.719998
                        ],
                        [
                            -77.243307,
                            39.719998
                        ],
                        [
                            -77.459427,
                            39.720017
                        ],
                        [
                            -77.469145,
                            39.720018
                        ],
                        [
                            -77.533371,
                            39.720165
                        ],
                        [
                            -77.534758,
                            39.720134
                        ],
                        [
                            -77.672249,
                            39.720778
                        ],
                        [
                            -77.674522,
                            39.720847
                        ],
                        [
                            -77.724115,
                            39.720894
                        ],
                        [
                            -77.732615,
                            39.721094
                        ],
                        [
                            -77.743204,
                            39.721205
                        ],
                        [
                            -77.768534,
                            39.721358
                        ],
                        [
                            -78.073736,
                            39.722314
                        ],
                        [
                            -78.075771,
                            39.722301
                        ],
                        [
                            -78.09914,
                            39.722322
                        ],
                        [
                            -78.202895,
                            39.722416
                        ],
                        [
                            -78.20445,
                            39.72252
                        ],
                        [
                            -78.240334,
                            39.722498
                        ],
                        [
                            -78.243103,
                            39.722481
                        ],
                        [
                            -78.268948,
                            39.72259
                        ],
                        [
                            -78.26902,
                            39.722613
                        ],
                        [
                            -78.330715,
                            39.722689
                        ],
                        [
                            -78.337111,
                            39.722461
                        ],
                        [
                            -78.339539,
                            39.722552
                        ],
                        [
                            -78.340498,
                            39.722514
                        ],
                        [
                            -78.34252,
                            39.722539
                        ],
                        [
                            -78.342834,
                            39.722539
                        ],
                        [
                            -78.380599,
                            39.722554
                        ],
                        [
                            -78.808387,
                            39.722726
                        ],
                        [
                            -78.931175,
                            39.722775
                        ],
                        [
                            -78.931176,
                            39.722775
                        ],
                        [
                            -79.392458,
                            39.72134
                        ],
                        [
                            -79.476662,
                            39.721078
                        ]
                    ]
                ]
            },
            "properties": {
                "name": "Pennsylvania",
                "abbr": "PA"
            }
        },
                {
            "type": "Feature",
            "geometry": {
                "type": "MultiPolygon",
                "coordinates": [
                    [
                        [
                            [
                                -83.309455,
                                30.634417
                            ],
                            [
                                -83.30925,
                                30.634405
                            ],
                            [
                                -83.309249,
                                30.634405
                            ],
                            [
                                -83.256218,
                                30.631279
                            ],
                            [
                                -83.187391,
                                30.627223
                            ],
                            [
                                -83.174411,
                                30.626444
                            ],
                            [
                                -83.163309,
                                30.625895
                            ],
                            [
                                -83.15617,
                                30.625504
                            ],
                            [
                                -83.136616,
                                30.624346
                            ],
                            [
                                -82.878779,
                                30.609082
                            ],
                            [
                                -82.877259,
                                30.609024
                            ],
                            [
                                -82.698902,
                                30.598271
                            ],
                            [
                                -82.698618,
                                30.598232
                            ],
                            [
                                -82.689539,
                                30.597734
                            ],
                            [
                                -82.689271,
                                30.597719
                            ],
                            [
                                -82.584002,
                                30.591796
                            ],
                            [
                                -82.569237,
                                30.590965
                            ],
                            [
                                -82.565476,
                                30.590622
                            ],
                            [
                                -82.553159,
                                30.589934
                            ],
                            [
                                -82.545055,
                                30.589361
                            ],
                            [
                                -82.536233,
                                30.588885
                            ],
                            [
                                -82.524899,
                                30.588189
                            ],
                            [
                                -82.459792,
                                30.584287
                            ],
                            [
                                -82.459544,
                                30.584272
                            ],
                            [
                                -82.418915,
                                30.581745
                            ],
                            [
                                -82.374844,
                                30.579004
                            ],
                            [
                                -82.287343,
                                30.573458
                            ],
                            [
                                -82.2581,
                                30.571559
                            ],
                            [
                                -82.249841,
                                30.570863
                            ],
                            [
                                -82.214847,
                                30.567009
                            ],
                            [
                                -82.214385,
                                30.566958
                            ],
                            [
                                -82.21233,
                                30.499558
                            ],
                            [
                                -82.20604,
                                30.455507
                            ],
                            [
                                -82.210291,
                                30.42459
                            ],
                            [
                                -82.204151,
                                30.40133
                            ],
                            [
                                -82.189583,
                                30.376213
                            ],
                            [
                                -82.171508,
                                30.359869
                            ],
                            [
                                -82.165192,
                                30.358035
                            ],
                            [
                                -82.124835,
                                30.366564
                            ],
                            [
                                -82.050069,
                                30.362338
                            ],
                            [
                                -82.050031,
                                30.36249
                            ],
                            [
                                -82.016103,
                                30.497355
                            ],
                            [
                                -82.01699,
                                30.519358
                            ],
                            [
                                -82.005477,
                                30.563495
                            ],
                            [
                                -82.01329,
                                30.595665
                            ],
                            [
                                -82.037609,
                                30.633271
                            ],
                            [
                                -82.049401,
                                30.655296
                            ],
                            [
                                -82.050432,
                                30.676266
                            ],
                            [
                                -82.023213,
                                30.781987
                            ],
                            [
                                -81.999836,
                                30.788348
                            ],
                            [
                                -81.906014,
                                30.822176
                            ],
                            [
                                -81.868608,
                                30.792754
                            ],
                            [
                                -81.840375,
                                30.786384
                            ],
                            [
                                -81.827014,
                                30.788933
                            ],
                            [
                                -81.806652,
                                30.789683
                            ],
                            [
                                -81.759338,
                                30.771377
                            ],
                            [
                                -81.741278,
                                30.762681
                            ],
                            [
                                -81.732627,
                                30.749934
                            ],
                            [
                                -81.719927,
                                30.744634
                            ],
                            [
                                -81.637222,
                                30.733835
                            ],
                            [
                                -81.624298,
                                30.736194
                            ],
                            [
                                -81.606221,
                                30.718135
                            ],
                            [
                                -81.544618,
                                30.712636
                            ],
                            [
                                -81.444124,
                                30.709714
                            ],
                            [
                                -81.432725,
                                30.703017
                            ],
                            [
                                -81.42742,
                                30.69802
                            ],
                            [
                                -81.430843,
                                30.669393
                            ],
                            [
                                -81.443099,
                                30.600938
                            ],
                            [
                                -81.442564,
                                30.555189
                            ],
                            [
                                -81.434064,
                                30.522569
                            ],
                            [
                                -81.442784,
                                30.50992
                            ],
                            [
                                -81.447087,
                                30.503679
                            ],
                            [
                                -81.440108,
                                30.497678
                            ],
                            [
                                -81.42601,
                                30.496739
                            ],
                            [
                                -81.410809,
                                30.482039
                            ],
                            [
                                -81.407008,
                                30.42204
                            ],
                            [
                                -81.397422,
                                30.400626
                            ],
                            [
                                -81.396407,
                                30.34004
                            ],
                            [
                                -81.391606,
                                30.303441
                            ],
                            [
                                -81.385505,
                                30.273841
                            ],
                            [
                                -81.379879,
                                30.252914
                            ],
                            [
                                -81.355591,
                                30.162563
                            ],
                            [
                                -81.308978,
                                29.96944
                            ],
                            [
                                -81.295268,
                                29.928614
                            ],
                            [
                                -81.288955,
                                29.91518
                            ],
                            [
                                -81.27654,
                                29.90046
                            ],
                            [
                                -81.270442,
                                29.883106
                            ],
                            [
                                -81.264693,
                                29.858212
                            ],
                            [
                                -81.263396,
                                29.820663
                            ],
                            [
                                -81.256711,
                                29.784693
                            ],
                            [
                                -81.240924,
                                29.739218
                            ],
                            [
                                -81.229015,
                                29.714693
                            ],
                            [
                                -81.212878,
                                29.670667
                            ],
                            [
                                -81.211565,
                                29.667085
                            ],
                            [
                                -81.163581,
                                29.55529
                            ],
                            [
                                -81.123896,
                                29.474465
                            ],
                            [
                                -81.101923,
                                29.427055
                            ],
                            [
                                -81.046678,
                                29.307856
                            ],
                            [
                                -80.995423,
                                29.206052
                            ],
                            [
                                -80.966176,
                                29.14796
                            ],
                            [
                                -80.944376,
                                29.110861
                            ],
                            [
                                -80.907275,
                                29.064262
                            ],
                            [
                                -80.893675,
                                29.036163
                            ],
                            [
                                -80.878275,
                                29.010563
                            ],
                            [
                                -80.787021,
                                28.875266
                            ],
                            [
                                -80.732244,
                                28.791237
                            ],
                            [
                                -80.713183,
                                28.761997
                            ],
                            [
                                -80.713108,
                                28.761882
                            ],
                            [
                                -80.712714,
                                28.761277
                            ],
                            [
                                -80.709725,
                                28.756692
                            ],
                            [
                                -80.708545,
                                28.755202
                            ],
                            [
                                -80.672232,
                                28.709363
                            ],
                            [
                                -80.663183,
                                28.69794
                            ],
                            [
                                -80.647924,
                                28.678677
                            ],
                            [
                                -80.64776,
                                28.67847
                            ],
                            [
                                -80.647288,
                                28.677875
                            ],
                            [
                                -80.645839,
                                28.675817
                            ],
                            [
                                -80.641436,
                                28.669564
                            ],
                            [
                                -80.639019,
                                28.666131
                            ],
                            [
                                -80.631314,
                                28.655188
                            ],
                            [
                                -80.61679,
                                28.634561
                            ],
                            [
                                -80.583884,
                                28.597705
                            ],
                            [
                                -80.574868,
                                28.585166
                            ],
                            [
                                -80.567361,
                                28.562353
                            ],
                            [
                                -80.560973,
                                28.530736
                            ],
                            [
                                -80.536115,
                                28.478647
                            ],
                            [
                                -80.525094,
                                28.459454
                            ],
                            [
                                -80.526732,
                                28.451705
                            ],
                            [
                                -80.562877,
                                28.437779
                            ],
                            [
                                -80.574136,
                                28.427764
                            ],
                            [
                                -80.587813,
                                28.410856
                            ],
                            [
                                -80.596174,
                                28.390682
                            ],
                            [
                                -80.603374,
                                28.363983
                            ],
                            [
                                -80.606874,
                                28.336484
                            ],
                            [
                                -80.608074,
                                28.311285
                            ],
                            [
                                -80.604214,
                                28.257733
                            ],
                            [
                                -80.589975,
                                28.17799
                            ],
                            [
                                -80.566432,
                                28.09563
                            ],
                            [
                                -80.547675,
                                28.048795
                            ],
                            [
                                -80.508871,
                                27.970477
                            ],
                            [
                                -80.446973,
                                27.861954
                            ],
                            [
                                -80.447084,
                                27.860755
                            ],
                            [
                                -80.447179,
                                27.859731
                            ],
                            [
                                -80.383695,
                                27.740045
                            ],
                            [
                                -80.351717,
                                27.642623
                            ],
                            [
                                -80.350553,
                                27.628361
                            ],
                            [
                                -80.34437,
                                27.616226
                            ],
                            [
                                -80.330956,
                                27.597541
                            ],
                            [
                                -80.324699,
                                27.569178
                            ],
                            [
                                -80.321271,
                                27.557378
                            ],
                            [
                                -80.311757,
                                27.524625
                            ],
                            [
                                -80.30117,
                                27.500314
                            ],
                            [
                                -80.293171,
                                27.500314
                            ],
                            [
                                -80.265535,
                                27.420542
                            ],
                            [
                                -80.253665,
                                27.37979
                            ],
                            [
                                -80.233538,
                                27.341307
                            ],
                            [
                                -80.226753,
                                27.322736
                            ],
                            [
                                -80.199288,
                                27.263022
                            ],
                            [
                                -80.19309,
                                27.249546
                            ],
                            [
                                -80.16147,
                                27.192814
                            ],
                            [
                                -80.153375,
                                27.169308
                            ],
                            [
                                -80.159554,
                                27.163325
                            ],
                            [
                                -80.14982,
                                27.143557
                            ],
                            [
                                -80.138605,
                                27.111517
                            ],
                            [
                                -80.116772,
                                27.072397
                            ],
                            [
                                -80.093909,
                                27.018587
                            ],
                            [
                                -80.079531,
                                26.9705
                            ],
                            [
                                -80.066697,
                                26.927579
                            ],
                            [
                                -80.046263,
                                26.859238
                            ],
                            [
                                -80.031362,
                                26.796339
                            ],
                            [
                                -80.03212,
                                26.77153
                            ],
                            [
                                -80.036362,
                                26.77124
                            ],
                            [
                                -80.037462,
                                26.76634
                            ],
                            [
                                -80.032862,
                                26.715242
                            ],
                            [
                                -80.032862,
                                26.700842
                            ],
                            [
                                -80.035763,
                                26.676043
                            ],
                            [
                                -80.035363,
                                26.612346
                            ],
                            [
                                -80.038863,
                                26.569347
                            ],
                            [
                                -80.050363,
                                26.509549
                            ],
                            [
                                -80.060564,
                                26.444652
                            ],
                            [
                                -80.070564,
                                26.336455
                            ],
                            [
                                -80.072264,
                                26.335356
                            ],
                            [
                                -80.074837,
                                26.321032
                            ],
                            [
                                -80.075264,
                                26.318656
                            ],
                            [
                                -80.079865,
                                26.264358
                            ],
                            [
                                -80.085565,
                                26.249259
                            ],
                            [
                                -80.089365,
                                26.231859
                            ],
                            [
                                -80.101366,
                                26.147762
                            ],
                            [
                                -80.105266,
                                26.096264
                            ],
                            [
                                -80.106813,
                                26.092991
                            ],
                            [
                                -80.108995,
                                26.088372
                            ],
                            [
                                -80.109566,
                                26.087165
                            ],
                            [
                                -80.112334,
                                26.053193
                            ],
                            [
                                -80.117778,
                                25.986369
                            ],
                            [
                                -80.117798,
                                25.975152
                            ],
                            [
                                -80.117904,
                                25.915772
                            ],
                            [
                                -80.12087,
                                25.883152
                            ],
                            [
                                -80.119684,
                                25.841043
                            ],
                            [
                                -80.122056,
                                25.817913
                            ],
                            [
                                -80.127394,
                                25.791224
                            ],
                            [
                                -80.127987,
                                25.772245
                            ],
                            [
                                -80.137476,
                                25.750301
                            ],
                            [
                                -80.144,
                                25.740812
                            ],
                            [
                                -80.152896,
                                25.702855
                            ],
                            [
                                -80.154082,
                                25.683283
                            ],
                            [
                                -80.152303,
                                25.676759
                            ],
                            [
                                -80.154972,
                                25.66549
                            ],
                            [
                                -80.160903,
                                25.664897
                            ],
                            [
                                -80.176916,
                                25.685062
                            ],
                            [
                                -80.170392,
                                25.710565
                            ],
                            [
                                -80.164461,
                                25.721833
                            ],
                            [
                                -80.166241,
                                25.72895
                            ],
                            [
                                -80.172765,
                                25.737847
                            ],
                            [
                                -80.184626,
                                25.745557
                            ],
                            [
                                -80.197674,
                                25.74437
                            ],
                            [
                                -80.229107,
                                25.732509
                            ],
                            [
                                -80.240376,
                                25.724206
                            ],
                            [
                                -80.244528,
                                25.717089
                            ],
                            [
                                -80.250459,
                                25.688028
                            ],
                            [
                                -80.265879,
                                25.658373
                            ],
                            [
                                -80.267065,
                                25.651849
                            ],
                            [
                                -80.277147,
                                25.637022
                            ],
                            [
                                -80.288416,
                                25.630498
                            ],
                            [
                                -80.296719,
                                25.622195
                            ],
                            [
                                -80.301464,
                                25.613299
                            ],
                            [
                                -80.305615,
                                25.593134
                            ],
                            [
                                -80.305615,
                                25.575342
                            ],
                            [
                                -80.302057,
                                25.567632
                            ],
                            [
                                -80.313918,
                                25.539164
                            ],
                            [
                                -80.324594,
                                25.535605
                            ],
                            [
                                -80.328746,
                                25.53264
                            ],
                            [
                                -80.339421,
                                25.499427
                            ],
                            [
                                -80.339421,
                                25.478669
                            ],
                            [
                                -80.337049,
                                25.465621
                            ],
                            [
                                -80.328152,
                                25.443084
                            ],
                            [
                                -80.320442,
                                25.437153
                            ],
                            [
                                -80.326373,
                                25.422919
                            ],
                            [
                                -80.32578,
                                25.39801
                            ],
                            [
                                -80.320442,
                                25.391486
                            ],
                            [
                                -80.31036,
                                25.389707
                            ],
                            [
                                -80.306801,
                                25.384369
                            ],
                            [
                                -80.31036,
                                25.3731
                            ],
                            [
                                -80.335269,
                                25.338701
                            ],
                            [
                                -80.352469,
                                25.329805
                            ],
                            [
                                -80.361662,
                                25.327433
                            ],
                            [
                                -80.374116,
                                25.31735
                            ],
                            [
                                -80.383013,
                                25.301337
                            ],
                            [
                                -80.385978,
                                25.288289
                            ],
                            [
                                -80.419191,
                                25.26338
                            ],
                            [
                                -80.437815,
                                25.253077
                            ],
                            [
                                -80.447066,
                                25.24796
                            ],
                            [
                                -80.462832,
                                25.236248
                            ],
                            [
                                -80.467824,
                                25.23254
                            ],
                            [
                                -80.468366,
                                25.231977
                            ],
                            [
                                -80.469843,
                                25.230442
                            ],
                            [
                                -80.483244,
                                25.216526
                            ],
                            [
                                -80.487591,
                                25.207829
                            ],
                            [
                                -80.488035,
                                25.206942
                            ],
                            [
                                -80.488216,
                                25.206757
                            ],
                            [
                                -80.495341,
                                25.199463
                            ],
                            [
                                -80.496179,
                                25.199637
                            ],
                            [
                                -80.498361,
                                25.200091
                            ],
                            [
                                -80.498644,
                                25.20015
                            ],
                            [
                                -80.502983,
                                25.20316
                            ],
                            [
                                -80.503125,
                                25.203259
                            ],
                            [
                                -80.50778,
                                25.206488
                            ],
                            [
                                -80.508113,
                                25.206719
                            ],
                            [
                                -80.508116,
                                25.206725
                            ],
                            [
                                -80.512928,
                                25.216719
                            ],
                            [
                                -80.514724,
                                25.217702
                            ],
                            [
                                -80.515297,
                                25.218016
                            ],
                            [
                                -80.520359,
                                25.220788
                            ],
                            [
                                -80.52319,
                                25.22008
                            ],
                            [
                                -80.525784,
                                25.218649
                            ],
                            [
                                -80.530207,
                                25.216207
                            ],
                            [
                                -80.540947,
                                25.21821
                            ],
                            [
                                -80.54204,
                                25.22185
                            ],
                            [
                                -80.540947,
                                25.224945
                            ],
                            [
                                -80.540765,
                                25.229678
                            ],
                            [
                                -80.548491,
                                25.236535
                            ],
                            [
                                -80.558223,
                                25.239012
                            ],
                            [
                                -80.570785,
                                25.239366
                            ],
                            [
                                -80.589186,
                                25.223796
                            ],
                            [
                                -80.587593,
                                25.207695
                            ],
                            [
                                -80.584783,
                                25.200695
                            ],
                            [
                                -80.584771,
                                25.200665
                            ],
                            [
                                -80.594338,
                                25.193437
                            ],
                            [
                                -80.601627,
                                25.187931
                            ],
                            [
                                -80.609607,
                                25.181902
                            ],
                            [
                                -80.609609,
                                25.181901
                            ],
                            [
                                -80.618989,
                                25.177345
                            ],
                            [
                                -80.619024,
                                25.177328
                            ],
                            [
                                -80.633992,
                                25.176829
                            ],
                            [
                                -80.639873,
                                25.176633
                            ],
                            [
                                -80.640275,
                                25.17662
                            ],
                            [
                                -80.640823,
                                25.176364
                            ],
                            [
                                -80.642456,
                                25.175601
                            ],
                            [
                                -80.645737,
                                25.174069
                            ],
                            [
                                -80.645822,
                                25.174029
                            ],
                            [
                                -80.646099,
                                25.173599
                            ],
                            [
                                -80.648565,
                                25.169773
                            ],
                            [
                                -80.649251,
                                25.168708
                            ],
                            [
                                -80.656944,
                                25.168216
                            ],
                            [
                                -80.660692,
                                25.167976
                            ],
                            [
                                -80.66995,
                                25.167384
                            ],
                            [
                                -80.674324,
                                25.167104
                            ],
                            [
                                -80.679852,
                                25.166751
                            ],
                            [
                                -80.683909,
                                25.166491
                            ],
                            [
                                -80.688361,
                                25.164711
                            ],
                            [
                                -80.695038,
                                25.157588
                            ],
                            [
                                -80.70127,
                                25.146683
                            ],
                            [
                                -80.703718,
                                25.139115
                            ],
                            [
                                -80.715099,
                                25.140872
                            ],
                            [
                                -80.721886,
                                25.145101
                            ],
                            [
                                -80.728602,
                                25.144316
                            ],
                            [
                                -80.734741,
                                25.143598
                            ],
                            [
                                -80.73833,
                                25.143178
                            ],
                            [
                                -80.742877,
                                25.142646
                            ],
                            [
                                -80.746379,
                                25.148559
                            ],
                            [
                                -80.746264,
                                25.155303
                            ],
                            [
                                -80.751866,
                                25.163762
                            ],
                            [
                                -80.757581,
                                25.166734
                            ],
                            [
                                -80.795456,
                                25.172337
                            ],
                            [
                                -80.796219,
                                25.17245
                            ],
                            [
                                -80.815193,
                                25.164956
                            ],
                            [
                                -80.817116,
                                25.164196
                            ],
                            [
                                -80.823441,
                                25.161698
                            ],
                            [
                                -80.826465,
                                25.160504
                            ],
                            [
                                -80.82653,
                                25.160478
                            ],
                            [
                                -80.826544,
                                25.160509
                            ],
                            [
                                -80.827179,
                                25.161888
                            ],
                            [
                                -80.827489,
                                25.162562
                            ],
                            [
                                -80.828435,
                                25.164619
                            ],
                            [
                                -80.830034,
                                25.168094
                            ],
                            [
                                -80.838227,
                                25.174791
                            ],
                            [
                                -80.843703,
                                25.176312
                            ],
                            [
                                -80.846395,
                                25.17706
                            ],
                            [
                                -80.8464,
                                25.17706
                            ],
                            [
                                -80.858167,
                                25.176576
                            ],
                            [
                                -80.858801,
                                25.176493
                            ],
                            [
                                -80.874323,
                                25.174469
                            ],
                            [
                                -80.874815,
                                25.174405
                            ],
                            [
                                -80.87546,
                                25.174321
                            ],
                            [
                                -80.875731,
                                25.174185
                            ],
                            [
                                -80.878982,
                                25.172562
                            ],
                            [
                                -80.879235,
                                25.172436
                            ],
                            [
                                -80.891681,
                                25.166221
                            ],
                            [
                                -80.899459,
                                25.162337
                            ],
                            [
                                -80.900066,
                                25.162034
                            ],
                            [
                                -80.900124,
                                25.161726
                            ],
                            [
                                -80.90111,
                                25.156496
                            ],
                            [
                                -80.901592,
                                25.153933
                            ],
                            [
                                -80.901617,
                                25.153803
                            ],
                            [
                                -80.90022,
                                25.150627
                            ],
                            [
                                -80.898911,
                                25.147652
                            ],
                            [
                                -80.900559,
                                25.139755
                            ],
                            [
                                -80.900577,
                                25.139669
                            ],
                            [
                                -80.900668,
                                25.139679
                            ],
                            [
                                -80.902311,
                                25.139853
                            ],
                            [
                                -80.906578,
                                25.140307
                            ],
                            [
                                -80.915924,
                                25.141301
                            ],
                            [
                                -80.915965,
                                25.141291
                            ],
                            [
                                -80.931353,
                                25.137424
                            ],
                            [
                                -80.93675,
                                25.136068
                            ],
                            [
                                -80.939272,
                                25.135434
                            ],
                            [
                                -80.940988,
                                25.135003
                            ],
                            [
                                -80.943164,
                                25.134456
                            ],
                            [
                                -80.943216,
                                25.134443
                            ],
                            [
                                -80.954567,
                                25.13545
                            ],
                            [
                                -80.955577,
                                25.13554
                            ],
                            [
                                -80.95615,
                                25.135591
                            ],
                            [
                                -80.957427,
                                25.135704
                            ],
                            [
                                -80.958727,
                                25.135546
                            ],
                            [
                                -80.967465,
                                25.134482
                            ],
                            [
                                -80.967506,
                                25.134477
                            ],
                            [
                                -80.96774,
                                25.134448
                            ],
                            [
                                -80.967832,
                                25.134437
                            ],
                            [
                                -80.970185,
                                25.13415
                            ],
                            [
                                -80.970727,
                                25.134084
                            ],
                            [
                                -80.970797,
                                25.134076
                            ],
                            [
                                -80.971585,
                                25.13398
                            ],
                            [
                                -80.971664,
                                25.13397
                            ],
                            [
                                -80.971765,
                                25.133958
                            ],
                            [
                                -80.973129,
                                25.133473
                            ],
                            [
                                -80.977198,
                                25.132028
                            ],
                            [
                                -80.991949,
                                25.126789
                            ],
                            [
                                -80.994096,
                                25.126026
                            ],
                            [
                                -80.999176,
                                25.124222
                            ],
                            [
                                -80.999772,
                                25.12429
                            ],
                            [
                                -81.009598,
                                25.125403
                            ],
                            [
                                -81.022989,
                                25.129393
                            ],
                            [
                                -81.025154,
                                25.129305
                            ],
                            [
                                -81.033404,
                                25.128969
                            ],
                            [
                                -81.038021,
                                25.128781
                            ],
                            [
                                -81.049308,
                                25.128322
                            ],
                            [
                                -81.049344,
                                25.12832
                            ],
                            [
                                -81.049445,
                                25.128316
                            ],
                            [
                                -81.049896,
                                25.128298
                            ],
                            [
                                -81.050505,
                                25.128273
                            ],
                            [
                                -81.079859,
                                25.118797
                            ],
                            [
                                -81.094524,
                                25.127054
                            ],
                            [
                                -81.111943,
                                25.14547
                            ],
                            [
                                -81.120616,
                                25.152302
                            ],
                            [
                                -81.133567,
                                25.156295
                            ],
                            [
                                -81.141024,
                                25.163868
                            ],
                            [
                                -81.142278,
                                25.183
                            ],
                            [
                                -81.142471,
                                25.18344
                            ],
                            [
                                -81.142897,
                                25.184406
                            ],
                            [
                                -81.146737,
                                25.193139
                            ],
                            [
                                -81.155252,
                                25.207706
                            ],
                            [
                                -81.155481,
                                25.208098
                            ],
                            [
                                -81.15582,
                                25.208389
                            ],
                            [
                                -81.168046,
                                25.218854
                            ],
                            [
                                -81.171265,
                                25.221609
                            ],
                            [
                                -81.172044,
                                25.222276
                            ],
                            [
                                -81.171978,
                                25.223648
                            ],
                            [
                                -81.171455,
                                25.234483
                            ],
                            [
                                -81.171369,
                                25.236268
                            ],
                            [
                                -81.170953,
                                25.244898
                            ],
                            [
                                -81.170907,
                                25.245857
                            ],
                            [
                                -81.169709,
                                25.249231
                            ],
                            [
                                -81.169509,
                                25.249795
                            ],
                            [
                                -81.169294,
                                25.250398
                            ],
                            [
                                -81.168307,
                                25.253178
                            ],
                            [
                                -81.16207,
                                25.289833
                            ],
                            [
                                -81.159293,
                                25.298595
                            ],
                            [
                                -81.1523,
                                25.305543
                            ],
                            [
                                -81.148915,
                                25.318067
                            ],
                            [
                                -81.151916,
                                25.324766
                            ],
                            [
                                -81.148103,
                                25.332793
                            ],
                            [
                                -81.140099,
                                25.341117
                            ],
                            [
                                -81.133913,
                                25.342996
                            ],
                            [
                                -81.12141,
                                25.33875
                            ],
                            [
                                -81.118208,
                                25.34522
                            ],
                            [
                                -81.117265,
                                25.354953
                            ],
                            [
                                -81.128492,
                                25.380511
                            ],
                            [
                                -81.141395,
                                25.381358
                            ],
                            [
                                -81.150508,
                                25.387255
                            ],
                            [
                                -81.150656,
                                25.399206
                            ],
                            [
                                -81.147144,
                                25.404297
                            ],
                            [
                                -81.146765,
                                25.407577
                            ],
                            [
                                -81.168652,
                                25.463848
                            ],
                            [
                                -81.179406,
                                25.475427
                            ],
                            [
                                -81.191924,
                                25.484745
                            ],
                            [
                                -81.208201,
                                25.504937
                            ],
                            [
                                -81.210149,
                                25.516888
                            ],
                            [
                                -81.203175,
                                25.53416
                            ],
                            [
                                -81.204389,
                                25.538908
                            ],
                            [
                                -81.209321,
                                25.548611
                            ],
                            [
                                -81.225557,
                                25.55847
                            ],
                            [
                                -81.232705,
                                25.573366
                            ],
                            [
                                -81.233051,
                                25.586587
                            ],
                            [
                                -81.240519,
                                25.599041
                            ],
                            [
                                -81.240677,
                                25.613629
                            ],
                            [
                                -81.253951,
                                25.638181
                            ],
                            [
                                -81.268924,
                                25.656927
                            ],
                            [
                                -81.277374,
                                25.66498
                            ],
                            [
                                -81.290328,
                                25.687506
                            ],
                            [
                                -81.328935,
                                25.717233
                            ],
                            [
                                -81.335037,
                                25.715649
                            ],
                            [
                                -81.346078,
                                25.721473
                            ],
                            [
                                -81.345972,
                                25.736536
                            ],
                            [
                                -81.343984,
                                25.747668
                            ],
                            [
                                -81.346767,
                                25.754029
                            ],
                            [
                                -81.355116,
                                25.76039
                            ],
                            [
                                -81.359489,
                                25.766354
                            ],
                            [
                                -81.361875,
                                25.772715
                            ],
                            [
                                -81.344779,
                                25.782257
                            ],
                            [
                                -81.340406,
                                25.786631
                            ],
                            [
                                -81.341598,
                                25.794582
                            ],
                            [
                                -81.344564,
                                25.803322
                            ],
                            [
                                -81.349152,
                                25.816847
                            ],
                            [
                                -81.352731,
                                25.822015
                            ],
                            [
                                -81.362272,
                                25.824401
                            ],
                            [
                                -81.386127,
                                25.839906
                            ],
                            [
                                -81.394476,
                                25.851834
                            ],
                            [
                                -81.417536,
                                25.864954
                            ],
                            [
                                -81.424295,
                                25.867737
                            ],
                            [
                                -81.429066,
                                25.865351
                            ],
                            [
                                -81.441391,
                                25.863761
                            ],
                            [
                                -81.458487,
                                25.868929
                            ],
                            [
                                -81.471607,
                                25.881652
                            ],
                            [
                                -81.473992,
                                25.888411
                            ],
                            [
                                -81.48751,
                                25.888411
                            ],
                            [
                                -81.501027,
                                25.884037
                            ],
                            [
                                -81.508979,
                                25.884037
                            ],
                            [
                                -81.512955,
                                25.886423
                            ],
                            [
                                -81.511762,
                                25.89676
                            ],
                            [
                                -81.515738,
                                25.899941
                            ],
                            [
                                -81.527665,
                                25.901531
                            ],
                            [
                                -81.541183,
                                25.900338
                            ],
                            [
                                -81.577363,
                                25.889206
                            ],
                            [
                                -81.584519,
                                25.888808
                            ],
                            [
                                -81.614735,
                                25.893977
                            ],
                            [
                                -81.623482,
                                25.897158
                            ],
                            [
                                -81.640084,
                                25.897784
                            ],
                            [
                                -81.644553,
                                25.897953
                            ],
                            [
                                -81.654493,
                                25.893579
                            ],
                            [
                                -81.663821,
                                25.885605
                            ],
                            [
                                -81.672633,
                                25.856654
                            ],
                            [
                                -81.678287,
                                25.845301
                            ],
                            [
                                -81.6848,
                                25.847205
                            ],
                            [
                                -81.68954,
                                25.85271
                            ],
                            [
                                -81.713172,
                                25.897568
                            ],
                            [
                                -81.717687,
                                25.902039
                            ],
                            [
                                -81.727086,
                                25.907207
                            ],
                            [
                                -81.73195,
                                25.931506
                            ],
                            [
                                -81.738118,
                                25.942009
                            ],
                            [
                                -81.745579,
                                25.949643
                            ],
                            [
                                -81.749724,
                                25.960463
                            ],
                            [
                                -81.747834,
                                25.994273
                            ],
                            [
                                -81.750668,
                                25.998425
                            ],
                            [
                                -81.757463,
                                26.000374
                            ],
                            [
                                -81.762439,
                                26.00607
                            ],
                            [
                                -81.801663,
                                26.088227
                            ],
                            [
                                -81.808833,
                                26.152246
                            ],
                            [
                                -81.81461,
                                26.173167
                            ],
                            [
                                -81.81681,
                                26.207166
                            ],
                            [
                                -81.820675,
                                26.236735
                            ],
                            [
                                -81.833142,
                                26.294518
                            ],
                            [
                                -81.844555,
                                26.327712
                            ],
                            [
                                -81.845834,
                                26.330378
                            ],
                            [
                                -81.868983,
                                26.378648
                            ],
                            [
                                -81.90191,
                                26.410859
                            ],
                            [
                                -81.90271,
                                26.416159
                            ],
                            [
                                -81.91171,
                                26.427158
                            ],
                            [
                                -81.923611,
                                26.436658
                            ],
                            [
                                -81.938411,
                                26.445058
                            ],
                            [
                                -81.956611,
                                26.452358
                            ],
                            [
                                -81.964212,
                                26.457957
                            ],
                            [
                                -81.967112,
                                26.462857
                            ],
                            [
                                -81.966212,
                                26.465057
                            ],
                            [
                                -81.969509,
                                26.476505
                            ],
                            [
                                -81.980712,
                                26.480957
                            ],
                            [
                                -81.997012,
                                26.484856
                            ],
                            [
                                -82.008961,
                                26.484052
                            ],
                            [
                                -82.01368,
                                26.490829
                            ],
                            [
                                -82.00908,
                                26.505203
                            ],
                            [
                                -82.024604,
                                26.512677
                            ],
                            [
                                -82.043577,
                                26.519577
                            ],
                            [
                                -82.06715,
                                26.513252
                            ],
                            [
                                -82.07175,
                                26.492554
                            ],
                            [
                                -82.094748,
                                26.48393
                            ],
                            [
                                -82.105672,
                                26.48393
                            ],
                            [
                                -82.111996,
                                26.54085
                            ],
                            [
                                -82.118896,
                                26.560973
                            ],
                            [
                                -82.122345,
                                26.579371
                            ],
                            [
                                -82.137869,
                                26.637441
                            ],
                            [
                                -82.149943,
                                26.654115
                            ],
                            [
                                -82.181565,
                                26.681712
                            ],
                            [
                                -82.17984,
                                26.696661
                            ],
                            [
                                -82.173516,
                                26.701836
                            ],
                            [
                                -82.151668,
                                26.704136
                            ],
                            [
                                -82.139019,
                                26.702986
                            ],
                            [
                                -82.125795,
                                26.699536
                            ],
                            [
                                -82.118896,
                                26.690912
                            ],
                            [
                                -82.106247,
                                26.667339
                            ],
                            [
                                -82.099922,
                                26.662739
                            ],
                            [
                                -82.093023,
                                26.665614
                            ],
                            [
                                -82.086698,
                                26.685162
                            ],
                            [
                                -82.084974,
                                26.702411
                            ],
                            [
                                -82.079799,
                                26.716784
                            ],
                            [
                                -82.066575,
                                26.742657
                            ],
                            [
                                -82.062029,
                                26.770439
                            ],
                            [
                                -82.061401,
                                26.774279
                            ],
                            [
                                -82.061401,
                                26.789228
                            ],
                            [
                                -82.055076,
                                26.802452
                            ],
                            [
                                -82.057951,
                                26.822
                            ],
                            [
                                -82.058526,
                                26.838674
                            ],
                            [
                                -82.056801,
                                26.858797
                            ],
                            [
                                -82.059101,
                                26.876621
                            ],
                            [
                                -82.066575,
                                26.88237
                            ],
                            [
                                -82.090723,
                                26.888694
                            ],
                            [
                                -82.093023,
                                26.906518
                            ],
                            [
                                -82.090148,
                                26.923191
                            ],
                            [
                                -82.083249,
                                26.927791
                            ],
                            [
                                -82.067725,
                                26.927791
                            ],
                            [
                                -82.061976,
                                26.931241
                            ],
                            [
                                -82.061401,
                                26.938715
                            ],
                            [
                                -82.063126,
                                26.950214
                            ],
                            [
                                -82.076349,
                                26.958263
                            ],
                            [
                                -82.107972,
                                26.957688
                            ],
                            [
                                -82.113039,
                                26.955788
                            ],
                            [
                                -82.117171,
                                26.954239
                            ],
                            [
                                -82.124645,
                                26.945615
                            ],
                            [
                                -82.137294,
                                26.926066
                            ],
                            [
                                -82.162017,
                                26.925491
                            ],
                            [
                                -82.169491,
                                26.923191
                            ],
                            [
                                -82.175241,
                                26.916867
                            ],
                            [
                                -82.172941,
                                26.897319
                            ],
                            [
                                -82.156267,
                                26.851898
                            ],
                            [
                                -82.147068,
                                26.789803
                            ],
                            [
                                -82.151093,
                                26.783479
                            ],
                            [
                                -82.172941,
                                26.778879
                            ],
                            [
                                -82.17869,
                                26.772555
                            ],
                            [
                                -82.209329,
                                26.772146
                            ],
                            [
                                -82.221812,
                                26.77198
                            ],
                            [
                                -82.232193,
                                26.78288
                            ],
                            [
                                -82.233311,
                                26.784054
                            ],
                            [
                                -82.234019,
                                26.783251
                            ],
                            [
                                -82.241935,
                                26.774279
                            ],
                            [
                                -82.251134,
                                26.755881
                            ],
                            [
                                -82.259867,
                                26.717398
                            ],
                            [
                                -82.263804,
                                26.725644
                            ],
                            [
                                -82.264682,
                                26.756836
                            ],
                            [
                                -82.269499,
                                26.784674
                            ],
                            [
                                -82.271699,
                                26.789516
                            ],
                            [
                                -82.281552,
                                26.811203
                            ],
                            [
                                -82.289086,
                                26.827784
                            ],
                            [
                                -82.301736,
                                26.841588
                            ],
                            [
                                -82.351649,
                                26.908384
                            ],
                            [
                                -82.375737,
                                26.946041
                            ],
                            [
                                -82.400618,
                                26.984937
                            ],
                            [
                                -82.419218,
                                27.020736
                            ],
                            [
                                -82.445718,
                                27.060634
                            ],
                            [
                                -82.460319,
                                27.099933
                            ],
                            [
                                -82.465319,
                                27.110732
                            ],
                            [
                                -82.46889,
                                27.113612
                            ],
                            [
                                -82.477019,
                                27.141231
                            ],
                            [
                                -82.512319,
                                27.207528
                            ],
                            [
                                -82.539719,
                                27.254326
                            ],
                            [
                                -82.54512,
                                27.261026
                            ],
                            [
                                -82.55902,
                                27.268826
                            ],
                            [
                                -82.569754,
                                27.279452
                            ],
                            [
                                -82.569248,
                                27.298588
                            ],
                            [
                                -82.57602,
                                27.309324
                            ],
                            [
                                -82.597629,
                                27.335754
                            ],
                            [
                                -82.623863,
                                27.362206
                            ],
                            [
                                -82.642821,
                                27.38972
                            ],
                            [
                                -82.642837,
                                27.389737
                            ],
                            [
                                -82.675121,
                                27.424318
                            ],
                            [
                                -82.691821,
                                27.437218
                            ],
                            [
                                -82.691004,
                                27.444331
                            ],
                            [
                                -82.707821,
                                27.487615
                            ],
                            [
                                -82.714521,
                                27.500415
                            ],
                            [
                                -82.724522,
                                27.513614
                            ],
                            [
                                -82.743017,
                                27.531086
                            ],
                            [
                                -82.745748,
                                27.538834
                            ],
                            [
                                -82.742437,
                                27.53936
                            ],
                            [
                                -82.708121,
                                27.523514
                            ],
                            [
                                -82.710621,
                                27.501715
                            ],
                            [
                                -82.706821,
                                27.498415
                            ],
                            [
                                -82.690421,
                                27.496415
                            ],
                            [
                                -82.686421,
                                27.497215
                            ],
                            [
                                -82.686921,
                                27.508015
                            ],
                            [
                                -82.683621,
                                27.513115
                            ],
                            [
                                -82.674621,
                                27.519614
                            ],
                            [
                                -82.66202,
                                27.522814
                            ],
                            [
                                -82.65072,
                                27.523115
                            ],
                            [
                                -82.646014,
                                27.53354
                            ],
                            [
                                -82.632053,
                                27.551908
                            ],
                            [
                                -82.612019,
                                27.571231
                            ],
                            [
                                -82.613003,
                                27.582837
                            ],
                            [
                                -82.612749,
                                27.583319
                            ],
                            [
                                -82.611717,
                                27.585283
                            ],
                            [
                                -82.596488,
                                27.594045
                            ],
                            [
                                -82.584629,
                                27.596021
                            ],
                            [
                                -82.570607,
                                27.608882
                            ],
                            [
                                -82.565667,
                                27.615713
                            ],
                            [
                                -82.558538,
                                27.638678
                            ],
                            [
                                -82.554499,
                                27.645145
                            ],
                            [
                                -82.537146,
                                27.672933
                            ],
                            [
                                -82.514265,
                                27.705588
                            ],
                            [
                                -82.494891,
                                27.718963
                            ],
                            [
                                -82.482449,
                                27.719886
                            ],
                            [
                                -82.477638,
                                27.723004
                            ],
                            [
                                -82.476297,
                                27.729929
                            ],
                            [
                                -82.477129,
                                27.735216
                            ],
                            [
                                -82.482305,
                                27.742649
                            ],
                            [
                                -82.478339,
                                27.74625
                            ],
                            [
                                -82.457543,
                                27.752571
                            ],
                            [
                                -82.434635,
                                27.764355
                            ],
                            [
                                -82.43198,
                                27.768092
                            ],
                            [
                                -82.433981,
                                27.774087
                            ],
                            [
                                -82.419066,
                                27.793767
                            ],
                            [
                                -82.418401,
                                27.803187
                            ],
                            [
                                -82.410837,
                                27.810868
                            ],
                            [
                                -82.402857,
                                27.812671
                            ],
                            [
                                -82.393383,
                                27.837519
                            ],
                            [
                                -82.397463,
                                27.851631
                            ],
                            [
                                -82.402615,
                                27.882602
                            ],
                            [
                                -82.413915,
                                27.901401
                            ],
                            [
                                -82.432316,
                                27.901301
                            ],
                            [
                                -82.451591,
                                27.907506
                            ],
                            [
                                -82.460016,
                                27.9116
                            ],
                            [
                                -82.459616,
                                27.9169
                            ],
                            [
                                -82.462078,
                                27.920066
                            ],
                            [
                                -82.478063,
                                27.92768
                            ],
                            [
                                -82.489817,
                                27.9196
                            ],
                            [
                                -82.491117,
                                27.9145
                            ],
                            [
                                -82.487417,
                                27.895001
                            ],
                            [
                                -82.488057,
                                27.863566
                            ],
                            [
                                -82.480137,
                                27.853246
                            ],
                            [
                                -82.471624,
                                27.847342
                            ],
                            [
                                -82.46884,
                                27.843295
                            ],
                            [
                                -82.47244,
                                27.822559
                            ],
                            [
                                -82.475273,
                                27.820991
                            ],
                            [
                                -82.489849,
                                27.822607
                            ],
                            [
                                -82.511193,
                                27.828015
                            ],
                            [
                                -82.553946,
                                27.848462
                            ],
                            [
                                -82.552918,
                                27.862702
                            ],
                            [
                                -82.538618,
                                27.864901
                            ],
                            [
                                -82.533218,
                                27.870701
                            ],
                            [
                                -82.529918,
                                27.877501
                            ],
                            [
                                -82.539318,
                                27.885001
                            ],
                            [
                                -82.542818,
                                27.890601
                            ],
                            [
                                -82.541747,
                                27.893706
                            ],
                            [
                                -82.535818,
                                27.898
                            ],
                            [
                                -82.531318,
                                27.9039
                            ],
                            [
                                -82.533718,
                                27.932999
                            ],
                            [
                                -82.541218,
                                27.948998
                            ],
                            [
                                -82.553918,
                                27.966998
                            ],
                            [
                                -82.589419,
                                27.970898
                            ],
                            [
                                -82.61952,
                                27.969698
                            ],
                            [
                                -82.648616,
                                27.966309
                            ],
                            [
                                -82.716522,
                                27.958398
                            ],
                            [
                                -82.720522,
                                27.955798
                            ],
                            [
                                -82.724122,
                                27.948098
                            ],
                            [
                                -82.721975,
                                27.941819
                            ],
                            [
                                -82.721429,
                                27.940222
                            ],
                            [
                                -82.720395,
                                27.937199
                            ],
                            [
                                -82.720122,
                                27.936399
                            ],
                            [
                                -82.710022,
                                27.928299
                            ],
                            [
                                -82.691621,
                                27.924899
                            ],
                            [
                                -82.685121,
                                27.916299
                            ],
                            [
                                -82.671221,
                                27.913
                            ],
                            [
                                -82.628063,
                                27.910397
                            ],
                            [
                                -82.63422,
                                27.9037
                            ],
                            [
                                -82.63212,
                                27.8911
                            ],
                            [
                                -82.61002,
                                27.873501
                            ],
                            [
                                -82.567919,
                                27.883701
                            ],
                            [
                                -82.567826,
                                27.881537
                            ],
                            [
                                -82.566819,
                                27.858002
                            ],
                            [
                                -82.598443,
                                27.857582
                            ],
                            [
                                -82.594819,
                                27.843402
                            ],
                            [
                                -82.589319,
                                27.835702
                            ],
                            [
                                -82.586519,
                                27.816703
                            ],
                            [
                                -82.60742,
                                27.798904
                            ],
                            [
                                -82.622723,
                                27.779868
                            ],
                            [
                                -82.63052,
                                27.753905
                            ],
                            [
                                -82.62502,
                                27.732706
                            ],
                            [
                                -82.62572,
                                27.727006
                            ],
                            [
                                -82.63362,
                                27.710607
                            ],
                            [
                                -82.63982,
                                27.703907
                            ],
                            [
                                -82.652521,
                                27.700307
                            ],
                            [
                                -82.662921,
                                27.702307
                            ],
                            [
                                -82.663246,
                                27.702442
                            ],
                            [
                                -82.667445,
                                27.704179
                            ],
                            [
                                -82.668772,
                                27.704728
                            ],
                            [
                                -82.670449,
                                27.705422
                            ],
                            [
                                -82.670942,
                                27.705626
                            ],
                            [
                                -82.671549,
                                27.705877
                            ],
                            [
                                -82.671621,
                                27.705907
                            ],
                            [
                                -82.672093,
                                27.705932
                            ],
                            [
                                -82.673061,
                                27.705983
                            ],
                            [
                                -82.674123,
                                27.706039
                            ],
                            [
                                -82.677321,
                                27.706207
                            ],
                            [
                                -82.679019,
                                27.696054
                            ],
                            [
                                -82.679251,
                                27.694665
                            ],
                            [
                                -82.693748,
                                27.700217
                            ],
                            [
                                -82.713629,
                                27.698661
                            ],
                            [
                                -82.718822,
                                27.692007
                            ],
                            [
                                -82.723022,
                                27.671208
                            ],
                            [
                                -82.721622,
                                27.663908
                            ],
                            [
                                -82.716322,
                                27.651409
                            ],
                            [
                                -82.712555,
                                27.646647
                            ],
                            [
                                -82.698091,
                                27.638858
                            ],
                            [
                                -82.705017,
                                27.62531
                            ],
                            [
                                -82.733076,
                                27.612972
                            ],
                            [
                                -82.736552,
                                27.617326
                            ],
                            [
                                -82.737312,
                                27.623115
                            ],
                            [
                                -82.73779,
                                27.626758
                            ],
                            [
                                -82.739122,
                                27.636909
                            ],
                            [
                                -82.738022,
                                27.706807
                            ],
                            [
                                -82.740323,
                                27.718206
                            ],
                            [
                                -82.746223,
                                27.731306
                            ],
                            [
                                -82.753723,
                                27.736306
                            ],
                            [
                                -82.760923,
                                27.745205
                            ],
                            [
                                -82.770023,
                                27.767904
                            ],
                            [
                                -82.783124,
                                27.783804
                            ],
                            [
                                -82.790224,
                                27.791603
                            ],
                            [
                                -82.820433,
                                27.813742
                            ],
                            [
                                -82.828561,
                                27.822254
                            ],
                            [
                                -82.846526,
                                27.854301
                            ],
                            [
                                -82.849126,
                                27.8632
                            ],
                            [
                                -82.851126,
                                27.8863
                            ],
                            [
                                -82.847826,
                                27.910199
                            ],
                            [
                                -82.840882,
                                27.937162
                            ],
                            [
                                -82.831388,
                                27.962117
                            ],
                            [
                                -82.824875,
                                27.960201
                            ],
                            [
                                -82.821975,
                                27.956868
                            ],
                            [
                                -82.830819,
                                27.930926
                            ],
                            [
                                -82.838484,
                                27.909111
                            ],
                            [
                                -82.832155,
                                27.909242
                            ],
                            [
                                -82.820715,
                                27.927268
                            ],
                            [
                                -82.808745,
                                27.953112
                            ],
                            [
                                -82.805462,
                                27.960201
                            ],
                            [
                                -82.79782,
                                27.990563
                            ],
                            [
                                -82.792635,
                                28.01116
                            ],
                            [
                                -82.792635,
                                28.032307
                            ],
                            [
                                -82.782724,
                                28.055894
                            ],
                            [
                                -82.783824,
                                28.106292
                            ],
                            [
                                -82.782181,
                                28.120287
                            ],
                            [
                                -82.781324,
                                28.127591
                            ],
                            [
                                -82.786624,
                                28.144991
                            ],
                            [
                                -82.790724,
                                28.15249
                            ],
                            [
                                -82.799024,
                                28.15179
                            ],
                            [
                                -82.808474,
                                28.154803
                            ],
                            [
                                -82.805097,
                                28.172181
                            ],
                            [
                                -82.797762,
                                28.187789
                            ],
                            [
                                -82.762643,
                                28.219013
                            ],
                            [
                                -82.76446,
                                28.220069
                            ],
                            [
                                -82.764103,
                                28.244345
                            ],
                            [
                                -82.759072,
                                28.25402
                            ],
                            [
                                -82.746188,
                                28.261192
                            ],
                            [
                                -82.732792,
                                28.291933
                            ],
                            [
                                -82.735463,
                                28.30039
                            ],
                            [
                                -82.73146,
                                28.325075
                            ],
                            [
                                -82.715822,
                                28.345501
                            ],
                            [
                                -82.706112,
                                28.368057
                            ],
                            [
                                -82.706322,
                                28.401325
                            ],
                            [
                                -82.697433,
                                28.420166
                            ],
                            [
                                -82.684137,
                                28.428019
                            ],
                            [
                                -82.678743,
                                28.433456
                            ],
                            [
                                -82.677839,
                                28.434367
                            ],
                            [
                                -82.674787,
                                28.441956
                            ],
                            [
                                -82.680396,
                                28.457194
                            ],
                            [
                                -82.67241,
                                28.464746
                            ],
                            [
                                -82.665055,
                                28.484434
                            ],
                            [
                                -82.66447,
                                28.488788
                            ],
                            [
                                -82.66639,
                                28.49733
                            ],
                            [
                                -82.670146,
                                28.500769
                            ],
                            [
                                -82.669416,
                                28.519879
                            ],
                            [
                                -82.66804,
                                28.528199
                            ],
                            [
                                -82.663705,
                                28.530193
                            ],
                            [
                                -82.656694,
                                28.544814
                            ],
                            [
                                -82.661729,
                                28.549743
                            ],
                            [
                                -82.66165,
                                28.554143
                            ],
                            [
                                -82.65705,
                                28.568028
                            ],
                            [
                                -82.654138,
                                28.590837
                            ],
                            [
                                -82.664055,
                                28.606584
                            ],
                            [
                                -82.656649,
                                28.623727
                            ],
                            [
                                -82.65851,
                                28.636756
                            ],
                            [
                                -82.654167,
                                28.668395
                            ],
                            [
                                -82.646411,
                                28.694434
                            ],
                            [
                                -82.645482,
                                28.697553
                            ],
                            [
                                -82.652926,
                                28.705618
                            ],
                            [
                                -82.656028,
                                28.712443
                            ],
                            [
                                -82.652926,
                                28.719267
                            ],
                            [
                                -82.656028,
                                28.727952
                            ],
                            [
                                -82.662232,
                                28.737258
                            ],
                            [
                                -82.651065,
                                28.747184
                            ],
                            [
                                -82.645482,
                                28.767037
                            ],
                            [
                                -82.643,
                                28.782546
                            ],
                            [
                                -82.643,
                                28.789991
                            ],
                            [
                                -82.648584,
                                28.796195
                            ],
                            [
                                -82.650445,
                                28.80488
                            ],
                            [
                                -82.652926,
                                28.830936
                            ],
                            [
                                -82.638657,
                                28.843344
                            ],
                            [
                                -82.643,
                                28.860094
                            ],
                            [
                                -82.639898,
                                28.876224
                            ],
                            [
                                -82.644861,
                                28.889252
                            ],
                            [
                                -82.656028,
                                28.899179
                            ],
                            [
                                -82.673399,
                                28.900419
                            ],
                            [
                                -82.688864,
                                28.905609
                            ],
                            [
                                -82.702618,
                                28.932955
                            ],
                            [
                                -82.708793,
                                28.935979
                            ],
                            [
                                -82.723861,
                                28.953506
                            ],
                            [
                                -82.735754,
                                28.973709
                            ],
                            [
                                -82.737872,
                                28.995703
                            ],
                            [
                                -82.758906,
                                28.993277
                            ],
                            [
                                -82.760551,
                                28.993087
                            ],
                            [
                                -82.764055,
                                28.999707
                            ],
                            [
                                -82.759378,
                                29.006619
                            ],
                            [
                                -82.753513,
                                29.026496
                            ],
                            [
                                -82.759704,
                                29.054192
                            ],
                            [
                                -82.783328,
                                29.064619
                            ],
                            [
                                -82.780558,
                                29.07358
                            ],
                            [
                                -82.816925,
                                29.076215
                            ],
                            [
                                -82.823659,
                                29.098902
                            ],
                            [
                                -82.809483,
                                29.10462
                            ],
                            [
                                -82.801166,
                                29.105103
                            ],
                            [
                                -82.799117,
                                29.110647
                            ],
                            [
                                -82.798876,
                                29.114504
                            ],
                            [
                                -82.805703,
                                29.129848
                            ],
                            [
                                -82.804736,
                                29.146624
                            ],
                            [
                                -82.827073,
                                29.158425
                            ],
                            [
                                -82.858179,
                                29.162275
                            ],
                            [
                                -82.887211,
                                29.161741
                            ],
                            [
                                -82.922613,
                                29.169769
                            ],
                            [
                                -82.932405,
                                29.167891
                            ],
                            [
                                -82.945302,
                                29.167821
                            ],
                            [
                                -82.974676,
                                29.17091
                            ],
                            [
                                -82.979522,
                                29.171817
                            ],
                            [
                                -82.987162,
                                29.180094
                            ],
                            [
                                -82.991653,
                                29.180664
                            ],
                            [
                                -82.996144,
                                29.178074
                            ],
                            [
                                -83.018212,
                                29.151417
                            ],
                            [
                                -83.019071,
                                29.141324
                            ],
                            [
                                -83.030453,
                                29.134023
                            ],
                            [
                                -83.053207,
                                29.130839
                            ],
                            [
                                -83.056867,
                                29.146263
                            ],
                            [
                                -83.068249,
                                29.153135
                            ],
                            [
                                -83.060947,
                                29.170959
                            ],
                            [
                                -83.061162,
                                29.176113
                            ],
                            [
                                -83.065242,
                                29.184489
                            ],
                            [
                                -83.078986,
                                29.196944
                            ],
                            [
                                -83.087839,
                                29.21642
                            ],
                            [
                                -83.074734,
                                29.247975
                            ],
                            [
                                -83.077265,
                                29.255331
                            ],
                            [
                                -83.089013,
                                29.266502
                            ],
                            [
                                -83.107477,
                                29.268889
                            ],
                            [
                                -83.125567,
                                29.278845
                            ],
                            [
                                -83.128027,
                                29.282733
                            ],
                            [
                                -83.146445,
                                29.289194
                            ],
                            [
                                -83.149764,
                                29.289768
                            ],
                            [
                                -83.16073,
                                29.286611
                            ],
                            [
                                -83.166091,
                                29.28888
                            ],
                            [
                                -83.169576,
                                29.290355
                            ],
                            [
                                -83.176736,
                                29.31422
                            ],
                            [
                                -83.17826,
                                29.327916
                            ],
                            [
                                -83.176852,
                                29.329269
                            ],
                            [
                                -83.175518,
                                29.34469
                            ],
                            [
                                -83.189581,
                                29.363417
                            ],
                            [
                                -83.200702,
                                29.373855
                            ],
                            [
                                -83.202446,
                                29.394422
                            ],
                            [
                                -83.218075,
                                29.420492
                            ],
                            [
                                -83.240509,
                                29.433178
                            ],
                            [
                                -83.263965,
                                29.435806
                            ],
                            [
                                -83.272019,
                                29.432256
                            ],
                            [
                                -83.294747,
                                29.437923
                            ],
                            [
                                -83.307094,
                                29.459651
                            ],
                            [
                                -83.307828,
                                29.468861
                            ],
                            [
                                -83.311546,
                                29.475666
                            ],
                            [
                                -83.323214,
                                29.476789
                            ],
                            [
                                -83.33113,
                                29.475594
                            ],
                            [
                                -83.350067,
                                29.489358
                            ],
                            [
                                -83.356722,
                                29.499901
                            ],
                            [
                                -83.370288,
                                29.499901
                            ],
                            [
                                -83.379254,
                                29.503558
                            ],
                            [
                                -83.383973,
                                29.512995
                            ],
                            [
                                -83.400252,
                                29.517242
                            ],
                            [
                                -83.401552,
                                29.523291
                            ],
                            [
                                -83.39983,
                                29.533042
                            ],
                            [
                                -83.405256,
                                29.578319
                            ],
                            [
                                -83.405068,
                                29.59557
                            ],
                            [
                                -83.39948,
                                29.612956
                            ],
                            [
                                -83.404081,
                                29.640798
                            ],
                            [
                                -83.412278,
                                29.666922
                            ],
                            [
                                -83.412768,
                                29.668485
                            ],
                            [
                                -83.414701,
                                29.670536
                            ],
                            [
                                -83.436259,
                                29.677389
                            ],
                            [
                                -83.444635,
                                29.677155
                            ],
                            [
                                -83.448194,
                                29.675254
                            ],
                            [
                                -83.455356,
                                29.676444
                            ],
                            [
                                -83.483143,
                                29.690478
                            ],
                            [
                                -83.483567,
                                29.698542
                            ],
                            [
                                -83.493728,
                                29.708388
                            ],
                            [
                                -83.512716,
                                29.71648
                            ],
                            [
                                -83.537645,
                                29.72306
                            ],
                            [
                                -83.547172,
                                29.732223
                            ],
                            [
                                -83.554993,
                                29.7426
                            ],
                            [
                                -83.566018,
                                29.761434
                            ],
                            [
                                -83.578955,
                                29.768378
                            ],
                            [
                                -83.584716,
                                29.77608
                            ],
                            [
                                -83.586089,
                                29.784644
                            ],
                            [
                                -83.583045,
                                29.787307
                            ],
                            [
                                -83.581903,
                                29.792063
                            ],
                            [
                                -83.585899,
                                29.811754
                            ],
                            [
                                -83.595493,
                                29.827984
                            ],
                            [
                                -83.605244,
                                29.836387
                            ],
                            [
                                -83.618568,
                                29.842336
                            ],
                            [
                                -83.63798,
                                29.886073
                            ],
                            [
                                -83.659951,
                                29.899524
                            ],
                            [
                                -83.679219,
                                29.918513
                            ],
                            [
                                -83.686423,
                                29.923735
                            ],
                            [
                                -83.757249,
                                29.957943
                            ],
                            [
                                -83.788729,
                                29.976982
                            ],
                            [
                                -83.82869,
                                29.983187
                            ],
                            [
                                -83.845427,
                                29.998068
                            ],
                            [
                                -83.93151,
                                30.039068
                            ],
                            [
                                -83.933668,
                                30.041152
                            ],
                            [
                                -83.931879,
                                30.044175
                            ],
                            [
                                -83.933432,
                                30.046305
                            ],
                            [
                                -83.95968,
                                30.064943
                            ],
                            [
                                -83.991607,
                                30.08392
                            ],
                            [
                                -84.000716,
                                30.096209
                            ],
                            [
                                -84.024274,
                                30.103271
                            ],
                            [
                                -84.048715,
                                30.103208
                            ],
                            [
                                -84.06299,
                                30.101378
                            ],
                            [
                                -84.076043,
                                30.095464
                            ],
                            [
                                -84.083057,
                                30.092286
                            ],
                            [
                                -84.087034,
                                30.092103
                            ],
                            [
                                -84.094725,
                                30.094964
                            ],
                            [
                                -84.10273,
                                30.093611
                            ],
                            [
                                -84.11384,
                                30.085478
                            ],
                            [
                                -84.124889,
                                30.090601
                            ],
                            [
                                -84.135683,
                                30.083018
                            ],
                            [
                                -84.157278,
                                30.072714
                            ],
                            [
                                -84.167881,
                                30.071422
                            ],
                            [
                                -84.179149,
                                30.073187
                            ],
                            [
                                -84.19853,
                                30.087937
                            ],
                            [
                                -84.201585,
                                30.087982
                            ],
                            [
                                -84.203349,
                                30.085875
                            ],
                            [
                                -84.20801,
                                30.084776
                            ],
                            [
                                -84.237014,
                                30.08556
                            ],
                            [
                                -84.245668,
                                30.093021
                            ],
                            [
                                -84.247491,
                                30.10114
                            ],
                            [
                                -84.256439,
                                30.103791
                            ],
                            [
                                -84.269363,
                                30.09766
                            ],
                            [
                                -84.272511,
                                30.092358
                            ],
                            [
                                -84.274003,
                                30.083079
                            ],
                            [
                                -84.270368,
                                30.075469
                            ],
                            [
                                -84.270792,
                                30.068094
                            ],
                            [
                                -84.277168,
                                30.060263
                            ],
                            [
                                -84.289727,
                                30.057197
                            ],
                            [
                                -84.297836,
                                30.057451
                            ],
                            [
                                -84.315344,
                                30.069492
                            ],
                            [
                                -84.342022,
                                30.063858
                            ],
                            [
                                -84.358923,
                                30.058224
                            ],
                            [
                                -84.365882,
                                30.024588
                            ],
                            [
                                -84.361962,
                                29.987739
                            ],
                            [
                                -84.359986,
                                29.984739
                            ],
                            [
                                -84.3477,
                                29.984123
                            ],
                            [
                                -84.343041,
                                29.9751
                            ],
                            [
                                -84.341261,
                                29.960775
                            ],
                            [
                                -84.339426,
                                29.946007
                            ],
                            [
                                -84.336511,
                                29.942508
                            ],
                            [
                                -84.333746,
                                29.923721
                            ],
                            [
                                -84.335953,
                                29.912962
                            ],
                            [
                                -84.343389,
                                29.899539
                            ],
                            [
                                -84.349066,
                                29.896812
                            ],
                            [
                                -84.378937,
                                29.893112
                            ],
                            [
                                -84.404958,
                                29.901229
                            ],
                            [
                                -84.423834,
                                29.902996
                            ],
                            [
                                -84.434287,
                                29.906328
                            ],
                            [
                                -84.443652,
                                29.913785
                            ],
                            [
                                -84.451705,
                                29.929085
                            ],
                            [
                                -84.470323,
                                29.924524
                            ],
                            [
                                -84.494562,
                                29.913957
                            ],
                            [
                                -84.511996,
                                29.916574
                            ],
                            [
                                -84.535873,
                                29.910092
                            ],
                            [
                                -84.57744,
                                29.887828
                            ],
                            [
                                -84.603303,
                                29.876117
                            ],
                            [
                                -84.613154,
                                29.867984
                            ],
                            [
                                -84.647958,
                                29.847104
                            ],
                            [
                                -84.656318,
                                29.837943
                            ],
                            [
                                -84.65645,
                                29.834277
                            ],
                            [
                                -84.669728,
                                29.82891
                            ],
                            [
                                -84.683934,
                                29.831327
                            ],
                            [
                                -84.692053,
                                29.829059
                            ],
                            [
                                -84.730327,
                                29.8069
                            ],
                            [
                                -84.755595,
                                29.78854
                            ],
                            [
                                -84.762998,
                                29.788846
                            ],
                            [
                                -84.824197,
                                29.758288
                            ],
                            [
                                -84.837168,
                                29.755926
                            ],
                            [
                                -84.868271,
                                29.742454
                            ],
                            [
                                -84.881777,
                                29.733882
                            ],
                            [
                                -84.888031,
                                29.722406
                            ],
                            [
                                -84.892493,
                                29.72266
                            ],
                            [
                                -84.901781,
                                29.735723
                            ],
                            [
                                -84.890066,
                                29.755802
                            ],
                            [
                                -84.877111,
                                29.772888
                            ],
                            [
                                -84.893992,
                                29.785176
                            ],
                            [
                                -84.90413,
                                29.786279
                            ],
                            [
                                -84.91511,
                                29.783303
                            ],
                            [
                                -84.920917,
                                29.772901
                            ],
                            [
                                -84.93837,
                                29.750211
                            ],
                            [
                                -84.946595,
                                29.745032
                            ],
                            [
                                -84.964007,
                                29.742422
                            ],
                            [
                                -84.968841,
                                29.72708
                            ],
                            [
                                -84.977004,
                                29.721209
                            ],
                            [
                                -84.993264,
                                29.714961
                            ],
                            [
                                -85.037212,
                                29.711074
                            ],
                            [
                                -85.072123,
                                29.719027
                            ],
                            [
                                -85.101682,
                                29.718748
                            ],
                            [
                                -85.121473,
                                29.715854
                            ],
                            [
                                -85.153238,
                                29.708231
                            ],
                            [
                                -85.177284,
                                29.700193
                            ],
                            [
                                -85.217355,
                                29.694953
                            ],
                            [
                                -85.22745,
                                29.693633
                            ],
                            [
                                -85.259719,
                                29.681296
                            ],
                            [
                                -85.29074,
                                29.684081
                            ],
                            [
                                -85.319215,
                                29.681494
                            ],
                            [
                                -85.343619,
                                29.672004
                            ],
                            [
                                -85.347711,
                                29.66719
                            ],
                            [
                                -85.344768,
                                29.654793
                            ],
                            [
                                -85.352615,
                                29.659787
                            ],
                            [
                                -85.369419,
                                29.681048
                            ],
                            [
                                -85.380303,
                                29.698485
                            ],
                            [
                                -85.397871,
                                29.740498
                            ],
                            [
                                -85.413983,
                                29.799865
                            ],
                            [
                                -85.417971,
                                29.828855
                            ],
                            [
                                -85.416548,
                                29.842628
                            ],
                            [
                                -85.413575,
                                29.85294
                            ],
                            [
                                -85.405815,
                                29.865817
                            ],
                            [
                                -85.392469,
                                29.870914
                            ],
                            [
                                -85.39874,
                                29.859267
                            ],
                            [
                                -85.405011,
                                29.830151
                            ],
                            [
                                -85.405907,
                                29.80193
                            ],
                            [
                                -85.395528,
                                29.762368
                            ],
                            [
                                -85.37796,
                                29.709621
                            ],
                            [
                                -85.3638,
                                29.693526
                            ],
                            [
                                -85.353885,
                                29.684765
                            ],
                            [
                                -85.344986,
                                29.685015
                            ],
                            [
                                -85.317661,
                                29.691286
                            ],
                            [
                                -85.31139,
                                29.697557
                            ],
                            [
                                -85.301331,
                                29.797117
                            ],
                            [
                                -85.302591,
                                29.808094
                            ],
                            [
                                -85.304877,
                                29.811096
                            ],
                            [
                                -85.31142,
                                29.814373
                            ],
                            [
                                -85.314547,
                                29.822279
                            ],
                            [
                                -85.314783,
                                29.830575
                            ],
                            [
                                -85.312911,
                                29.832273
                            ],
                            [
                                -85.317464,
                                29.838894
                            ],
                            [
                                -85.325008,
                                29.844966
                            ],
                            [
                                -85.332289,
                                29.845905
                            ],
                            [
                                -85.336654,
                                29.849295
                            ],
                            [
                                -85.347044,
                                29.871981
                            ],
                            [
                                -85.363731,
                                29.898915
                            ],
                            [
                                -85.38473,
                                29.920949
                            ],
                            [
                                -85.388677,
                                29.924355
                            ],
                            [
                                -85.405052,
                                29.938487
                            ],
                            [
                                -85.425956,
                                29.949888
                            ],
                            [
                                -85.460488,
                                29.959579
                            ],
                            [
                                -85.469425,
                                29.957788
                            ],
                            [
                                -85.487764,
                                29.961227
                            ],
                            [
                                -85.509148,
                                29.971466
                            ],
                            [
                                -85.541176,
                                29.995791
                            ],
                            [
                                -85.571907,
                                30.02644
                            ],
                            [
                                -85.58139,
                                30.037783
                            ],
                            [
                                -85.588242,
                                30.055543
                            ],
                            [
                                -85.601178,
                                30.056342
                            ],
                            [
                                -85.618254,
                                30.065481
                            ],
                            [
                                -85.637285,
                                30.073319
                            ],
                            [
                                -85.653251,
                                30.077839
                            ],
                            [
                                -85.69681,
                                30.09689
                            ],
                            [
                                -85.730054,
                                30.118153
                            ],
                            [
                                -85.74993,
                                30.136537
                            ],
                            [
                                -85.775405,
                                30.15629
                            ],
                            [
                                -85.811219,
                                30.17832
                            ],
                            [
                                -85.878138,
                                30.215619
                            ],
                            [
                                -85.9226,
                                30.238024
                            ],
                            [
                                -85.996083,
                                30.269148
                            ],
                            [
                                -85.999937,
                                30.27078
                            ],
                            [
                                -86.089963,
                                30.303569
                            ],
                            [
                                -86.222561,
                                30.343585
                            ],
                            [
                                -86.2987,
                                30.363049
                            ],
                            [
                                -86.364175,
                                30.374524
                            ],
                            [
                                -86.397325,
                                30.378553
                            ],
                            [
                                -86.400403,
                                30.378927
                            ],
                            [
                                -86.412076,
                                30.380346
                            ],
                            [
                                -86.429322,
                                30.381389
                            ],
                            [
                                -86.454731,
                                30.382925
                            ],
                            [
                                -86.456197,
                                30.383014
                            ],
                            [
                                -86.457045,
                                30.383065
                            ],
                            [
                                -86.470849,
                                30.3839
                            ],
                            [
                                -86.47399,
                                30.383758
                            ],
                            [
                                -86.50615,
                                30.3823
                            ],
                            [
                                -86.529067,
                                30.386896
                            ],
                            [
                                -86.632953,
                                30.396299
                            ],
                            [
                                -86.750906,
                                30.391881
                            ],
                            [
                                -86.800283,
                                30.386477
                            ],
                            [
                                -86.850625,
                                30.380967
                            ],
                            [
                                -86.909679,
                                30.372423
                            ],
                            [
                                -86.919292,
                                30.370675
                            ],
                            [
                                -87.155392,
                                30.327748
                            ],
                            [
                                -87.206254,
                                30.320943
                            ],
                            [
                                -87.267827,
                                30.31548
                            ],
                            [
                                -87.282787,
                                30.318744
                            ],
                            [
                                -87.295422,
                                30.323503
                            ],
                            [
                                -87.319518,
                                30.317814
                            ],
                            [
                                -87.350486,
                                30.313064
                            ],
                            [
                                -87.419859,
                                30.297128
                            ],
                            [
                                -87.518324,
                                30.280435
                            ],
                            [
                                -87.452378,
                                30.300201
                            ],
                            [
                                -87.450078,
                                30.3111
                            ],
                            [
                                -87.450962,
                                30.346262
                            ],
                            [
                                -87.451378,
                                30.367199
                            ],
                            [
                                -87.440678,
                                30.391498
                            ],
                            [
                                -87.427478,
                                30.408398
                            ],
                            [
                                -87.419177,
                                30.410198
                            ],
                            [
                                -87.430578,
                                30.491096
                            ],
                            [
                                -87.448332,
                                30.513063
                            ],
                            [
                                -87.449841,
                                30.514369
                            ],
                            [
                                -87.449921,
                                30.51469
                            ],
                            [
                                -87.394479,
                                30.625192
                            ],
                            [
                                -87.394219,
                                30.641699
                            ],
                            [
                                -87.396997,
                                30.65364
                            ],
                            [
                                -87.407118,
                                30.671796
                            ],
                            [
                                -87.449362,
                                30.698913
                            ],
                            [
                                -87.481225,
                                30.716508
                            ],
                            [
                                -87.497515,
                                30.720123
                            ],
                            [
                                -87.502926,
                                30.722369
                            ],
                            [
                                -87.532607,
                                30.743489
                            ],
                            [
                                -87.624137,
                                30.845713
                            ],
                            [
                                -87.634938,
                                30.865886
                            ],
                            [
                                -87.622203,
                                30.897508
                            ],
                            [
                                -87.601355,
                                30.936294
                            ],
                            [
                                -87.594111,
                                30.976335
                            ],
                            [
                                -87.598927,
                                30.997454
                            ],
                            [
                                -87.598928,
                                30.997457
                            ],
                            [
                                -87.571281,
                                30.99787
                            ],
                            [
                                -87.548543,
                                30.997927
                            ],
                            [
                                -87.480243,
                                30.998202
                            ],
                            [
                                -87.479703,
                                30.998197
                            ],
                            [
                                -87.478706,
                                30.998213
                            ],
                            [
                                -87.466879,
                                30.998178
                            ],
                            [
                                -87.466827,
                                30.998178
                            ],
                            [
                                -87.461783,
                                30.998201
                            ],
                            [
                                -87.461638,
                                30.998202
                            ],
                            [
                                -87.458658,
                                30.998386
                            ],
                            [
                                -87.455705,
                                30.998318
                            ],
                            [
                                -87.449811,
                                30.998272
                            ],
                            [
                                -87.432292,
                                30.998205
                            ],
                            [
                                -87.425774,
                                30.99809
                            ],
                            [
                                -87.367842,
                                30.998292
                            ],
                            [
                                -87.364011,
                                30.998218
                            ],
                            [
                                -87.355656,
                                30.998244
                            ],
                            [
                                -87.333973,
                                30.998272
                            ],
                            [
                                -87.312183,
                                30.998435
                            ],
                            [
                                -87.30403,
                                30.998191
                            ],
                            [
                                -87.301567,
                                30.998434
                            ],
                            [
                                -87.290995,
                                30.998352
                            ],
                            [
                                -87.288905,
                                30.998345
                            ],
                            [
                                -87.265564,
                                30.998267
                            ],
                            [
                                -87.26054,
                                30.998195
                            ],
                            [
                                -87.259689,
                                30.998172
                            ],
                            [
                                -87.25796,
                                30.998263
                            ],
                            [
                                -87.257002,
                                30.998194
                            ],
                            [
                                -87.255592,
                                30.998216
                            ],
                            [
                                -87.25498,
                                30.998285
                            ],
                            [
                                -87.163084,
                                30.999051
                            ],
                            [
                                -87.162614,
                                30.999055
                            ],
                            [
                                -87.068633,
                                30.999143
                            ],
                            [
                                -87.064063,
                                30.999191
                            ],
                            [
                                -87.053737,
                                30.999131
                            ],
                            [
                                -87.039989,
                                30.999594
                            ],
                            [
                                -87.036366,
                                30.999348
                            ],
                            [
                                -87.027107,
                                30.999255
                            ],
                            [
                                -86.888135,
                                30.997577
                            ],
                            [
                                -86.872989,
                                30.997631
                            ],
                            [
                                -86.831934,
                                30.997378
                            ],
                            [
                                -86.830497,
                                30.997401
                            ],
                            [
                                -86.785918,
                                30.996978
                            ],
                            [
                                -86.785692,
                                30.996977
                            ],
                            [
                                -86.728392,
                                30.996739
                            ],
                            [
                                -86.727293,
                                30.996882
                            ],
                            [
                                -86.725379,
                                30.996872
                            ],
                            [
                                -86.688294,
                                30.995029
                            ],
                            [
                                -86.678383,
                                30.994537
                            ],
                            [
                                -86.664681,
                                30.994534
                            ],
                            [
                                -86.567586,
                                30.995109
                            ],
                            [
                                -86.563436,
                                30.995223
                            ],
                            [
                                -86.519938,
                                30.993245
                            ],
                            [
                                -86.512834,
                                30.9937
                            ],
                            [
                                -86.458319,
                                30.993998
                            ],
                            [
                                -86.454704,
                                30.993791
                            ],
                            [
                                -86.404912,
                                30.994049
                            ],
                            [
                                -86.391937,
                                30.994172
                            ],
                            [
                                -86.388647,
                                30.994181
                            ],
                            [
                                -86.388646,
                                30.994181
                            ],
                            [
                                -86.374545,
                                30.994474
                            ],
                            [
                                -86.36927,
                                30.994477
                            ],
                            [
                                -86.364907,
                                30.994455
                            ],
                            [
                                -86.304596,
                                30.994029
                            ],
                            [
                                -86.289247,
                                30.993798
                            ],
                            [
                                -86.187246,
                                30.993992
                            ],
                            [
                                -86.180232,
                                30.994005
                            ],
                            [
                                -86.175204,
                                30.993798
                            ],
                            [
                                -86.168979,
                                30.993706
                            ],
                            [
                                -86.162886,
                                30.993682
                            ],
                            [
                                -86.056213,
                                30.993133
                            ],
                            [
                                -86.052462,
                                30.993247
                            ],
                            [
                                -86.035039,
                                30.99332
                            ],
                            [
                                -85.498272,
                                30.996928
                            ],
                            [
                                -85.497992,
                                30.996931
                            ],
                            [
                                -85.488298,
                                30.997041
                            ],
                            [
                                -85.154452,
                                31.000835
                            ],
                            [
                                -85.152218,
                                31.000834
                            ],
                            [
                                -85.152085,
                                31.000888
                            ],
                            [
                                -85.145835,
                                31.000695
                            ],
                            [
                                -85.057534,
                                31.000585
                            ],
                            [
                                -85.054802,
                                31.000585
                            ],
                            [
                                -85.052088,
                                31.000585
                            ],
                            [
                                -85.031155,
                                31.000647
                            ],
                            [
                                -85.030107,
                                31.000653
                            ],
                            [
                                -85.027512,
                                31.00067
                            ],
                            [
                                -85.024108,
                                31.000681
                            ],
                            [
                                -85.002368,
                                31.000682
                            ],
                            [
                                -84.998628,
                                30.971386
                            ],
                            [
                                -84.983527,
                                30.935486
                            ],
                            [
                                -84.959626,
                                30.910587
                            ],
                            [
                                -84.941925,
                                30.887988
                            ],
                            [
                                -84.896122,
                                30.750591
                            ],
                            [
                                -84.864693,
                                30.711542
                            ],
                            [
                                -84.863465,
                                30.711487
                            ],
                            [
                                -84.606386,
                                30.699865
                            ],
                            [
                                -84.606249,
                                30.699872
                            ],
                            [
                                -84.53937,
                                30.696775
                            ],
                            [
                                -84.535042,
                                30.696523
                            ],
                            [
                                -84.380719,
                                30.689673
                            ],
                            [
                                -84.282562,
                                30.685316
                            ],
                            [
                                -84.28121,
                                30.685256
                            ],
                            [
                                -84.083753,
                                30.675954
                            ],
                            [
                                -84.057228,
                                30.674705
                            ],
                            [
                                -84.046605,
                                30.6742
                            ],
                            [
                                -84.04181,
                                30.673878
                            ],
                            [
                                -84.039707,
                                30.673819
                            ],
                            [
                                -84.007454,
                                30.6721
                            ],
                            [
                                -84.007391,
                                30.672097
                            ],
                            [
                                -83.880317,
                                30.665807
                            ],
                            [
                                -83.88022,
                                30.665832
                            ],
                            [
                                -83.855216,
                                30.664412
                            ],
                            [
                                -83.820886,
                                30.662612
                            ],
                            [
                                -83.810536,
                                30.66188
                            ],
                            [
                                -83.743729,
                                30.658396
                            ],
                            [
                                -83.676773,
                                30.654905
                            ],
                            [
                                -83.674058,
                                30.654747
                            ],
                            [
                                -83.61172,
                                30.651258
                            ],
                            [
                                -83.611667,
                                30.651255
                            ],
                            [
                                -83.448895,
                                30.64241
                            ],
                            [
                                -83.440021,
                                30.642023
                            ],
                            [
                                -83.429584,
                                30.641496
                            ],
                            [
                                -83.429477,
                                30.641519
                            ],
                            [
                                -83.390062,
                                30.639333
                            ],
                            [
                                -83.37946,
                                30.63868
                            ],
                            [
                                -83.357703,
                                30.637359
                            ],
                            [
                                -83.341011,
                                30.636346
                            ],
                            [
                                -83.340852,
                                30.636336
                            ],
                            [
                                -83.311647,
                                30.634577
                            ],
                            [
                                -83.309455,
                                30.634417
                            ]
                        ]
                    ],
                    [
                        [
                            [
                                -80.250581,
                                25.34193
                            ],
                            [
                                -80.254916,
                                25.336336
                            ],
                            [
                                -80.260137,
                                25.324641
                            ],
                            [
                                -80.268138,
                                25.320675
                            ],
                            [
                                -80.288184,
                                25.282835
                            ],
                            [
                                -80.307584,
                                25.257561
                            ],
                            [
                                -80.351399,
                                25.190615
                            ],
                            [
                                -80.354019,
                                25.184306
                            ],
                            [
                                -80.349855,
                                25.168825
                            ],
                            [
                                -80.35857,
                                25.154073
                            ],
                            [
                                -80.377084,
                                25.130487
                            ],
                            [
                                -80.399767,
                                25.108536
                            ],
                            [
                                -80.428318,
                                25.095547
                            ],
                            [
                                -80.431032,
                                25.08925
                            ],
                            [
                                -80.443375,
                                25.076084
                            ],
                            [
                                -80.462011,
                                25.069935
                            ],
                            [
                                -80.47387,
                                25.060253
                            ],
                            [
                                -80.493881,
                                25.038502
                            ],
                            [
                                -80.48912,
                                25.031301
                            ],
                            [
                                -80.494781,
                                25.023019
                            ],
                            [
                                -80.537995,
                                24.990244
                            ],
                            [
                                -80.565831,
                                24.958155
                            ],
                            [
                                -80.571668,
                                24.953659
                            ],
                            [
                                -80.588272,
                                24.951153
                            ],
                            [
                                -80.596073,
                                24.948173
                            ],
                            [
                                -80.611693,
                                24.93842
                            ],
                            [
                                -80.635571,
                                24.913003
                            ],
                            [
                                -80.659395,
                                24.897433
                            ],
                            [
                                -80.66128,
                                24.899704
                            ],
                            [
                                -80.660198,
                                24.90498
                            ],
                            [
                                -80.650765,
                                24.908121
                            ],
                            [
                                -80.641306,
                                24.914311
                            ],
                            [
                                -80.623866,
                                24.931236
                            ],
                            [
                                -80.622896,
                                24.935587
                            ],
                            [
                                -80.624172,
                                24.939058
                            ],
                            [
                                -80.621658,
                                24.944265
                            ],
                            [
                                -80.597074,
                                24.958492
                            ],
                            [
                                -80.581131,
                                24.964738
                            ],
                            [
                                -80.578185,
                                24.962811
                            ],
                            [
                                -80.570813,
                                24.962215
                            ],
                            [
                                -80.558785,
                                24.971505
                            ],
                            [
                                -80.54411,
                                24.999916
                            ],
                            [
                                -80.543254,
                                25.007337
                            ],
                            [
                                -80.545971,
                                25.01477
                            ],
                            [
                                -80.524498,
                                25.016945
                            ],
                            [
                                -80.509136,
                                25.028317
                            ],
                            [
                                -80.501326,
                                25.041436
                            ],
                            [
                                -80.495569,
                                25.047497
                            ],
                            [
                                -80.4889,
                                25.05011
                            ],
                            [
                                -80.481197,
                                25.056604
                            ],
                            [
                                -80.460652,
                                25.078904
                            ],
                            [
                                -80.465496,
                                25.086609
                            ],
                            [
                                -80.470211,
                                25.089438
                            ],
                            [
                                -80.481763,
                                25.091905
                            ],
                            [
                                -80.494715,
                                25.102269
                            ],
                            [
                                -80.484188,
                                25.10943
                            ],
                            [
                                -80.47748,
                                25.107407
                            ],
                            [
                                -80.476174,
                                25.099454
                            ],
                            [
                                -80.463987,
                                25.09321
                            ],
                            [
                                -80.450399,
                                25.088751
                            ],
                            [
                                -80.444887,
                                25.092966
                            ],
                            [
                                -80.433575,
                                25.106317
                            ],
                            [
                                -80.433499,
                                25.114665
                            ],
                            [
                                -80.447659,
                                25.147729
                            ],
                            [
                                -80.446473,
                                25.151287
                            ],
                            [
                                -80.41326,
                                25.137053
                            ],
                            [
                                -80.403177,
                                25.141798
                            ],
                            [
                                -80.395467,
                                25.150694
                            ],
                            [
                                -80.387164,
                                25.170859
                            ],
                            [
                                -80.38835,
                                25.182721
                            ],
                            [
                                -80.391909,
                                25.19221
                            ],
                            [
                                -80.387164,
                                25.198141
                            ],
                            [
                                -80.369965,
                                25.206444
                            ],
                            [
                                -80.358696,
                                25.207037
                            ],
                            [
                                -80.3498,
                                25.210595
                            ],
                            [
                                -80.337345,
                                25.231353
                            ],
                            [
                                -80.333787,
                                25.253891
                            ],
                            [
                                -80.336159,
                                25.261601
                            ],
                            [
                                -80.342683,
                                25.268125
                            ],
                            [
                                -80.368186,
                                25.282359
                            ],
                            [
                                -80.364034,
                                25.28651
                            ],
                            [
                                -80.339421,
                                25.290069
                            ],
                            [
                                -80.334676,
                                25.285917
                            ],
                            [
                                -80.328746,
                                25.28651
                            ],
                            [
                                -80.315698,
                                25.29422
                            ],
                            [
                                -80.292567,
                                25.314385
                            ],
                            [
                                -80.289602,
                                25.325061
                            ],
                            [
                                -80.275961,
                                25.344039
                            ],
                            [
                                -80.264614,
                                25.354322
                            ],
                            [
                                -80.256982,
                                25.361239
                            ],
                            [
                                -80.25461,
                                25.38081
                            ],
                            [
                                -80.251052,
                                25.391486
                            ],
                            [
                                -80.246307,
                                25.398603
                            ],
                            [
                                -80.226142,
                                25.406313
                            ],
                            [
                                -80.219025,
                                25.411058
                            ],
                            [
                                -80.21428,
                                25.416988
                            ],
                            [
                                -80.20657,
                                25.434188
                            ],
                            [
                                -80.199453,
                                25.458504
                            ],
                            [
                                -80.192336,
                                25.473331
                            ],
                            [
                                -80.189964,
                                25.485786
                            ],
                            [
                                -80.191743,
                                25.495275
                            ],
                            [
                                -80.188778,
                                25.50773
                            ],
                            [
                                -80.179288,
                                25.518999
                            ],
                            [
                                -80.174544,
                                25.518406
                            ],
                            [
                                -80.173951,
                                25.482821
                            ],
                            [
                                -80.184033,
                                25.468587
                            ],
                            [
                                -80.204198,
                                25.412244
                            ],
                            [
                                -80.221991,
                                25.397417
                            ],
                            [
                                -80.238004,
                                25.361832
                            ],
                            [
                                -80.240376,
                                25.347005
                            ],
                            [
                                -80.249865,
                                25.342853
                            ],
                            [
                                -80.250581,
                                25.34193
                            ]
                        ]
                    ],
                    [
                        [
                            [
                                -81.582923,
                                24.658732
                            ],
                            [
                                -81.580534,
                                24.66914
                            ],
                            [
                                -81.562917,
                                24.692912
                            ],
                            [
                                -81.55761,
                                24.692488
                            ],
                            [
                                -81.542116,
                                24.681026
                            ],
                            [
                                -81.535323,
                                24.67954
                            ],
                            [
                                -81.51898,
                                24.687818
                            ],
                            [
                                -81.516433,
                                24.700341
                            ],
                            [
                                -81.5124,
                                24.703737
                            ],
                            [
                                -81.490962,
                                24.710105
                            ],
                            [
                                -81.476642,
                                24.711244
                            ],
                            [
                                -81.474186,
                                24.706332
                            ],
                            [
                                -81.469275,
                                24.704286
                            ],
                            [
                                -81.459043,
                                24.707355
                            ],
                            [
                                -81.454132,
                                24.710834
                            ],
                            [
                                -81.451881,
                                24.714518
                            ],
                            [
                                -81.4527,
                                24.736209
                            ],
                            [
                                -81.456588,
                                24.740097
                            ],
                            [
                                -81.451267,
                                24.747464
                            ],
                            [
                                -81.440831,
                                24.73539
                            ],
                            [
                                -81.43858,
                                24.727
                            ],
                            [
                                -81.435715,
                                24.723931
                            ],
                            [
                                -81.432032,
                                24.722908
                            ],
                            [
                                -81.423028,
                                24.731911
                            ],
                            [
                                -81.421595,
                                24.737641
                            ],
                            [
                                -81.427121,
                                24.745827
                            ],
                            [
                                -81.430599,
                                24.747259
                            ],
                            [
                                -81.431009,
                                24.751761
                            ],
                            [
                                -81.425483,
                                24.752989
                            ],
                            [
                                -81.402769,
                                24.749101
                            ],
                            [
                                -81.392947,
                                24.743371
                            ],
                            [
                                -81.390287,
                                24.73846
                            ],
                            [
                                -81.389468,
                                24.731298
                            ],
                            [
                                -81.38558,
                                24.726182
                            ],
                            [
                                -81.36041,
                                24.708788
                            ],
                            [
                                -81.345881,
                                24.70756
                            ],
                            [
                                -81.319282,
                                24.701238
                            ],
                            [
                                -81.314787,
                                24.691764
                            ],
                            [
                                -81.313933,
                                24.680707
                            ],
                            [
                                -81.309664,
                                24.665017
                            ],
                            [
                                -81.298028,
                                24.656774
                            ],
                            [
                                -81.298369,
                                24.654326
                            ],
                            [
                                -81.303113,
                                24.651665
                            ],
                            [
                                -81.332831,
                                24.639528
                            ],
                            [
                                -81.395096,
                                24.621062
                            ],
                            [
                                -81.401946,
                                24.623564
                            ],
                            [
                                -81.403319,
                                24.640294
                            ],
                            [
                                -81.414187,
                                24.647167
                            ],
                            [
                                -81.432315,
                                24.645949
                            ],
                            [
                                -81.448623,
                                24.640172
                            ],
                            [
                                -81.470411,
                                24.641985
                            ],
                            [
                                -81.480951,
                                24.645121
                            ],
                            [
                                -81.48183,
                                24.647369
                            ],
                            [
                                -81.477915,
                                24.649893
                            ],
                            [
                                -81.47641,
                                24.653197
                            ],
                            [
                                -81.480504,
                                24.659757
                            ],
                            [
                                -81.49858,
                                24.66498
                            ],
                            [
                                -81.502992,
                                24.660877
                            ],
                            [
                                -81.505585,
                                24.654609
                            ],
                            [
                                -81.50874,
                                24.64421
                            ],
                            [
                                -81.509028,
                                24.631516
                            ],
                            [
                                -81.511165,
                                24.625135
                            ],
                            [
                                -81.518595,
                                24.620304
                            ],
                            [
                                -81.54645,
                                24.614895
                            ],
                            [
                                -81.602998,
                                24.586444
                            ],
                            [
                                -81.664209,
                                24.573143
                            ],
                            [
                                -81.674694,
                                24.564359
                            ],
                            [
                                -81.685278,
                                24.558739
                            ],
                            [
                                -81.691575,
                                24.559886
                            ],
                            [
                                -81.732511,
                                24.556423
                            ],
                            [
                                -81.765993,
                                24.552103
                            ],
                            [
                                -81.786157,
                                24.54658
                            ],
                            [
                                -81.810333,
                                24.544701
                            ],
                            [
                                -81.81289,
                                24.546468
                            ],
                            [
                                -81.814446,
                                24.56358
                            ],
                            [
                                -81.811386,
                                24.56975
                            ],
                            [
                                -81.800676,
                                24.570989
                            ],
                            [
                                -81.794057,
                                24.586
                            ],
                            [
                                -81.773808,
                                24.584977
                            ],
                            [
                                -81.748071,
                                24.590199
                            ],
                            [
                                -81.739241,
                                24.589973
                            ],
                            [
                                -81.734573,
                                24.584148
                            ],
                            [
                                -81.730473,
                                24.58196
                            ],
                            [
                                -81.715944,
                                24.587956
                            ],
                            [
                                -81.71548,
                                24.592498
                            ],
                            [
                                -81.705364,
                                24.597647
                            ],
                            [
                                -81.699349,
                                24.597647
                            ],
                            [
                                -81.694235,
                                24.591932
                            ],
                            [
                                -81.687017,
                                24.592534
                            ],
                            [
                                -81.678595,
                                24.597647
                            ],
                            [
                                -81.66897,
                                24.607873
                            ],
                            [
                                -81.655735,
                                24.616295
                            ],
                            [
                                -81.637087,
                                24.621408
                            ],
                            [
                                -81.614829,
                                24.642764
                            ],
                            [
                                -81.614529,
                                24.650584
                            ],
                            [
                                -81.597685,
                                24.655397
                            ],
                            [
                                -81.587759,
                                24.655998
                            ],
                            [
                                -81.582923,
                                24.658732
                            ]
                        ]
                    ],
                    [
                        [
                            [
                                -82.15068,
                                24.576331
                            ],
                            [
                                -82.143075,
                                24.593395
                            ],
                            [
                                -82.135423,
                                24.596879
                            ],
                            [
                                -82.125268,
                                24.597426
                            ],
                            [
                                -82.104187,
                                24.588256
                            ],
                            [
                                -82.101051,
                                24.584679
                            ],
                            [
                                -82.099417,
                                24.572522
                            ],
                            [
                                -82.104429,
                                24.561167
                            ],
                            [
                                -82.116787,
                                24.549144
                            ],
                            [
                                -82.159439,
                                24.548212
                            ],
                            [
                                -82.165206,
                                24.552159
                            ],
                            [
                                -82.164426,
                                24.563375
                            ],
                            [
                                -82.15068,
                                24.576331
                            ]
                        ]
                    ],
                    [
                        [
                            [
                                -81.249799,
                                24.673357
                            ],
                            [
                                -81.246095,
                                24.675832
                            ],
                            [
                                -81.243232,
                                24.673998
                            ],
                            [
                                -81.244761,
                                24.669202
                            ],
                            [
                                -81.281778,
                                24.65375
                            ],
                            [
                                -81.278312,
                                24.660448
                            ],
                            [
                                -81.260006,
                                24.674848
                            ],
                            [
                                -81.249799,
                                24.673357
                            ]
                        ]
                    ],
                    [
                        [
                            [
                                -80.909954,
                                24.781154
                            ],
                            [
                                -80.906288,
                                24.769867
                            ],
                            [
                                -80.912042,
                                24.76505
                            ],
                            [
                                -80.938543,
                                24.767535
                            ],
                            [
                                -81.015933,
                                24.719881
                            ],
                            [
                                -81.023794,
                                24.716901
                            ],
                            [
                                -81.028616,
                                24.720618
                            ],
                            [
                                -81.032447,
                                24.727323
                            ],
                            [
                                -81.03429,
                                24.727341
                            ],
                            [
                                -81.064554,
                                24.715453
                            ],
                            [
                                -81.071034,
                                24.711722
                            ],
                            [
                                -81.075855,
                                24.704266
                            ],
                            [
                                -81.078716,
                                24.696557
                            ],
                            [
                                -81.078439,
                                24.692382
                            ],
                            [
                                -81.108041,
                                24.688592
                            ],
                            [
                                -81.124094,
                                24.704873
                            ],
                            [
                                -81.125371,
                                24.708291
                            ],
                            [
                                -81.107355,
                                24.71276
                            ],
                            [
                                -81.105287,
                                24.71128
                            ],
                            [
                                -81.099135,
                                24.711993
                            ],
                            [
                                -81.066816,
                                24.723926
                            ],
                            [
                                -81.05057,
                                24.737581
                            ],
                            [
                                -81.041797,
                                24.742965
                            ],
                            [
                                -81.036698,
                                24.742827
                            ],
                            [
                                -81.035192,
                                24.739982
                            ],
                            [
                                -81.02217,
                                24.733091
                            ],
                            [
                                -81.016918,
                                24.734676
                            ],
                            [
                                -80.994426,
                                24.743991
                            ],
                            [
                                -80.986454,
                                24.752749
                            ],
                            [
                                -80.960129,
                                24.764226
                            ],
                            [
                                -80.910431,
                                24.782324
                            ],
                            [
                                -80.909954,
                                24.781154
                            ]
                        ]
                    ],
                    [
                        [
                            [
                                -81.317673,
                                24.75729
                            ],
                            [
                                -81.305468,
                                24.756612
                            ],
                            [
                                -81.290801,
                                24.736862
                            ],
                            [
                                -81.288259,
                                24.720881
                            ],
                            [
                                -81.302984,
                                24.714199
                            ],
                            [
                                -81.310744,
                                24.727068
                            ],
                            [
                                -81.318505,
                                24.729477
                            ],
                            [
                                -81.326844,
                                24.728375
                            ],
                            [
                                -81.350162,
                                24.746524
                            ],
                            [
                                -81.357417,
                                24.756834
                            ],
                            [
                                -81.342695,
                                24.75625
                            ],
                            [
                                -81.327555,
                                24.762315
                            ],
                            [
                                -81.324637,
                                24.76721
                            ],
                            [
                                -81.317673,
                                24.75729
                            ]
                        ]
                    ],
                    [
                        [
                            [
                                -80.89054,
                                24.791678
                            ],
                            [
                                -80.884572,
                                24.791561
                            ],
                            [
                                -80.88402,
                                24.790414
                            ],
                            [
                                -80.892649,
                                24.785991
                            ],
                            [
                                -80.906874,
                                24.783744
                            ],
                            [
                                -80.89054,
                                24.791678
                            ]
                        ]
                    ],
                    [
                        [
                            [
                                -80.788263,
                                24.824218
                            ],
                            [
                                -80.790497,
                                24.817789
                            ],
                            [
                                -80.796053,
                                24.81194
                            ],
                            [
                                -80.822342,
                                24.812629
                            ],
                            [
                                -80.846191,
                                24.802968
                            ],
                            [
                                -80.850338,
                                24.8026
                            ],
                            [
                                -80.850866,
                                24.803701
                            ],
                            [
                                -80.846142,
                                24.807488
                            ],
                            [
                                -80.830158,
                                24.81428
                            ],
                            [
                                -80.814551,
                                24.827953
                            ],
                            [
                                -80.79278,
                                24.843918
                            ],
                            [
                                -80.780564,
                                24.84052
                            ],
                            [
                                -80.788263,
                                24.824218
                            ]
                        ]
                    ],
                    [
                        [
                            [
                                -80.729275,
                                24.865361
                            ],
                            [
                                -80.719977,
                                24.864644
                            ],
                            [
                                -80.703028,
                                24.880873
                            ],
                            [
                                -80.691762,
                                24.885759
                            ],
                            [
                                -80.690354,
                                24.881539
                            ],
                            [
                                -80.703176,
                                24.869495
                            ],
                            [
                                -80.71185,
                                24.863323
                            ],
                            [
                                -80.761359,
                                24.836225
                            ],
                            [
                                -80.766966,
                                24.836158
                            ],
                            [
                                -80.745468,
                                24.850652
                            ],
                            [
                                -80.740611,
                                24.857421
                            ],
                            [
                                -80.732343,
                                24.86481
                            ],
                            [
                                -80.729275,
                                24.865361
                            ]
                        ]
                    ],
                    [
                        [
                            [
                                -82.255777,
                                26.703437
                            ],
                            [
                                -82.255159,
                                26.70816
                            ],
                            [
                                -82.246535,
                                26.706435
                            ],
                            [
                                -82.24251,
                                26.694361
                            ],
                            [
                                -82.24596,
                                26.688612
                            ],
                            [
                                -82.246535,
                                26.683437
                            ],
                            [
                                -82.23744,
                                26.661976
                            ],
                            [
                                -82.218342,
                                26.626407
                            ],
                            [
                                -82.214337,
                                26.602944
                            ],
                            [
                                -82.196514,
                                26.559823
                            ],
                            [
                                -82.187315,
                                26.527626
                            ],
                            [
                                -82.177541,
                                26.502328
                            ],
                            [
                                -82.166042,
                                26.489679
                            ],
                            [
                                -82.149368,
                                26.477605
                            ],
                            [
                                -82.131545,
                                26.47703
                            ],
                            [
                                -82.120046,
                                26.473581
                            ],
                            [
                                -82.088423,
                                26.455182
                            ],
                            [
                                -82.076924,
                                26.466106
                            ],
                            [
                                -82.062551,
                                26.470131
                            ],
                            [
                                -82.038403,
                                26.456907
                            ],
                            [
                                -82.015607,
                                26.454858
                            ],
                            [
                                -82.013713,
                                26.454258
                            ],
                            [
                                -82.013913,
                                26.452058
                            ],
                            [
                                -82.063114,
                                26.425459
                            ],
                            [
                                -82.075015,
                                26.422059
                            ],
                            [
                                -82.082915,
                                26.422059
                            ],
                            [
                                -82.098115,
                                26.424959
                            ],
                            [
                                -82.126671,
                                26.436279
                            ],
                            [
                                -82.148716,
                                26.455458
                            ],
                            [
                                -82.172917,
                                26.467658
                            ],
                            [
                                -82.177017,
                                26.471558
                            ],
                            [
                                -82.180717,
                                26.476257
                            ],
                            [
                                -82.186441,
                                26.489221
                            ],
                            [
                                -82.201402,
                                26.55631
                            ],
                            [
                                -82.205523,
                                26.566536
                            ],
                            [
                                -82.222131,
                                26.590402
                            ],
                            [
                                -82.238872,
                                26.636433
                            ],
                            [
                                -82.248659,
                                26.654337
                            ],
                            [
                                -82.263008,
                                26.673388
                            ],
                            [
                                -82.268007,
                                26.682791
                            ],
                            [
                                -82.264351,
                                26.698496
                            ],
                            [
                                -82.255777,
                                26.703437
                            ]
                        ]
                    ],
                    [
                        [
                            [
                                -84.777208,
                                29.707398
                            ],
                            [
                                -84.729836,
                                29.738881
                            ],
                            [
                                -84.716994,
                                29.749066
                            ],
                            [
                                -84.696726,
                                29.76993
                            ],
                            [
                                -84.694125,
                                29.764593
                            ],
                            [
                                -84.694939,
                                29.761844
                            ],
                            [
                                -84.713747,
                                29.74139
                            ],
                            [
                                -84.765117,
                                29.699724
                            ],
                            [
                                -84.776954,
                                29.692191
                            ],
                            [
                                -84.799129,
                                29.681565
                            ],
                            [
                                -84.853829,
                                29.66472
                            ],
                            [
                                -84.884632,
                                29.652248
                            ],
                            [
                                -84.957779,
                                29.612635
                            ],
                            [
                                -85.036219,
                                29.588919
                            ],
                            [
                                -85.051033,
                                29.586928
                            ],
                            [
                                -85.054624,
                                29.592084
                            ],
                            [
                                -85.069453,
                                29.605282
                            ],
                            [
                                -85.09519,
                                29.62249
                            ],
                            [
                                -85.097082,
                                29.625215
                            ],
                            [
                                -85.094882,
                                29.627757
                            ],
                            [
                                -85.06653,
                                29.609952
                            ],
                            [
                                -85.038497,
                                29.599552
                            ],
                            [
                                -85.023501,
                                29.597073
                            ],
                            [
                                -85.017205,
                                29.604379
                            ],
                            [
                                -84.987775,
                                29.610307
                            ],
                            [
                                -84.968314,
                                29.617238
                            ],
                            [
                                -84.932592,
                                29.637232
                            ],
                            [
                                -84.925842,
                                29.644949
                            ],
                            [
                                -84.920333,
                                29.648638
                            ],
                            [
                                -84.895885,
                                29.657444
                            ],
                            [
                                -84.862099,
                                29.672572
                            ],
                            [
                                -84.813352,
                                29.687028
                            ],
                            [
                                -84.79816,
                                29.699321
                            ],
                            [
                                -84.777208,
                                29.707398
                            ]
                        ]
                    ],
                    [
                        [
                            [
                                -85.156415,
                                29.679628
                            ],
                            [
                                -85.137397,
                                29.684348
                            ],
                            [
                                -85.134639,
                                29.686569
                            ],
                            [
                                -85.114268,
                                29.688658
                            ],
                            [
                                -85.093902,
                                29.684838
                            ],
                            [
                                -85.083719,
                                29.679019
                            ],
                            [
                                -85.077237,
                                29.670862
                            ],
                            [
                                -85.091399,
                                29.648634
                            ],
                            [
                                -85.097218,
                                29.633004
                            ],
                            [
                                -85.124913,
                                29.628433
                            ],
                            [
                                -85.142746,
                                29.635404
                            ],
                            [
                                -85.16252,
                                29.650282
                            ],
                            [
                                -85.18453,
                                29.663987
                            ],
                            [
                                -85.204314,
                                29.672695
                            ],
                            [
                                -85.222546,
                                29.678039
                            ],
                            [
                                -85.220324,
                                29.680138
                            ],
                            [
                                -85.208981,
                                29.681775
                            ],
                            [
                                -85.184776,
                                29.68271
                            ],
                            [
                                -85.168625,
                                29.682409
                            ],
                            [
                                -85.156415,
                                29.679628
                            ]
                        ]
                    ],
                    [
                        [
                            [
                                -82.821585,
                                27.964443
                            ],
                            [
                                -82.829801,
                                27.968469
                            ],
                            [
                                -82.828625,
                                28.019795
                            ],
                            [
                                -82.823025,
                                28.030695
                            ],
                            [
                                -82.823063,
                                28.044758
                            ],
                            [
                                -82.826282,
                                28.05345
                            ],
                            [
                                -82.831825,
                                28.062893
                            ],
                            [
                                -82.836326,
                                28.073193
                            ],
                            [
                                -82.833225,
                                28.082193
                            ],
                            [
                                -82.830525,
                                28.085293
                            ],
                            [
                                -82.826125,
                                28.083793
                            ],
                            [
                                -82.823063,
                                28.068258
                            ],
                            [
                                -82.818288,
                                28.057613
                            ],
                            [
                                -82.813435,
                                28.03716
                            ],
                            [
                                -82.815168,
                                28.012547
                            ],
                            [
                                -82.821408,
                                28.008387
                            ],
                            [
                                -82.821755,
                                28.002494
                            ],
                            [
                                -82.817248,
                                27.992094
                            ],
                            [
                                -82.815168,
                                27.973721
                            ],
                            [
                                -82.821585,
                                27.964443
                            ]
                        ]
                    ]

                ]
            },
            "properties": {
                "name": "Florida",
                "abbr": "FL"
            }
        },
        {
            "type": "Feature",
            "geometry": {
                "type": "MultiPolygon",
                "coordinates": [
                    [
                        [
                            [
                                -76.491497,
                                36.550365
                            ],
                            [
                                -76.313215,
                                36.550551
                            ],
                            [
                                -76.313196,
                                36.550551
                            ],
                            [
                                -76.12236,
                                36.550621
                            ],
                            [
                                -76.034751,
                                36.550653
                            ],
                            [
                                -76.02675,
                                36.550553
                            ],
                            [
                                -75.957648,
                                36.550553
                            ],
                            [
                                -75.955748,
                                36.550553
                            ],
                            [
                                -75.953447,
                                36.550553
                            ],
                            [
                                -75.952847,
                                36.550553
                            ],
                            [
                                -75.922046,
                                36.550654
                            ],
                            [
                                -75.911446,
                                36.550654
                            ],
                            [
                                -75.909046,
                                36.550654
                            ],
                            [
                                -75.904745,
                                36.550654
                            ],
                            [
                                -75.903445,
                                36.550654
                            ],
                            [
                                -75.894145,
                                36.550754
                            ],
                            [
                                -75.893245,
                                36.550654
                            ],
                            [
                                -75.891945,
                                36.550754
                            ],
                            [
                                -75.886545,
                                36.550754
                            ],
                            [
                                -75.885945,
                                36.550754
                            ],
                            [
                                -75.880644,
                                36.550754
                            ],
                            [
                                -75.879744,
                                36.550754
                            ],
                            [
                                -75.867044,
                                36.550754
                            ],
                            [
                                -75.856901,
                                36.500155
                            ],
                            [
                                -75.834975,
                                36.42265
                            ],
                            [
                                -75.818735,
                                36.357579
                            ],
                            [
                                -75.79641,
                                36.290351
                            ],
                            [
                                -75.773329,
                                36.231529
                            ],
                            [
                                -75.77251,
                                36.22944
                            ],
                            [
                                -75.759637,
                                36.204705
                            ],
                            [
                                -75.738431,
                                36.154282
                            ],
                            [
                                -75.71831,
                                36.113674
                            ],
                            [
                                -75.696742,
                                36.077497
                            ],
                            [
                                -75.658537,
                                36.02043
                            ],
                            [
                                -75.569794,
                                35.863301
                            ],
                            [
                                -75.552299,
                                35.822173
                            ],
                            [
                                -75.538739,
                                35.797396
                            ],
                            [
                                -75.533012,
                                35.787377
                            ],
                            [
                                -75.536428,
                                35.780118
                            ],
                            [
                                -75.543259,
                                35.779691
                            ],
                            [
                                -75.546675,
                                35.787377
                            ],
                            [
                                -75.553934,
                                35.799332
                            ],
                            [
                                -75.566238,
                                35.813072
                            ],
                            [
                                -75.573083,
                                35.828867
                            ],
                            [
                                -75.588878,
                                35.844926
                            ],
                            [
                                -75.60125,
                                35.867302
                            ],
                            [
                                -75.619151,
                                35.889415
                            ],
                            [
                                -75.617045,
                                35.906
                            ],
                            [
                                -75.617552,
                                35.914186
                            ],
                            [
                                -75.620114,
                                35.925288
                            ],
                            [
                                -75.631215,
                                35.941512
                            ],
                            [
                                -75.648899,
                                35.965758
                            ],
                            [
                                -75.668379,
                                35.978394
                            ],
                            [
                                -75.671801,
                                35.985238
                            ],
                            [
                                -75.678909,
                                35.993925
                            ],
                            [
                                -75.723662,
                                36.003139
                            ],
                            [
                                -75.727084,
                                36.01051
                            ],
                            [
                                -75.726558,
                                36.02104
                            ],
                            [
                                -75.722082,
                                36.03236
                            ],
                            [
                                -75.722609,
                                36.037362
                            ],
                            [
                                -75.726821,
                                36.040521
                            ],
                            [
                                -75.737088,
                                36.040784
                            ],
                            [
                                -75.74051,
                                36.046839
                            ],
                            [
                                -75.741563,
                                36.055526
                            ],
                            [
                                -75.739457,
                                36.066846
                            ],
                            [
                                -75.73972,
                                36.07527
                            ],
                            [
                                -75.75025,
                                36.121076
                            ],
                            [
                                -75.750479,
                                36.131208
                            ],
                            [
                                -75.752226,
                                36.140817
                            ],
                            [
                                -75.75572,
                                36.153922
                            ],
                            [
                                -75.775814,
                                36.201097
                            ],
                            [
                                -75.783676,
                                36.215949
                            ],
                            [
                                -75.793286,
                                36.226432
                            ],
                            [
                                -75.794371,
                                36.227336
                            ],
                            [
                                -75.798528,
                                36.2308
                            ],
                            [
                                -75.80369,
                                36.235853
                            ],
                            [
                                -75.811588,
                                36.244014
                            ],
                            [
                                -75.811851,
                                36.247699
                            ],
                            [
                                -75.808165,
                                36.259545
                            ],
                            [
                                -75.814483,
                                36.285344
                            ],
                            [
                                -75.822907,
                                36.291662
                            ],
                            [
                                -75.833964,
                                36.292188
                            ],
                            [
                                -75.837913,
                                36.294558
                            ],
                            [
                                -75.845284,
                                36.305614
                            ],
                            [
                                -75.841335,
                                36.328517
                            ],
                            [
                                -75.831858,
                                36.339047
                            ],
                            [
                                -75.831595,
                                36.346418
                            ],
                            [
                                -75.836201,
                                36.363135
                            ],
                            [
                                -75.843046,
                                36.371032
                            ],
                            [
                                -75.847258,
                                36.372085
                            ],
                            [
                                -75.85147,
                                36.379456
                            ],
                            [
                                -75.852523,
                                36.384721
                            ],
                            [
                                -75.85147,
                                36.415785
                            ],
                            [
                                -75.864106,
                                36.430527
                            ],
                            [
                                -75.880428,
                                36.435792
                            ],
                            [
                                -75.888325,
                                36.441583
                            ],
                            [
                                -75.891484,
                                36.460537
                            ],
                            [
                                -75.899908,
                                36.482124
                            ],
                            [
                                -75.907279,
                                36.485809
                            ],
                            [
                                -75.913071,
                                36.486336
                            ],
                            [
                                -75.917283,
                                36.485809
                            ],
                            [
                                -75.924127,
                                36.482124
                            ],
                            [
                                -75.927333,
                                36.482815
                            ],
                            [
                                -75.935473,
                                36.490601
                            ],
                            [
                                -75.960069,
                                36.495025
                            ],
                            [
                                -75.972545,
                                36.494671
                            ],
                            [
                                -76.003708,
                                36.506235
                            ],
                            [
                                -76.019261,
                                36.503506
                            ],
                            [
                                -76.023627,
                                36.500778
                            ],
                            [
                                -76.029221,
                                36.494365
                            ],
                            [
                                -76.031949,
                                36.482496
                            ],
                            [
                                -76.020216,
                                36.45862
                            ],
                            [
                                -76.012337,
                                36.447462
                            ],
                            [
                                -76.003912,
                                36.441864
                            ],
                            [
                                -75.989869,
                                36.436808
                            ],
                            [
                                -75.98005,
                                36.435464
                            ],
                            [
                                -75.962285,
                                36.41724
                            ],
                            [
                                -75.940676,
                                36.41885
                            ],
                            [
                                -75.936446,
                                36.423079
                            ],
                            [
                                -75.932694,
                                36.427627
                            ],
                            [
                                -75.928369,
                                36.428588
                            ],
                            [
                                -75.923601,
                                36.425788
                            ],
                            [
                                -75.916409,
                                36.38901
                            ],
                            [
                                -75.916949,
                                36.383167
                            ],
                            [
                                -75.923511,
                                36.367796
                            ],
                            [
                                -75.923331,
                                36.361863
                            ],
                            [
                                -75.917758,
                                36.353593
                            ],
                            [
                                -75.915331,
                                36.352335
                            ],
                            [
                                -75.895285,
                                36.319615
                            ],
                            [
                                -75.888211,
                                36.293414
                            ],
                            [
                                -75.882154,
                                36.284674
                            ],
                            [
                                -75.872721,
                                36.28277
                            ],
                            [
                                -75.864933,
                                36.284674
                            ],
                            [
                                -75.86052,
                                36.280607
                            ],
                            [
                                -75.861818,
                                36.266415
                            ],
                            [
                                -75.867356,
                                36.252483
                            ],
                            [
                                -75.864154,
                                36.235522
                            ],
                            [
                                -75.858703,
                                36.222628
                            ],
                            [
                                -75.848838,
                                36.21657
                            ],
                            [
                                -75.838367,
                                36.200129
                            ],
                            [
                                -75.841222,
                                36.193812
                            ],
                            [
                                -75.839924,
                                36.17711
                            ],
                            [
                                -75.823915,
                                36.158332
                            ],
                            [
                                -75.822531,
                                36.145957
                            ],
                            [
                                -75.813444,
                                36.136871
                            ],
                            [
                                -75.800378,
                                36.112728
                            ],
                            [
                                -75.791637,
                                36.082267
                            ],
                            [
                                -75.793974,
                                36.07171
                            ],
                            [
                                -75.799779,
                                36.07264
                            ],
                            [
                                -75.836084,
                                36.092616
                            ],
                            [
                                -75.847785,
                                36.10199
                            ],
                            [
                                -75.867792,
                                36.127262
                            ],
                            [
                                -75.866323,
                                36.14141
                            ],
                            [
                                -75.867385,
                                36.151182
                            ],
                            [
                                -75.869828,
                                36.15458
                            ],
                            [
                                -75.875033,
                                36.157448
                            ],
                            [
                                -75.887415,
                                36.160233
                            ],
                            [
                                -75.904999,
                                36.164188
                            ],
                            [
                                -75.920028,
                                36.164853
                            ],
                            [
                                -75.924654,
                                36.163591
                            ],
                            [
                                -75.939047,
                                36.165518
                            ],
                            [
                                -75.995191,
                                36.178072
                            ],
                            [
                                -76.016984,
                                36.186367
                            ],
                            [
                                -76.018936,
                                36.188318
                            ],
                            [
                                -76.031784,
                                36.189131
                            ],
                            [
                                -76.0471,
                                36.183106
                            ],
                            [
                                -76.051626,
                                36.181325
                            ],
                            [
                                -76.063498,
                                36.173518
                            ],
                            [
                                -76.065287,
                                36.170591
                            ],
                            [
                                -76.06545,
                                36.165224
                            ],
                            [
                                -76.05992,
                                36.15514
                            ],
                            [
                                -76.05927,
                                36.149285
                            ],
                            [
                                -76.064224,
                                36.143775
                            ],
                            [
                                -76.071672,
                                36.140183
                            ],
                            [
                                -76.092555,
                                36.135794
                            ],
                            [
                                -76.178946,
                                36.123424
                            ],
                            [
                                -76.184133,
                                36.121562
                            ],
                            [
                                -76.19051,
                                36.116333
                            ],
                            [
                                -76.190784,
                                36.116108
                            ],
                            [
                                -76.19238,
                                36.113448
                            ],
                            [
                                -76.191715,
                                36.107197
                            ],
                            [
                                -76.216599,
                                36.095409
                            ],
                            [
                                -76.238712,
                                36.098568
                            ],
                            [
                                -76.265037,
                                36.104886
                            ],
                            [
                                -76.28715,
                                36.104886
                            ],
                            [
                                -76.298733,
                                36.1012
                            ],
                            [
                                -76.303998,
                                36.092776
                            ],
                            [
                                -76.323478,
                                36.084879
                            ],
                            [
                                -76.331902,
                                36.083826
                            ],
                            [
                                -76.337168,
                                36.086458
                            ],
                            [
                                -76.355069,
                                36.086458
                            ],
                            [
                                -76.410878,
                                36.078034
                            ],
                            [
                                -76.411844,
                                36.075376
                            ],
                            [
                                -76.412984,
                                36.072243
                            ],
                            [
                                -76.420881,
                                36.06066
                            ],
                            [
                                -76.442994,
                                36.042758
                            ],
                            [
                                -76.451418,
                                36.039073
                            ],
                            [
                                -76.458789,
                                36.028016
                            ],
                            [
                                -76.459316,
                                36.024331
                            ],
                            [
                                -76.491959,
                                36.018013
                            ],
                            [
                                -76.514335,
                                36.00564
                            ],
                            [
                                -76.547505,
                                36.009852
                            ],
                            [
                                -76.5633,
                                36.009852
                            ],
                            [
                                -76.575936,
                                36.006167
                            ],
                            [
                                -76.580674,
                                36.00722
                            ],
                            [
                                -76.589625,
                                36.015644
                            ],
                            [
                                -76.60384,
                                36.033018
                            ],
                            [
                                -76.615423,
                                36.037757
                            ],
                            [
                                -76.631745,
                                36.038283
                            ],
                            [
                                -76.653332,
                                36.035124
                            ],
                            [
                                -76.668814,
                                36.020968
                            ],
                            [
                                -76.671759,
                                36.018276
                            ],
                            [
                                -76.684922,
                                36.009852
                            ],
                            [
                                -76.683869,
                                36.000375
                            ],
                            [
                                -76.679657,
                                35.991951
                            ],
                            [
                                -76.684922,
                                35.983001
                            ],
                            [
                                -76.695452,
                                35.973524
                            ],
                            [
                                -76.70019,
                                35.964573
                            ],
                            [
                                -76.697558,
                                35.951937
                            ],
                            [
                                -76.692376,
                                35.945342
                            ],
                            [
                                -76.691766,
                                35.944566
                            ],
                            [
                                -76.673865,
                                35.935089
                            ],
                            [
                                -76.667547,
                                35.933509
                            ],
                            [
                                -76.657017,
                                35.935089
                            ],
                            [
                                -76.608052,
                                35.936668
                            ],
                            [
                                -76.60384,
                                35.939827
                            ],
                            [
                                -76.586992,
                                35.941933
                            ],
                            [
                                -76.528551,
                                35.944039
                            ],
                            [
                                -76.507491,
                                35.949831
                            ],
                            [
                                -76.496961,
                                35.955096
                            ],
                            [
                                -76.473795,
                                35.960888
                            ],
                            [
                                -76.460632,
                                35.970365
                            ],
                            [
                                -76.398242,
                                35.984317
                            ],
                            [
                                -76.389818,
                                35.980105
                            ],
                            [
                                -76.38192,
                                35.971681
                            ],
                            [
                                -76.381394,
                                35.96273
                            ],
                            [
                                -76.36521,
                                35.944697
                            ],
                            [
                                -76.362966,
                                35.942197
                            ],
                            [
                                -76.340327,
                                35.94325
                            ],
                            [
                                -76.317687,
                                35.946935
                            ],
                            [
                                -76.272408,
                                35.972734
                            ],
                            [
                                -76.213966,
                                35.988002
                            ],
                            [
                                -76.176585,
                                35.993267
                            ],
                            [
                                -76.093697,
                                35.993001
                            ],
                            [
                                -76.083131,
                                35.989845
                            ],
                            [
                                -76.062071,
                                35.993004
                            ],
                            [
                                -76.024162,
                                35.970891
                            ],
                            [
                                -76.014685,
                                35.960361
                            ],
                            [
                                -76.014159,
                                35.957202
                            ],
                            [
                                -76.01995,
                                35.934036
                            ],
                            [
                                -76.011526,
                                35.914029
                            ],
                            [
                                -76.004682,
                                35.905078
                            ],
                            [
                                -75.999386,
                                35.903521
                            ],
                            [
                                -75.97783,
                                35.897181
                            ],
                            [
                                -75.966247,
                                35.899287
                            ],
                            [
                                -75.962562,
                                35.901393
                            ],
                            [
                                -75.94782,
                                35.920347
                            ],
                            [
                                -75.934131,
                                35.928244
                            ],
                            [
                                -75.929919,
                                35.928771
                            ],
                            [
                                -75.927286,
                                35.93193
                            ],
                            [
                                -75.92676,
                                35.940354
                            ],
                            [
                                -75.937816,
                                35.950884
                            ],
                            [
                                -75.943608,
                                35.952464
                            ],
                            [
                                -75.946767,
                                35.955623
                            ],
                            [
                                -75.947293,
                                35.959835
                            ],
                            [
                                -75.938343,
                                35.9651
                            ],
                            [
                                -75.899382,
                                35.977209
                            ],
                            [
                                -75.879374,
                                35.978789
                            ],
                            [
                                -75.86042,
                                35.978262
                            ],
                            [
                                -75.84989,
                                35.976156
                            ],
                            [
                                -75.80935,
                                35.959308
                            ],
                            [
                                -75.805138,
                                35.954043
                            ],
                            [
                                -75.800926,
                                35.944566
                            ],
                            [
                                -75.782498,
                                35.935615
                            ],
                            [
                                -75.782498,
                                35.928244
                            ],
                            [
                                -75.778813,
                                35.918241
                            ],
                            [
                                -75.768809,
                                35.901393
                            ],
                            [
                                -75.751961,
                                35.878227
                            ],
                            [
                                -75.753014,
                                35.871382
                            ],
                            [
                                -75.748276,
                                35.852428
                            ],
                            [
                                -75.734587,
                                35.839266
                            ],
                            [
                                -75.727216,
                                35.822703
                            ],
                            [
                                -75.726689,
                                35.811361
                            ],
                            [
                                -75.732612,
                                35.790666
                            ],
                            [
                                -75.738233,
                                35.778301
                            ],
                            [
                                -75.739357,
                                35.770994
                            ],
                            [
                                -75.735422,
                                35.767622
                            ],
                            [
                                -75.724743,
                                35.742892
                            ],
                            [
                                -75.719123,
                                35.714227
                            ],
                            [
                                -75.715188,
                                35.708045
                            ],
                            [
                                -75.71294,
                                35.69849
                            ],
                            [
                                -75.713502,
                                35.693993
                            ],
                            [
                                -75.741605,
                                35.672073
                            ],
                            [
                                -75.742167,
                                35.655212
                            ],
                            [
                                -75.737109,
                                35.63835
                            ],
                            [
                                -75.729802,
                                35.628795
                            ],
                            [
                                -75.729802,
                                35.625985
                            ],
                            [
                                -75.747225,
                                35.610248
                            ],
                            [
                                -75.762963,
                                35.603503
                            ],
                            [
                                -75.778138,
                                35.592262
                            ],
                            [
                                -75.775328,
                                35.579335
                            ],
                            [
                                -75.797248,
                                35.574276
                            ],
                            [
                                -75.837154,
                                35.570904
                            ],
                            [
                                -75.851767,
                                35.578773
                            ],
                            [
                                -75.859636,
                                35.586641
                            ],
                            [
                                -75.869869,
                                35.582743
                            ],
                            [
                                -75.895045,
                                35.573152
                            ],
                            [
                                -75.906848,
                                35.559101
                            ],
                            [
                                -75.908534,
                                35.555166
                            ],
                            [
                                -75.908534,
                                35.546174
                            ],
                            [
                                -75.916403,
                                35.538305
                            ],
                            [
                                -75.94563,
                                35.53437
                            ],
                            [
                                -75.950126,
                                35.530998
                            ],
                            [
                                -75.954623,
                                35.526502
                            ],
                            [
                                -75.964178,
                                35.511326
                            ],
                            [
                                -75.96474,
                                35.504582
                            ],
                            [
                                -75.961929,
                                35.496713
                            ],
                            [
                                -75.963053,
                                35.493903
                            ],
                            [
                                -75.987222,
                                35.484348
                            ],
                            [
                                -75.995652,
                                35.475355
                            ],
                            [
                                -75.994528,
                                35.463552
                            ],
                            [
                                -75.997901,
                                35.453435
                            ],
                            [
                                -76.009704,
                                35.442194
                            ],
                            [
                                -76.012514,
                                35.432639
                            ],
                            [
                                -76.01139,
                                35.423084
                            ],
                            [
                                -76.014762,
                                35.416902
                            ],
                            [
                                -76.020945,
                                35.410719
                            ],
                            [
                                -76.025441,
                                35.408471
                            ],
                            [
                                -76.037244,
                                35.414091
                            ],
                            [
                                -76.050171,
                                35.415778
                            ],
                            [
                                -76.059726,
                                35.410157
                            ],
                            [
                                -76.063661,
                                35.405099
                            ],
                            [
                                -76.063661,
                                35.398354
                            ],
                            [
                                -76.06085,
                                35.392733
                            ],
                            [
                                -76.059726,
                                35.383741
                            ],
                            [
                                -76.069281,
                                35.370813
                            ],
                            [
                                -76.092887,
                                35.361259
                            ],
                            [
                                -76.123238,
                                35.351142
                            ],
                            [
                                -76.132793,
                                35.349455
                            ],
                            [
                                -76.14291,
                                35.338776
                            ],
                            [
                                -76.14291,
                                35.32866
                            ],
                            [
                                -76.149655,
                                35.326411
                            ],
                            [
                                -76.165392,
                                35.328659
                            ],
                            [
                                -76.168764,
                                35.332032
                            ],
                            [
                                -76.182254,
                                35.336528
                            ],
                            [
                                -76.20586,
                                35.336528
                            ],
                            [
                                -76.235087,
                                35.350017
                            ],
                            [
                                -76.253072,
                                35.350017
                            ],
                            [
                                -76.257569,
                                35.344397
                            ],
                            [
                                -76.265437,
                                35.343273
                            ],
                            [
                                -76.282299,
                                35.345521
                            ],
                            [
                                -76.304781,
                                35.355638
                            ],
                            [
                                -76.327263,
                                35.356762
                            ],
                            [
                                -76.335132,
                                35.355638
                            ],
                            [
                                -76.340752,
                                35.346645
                            ],
                            [
                                -76.349745,
                                35.345521
                            ],
                            [
                                -76.365483,
                                35.348893
                            ],
                            [
                                -76.374475,
                                35.355638
                            ],
                            [
                                -76.382344,
                                35.356762
                            ],
                            [
                                -76.387965,
                                35.356762
                            ],
                            [
                                -76.399206,
                                35.348893
                            ],
                            [
                                -76.408199,
                                35.350017
                            ],
                            [
                                -76.409323,
                                35.35339
                            ],
                            [
                                -76.420564,
                                35.35901
                            ],
                            [
                                -76.431805,
                                35.362383
                            ],
                            [
                                -76.436301,
                                35.37812
                            ],
                            [
                                -76.448666,
                                35.383741
                            ],
                            [
                                -76.455411,
                                35.383741
                            ],
                            [
                                -76.462156,
                                35.380368
                            ],
                            [
                                -76.472273,
                                35.371375
                            ],
                            [
                                -76.485762,
                                35.371375
                            ],
                            [
                                -76.499251,
                                35.381492
                            ],
                            [
                                -76.521733,
                                35.391609
                            ],
                            [
                                -76.546901,
                                35.389673
                            ],
                            [
                                -76.580187,
                                35.387113
                            ],
                            [
                                -76.606041,
                                35.387113
                            ],
                            [
                                -76.620654,
                                35.37812
                            ],
                            [
                                -76.628125,
                                35.368515
                            ],
                            [
                                -76.628523,
                                35.368003
                            ],
                            [
                                -76.61953,
                                35.345521
                            ],
                            [
                                -76.604962,
                                35.337751
                            ],
                            [
                                -76.602669,
                                35.336528
                            ],
                            [
                                -76.588055,
                                35.333156
                            ],
                            [
                                -76.554332,
                                35.332032
                            ],
                            [
                                -76.548712,
                                35.328659
                            ],
                            [
                                -76.500375,
                                35.321915
                            ],
                            [
                                -76.482389,
                                35.314046
                            ],
                            [
                                -76.472273,
                                35.294936
                            ],
                            [
                                -76.467776,
                                35.276951
                            ],
                            [
                                -76.467776,
                                35.261213
                            ],
                            [
                                -76.477893,
                                35.243228
                            ],
                            [
                                -76.483514,
                                35.240979
                            ],
                            [
                                -76.490258,
                                35.233111
                            ],
                            [
                                -76.491382,
                                35.220745
                            ],
                            [
                                -76.494755,
                                35.212877
                            ],
                            [
                                -76.504872,
                                35.207256
                            ],
                            [
                                -76.521733,
                                35.192643
                            ],
                            [
                                -76.536346,
                                35.174657
                            ],
                            [
                                -76.539719,
                                35.166788
                            ],
                            [
                                -76.536346,
                                35.149927
                            ],
                            [
                                -76.536346,
                                35.142058
                            ],
                            [
                                -76.546463,
                                35.122948
                            ],
                            [
                                -76.557704,
                                35.116204
                            ],
                            [
                                -76.561077,
                                35.108335
                            ],
                            [
                                -76.568945,
                                35.097094
                            ],
                            [
                                -76.57569,
                                35.092598
                            ],
                            [
                                -76.586931,
                                35.092598
                            ],
                            [
                                -76.592552,
                                35.083605
                            ],
                            [
                                -76.593676,
                                35.075736
                            ],
                            [
                                -76.60042,
                                35.067867
                            ],
                            [
                                -76.61391,
                                35.061123
                            ],
                            [
                                -76.622902,
                                35.061123
                            ],
                            [
                                -76.631895,
                                35.056626
                            ],
                            [
                                -76.639764,
                                35.051006
                            ],
                            [
                                -76.646509,
                                35.042013
                            ],
                            [
                                -76.646509,
                                35.025151
                            ],
                            [
                                -76.644562,
                                35.019799
                            ],
                            [
                                -76.642012,
                                35.012786
                            ],
                            [
                                -76.628523,
                                34.994801
                            ],
                            [
                                -76.588055,
                                34.991428
                            ],
                            [
                                -76.566697,
                                34.998173
                            ],
                            [
                                -76.539719,
                                35.000421
                            ],
                            [
                                -76.502623,
                                35.007166
                            ],
                            [
                                -76.495879,
                                35.011662
                            ],
                            [
                                -76.491382,
                                35.017283
                            ],
                            [
                                -76.490258,
                                35.034144
                            ],
                            [
                                -76.480141,
                                35.05213
                            ],
                            [
                                -76.474521,
                                35.070116
                            ],
                            [
                                -76.468796,
                                35.075345
                            ],
                            [
                                -76.463468,
                                35.076411
                            ],
                            [
                                -76.435762,
                                35.057941
                            ],
                            [
                                -76.432565,
                                35.049061
                            ],
                            [
                                -76.431855,
                                35.030945
                            ],
                            [
                                -76.425461,
                                35.001464
                            ],
                            [
                                -76.406281,
                                34.987256
                            ],
                            [
                                -76.398466,
                                34.9766
                            ],
                            [
                                -76.395625,
                                34.975179
                            ],
                            [
                                -76.332044,
                                34.970917
                            ],
                            [
                                -76.326361,
                                34.976245
                            ],
                            [
                                -76.329557,
                                34.986901
                            ],
                            [
                                -76.350159,
                                35.016737
                            ],
                            [
                                -76.360815,
                                35.025973
                            ],
                            [
                                -76.364367,
                                35.031301
                            ],
                            [
                                -76.364367,
                                35.034853
                            ],
                            [
                                -76.35229,
                                35.033077
                            ],
                            [
                                -76.318546,
                                35.020645
                            ],
                            [
                                -76.293682,
                                35.009633
                            ],
                            [
                                -76.288354,
                                35.005726
                            ],
                            [
                                -76.288709,
                                34.997201
                            ],
                            [
                                -76.29093,
                                34.994285
                            ],
                            [
                                -76.293851,
                                34.991948
                            ],
                            [
                                -76.296188,
                                34.98669
                            ],
                            [
                                -76.296524,
                                34.976245
                            ],
                            [
                                -76.290691,
                                34.969059
                            ],
                            [
                                -76.275567,
                                34.960971
                            ],
                            [
                                -76.274856,
                                34.953867
                            ],
                            [
                                -76.277698,
                                34.940014
                            ],
                            [
                                -76.284092,
                                34.936817
                            ],
                            [
                                -76.311442,
                                34.910177
                            ],
                            [
                                -76.319967,
                                34.897745
                            ],
                            [
                                -76.33382,
                                34.882116
                            ],
                            [
                                -76.347673,
                                34.872171
                            ],
                            [
                                -76.368274,
                                34.872881
                            ],
                            [
                                -76.377154,
                                34.867553
                            ],
                            [
                                -76.379641,
                                34.86258
                            ],
                            [
                                -76.395269,
                                34.855476
                            ],
                            [
                                -76.400242,
                                34.855476
                            ],
                            [
                                -76.411609,
                                34.841268
                            ],
                            [
                                -76.415871,
                                34.82564
                            ],
                            [
                                -76.415871,
                                34.813563
                            ],
                            [
                                -76.403108,
                                34.806153
                            ],
                            [
                                -76.390254,
                                34.805568
                            ],
                            [
                                -76.383827,
                                34.807906
                            ],
                            [
                                -76.373247,
                                34.817115
                            ],
                            [
                                -76.362591,
                                34.824219
                            ],
                            [
                                -76.341279,
                                34.842689
                            ],
                            [
                                -76.322808,
                                34.86116
                            ],
                            [
                                -76.273986,
                                34.897298
                            ],
                            [
                                -76.233672,
                                34.925926
                            ],
                            [
                                -76.194936,
                                34.962747
                            ],
                            [
                                -76.160127,
                                34.991163
                            ],
                            [
                                -76.11182,
                                35.034497
                            ],
                            [
                                -76.093349,
                                35.048705
                            ],
                            [
                                -76.069906,
                                35.075701
                            ],
                            [
                                -76.064933,
                                35.077121
                            ],
                            [
                                -76.043621,
                                35.070017
                            ],
                            [
                                -76.038648,
                                35.065045
                            ],
                            [
                                -76.035933,
                                35.058987
                            ],
                            [
                                -76.073,
                                35.030509
                            ],
                            [
                                -76.137269,
                                34.987858
                            ],
                            [
                                -76.233088,
                                34.905477
                            ],
                            [
                                -76.31021,
                                34.852309
                            ],
                            [
                                -76.386804,
                                34.784579
                            ],
                            [
                                -76.450454,
                                34.71445
                            ],
                            [
                                -76.494068,
                                34.66197
                            ],
                            [
                                -76.524199,
                                34.615416
                            ],
                            [
                                -76.535946,
                                34.588577
                            ],
                            [
                                -76.555196,
                                34.615993
                            ],
                            [
                                -76.553806,
                                34.628252
                            ],
                            [
                                -76.550423,
                                34.630789
                            ],
                            [
                                -76.549343,
                                34.645585
                            ],
                            [
                                -76.579467,
                                34.660174
                            ],
                            [
                                -76.618719,
                                34.67255
                            ],
                            [
                                -76.642939,
                                34.677618
                            ],
                            [
                                -76.662645,
                                34.685524
                            ],
                            [
                                -76.676312,
                                34.693151
                            ],
                            [
                                -76.693751,
                                34.692509
                            ],
                            [
                                -76.726969,
                                34.69669
                            ],
                            [
                                -76.770044,
                                34.696899
                            ],
                            [
                                -76.817453,
                                34.693722
                            ],
                            [
                                -76.906257,
                                34.68282
                            ],
                            [
                                -76.990262,
                                34.669623
                            ],
                            [
                                -77.031105,
                                34.661184
                            ],
                            [
                                -77.1128,
                                34.639352
                            ],
                            [
                                -77.136843,
                                34.632926
                            ],
                            [
                                -77.169701,
                                34.622023
                            ],
                            [
                                -77.209161,
                                34.605032
                            ],
                            [
                                -77.240991,
                                34.587507
                            ],
                            [
                                -77.322524,
                                34.535574
                            ],
                            [
                                -77.462922,
                                34.471354
                            ],
                            [
                                -77.491796,
                                34.456098
                            ],
                            [
                                -77.51796,
                                34.440483
                            ],
                            [
                                -77.556943,
                                34.417218
                            ],
                            [
                                -77.582323,
                                34.400506
                            ],
                            [
                                -77.635034,
                                34.359555
                            ],
                            [
                                -77.661673,
                                34.341868
                            ],
                            [
                                -77.687226,
                                34.320444
                            ],
                            [
                                -77.713322,
                                34.294879
                            ],
                            [
                                -77.715916,
                                34.292719
                            ],
                            [
                                -77.740136,
                                34.272546
                            ],
                            [
                                -77.764022,
                                34.245641
                            ],
                            [
                                -77.829209,
                                34.162618
                            ],
                            [
                                -77.841785,
                                34.140747
                            ],
                            [
                                -77.870327,
                                34.079221
                            ],
                            [
                                -77.874384,
                                34.075671
                            ],
                            [
                                -77.878161,
                                34.067963
                            ],
                            [
                                -77.915536,
                                33.971723
                            ],
                            [
                                -77.927926,
                                33.945265
                            ],
                            [
                                -77.937313,
                                33.928645
                            ],
                            [
                                -77.946568,
                                33.912261
                            ],
                            [
                                -77.956881,
                                33.87779
                            ],
                            [
                                -77.960172,
                                33.853315
                            ],
                            [
                                -77.970606,
                                33.844517
                            ],
                            [
                                -78.006765,
                                33.858704
                            ],
                            [
                                -78.009973,
                                33.861406
                            ],
                            [
                                -78.009426,
                                33.867823
                            ],
                            [
                                -78.018689,
                                33.888289
                            ],
                            [
                                -78.095429,
                                33.906031
                            ],
                            [
                                -78.136952,
                                33.912178
                            ],
                            [
                                -78.17772,
                                33.914272
                            ],
                            [
                                -78.276147,
                                33.912364
                            ],
                            [
                                -78.383964,
                                33.901946
                            ],
                            [
                                -78.509042,
                                33.865515
                            ],
                            [
                                -78.541087,
                                33.851112
                            ],
                            [
                                -78.6505,
                                33.944035
                            ],
                            [
                                -78.710141,
                                33.994688
                            ],
                            [
                                -78.712206,
                                33.996732
                            ],
                            [
                                -79.071169,
                                34.29924
                            ],
                            [
                                -79.143242,
                                34.359817
                            ],
                            [
                                -79.151485,
                                34.366753
                            ],
                            [
                                -79.190739,
                                34.399751
                            ],
                            [
                                -79.192041,
                                34.40104
                            ],
                            [
                                -79.198982,
                                34.406699
                            ],
                            [
                                -79.323249,
                                34.514634
                            ],
                            [
                                -79.324854,
                                34.516282
                            ],
                            [
                                -79.331328,
                                34.521869
                            ],
                            [
                                -79.358317,
                                34.545358
                            ],
                            [
                                -79.450034,
                                34.621036
                            ],
                            [
                                -79.459766,
                                34.629027
                            ],
                            [
                                -79.461318,
                                34.630126
                            ],
                            [
                                -79.461754,
                                34.630432
                            ],
                            [
                                -79.468717,
                                34.635323
                            ],
                            [
                                -79.471599,
                                34.6372
                            ],
                            [
                                -79.479305,
                                34.64464
                            ],
                            [
                                -79.490201,
                                34.653819
                            ],
                            [
                                -79.519043,
                                34.677321
                            ],
                            [
                                -79.520269,
                                34.678327
                            ],
                            [
                                -79.554454,
                                34.706363
                            ],
                            [
                                -79.561691,
                                34.711996
                            ],
                            [
                                -79.631577,
                                34.768835
                            ],
                            [
                                -79.634216,
                                34.771012
                            ],
                            [
                                -79.688088,
                                34.804897
                            ],
                            [
                                -79.690201,
                                34.804937
                            ],
                            [
                                -79.692948,
                                34.804973
                            ],
                            [
                                -79.744116,
                                34.805651
                            ],
                            [
                                -79.744925,
                                34.805686
                            ],
                            [
                                -79.772829,
                                34.805954
                            ],
                            [
                                -79.773607,
                                34.805931
                            ],
                            [
                                -79.927618,
                                34.806555
                            ],
                            [
                                -80.027464,
                                34.808726
                            ],
                            [
                                -80.042764,
                                34.809097
                            ],
                            [
                                -80.072912,
                                34.809736
                            ],
                            [
                                -80.077223,
                                34.809716
                            ],
                            [
                                -80.098022,
                                34.810147
                            ],
                            [
                                -80.098994,
                                34.810147
                            ],
                            [
                                -80.320413,
                                34.813813
                            ],
                            [
                                -80.399871,
                                34.815128
                            ],
                            [
                                -80.417014,
                                34.815508
                            ],
                            [
                                -80.418433,
                                34.815622
                            ],
                            [
                                -80.419586,
                                34.815581
                            ],
                            [
                                -80.425902,
                                34.81581
                            ],
                            [
                                -80.434843,
                                34.815968
                            ],
                            [
                                -80.448766,
                                34.816332
                            ],
                            [
                                -80.45166,
                                34.816396
                            ],
                            [
                                -80.485683,
                                34.816732
                            ],
                            [
                                -80.561657,
                                34.817481
                            ],
                            [
                                -80.561674,
                                34.817481
                            ],
                            [
                                -80.621222,
                                34.818174
                            ],
                            [
                                -80.625993,
                                34.818239
                            ],
                            [
                                -80.626077,
                                34.818217
                            ],
                            [
                                -80.644656,
                                34.818568
                            ],
                            [
                                -80.646601,
                                34.818592
                            ],
                            [
                                -80.771792,
                                34.819646
                            ],
                            [
                                -80.777712,
                                34.819697
                            ],
                            [
                                -80.79675,
                                34.825281
                            ],
                            [
                                -80.782042,
                                34.935782
                            ],
                            [
                                -80.806461,
                                34.962894
                            ],
                            [
                                -80.806784,
                                34.963249
                            ],
                            [
                                -80.840461,
                                35.001566
                            ],
                            [
                                -80.906417,
                                35.076608
                            ],
                            [
                                -80.906553,
                                35.076763
                            ],
                            [
                                -80.93495,
                                35.107409
                            ],
                            [
                                -80.95787,
                                35.092639
                            ],
                            [
                                -81.041489,
                                35.044703
                            ],
                            [
                                -81.057465,
                                35.061983
                            ],
                            [
                                -81.058029,
                                35.07319
                            ],
                            [
                                -81.057236,
                                35.086129
                            ],
                            [
                                -81.052078,
                                35.096276
                            ],
                            [
                                -81.046524,
                                35.100617
                            ],
                            [
                                -81.036163,
                                35.103205
                            ],
                            [
                                -81.032547,
                                35.109102
                            ],
                            [
                                -81.042758,
                                35.146042
                            ],
                            [
                                -81.043407,
                                35.14839
                            ],
                            [
                                -81.090215,
                                35.152627
                            ],
                            [
                                -81.239358,
                                35.159974
                            ],
                            [
                                -81.241686,
                                35.160081
                            ],
                            [
                                -81.269199,
                                35.16114
                            ],
                            [
                                -81.32802,
                                35.163404
                            ],
                            [
                                -81.366599,
                                35.164889
                            ],
                            [
                                -81.366691,
                                35.164893
                            ],
                            [
                                -81.452398,
                                35.168293
                            ],
                            [
                                -81.461408,
                                35.168657
                            ],
                            [
                                -81.493401,
                                35.169951
                            ],
                            [
                                -81.494265,
                                35.169882
                            ],
                            [
                                -81.768073,
                                35.180132
                            ],
                            [
                                -81.857832,
                                35.183492
                            ],
                            [
                                -81.874433,
                                35.184113
                            ],
                            [
                                -81.969325,
                                35.187215
                            ],
                            [
                                -82.167676,
                                35.193699
                            ],
                            [
                                -82.176874,
                                35.19379
                            ],
                            [
                                -82.185513,
                                35.194355
                            ],
                            [
                                -82.195483,
                                35.194951
                            ],
                            [
                                -82.216217,
                                35.196044
                            ],
                            [
                                -82.230517,
                                35.196764
                            ],
                            [
                                -82.230915,
                                35.196784
                            ],
                            [
                                -82.257515,
                                35.198636
                            ],
                            [
                                -82.288453,
                                35.198605
                            ],
                            [
                                -82.35243,
                                35.206595
                            ],
                            [
                                -82.384029,
                                35.210542
                            ],
                            [
                                -82.476136,
                                35.175486
                            ],
                            [
                                -82.51691,
                                35.163029
                            ],
                            [
                                -82.517284,
                                35.162643
                            ],
                            [
                                -82.535804,
                                35.158699
                            ],
                            [
                                -82.536527,
                                35.159137
                            ],
                            [
                                -82.574406,
                                35.144216
                            ],
                            [
                                -82.580127,
                                35.141963
                            ],
                            [
                                -82.582264,
                                35.142268
                            ],
                            [
                                -82.686496,
                                35.121822
                            ],
                            [
                                -82.686738,
                                35.11979
                            ],
                            [
                                -82.764464,
                                35.068177
                            ],
                            [
                                -82.781973,
                                35.066817
                            ],
                            [
                                -82.780546,
                                35.069043
                            ],
                            [
                                -82.779116,
                                35.073674
                            ],
                            [
                                -82.777407,
                                35.076885
                            ],
                            [
                                -82.781062,
                                35.084492
                            ],
                            [
                                -82.78113,
                                35.084585
                            ],
                            [
                                -82.897499,
                                35.056021
                            ],
                            [
                                -83.008447,
                                35.026974
                            ],
                            [
                                -83.108535,
                                35.000771
                            ],
                            [
                                -83.108714,
                                35.000768
                            ],
                            [
                                -83.483064,
                                34.993737
                            ],
                            [
                                -83.549381,
                                34.992492
                            ],
                            [
                                -83.620185,
                                34.992091
                            ],
                            [
                                -83.673621,
                                34.987111
                            ],
                            [
                                -83.936413,
                                34.987485
                            ],
                            [
                                -83.936646,
                                34.987485
                            ],
                            [
                                -84.005457,
                                34.98744
                            ],
                            [
                                -84.021357,
                                34.98743
                            ],
                            [
                                -84.029954,
                                34.987321
                            ],
                            [
                                -84.129455,
                                34.987504
                            ],
                            [
                                -84.129555,
                                34.987504
                            ],
                            [
                                -84.321869,
                                34.988408
                            ],
                            [
                                -84.308576,
                                35.092761
                            ],
                            [
                                -84.308437,
                                35.093173
                            ],
                            [
                                -84.292321,
                                35.206677
                            ],
                            [
                                -84.29024,
                                35.225572
                            ],
                            [
                                -84.227818,
                                35.267878
                            ],
                            [
                                -84.223718,
                                35.269078
                            ],
                            [
                                -84.211818,
                                35.266078
                            ],
                            [
                                -84.202879,
                                35.255772
                            ],
                            [
                                -84.124915,
                                35.24983
                            ],
                            [
                                -84.12115,
                                35.250644
                            ],
                            [
                                -84.115279,
                                35.250438
                            ],
                            [
                                -84.115048,
                                35.249765
                            ],
                            [
                                -84.097508,
                                35.247382
                            ],
                            [
                                -84.055712,
                                35.268182
                            ],
                            [
                                -84.029033,
                                35.291049
                            ],
                            [
                                -84.02351,
                                35.295783
                            ],
                            [
                                -84.02141,
                                35.301383
                            ],
                            [
                                -84.032479,
                                35.325318
                            ],
                            [
                                -84.03245,
                                35.32653
                            ],
                            [
                                -84.038081,
                                35.348363
                            ],
                            [
                                -84.037494,
                                35.34985
                            ],
                            [
                                -84.035343,
                                35.350833
                            ],
                            [
                                -84.024756,
                                35.353896
                            ],
                            [
                                -84.00225,
                                35.422548
                            ],
                            [
                                -83.999906,
                                35.425201
                            ],
                            [
                                -83.9614,
                                35.459496
                            ],
                            [
                                -83.961054,
                                35.462838
                            ],
                            [
                                -83.961056,
                                35.463738
                            ],
                            [
                                -83.961053,
                                35.464143
                            ],
                            [
                                -83.952882,
                                35.460635
                            ],
                            [
                                -83.952676,
                                35.460763
                            ],
                            [
                                -83.933876,
                                35.472438
                            ],
                            [
                                -83.880074,
                                35.518745
                            ],
                            [
                                -83.756917,
                                35.563604
                            ],
                            [
                                -83.676268,
                                35.570289
                            ],
                            [
                                -83.662957,
                                35.569138
                            ],
                            [
                                -83.640498,
                                35.566075
                            ],
                            [
                                -83.498335,
                                35.562981
                            ],
                            [
                                -83.485527,
                                35.568204
                            ],
                            [
                                -83.480617,
                                35.576633
                            ],
                            [
                                -83.478523,
                                35.579202
                            ],
                            [
                                -83.479082,
                                35.583316
                            ],
                            [
                                -83.445802,
                                35.611803
                            ],
                            [
                                -83.366941,
                                35.638728
                            ],
                            [
                                -83.297154,
                                35.65775
                            ],
                            [
                                -83.254231,
                                35.695807
                            ],
                            [
                                -83.250695,
                                35.709349
                            ],
                            [
                                -83.255489,
                                35.714974
                            ],
                            [
                                -83.251247,
                                35.719916
                            ],
                            [
                                -83.240669,
                                35.72676
                            ],
                            [
                                -83.164909,
                                35.759965
                            ],
                            [
                                -83.100233,
                                35.774745
                            ],
                            [
                                -83.100329,
                                35.774804
                            ],
                            [
                                -83.100225,
                                35.774765
                            ],
                            [
                                -82.995803,
                                35.773128
                            ],
                            [
                                -82.98397,
                                35.77801
                            ],
                            [
                                -82.964108,
                                35.7941
                            ],
                            [
                                -82.962842,
                                35.795126
                            ],
                            [
                                -82.918356,
                                35.845467
                            ],
                            [
                                -82.89798,
                                35.881278
                            ],
                            [
                                -82.913338,
                                35.924113
                            ],
                            [
                                -82.898506,
                                35.9451
                            ],
                            [
                                -82.898505,
                                35.945101
                            ],
                            [
                                -82.874159,
                                35.952698
                            ],
                            [
                                -82.852554,
                                35.949089
                            ],
                            [
                                -82.830112,
                                35.932972
                            ],
                            [
                                -82.778625,
                                35.974792
                            ],
                            [
                                -82.754465,
                                36.004304
                            ],
                            [
                                -82.715365,
                                36.024253
                            ],
                            [
                                -82.683565,
                                36.046104
                            ],
                            [
                                -82.637165,
                                36.065805
                            ],
                            [
                                -82.632265,
                                36.065705
                            ],
                            [
                                -82.619205,
                                36.056556
                            ],
                            [
                                -82.602877,
                                36.039833
                            ],
                            [
                                -82.615062,
                                36.000306
                            ],
                            [
                                -82.611262,
                                35.973155
                            ],
                            [
                                -82.596774,
                                35.964987
                            ],
                            [
                                -82.557529,
                                35.954671
                            ],
                            [
                                -82.512598,
                                35.975664
                            ],
                            [
                                -82.507068,
                                35.977475
                            ],
                            [
                                -82.50586,
                                35.978342
                            ],
                            [
                                -82.487451,
                                35.991557
                            ],
                            [
                                -82.487411,
                                35.991634
                            ],
                            [
                                -82.462958,
                                36.007309
                            ],
                            [
                                -82.416857,
                                36.072885
                            ],
                            [
                                -82.409458,
                                36.083409
                            ],
                            [
                                -82.375558,
                                36.105609
                            ],
                            [
                                -82.371383,
                                36.106388
                            ],
                            [
                                -82.366566,
                                36.10765
                            ],
                            [
                                -82.360919,
                                36.110614
                            ],
                            [
                                -82.348422,
                                36.115929
                            ],
                            [
                                -82.329177,
                                36.117427
                            ],
                            [
                                -82.325169,
                                36.119363
                            ],
                            [
                                -82.237737,
                                36.139189
                            ],
                            [
                                -82.236415,
                                36.139926
                            ],
                            [
                                -82.235479,
                                36.140748
                            ],
                            [
                                -82.234807,
                                36.14172
                            ],
                            [
                                -82.222052,
                                36.156911
                            ],
                            [
                                -82.211251,
                                36.159012
                            ],
                            [
                                -82.147948,
                                36.149516
                            ],
                            [
                                -82.136547,
                                36.128817
                            ],
                            [
                                -82.137974,
                                36.119576
                            ],
                            [
                                -82.130646,
                                36.106417
                            ],
                            [
                                -82.127146,
                                36.104417
                            ],
                            [
                                -82.080518,
                                36.10571
                            ],
                            [
                                -82.080143,
                                36.10572
                            ],
                            [
                                -82.02664,
                                36.130222
                            ],
                            [
                                -81.960101,
                                36.228131
                            ],
                            [
                                -81.932994,
                                36.264881
                            ],
                            [
                                -81.918113,
                                36.28711
                            ],
                            [
                                -81.908137,
                                36.302013
                            ],
                            [
                                -81.855005,
                                36.337259
                            ],
                            [
                                -81.800812,
                                36.358073
                            ],
                            [
                                -81.793688,
                                36.360428
                            ],
                            [
                                -81.789712,
                                36.348324
                            ],
                            [
                                -81.764927,
                                36.338672
                            ],
                            [
                                -81.747842,
                                36.337356
                            ],
                            [
                                -81.730976,
                                36.341187
                            ],
                            [
                                -81.725938,
                                36.340364
                            ],
                            [
                                -81.720969,
                                36.3875
                            ],
                            [
                                -81.714277,
                                36.450978
                            ],
                            [
                                -81.715082,
                                36.453365
                            ],
                            [
                                -81.697287,
                                36.484738
                            ],
                            [
                                -81.695907,
                                36.49158
                            ],
                            [
                                -81.696835,
                                36.493393
                            ],
                            [
                                -81.697261,
                                36.496141
                            ],
                            [
                                -81.698265,
                                36.497221
                            ],
                            [
                                -81.699928,
                                36.498018
                            ],
                            [
                                -81.700238,
                                36.500475
                            ],
                            [
                                -81.699923,
                                36.500865
                            ],
                            [
                                -81.69797,
                                36.504063
                            ],
                            [
                                -81.69729,
                                36.504887
                            ],
                            [
                                -81.697829,
                                36.507544
                            ],
                            [
                                -81.697744,
                                36.508448
                            ],
                            [
                                -81.699446,
                                36.511504
                            ],
                            [
                                -81.699601,
                                36.512883
                            ],
                            [
                                -81.700093,
                                36.514158
                            ],
                            [
                                -81.700553,
                                36.51519
                            ],
                            [
                                -81.707963,
                                36.536209
                            ],
                            [
                                -81.699962,
                                36.539714
                            ],
                            [
                                -81.677535,
                                36.588117
                            ],
                            [
                                -81.60697,
                                36.587094
                            ],
                            [
                                -81.521032,
                                36.58052
                            ],
                            [
                                -81.353322,
                                36.574723
                            ],
                            [
                                -81.353169,
                                36.574724
                            ],
                            [
                                -81.307511,
                                36.575024
                            ],
                            [
                                -81.061866,
                                36.56702
                            ],
                            [
                                -81.058844,
                                36.566976
                            ],
                            [
                                -80.945988,
                                36.563196
                            ],
                            [
                                -80.944338,
                                36.563058
                            ],
                            [
                                -80.901836,
                                36.561754
                            ],
                            [
                                -80.901726,
                                36.561751
                            ],
                            [
                                -80.837954,
                                36.559131
                            ],
                            [
                                -80.837641,
                                36.559118
                            ],
                            [
                                -80.837089,
                                36.559154
                            ],
                            [
                                -80.744101,
                                36.561686
                            ],
                            [
                                -80.687539,
                                36.561411
                            ],
                            [
                                -80.612158,
                                36.558127
                            ],
                            [
                                -80.4401,
                                36.55063
                            ],
                            [
                                -80.432628,
                                36.550302
                            ],
                            [
                                -80.431605,
                                36.550219
                            ],
                            [
                                -80.228263,
                                36.543867
                            ],
                            [
                                -80.225408,
                                36.543748
                            ],
                            [
                                -80.171636,
                                36.543219
                            ],
                            [
                                -80.169535,
                                36.54319
                            ],
                            [
                                -80.053455,
                                36.542623
                            ],
                            [
                                -80.027269,
                                36.542495
                            ],
                            [
                                -79.967511,
                                36.542502
                            ],
                            [
                                -79.966979,
                                36.542475
                            ],
                            [
                                -79.920239,
                                36.542365
                            ],
                            [
                                -79.714855,
                                36.541884
                            ],
                            [
                                -79.667309,
                                36.541772
                            ],
                            [
                                -79.666827,
                                36.541772
                            ],
                            [
                                -79.510961,
                                36.54074
                            ],
                            [
                                -79.510647,
                                36.540738
                            ],
                            [
                                -79.470047,
                                36.541025
                            ],
                            [
                                -79.445961,
                                36.541195
                            ],
                            [
                                -79.445687,
                                36.541218
                            ],
                            [
                                -79.342696,
                                36.541382
                            ],
                            [
                                -79.218638,
                                36.541579
                            ],
                            [
                                -79.20948,
                                36.541594
                            ],
                            [
                                -79.208686,
                                36.541571
                            ],
                            [
                                -79.137936,
                                36.541739
                            ],
                            [
                                -79.126078,
                                36.541533
                            ],
                            [
                                -79.124736,
                                36.541568
                            ],
                            [
                                -78.971814,
                                36.542123
                            ],
                            [
                                -78.970577,
                                36.542154
                            ],
                            [
                                -78.942254,
                                36.542079
                            ],
                            [
                                -78.942009,
                                36.542113
                            ],
                            [
                                -78.91542,
                                36.541974
                            ],
                            [
                                -78.914543,
                                36.541972
                            ],
                            [
                                -78.7963,
                                36.541713
                            ],
                            [
                                -78.76543,
                                36.541727
                            ],
                            [
                                -78.758392,
                                36.541852
                            ],
                            [
                                -78.734122,
                                36.541902
                            ],
                            [
                                -78.670051,
                                36.542035
                            ],
                            [
                                -78.663317,
                                36.542011
                            ],
                            [
                                -78.533013,
                                36.541004
                            ],
                            [
                                -78.529722,
                                36.540981
                            ],
                            [
                                -78.471022,
                                36.542307
                            ],
                            [
                                -78.470792,
                                36.542316
                            ],
                            [
                                -78.45697,
                                36.542474
                            ],
                            [
                                -78.441199,
                                36.542687
                            ],
                            [
                                -78.436333,
                                36.542666
                            ],
                            [
                                -78.323912,
                                36.543809
                            ],
                            [
                                -78.246681,
                                36.544341
                            ],
                            [
                                -78.245462,
                                36.544411
                            ],
                            [
                                -78.133323,
                                36.543847
                            ],
                            [
                                -78.132911,
                                36.543811
                            ],
                            [
                                -78.046202,
                                36.544168
                            ],
                            [
                                -78.03942,
                                36.544196
                            ],
                            [
                                -78.038938,
                                36.544173
                            ],
                            [
                                -77.899771,
                                36.544663
                            ],
                            [
                                -77.882357,
                                36.544737
                            ],
                            [
                                -77.87528,
                                36.544754
                            ],
                            [
                                -77.767117,
                                36.544752
                            ],
                            [
                                -77.296875,
                                36.544746
                            ],
                            [
                                -77.24969,
                                36.544745
                            ],
                            [
                                -77.1645,
                                36.54633
                            ],
                            [
                                -76.916048,
                                36.543815
                            ],
                            [
                                -76.916001,
                                36.543818
                            ],
                            [
                                -76.915384,
                                36.543856
                            ],
                            [
                                -76.807078,
                                36.550606
                            ],
                            [
                                -76.781296,
                                36.550659
                            ],
                            [
                                -76.541687,
                                36.550312
                            ],
                            [
                                -76.541391,
                                36.550312
                            ],
                            [
                                -76.491497,
                                36.550365
                            ]
                        ]
                    ],
                    [
                        [
                            [
                                -75.753765,
                                35.199612
                            ],
                            [
                                -75.74522,
                                35.20303
                            ],
                            [
                                -75.734171,
                                35.204347
                            ],
                            [
                                -75.718015,
                                35.209377
                            ],
                            [
                                -75.708947,
                                35.213912
                            ],
                            [
                                -75.698972,
                                35.221166
                            ],
                            [
                                -75.694437,
                                35.22298
                            ],
                            [
                                -75.68749,
                                35.231171
                            ],
                            [
                                -75.684006,
                                35.232913
                            ],
                            [
                                -75.681916,
                                35.232913
                            ],
                            [
                                -75.675394,
                                35.228421
                            ],
                            [
                                -75.664512,
                                35.227514
                            ],
                            [
                                -75.640934,
                                35.233862
                            ],
                            [
                                -75.630358,
                                35.238487
                            ],
                            [
                                -75.615378,
                                35.248938
                            ],
                            [
                                -75.599005,
                                35.256253
                            ],
                            [
                                -75.598312,
                                35.261067
                            ],
                            [
                                -75.59796,
                                35.266704
                            ],
                            [
                                -75.596915,
                                35.269491
                            ],
                            [
                                -75.585419,
                                35.266356
                            ],
                            [
                                -75.581935,
                                35.263917
                            ],
                            [
                                -75.561033,
                                35.266008
                            ],
                            [
                                -75.535741,
                                35.272856
                            ],
                            [
                                -75.529393,
                                35.288272
                            ],
                            [
                                -75.523952,
                                35.318198
                            ],
                            [
                                -75.518511,
                                35.336335
                            ],
                            [
                                -75.51261,
                                35.362853
                            ],
                            [
                                -75.506722,
                                35.387118
                            ],
                            [
                                -75.500374,
                                35.424298
                            ],
                            [
                                -75.494933,
                                35.454224
                            ],
                            [
                                -75.487678,
                                35.485056
                            ],
                            [
                                -75.488585,
                                35.497752
                            ],
                            [
                                -75.489618,
                                35.508471
                            ],
                            [
                                -75.487528,
                                35.525889
                            ],
                            [
                                -75.482237,
                                35.53856
                            ],
                            [
                                -75.47861,
                                35.553069
                            ],
                            [
                                -75.47861,
                                35.599318
                            ],
                            [
                                -75.48133,
                                35.622896
                            ],
                            [
                                -75.487678,
                                35.648287
                            ],
                            [
                                -75.498675,
                                35.666281
                            ],
                            [
                                -75.507385,
                                35.680564
                            ],
                            [
                                -75.515745,
                                35.721671
                            ],
                            [
                                -75.515397,
                                35.73038
                            ],
                            [
                                -75.533512,
                                35.773577
                            ],
                            [
                                -75.528992,
                                35.776289
                            ],
                            [
                                -75.522232,
                                35.774178
                            ],
                            [
                                -75.502427,
                                35.742913
                            ],
                            [
                                -75.496086,
                                35.728515
                            ],
                            [
                                -75.479128,
                                35.678634
                            ],
                            [
                                -75.458659,
                                35.596597
                            ],
                            [
                                -75.460061,
                                35.581314
                            ],
                            [
                                -75.462491,
                                35.553556
                            ],
                            [
                                -75.471355,
                                35.479615
                            ],
                            [
                                -75.486771,
                                35.391652
                            ],
                            [
                                -75.502188,
                                35.320012
                            ],
                            [
                                -75.52592,
                                35.233839
                            ],
                            [
                                -75.533627,
                                35.225825
                            ],
                            [
                                -75.544809,
                                35.228421
                            ],
                            [
                                -75.560225,
                                35.232048
                            ],
                            [
                                -75.580176,
                                35.231142
                            ],
                            [
                                -75.610101,
                                35.227514
                            ],
                            [
                                -75.635493,
                                35.22026
                            ],
                            [
                                -75.672673,
                                35.208471
                            ],
                            [
                                -75.728897,
                                35.190334
                            ],
                            [
                                -75.749406,
                                35.185207
                            ],
                            [
                                -75.757916,
                                35.183079
                            ],
                            [
                                -75.769705,
                                35.180359
                            ],
                            [
                                -75.789655,
                                35.172197
                            ],
                            [
                                -75.840438,
                                35.15134
                            ],
                            [
                                -75.912985,
                                35.1196
                            ],
                            [
                                -75.944725,
                                35.105091
                            ],
                            [
                                -75.963768,
                                35.092395
                            ],
                            [
                                -75.982812,
                                35.081513
                            ],
                            [
                                -76.00151,
                                35.06723
                            ],
                            [
                                -76.013145,
                                35.061855
                            ],
                            [
                                -76.014954,
                                35.065349
                            ],
                            [
                                -76.013561,
                                35.068832
                            ],
                            [
                                -76.000949,
                                35.084234
                            ],
                            [
                                -75.99188,
                                35.092395
                            ],
                            [
                                -75.989175,
                                35.100882
                            ],
                            [
                                -75.990569,
                                35.108546
                            ],
                            [
                                -75.989175,
                                35.115165
                            ],
                            [
                                -75.98395,
                                35.120042
                            ],
                            [
                                -75.973499,
                                35.121087
                            ],
                            [
                                -75.966489,
                                35.117787
                            ],
                            [
                                -75.9547,
                                35.1196
                            ],
                            [
                                -75.923867,
                                35.135017
                            ],
                            [
                                -75.910265,
                                35.142271
                            ],
                            [
                                -75.893942,
                                35.150433
                            ],
                            [
                                -75.839531,
                                35.172197
                            ],
                            [
                                -75.819172,
                                35.176826
                            ],
                            [
                                -75.812902,
                                35.178568
                            ],
                            [
                                -75.801444,
                                35.183079
                            ],
                            [
                                -75.793283,
                                35.18852
                            ],
                            [
                                -75.785729,
                                35.194244
                            ],
                            [
                                -75.754289,
                                35.199402
                            ],
                            [
                                -75.753765,
                                35.199612
                            ]
                        ]
                    ],
                    [
                        [
                            [
                                -75.675245,
                                35.929024
                            ],
                            [
                                -75.65954,
                                35.919564
                            ],
                            [
                                -75.662938,
                                35.916166
                            ],
                            [
                                -75.662019,
                                35.906522
                            ],
                            [
                                -75.653478,
                                35.904686
                            ],
                            [
                                -75.648519,
                                35.906982
                            ],
                            [
                                -75.64512,
                                35.905788
                            ],
                            [
                                -75.62767,
                                35.883149
                            ],
                            [
                                -75.616833,
                                35.856331
                            ],
                            [
                                -75.619772,
                                35.847606
                            ],
                            [
                                -75.614361,
                                35.815659
                            ],
                            [
                                -75.620454,
                                35.809253
                            ],
                            [
                                -75.624235,
                                35.809387
                            ],
                            [
                                -75.63898,
                                35.818639
                            ],
                            [
                                -75.667891,
                                35.82354
                            ],
                            [
                                -75.675054,
                                35.830204
                            ],
                            [
                                -75.660086,
                                35.83861
                            ],
                            [
                                -75.660598,
                                35.862541
                            ],
                            [
                                -75.663356,
                                35.869835
                            ],
                            [
                                -75.67283,
                                35.882423
                            ],
                            [
                                -75.681415,
                                35.88398
                            ],
                            [
                                -75.697672,
                                35.901639
                            ],
                            [
                                -75.696871,
                                35.909556
                            ],
                            [
                                -75.702165,
                                35.915428
                            ],
                            [
                                -75.723782,
                                35.925569
                            ],
                            [
                                -75.727251,
                                35.93362
                            ],
                            [
                                -75.726807,
                                35.935844
                            ],
                            [
                                -75.718266,
                                35.939714
                            ],
                            [
                                -75.705323,
                                35.939403
                            ],
                            [
                                -75.69115,
                                35.936932
                            ],
                            [
                                -75.686358,
                                35.932973
                            ],
                            [
                                -75.675245,
                                35.929024
                            ]
                        ]
                    ]
                ]
            },
            "properties": {
                "name": "North Carolina",
                "abbr": "NC"
            }
        }
    ]
}